"source_record_id","name_vi","category","province_code","source","source_url","retrieved_on","location_text","reported_longitude","reported_latitude","key","province_source_url","province_match_method","map_id","match_method","coordinate_available","legal_status","review_status","candidate_map_ids","candidate_match_method","latitude","longitude","coordinate_source_url","reported_coordinate_check"
"investvietnam-1","KCN Đại Kim","industrial_park","24","Invest Vietnam","https://investvietnam.gov.vn/vi/kcn.pd/bac-ninh---kcn-dai-kim.html","2026-09-10","Khu công nghiệp Đại Kim Bắc Ninh nằm ở phía Đông thành phố Bắc Ninh, sát đường Quốc lộ 1A, cạnh đường Quốc lộ 18, giáp cảng Sông Cầu",105.99884,20.869078,"dai kim","https://investvietnam.gov.vn/vi/kcn.pd/bac-ninh---kcn-dai-kim.html","official_location_or_url_prefix",,"unresolved",FALSE,"not_verified","needs_identity_or_location_review",,,,,,"province_conflict_not_used"
"investvietnam-3","KCN Từ Sơn","industrial_park","24","Invest Vietnam","https://investvietnam.gov.vn/vi/kcn.pd/bac-ninh---kcn-tu-son.html","2026-09-10","Nằm sát quốc lộ 1A và thị xã Từ Sơn",106.163635,20.668766,"tu son","https://investvietnam.gov.vn/vi/kcn.pd/bac-ninh---kcn-tu-son.html","official_location_or_url_prefix",,"unresolved",FALSE,"not_verified","needs_identity_or_location_review",,,,,,"province_conflict_not_used"
"investvietnam-4","KCN Việt Nam - Nhật Bản 1","industrial_park","24","Invest Vietnam","https://investvietnam.gov.vn/vi/kcn.pd/kcn-viet-nam---nhat-ban-1.html","2026-09-10","Nằm trong KCN Quế Võ 1 mở rộng, huyện Quế Võ, tỉnh Bắc Ninh",,,"viet nam nhat ban 1","https://investvietnam.gov.vn/vi/kcn.pd/kcn-viet-nam---nhat-ban-1.html","official_location_or_url_prefix",,"unresolved",FALSE,"not_verified","needs_identity_or_location_review",,,,,,"not_reported"
"investvietnam-5","Băc Ninh - KCN Quế Võ 1 mở rộng","industrial_park","24","Invest Vietnam","https://investvietnam.gov.vn/vi/kcn.pd/bac-ninh---kcn-que-vo-1-mo-rong.html","2026-09-10","Khu công nghiệp Quế Võ nằm trên trục đường giao thông quan trọng, nối liền các trung tâm kinh tế lớn như Hà Nội, Hải Phòng, Quảng Ninh cũng như sân bay Quốc tế Nội Bài và các cảng biển Quốc tế, rất thuận tiện cho việc vận chuyển xuất nhập khẩu hàng hóa.",105.740662,20.863945,"que vo 1 mo rong","https://investvietnam.gov.vn/vi/kcn.pd/bac-ninh---kcn-que-vo-1-mo-rong.html","official_location_or_url_prefix",,"unresolved",FALSE,"not_verified","needs_identity_or_location_review",,,,,,"province_conflict_not_used"
"investvietnam-7","KCN Đại Đồng - Hoàng Sơn","industrial_park","24","Invest Vietnam","https://investvietnam.gov.vn/vi/kcn.pd/bac-ninh---kcn-dai-dong---hoang-son.html","2026-09-10","Nằm sát nút giao lập thể giữa đường cao tốc Hà Nội-Lạng Sơn và điường tỉnh lộ 295.",,,"dai dong hoang son","https://investvietnam.gov.vn/vi/kcn.pd/bac-ninh---kcn-dai-dong---hoang-son.html","official_location_or_url_prefix",,"unresolved",FALSE,"not_verified","needs_identity_or_location_review",,,,,,"not_reported"
"investvietnam-8","Khu công nghiệp Việt Nam Singapore (VSIP Bắc Ninh)","industrial_park","24","Invest Vietnam","https://investvietnam.gov.vn/vi/kcn.pd/khu-cong-nghiep-viet-nam-singapore-vsip-bac-ninh.html","2026-09-10","Chúng tôi là nhà phát triển khu công nghiệp và đô thị hàng đầu, nằm tại vị trí chiến lược biên giới giữa Hà Nội và Bắc Ninh, đối diện với đường cao tốc số 1 nối tới cửa khẩu Hữu Nghị với Trung Quốc và đi tới Thành phố Hồ Chí Minh",105.972926,21.08556,"vsip vsip bac ninh","https://investvietnam.gov.vn/vi/kcn.pd/khu-cong-nghiep-viet-nam-singapore-vsip-bac-ninh.html","official_location_or_url_prefix",,"unresolved",FALSE,"not_verified","needs_identity_or_location_review",,,,,,"province_consistent_unverified"
"investvietnam-10","KCN Thuận Thành 3","industrial_park","24","Invest Vietnam","https://investvietnam.gov.vn/vi/kcn.pd/bac-ninh---kcn-thuan-thanh-3.html","2026-09-10","Khu công nghiệp nằm sát đường Quốc lộ 282 tuyến phố Hồ - Phú Thuỵ, nằm phía Nam thị trấn Hồ",,,"thuan thanh 3","https://investvietnam.gov.vn/vi/kcn.pd/bac-ninh---kcn-thuan-thanh-3.html","official_location_or_url_prefix",,"review_name_or_province",FALSE,"not_verified","needs_identity_or_location_review","osm_way_1119170923|osm_way_1467190501","exact_name_needs_province_or_identity_review",,,,"not_reported"
"investvietnam-12","KCN Cộng Hòa GĐ 2","industrial_park","31","Invest Vietnam","https://investvietnam.gov.vn/vi/kcn.pd/hai-duong---kcn-cong-hoa-gd-2.html","2026-09-10","Giáp đường quốc lộ 18 và dự án đường 398B mới tránh thị trấn Sao Đỏ.",,,"cong hoa gd 2","https://investvietnam.gov.vn/vi/kcn.pd/hai-duong---kcn-cong-hoa-gd-2.html","official_location_or_url_prefix",,"unresolved",FALSE,"not_verified","needs_identity_or_location_review",,,,,,"not_reported"
"investvietnam-15","KCN Kim Thành","industrial_park","31","Invest Vietnam","https://investvietnam.gov.vn/vi/kcn.pd/hai-duong---kcn-kim-thanh.html","2026-09-10","Khu công nghiệp nằm cạnh Quốc lộ 5A từ Hà Nội đi Hải Phòng, cách đường cao tốc 5B khoảng 2km",,,"kim thanh","https://investvietnam.gov.vn/vi/kcn.pd/hai-duong---kcn-kim-thanh.html","official_location_or_url_prefix",,"unresolved",FALSE,"not_verified","needs_identity_or_location_review",,,,,,"not_reported"
"investvietnam-18","KCN Việt Hàn mở rộng","industrial_park","24","Invest Vietnam","https://investvietnam.gov.vn/vi/kcn.pd/bac-giang---kcn-viet-han-mo-rong.html","2026-09-10",,,,"viet han mo rong","https://investvietnam.gov.vn/vi/kcn.pd/bac-giang---kcn-viet-han-mo-rong.html","official_location_or_url_prefix",,"unresolved",FALSE,"not_verified","needs_identity_or_location_review",,,,,,"not_reported"
"investvietnam-21","Kcn Song khê - Nội hoàng mở rộng","industrial_park",,"Invest Vietnam","https://investvietnam.gov.vn/vi/kcn.pd/kcn-song-khe---noi-hoang-mo-rong.html","2026-09-10","12",,,"song khe noi hoang mo rong",,"unknown",,"unresolved",FALSE,"not_verified","needs_identity_or_location_review",,,,,,"not_reported"
"investvietnam-22","KHU CÔNG NGHIỆP SONG KHÊ – NỘI HOÀNG (KHU PHÍA BẮC)","industrial_park","24","Invest Vietnam","https://investvietnam.gov.vn/vi/kcn.pd/khu-cong-nghiep-song-khe-–-noi-hoang-khu-phia-bac.html","2026-09-10","KCN Sông Khê - Nội Hoàng thuộc tỉnh Bắc Giang, một tỉnh nằm trong hành lang kinh tế: Nam Ninh (Trung Quốc) - Lạng Sơn - Hà Nội - Hải Phòng - Quảng Ninh, tiếp giáp với vùng kinh tế trọng điểm phía Bắc Việt Nam.",,,"song khe noi hoang khu phia bac","https://investvietnam.gov.vn/vi/kcn.pd/khu-cong-nghiep-song-khe-–-noi-hoang-khu-phia-bac.html","official_location_or_url_prefix",,"unresolved",FALSE,"not_verified","needs_identity_or_location_review",,,,,,"not_reported"
"investvietnam-23","KCN Quang Châu","industrial_park","22","Invest Vietnam","https://investvietnam.gov.vn/vi/kcn.pd/kcn-quang-chau.html","2026-09-10","Tiếp giáp với quốc lộ 1A mới và sông Cầu, khoảng cách từ khu công nghiệp này đến thành phố Bắc Giang là 15 km, đến thủ đô Hà Nội và sân bay quốc tế Nội Bà là 35 km; đến Cảng Hải Phòng là 105 km, đến Cửa khẩu Hữu Nghị là 125 km và đến cảng nước sâu Cái Lân tỉnh Quảng Ninh là 115 km.",,,"quang chau","https://investvietnam.gov.vn/vi/kcn.pd/kcn-quang-chau.html","official_location_or_url_prefix",,"unresolved",FALSE,"not_verified","needs_identity_or_location_review",,,,,,"not_reported"
"investvietnam-26","KHU CÔNG NGHIỆP THANH BÌNH","industrial_park","75","Invest Vietnam","https://investvietnam.gov.vn/vi/kcn.pd/khu-cong-nghiep-thanh-binh.html","2026-09-10","Có vị trí nằm tại xã Thanh Bình, Chợ Mới, Bắc Kạn, KCN Thanh Bình nằm trong quy hoạch phát triển các khu công nghiệp Việt Nam, được đầu tư đồng bộ: cấp nước, điện, hệ thống xử lý nước thải tập trung, hệ thống đường giao thông nội bộ, hệ thống thông tin liên lạc",,,"thanh binh","https://kcn-kkt.com/kcn/kcn-thanh-binh","unique_discovery_name_province_unverified",,"unresolved",FALSE,"not_verified","needs_identity_or_location_review",,,,,,"not_reported"
"investvietnam-27","KCN khu kinh tế cửa khẩu Tà Lùng","industrial_park","04","Invest Vietnam","https://investvietnam.gov.vn/vi/kcn.pd/cao-bang---kcn-khu-kinh-te-cua-khau-ta-lung.html","2026-09-10",,,,"khu kinh te cua khau ta lung","https://investvietnam.gov.vn/vi/kcn.pd/cao-bang---kcn-khu-kinh-te-cua-khau-ta-lung.html","official_location_or_url_prefix",,"unresolved",FALSE,"not_verified","needs_identity_or_location_review",,,,,,"not_reported"
"investvietnam-28","KCN Lạc Thịnh","industrial_park","25","Invest Vietnam","https://investvietnam.gov.vn/vi/kcn.pd/hoa-binh---kcn-lac-thinh.html","2026-09-10",,,,"lac thinh","https://investvietnam.gov.vn/vi/kcn.pd/hoa-binh---kcn-lac-thinh.html","official_location_or_url_prefix",,"unresolved",FALSE,"not_verified","needs_identity_or_location_review",,,,,,"not_reported"
"investvietnam-29","KCN Nhuận Trạch","industrial_park","25","Invest Vietnam","https://investvietnam.gov.vn/vi/kcn.pd/hoa-binh---kcn-nhuan-trach.html","2026-09-10","Xã Nhuận Trạch, huyện Lương Sơn, tỉnh Hòa Bình",,,"nhuan trach","https://investvietnam.gov.vn/vi/kcn.pd/hoa-binh---kcn-nhuan-trach.html","official_location_or_url_prefix",,"unresolved",FALSE,"not_verified","needs_identity_or_location_review",,,,,,"not_reported"
"investvietnam-31","KCN Thanh Hà","industrial_park","25","Invest Vietnam","https://investvietnam.gov.vn/vi/kcn.pd/hoa-binh---kcn-thanh-ha.html","2026-09-10",,,,"thanh ha","https://investvietnam.gov.vn/vi/kcn.pd/hoa-binh---kcn-thanh-ha.html","official_location_or_url_prefix",,"unresolved",FALSE,"not_verified","needs_identity_or_location_review",,,,,,"not_reported"
"investvietnam-32","KCN Yên Quang","industrial_park","25","Invest Vietnam","https://investvietnam.gov.vn/vi/kcn.pd/hoa-binh---kcn-yen-quang.html","2026-09-10",,,,"yen quang","https://investvietnam.gov.vn/vi/kcn.pd/hoa-binh---kcn-yen-quang.html","official_location_or_url_prefix",,"unresolved",FALSE,"not_verified","needs_identity_or_location_review",,,,,,"not_reported"
"investvietnam-34","KCN Nam Lương Sơn","industrial_park","25","Invest Vietnam","https://investvietnam.gov.vn/vi/kcn.pd/hoa-binh---kcn-nam-luong-son.html","2026-09-10",,,,"nam luong son","https://investvietnam.gov.vn/vi/kcn.pd/hoa-binh---kcn-nam-luong-son.html","official_location_or_url_prefix",,"unresolved",FALSE,"not_verified","needs_identity_or_location_review",,,,,,"not_reported"
"investvietnam-37","KCN Khu kinh tế cửa khẩu Lào Cai","industrial_park","15","Invest Vietnam","https://investvietnam.gov.vn/vi/kcn.pd/lao-cai---kcn-khu-kinh-te-cua-khau-lao-cai.html","2026-09-10",,,,"khu kinh te cua khau lao cai","https://investvietnam.gov.vn/vi/kcn.pd/lao-cai---kcn-khu-kinh-te-cua-khau-lao-cai.html","official_location_or_url_prefix",,"unresolved",FALSE,"not_verified","needs_identity_or_location_review",,,,,,"not_reported"
"investvietnam-38","KCN Đông Phố Mới","industrial_park","15","Invest Vietnam","https://investvietnam.gov.vn/vi/kcn.pd/lao-cai---kcn-dong-pho-moi.html","2026-09-10","Vạn Hòa và Phường Phố Mới thành phố Lào Cai",,,"dong pho moi","https://investvietnam.gov.vn/vi/kcn.pd/lao-cai---kcn-dong-pho-moi.html","official_location_or_url_prefix",,"unresolved",FALSE,"not_verified","needs_identity_or_location_review",,,,,,"not_reported"
"investvietnam-39","KCN Tam Nông","industrial_park","25","Invest Vietnam","https://investvietnam.gov.vn/vi/kcn.pd/phu-tho---kcn-tam-nong.html","2026-09-10",,,,"tam nong","https://investvietnam.gov.vn/vi/kcn.pd/phu-tho---kcn-tam-nong.html","official_location_or_url_prefix",,"unresolved",FALSE,"not_verified","needs_identity_or_location_review",,,,,,"not_reported"
"investvietnam-42","KCN Mai Sơn","industrial_park","14","Invest Vietnam","https://investvietnam.gov.vn/vi/kcn.pd/son-la---kcn-mai-son.html","2026-09-10","Xã Mường Bằng, huyện Mai Sơn, tỉnh Sơn La",,,"mai son","https://investvietnam.gov.vn/vi/kcn.pd/son-la---kcn-mai-son.html","official_location_or_url_prefix",,"unresolved",FALSE,"not_verified","needs_identity_or_location_review",,,,,,"not_reported"
"investvietnam-43","KCN Quyết Thắng","industrial_park","19","Invest Vietnam","https://investvietnam.gov.vn/vi/kcn.pd/thai-nguyen---kcn-quyet-thang.html","2026-09-10",,,,"quyet thang","https://investvietnam.gov.vn/vi/kcn.pd/thai-nguyen---kcn-quyet-thang.html","official_location_or_url_prefix",,"unresolved",FALSE,"not_verified","needs_identity_or_location_review",,,,,,"not_reported"
"investvietnam-45","KCN Bỉm Sơn B","industrial_park","38","Invest Vietnam","https://investvietnam.gov.vn/vi/kcn.pd/thanh-hoa---kcn-bim-son-b.html","2026-09-10","Nằm ven quốc lộ 1A, địa phận giáp ranh giữa tỉnh Thanh Hóa và tỉnh Ninh Bình",,,"bim son b","https://investvietnam.gov.vn/vi/kcn.pd/thanh-hoa---kcn-bim-son-b.html","official_location_or_url_prefix",,"unresolved",FALSE,"not_verified","needs_identity_or_location_review",,,,,,"not_reported"
"investvietnam-46","KCN Đình Hương - Tây Ga","industrial_park","38","Invest Vietnam","https://investvietnam.gov.vn/vi/kcn.pd/thanh-hoa---kcn-dinh-huong---tay-ga.html","2026-09-10",,,,"dinh huong tay ga","https://investvietnam.gov.vn/vi/kcn.pd/thanh-hoa---kcn-dinh-huong---tay-ga.html","official_location_or_url_prefix",,"unresolved",FALSE,"not_verified","needs_identity_or_location_review",,,,,,"not_reported"
"investvietnam-47","Khu kinh tế Nghi Sơn","unclassified","38","Invest Vietnam","https://investvietnam.gov.vn/vi/kcn.pd/khu-kinh-te-nghi-son.html","2026-09-10","Khu kinh tế Nghi Sơn (KKT Nghi Sơn) có diện tích tự nhiên 18.611,8 ha nằm phía Nam tỉnh Thanh Hoá, trên trục giao lưu Bắc - Nam của đất nước, cách Thủ đô Hà Nội 200 km về phía Nam, là cầu nối giữa vùng Bắc Bộ với Trung Bộ, Tây Bắc và Nam Bộ, với thị trường Nam Lào và Đông Bắc Thái Lan. Cảng Nghi Sơn có tiềm năng phát triển thành một trong những cảng biển lớn nhất cả nước với khả năng tiếp nhận tàu có trọng tải lên tới 50.000DWT, năng lực xếp dỡ lên đến hàng trăm triệu tấn/năm",105.752533,19.399068,"khu kinh te nghi son","https://investvietnam.gov.vn/vi/kcn.pd/khu-kinh-te-nghi-son.html","official_location_or_url_prefix",,"unresolved",FALSE,"not_verified","needs_identity_or_location_review",,,,,,"province_consistent_unverified"
"investvietnam-52","KCN Cửa Lò","industrial_park","40","Invest Vietnam","https://investvietnam.gov.vn/vi/kcn.pd/nghe-an---kcn-cua-lo.html","2026-09-10","Nằm trên quốc lộ 46 nối nối từ cảng Cửa Lò với thành phố Vinh và đường Sào Nam đi bãi tắm Cửa Lò.",,,"cua lo","https://investvietnam.gov.vn/vi/kcn.pd/nghe-an---kcn-cua-lo.html","official_location_or_url_prefix",,"unresolved",FALSE,"not_verified","needs_identity_or_location_review",,,,,,"not_reported"
"investvietnam-54","KCN Hoàng Mai","industrial_park","40","Invest Vietnam","https://investvietnam.gov.vn/vi/kcn.pd/kcn-hoang-mai.html","2026-09-10","Nằm ven quốc lộ 1A",,,"hoang mai","https://kcn-kkt.com/kcn/kcn-hoang-mai","unique_discovery_name_province_unverified",,"unresolved",FALSE,"not_verified","needs_identity_or_location_review",,,,,,"not_reported"
"investvietnam-61","KCN Khu kinh tế Nhơn Hội","industrial_park","52","Invest Vietnam","https://investvietnam.gov.vn/vi/kcn.pd/binh-dinh---kcn-khu-kinh-te-nhon-hoi.html","2026-09-10",,,,"khu kinh te nhon hoi","https://investvietnam.gov.vn/vi/kcn.pd/binh-dinh---kcn-khu-kinh-te-nhon-hoi.html","official_location_or_url_prefix",,"unresolved",FALSE,"not_verified","needs_identity_or_location_review",,,,,,"not_reported"
"investvietnam-63","KCN Long Mỹ","industrial_park","52","Invest Vietnam","https://investvietnam.gov.vn/vi/kcn.pd/binh-dinh---kcn-long-my.html","2026-09-10","Gần quốc lộ 1A",,,"long my","https://investvietnam.gov.vn/vi/kcn.pd/binh-dinh---kcn-long-my.html","official_location_or_url_prefix",,"unresolved",FALSE,"not_verified","needs_identity_or_location_review",,,,,,"not_reported"
"investvietnam-64","KCN Hòa Hội","industrial_park","52","Invest Vietnam","https://investvietnam.gov.vn/vi/kcn.pd/binh-dinh---kcn-hoa-hoi.html","2026-09-10",,,,"hoa hoi","https://investvietnam.gov.vn/vi/kcn.pd/binh-dinh---kcn-hoa-hoi.html","official_location_or_url_prefix",,"unresolved",FALSE,"not_verified","needs_identity_or_location_review",,,,,,"not_reported"
"investvietnam-65","KCN Phú Tài","industrial_park","52","Invest Vietnam","https://investvietnam.gov.vn/vi/kcn.pd/binh-dinh---kcn-phu-tai.html","2026-09-10","Trên tuyến quốc lộ 1A",,,"phu tai","https://investvietnam.gov.vn/vi/kcn.pd/binh-dinh---kcn-phu-tai.html","official_location_or_url_prefix",,"unresolved",FALSE,"not_verified","needs_identity_or_location_review",,,,,,"not_reported"
"investvietnam-68","KCN Hàm Kiện II","industrial_park",,"Invest Vietnam","https://investvietnam.gov.vn/vi/kcn.pd/kcn-ham-kien-ii.html","2026-09-10","KCN Hàm Kiệm II nằm trên trục lộ giao thông Bắc – Nam, cách QL1A 600 mét ; cách đường dẫn lên đường Cao tốc TP.Hồ Chí Minh – Long Thành – Dầu Giây – Phan Thiết 2 km. Địa hình bằng phẳng.",,,"ham kien 2",,"unknown",,"unresolved",FALSE,"not_verified","needs_identity_or_location_review",,,,,,"not_reported"
"investvietnam-70","KCN Phan Thiết 1","industrial_park",,"Invest Vietnam","https://investvietnam.gov.vn/vi/kcn.pd/kcn-phan-thiet-1.html","2026-09-10","Nằm trên quốc lộ 1A",,,"phan thiet 1",,"unknown",,"unresolved",FALSE,"not_verified","needs_identity_or_location_review",,,,,,"not_reported"
"investvietnam-80","KCN Đông Thăng Bình","industrial_park","48","Invest Vietnam","https://investvietnam.gov.vn/vi/kcn.pd/quang-nam---kcn-dong-thang-binh.html","2026-09-10","Cách quốc lộ 1A 2km",,,"dong thang binh","https://investvietnam.gov.vn/vi/kcn.pd/quang-nam---kcn-dong-thang-binh.html","official_location_or_url_prefix",,"unresolved",FALSE,"not_verified","needs_identity_or_location_review",,,,,,"not_reported"
"investvietnam-81","KCN Trảng Nhật","industrial_park","48","Invest Vietnam","https://investvietnam.gov.vn/vi/kcn.pd/quang-nam---kcn-trang-nhat.html","2026-09-10",,,,"trang nhat","https://investvietnam.gov.vn/vi/kcn.pd/quang-nam---kcn-trang-nhat.html","official_location_or_url_prefix",,"unresolved",FALSE,"not_verified","needs_identity_or_location_review",,,,,,"not_reported"
"investvietnam-84","KCN Đại Hiệp","industrial_park","48","Invest Vietnam","https://investvietnam.gov.vn/vi/kcn.pd/quang-nam---kcn-dai-hiep.html","2026-09-10",,,,"dai hiep","https://investvietnam.gov.vn/vi/kcn.pd/quang-nam---kcn-dai-hiep.html","official_location_or_url_prefix",,"unresolved",FALSE,"not_verified","needs_identity_or_location_review",,,,,,"not_reported"
"investvietnam-85","KCN Thuận Yên","industrial_park",,"Invest Vietnam","https://investvietnam.gov.vn/vi/kcn.pd/kcn-thuan-yen.html","2026-09-10","Gần quốc lộ 1A",,,"thuan yen",,"unknown",,"unresolved",FALSE,"not_verified","needs_identity_or_location_review",,,,,,"not_reported"
"investvietnam-86","Khu kinh tế Dung Quất/ DungQuat Ecomic Zone Authority","unclassified",,"Invest Vietnam","https://investvietnam.gov.vn/vi/kcn.pd/khu-kinh-te-dung-quat-dungquat-ecomic-zone-authority.html","2026-09-10",,,,"khu kinh te dung quat",,"unknown",,"unresolved",FALSE,"not_verified","needs_identity_or_location_review",,,,,,"not_reported"
"investvietnam-87","KCN Phổ Phong","industrial_park","51","Invest Vietnam","https://investvietnam.gov.vn/vi/kcn.pd/kcn-pho-phong.html","2026-09-10","Khu công nghiệp Phổ Phong Phong nằm cách Quốc lộ 1A 8km, thuộc địa bàn huyện Đức Phổ tỉnh Quảng Ngãi, cách Cảng Dung Quất và sân bay Chu Lai khoảng hơn 70km. Là KCN tập trung quy mô vừa, đa ngành trong đó dự kiến bố trí các ngành công nghiệp ưu tiên sử dụng nguồn nguyên liệu địa phương như chế biến nông, lâm, thủy sản, mía đường, các ngành công nghiệp nhẹ, ít ô nhiễm môi trường...",,,"pho phong","https://investvietnam.gov.vn/vi/kcn.pd/kcn-pho-phong.html","official_location_or_url_prefix",,"unresolved",FALSE,"not_verified","needs_identity_or_location_review",,,,,,"not_reported"
"investvietnam-89","KCN Hòa Hiệp 3","industrial_park","66","Invest Vietnam","https://investvietnam.gov.vn/vi/kcn.pd/phu-yen---kcn-hoa-hiep-3.html","2026-09-10","Cách Quốc lộ 1A 4 km; gần các điểm nối giữa QL 1A và đường đi Tây nguyên",,,"hoa hiep 3","https://investvietnam.gov.vn/vi/kcn.pd/phu-yen---kcn-hoa-hiep-3.html","official_location_or_url_prefix",,"unresolved",FALSE,"not_verified","needs_identity_or_location_review",,,,,,"not_reported"
"investvietnam-90","KCN Hòa Hiệp 2","industrial_park","66","Invest Vietnam","https://investvietnam.gov.vn/vi/kcn.pd/kcn-hoa-hiep-2.html","2026-09-10","Cách Quốc lộ 1A 4 km; gần các điểm nối giữa QL 1A và đường đi Tây nguyên",,,"hoa hiep 2","https://kcn-kkt.com/kcn/kcn-hoa-hiep-2","unique_discovery_name_province_unverified",,"unresolved",FALSE,"not_verified","needs_identity_or_location_review",,,,,,"not_reported"
"investvietnam-91","KCN Hòa Hiệp 1","industrial_park","66","Invest Vietnam","https://investvietnam.gov.vn/vi/kcn.pd/kcn-hoa-hiep-1.html","2026-09-10","Cách Quốc lộ 1A 4 km; gần các điểm nối giữa QL 1A và đường đi Tây nguyên",,,"hoa hiep 1","https://kcn-kkt.com/kcn/kcn-hoa-hiep-1","unique_discovery_name_province_unverified",,"unresolved",FALSE,"not_verified","needs_identity_or_location_review",,,,,,"not_reported"
"investvietnam-92","KCN Đông Bắc Sông Cầu 3","industrial_park","66","Invest Vietnam","https://investvietnam.gov.vn/vi/kcn.pd/phu-yen---kcn-dong-bac-song-cau-3.html","2026-09-10",,,,"dong bac song cau 3","https://investvietnam.gov.vn/vi/kcn.pd/phu-yen---kcn-dong-bac-song-cau-3.html","official_location_or_url_prefix",,"unresolved",FALSE,"not_verified","needs_identity_or_location_review",,,,,,"not_reported"
"investvietnam-93","KCN Đông Bắc Sông Cầu 2","industrial_park",,"Invest Vietnam","https://investvietnam.gov.vn/vi/kcn.pd/kcn-dong-bac-song-cau-2.html","2026-09-10",,,,"dong bac song cau 2",,"unknown",,"unresolved",FALSE,"not_verified","needs_identity_or_location_review",,,,,,"not_reported"
"investvietnam-94","KCN Đông Bắc Sông Cầu 1","industrial_park",,"Invest Vietnam","https://investvietnam.gov.vn/vi/kcn.pd/kcn-dong-bac-song-cau-1.html","2026-09-10",,,,"dong bac song cau 1",,"unknown",,"unresolved",FALSE,"not_verified","needs_identity_or_location_review",,,,,,"not_reported"
"investvietnam-95","KCN An Phú","industrial_park",,"Invest Vietnam","https://investvietnam.gov.vn/vi/kcn.pd/kcn-an-phu.html","2026-09-10","Cạnh quốc lộ1A (100m)",,,"an phu",,"unknown",,"review_name_or_province",FALSE,"not_verified","needs_identity_or_location_review","osm_way_693435724","exact_name_needs_province_or_identity_review",,,,"not_reported"
"investvietnam-97","KCN Tâm Thắng","industrial_park",,"Invest Vietnam","https://investvietnam.gov.vn/vi/kcn.pd/kcn-tam-thang.html","2026-09-10","Xã Tâm Thắng, huyện Cư Jút, Đắk Nông",,,"tam thang",,"unknown",,"review_name_or_province",FALSE,"not_verified","needs_identity_or_location_review","osm_way_586350686|osm_way_182515009","exact_name_needs_province_or_identity_review",,,,"not_reported"
"investvietnam-98","KCN Tân Phú","industrial_park","68","Invest Vietnam","https://investvietnam.gov.vn/vi/kcn.pd/lam-dong---kcn-tan-phu.html","2026-09-10","Cụm công nghiệp Tân Phú (Chirong) đặt tại huyện Đức Trọng tỉnh Lâm Đồng",,,"tan phu","https://investvietnam.gov.vn/vi/kcn.pd/lam-dong---kcn-tan-phu.html","official_location_or_url_prefix",,"unresolved",FALSE,"not_verified","needs_identity_or_location_review",,,,,,"not_reported"
"investvietnam-99","KCN Đại Lào ","industrial_park","68","Invest Vietnam","https://investvietnam.gov.vn/vi/kcn.pd/lam-dong---kcn-dai-lao.html","2026-09-10","Địa điểm: Đại Lào, thị xã Bảo Lộc, tỉnh Lâm Đồng.",,,"dai lao","https://investvietnam.gov.vn/vi/kcn.pd/lam-dong---kcn-dai-lao.html","official_location_or_url_prefix",,"unresolved",FALSE,"not_verified","needs_identity_or_location_review",,,,,,"not_reported"
"investvietnam-103"," KCN Mỹ Phước 4 - Thới Hòa","industrial_park","79","Invest Vietnam","https://investvietnam.gov.vn/vi/kcn.pd/binh-duong---kcn-my-phuoc-4---thoi-hoa.html","2026-09-10","Khu công nghiệp có vị trí giao thông rất thuận lợi, nằm ngay trên tuyến Quốc lộ 13, thuộc vùng cửa ngõ giao thương quan trọng giữa miền Đông Nam bộ và miền Trung Tây nguyên",,,"my phuoc 4 thoi hoa","https://investvietnam.gov.vn/vi/kcn.pd/binh-duong---kcn-my-phuoc-4---thoi-hoa.html","official_location_or_url_prefix",,"unresolved",FALSE,"not_verified","needs_identity_or_location_review",,,,,,"not_reported"
"investvietnam-208","Khu công nghiệp Hố Nai","industrial_park",,"Invest Vietnam","https://investvietnam.gov.vn/vi/kcn.pd/khu-cong-nghiep-ho-nai.html","2026-09-10","Khu Công Nghiệp Hố Nai, nằm cách QL 1A, đường tránh Tp. Biên Hòa, cách trung tâm thành phố Biên Hòa khoảng 12, trung tâm thành phố Hồ Chí Minh 40 km.",,,"ho nai",,"unknown",,"review_name_or_province",FALSE,"not_verified","needs_identity_or_location_review","osm_way_1225327680","exact_name_needs_province_or_identity_review",,,,"not_reported"
"investvietnam-210","Chơn Thành 1","unclassified",,"Invest Vietnam","https://investvietnam.gov.vn/vi/kcn.pd/chon-thanh-1.html","2026-09-10","Khu công nghiệp Chơn Thành 1 tọa lạc tại huyện Chơn Thành, tỉnh Bình Phước, ở vị trí giáp ranh tỉnh Bình Dương, cách trung tâm Tp.Hồ Chí Minh 82 km.",,,"chon thanh 1",,"unknown",,"unresolved",FALSE,"not_verified","needs_identity_or_location_review",,,,,,"not_reported"
"investvietnam-211","Khu công nghiệp Minh Hưng III ","industrial_park","75","Invest Vietnam","https://investvietnam.gov.vn/vi/kcn.pd/khu-cong-nghiep-minh-hung-iii.html","2026-09-10","KCN Minh Hưng III tọa lạc tại xã Minh Hưng, huyện Chơn Thành, tỉnh Bình Phước. KCN kết nối với các tỉnh khác thông qua Quốc lộ 13 và Quốc lộ 14",,,"minh hung 3","https://investvietnam.gov.vn/vi/kcn.pd/khu-cong-nghiep-minh-hung-iii.html","official_location_or_url_prefix",,"unresolved",FALSE,"not_verified","needs_identity_or_location_review",,,,,,"not_reported"
"investvietnam-213","Khu công nghiệp Nhơn Trạch 2/Nhon Trach 2 Industrial Zone.","industrial_park","75","Invest Vietnam","https://investvietnam.gov.vn/vi/kcn.pd/khu-cong-nghiep-nhon-trach-2nhon-trach-2-industrial-zone.html","2026-09-10","Khu công nghiệp Nhơn Trạch II nằm ở Xã Hiệp Phước, phước Thiền và Phú Hội, huyện Nhơn Trạch, tỉnh Đồng Nai. Nằm trên đầu mối giao thông quan trọng của khu vực kinh tế trọng điểm phía Nam, Đồng Nai có nhiều điều kiện thuận lợi cả về đường bộ, đường thủy và đường hàng không.",,,"nhon trach 2","https://investvietnam.gov.vn/vi/kcn.pd/khu-cong-nghiep-nhon-trach-2nhon-trach-2-industrial-zone.html","official_location_or_url_prefix",,"unresolved",FALSE,"not_verified","needs_identity_or_location_review",,,,,,"not_reported"
"investvietnam-214","Khu công nghiệp Phúc Long","industrial_park","80","Invest Vietnam","https://investvietnam.gov.vn/vi/kcn.pd/khu-cong-nghiep-phuc-long.html","2026-09-10","Khu công nghiệp Phúc Long nằm ngay mặt tiền Quốc lộ 1A, cách đoạn giao nhau giữa Quốc lộ 1A và đại lộ Nguyễn Văn Linh 12km về hướng Tây.",106.493598,10.631643,"phuc long","https://kcn-kkt.com/kcn/kcn-phuc-long","unique_discovery_name_province_unverified",,"unresolved",FALSE,"not_verified","needs_identity_or_location_review",,,,,,"province_consistent_unverified"
"investvietnam-215","Khu công nghiệp Long Hậu - Hòa Bình","industrial_park","80","Invest Vietnam","https://investvietnam.gov.vn/vi/kcn.pd/khu-cong-nghiep-long-hau---hoa-binh.html","2026-09-10","Khu công nghiệp Long Hậu - Hòa Bình tọa lạc tại Ngã ba Bình Ảnh, Quốc lộ 1A, thuộc huyện Thủ Thừa, tỉnh Long An, cách TP.HCM 22km",106.42292,10.591897,"long hau hoa binh","https://investvietnam.gov.vn/vi/kcn.pd/khu-cong-nghiep-long-hau---hoa-binh.html","official_location_or_url_prefix",,"unresolved",FALSE,"not_verified","needs_identity_or_location_review",,,,,,"province_consistent_unverified"
"investvietnam-216","Khu Công Nghiệp Mapletree Business City @ Binh Duong/ Mapletree Business City @ Binh Duong industrial zone","industrial_park","79","Invest Vietnam","https://investvietnam.gov.vn/vi/kcn.pd/khu-cong-nghiep-mapletree-business-city--binh-duong-mapletree-business-city--binh-duong-industrial-zone.html","2026-09-10","Khu Công Nghiệp MBC@BD nằm trong thành phố mới Bình Dương, cách TP Hồ Chí Minh 31 km",,,"mapletree business city binh duong","https://investvietnam.gov.vn/vi/kcn.pd/khu-cong-nghiep-mapletree-business-city--binh-duong-mapletree-business-city--binh-duong-industrial-zone.html","official_location_or_url_prefix",,"unresolved",FALSE,"not_verified","needs_identity_or_location_review",,,,,,"not_reported"
"investvietnam-217","Khu công nghiệp Rạch Bắp","industrial_park",,"Invest Vietnam","https://investvietnam.gov.vn/vi/kcn.pd/khu-cong-nghiep-rach-bap.html","2026-09-10","Vị trí khu công nghiệp Rạch Bắp tọa lạc tại trung tâm thị xã Bến Cát, Bình Dương, nằm trong khu vực có nguồn nguyên vật liệu dồi dào của vùng Đông Nam bộ và chỉ cách Tp. Hồ Chí Minh, sân bay Quốc tế Tân Sơn Nhất, cảng Sài Gòn 55 km. Ngoài ra, khu công nghiệp còn nằm gần nhánh sông Sài Gòn, liên thông với các cảng sông: cảng Vinaconex - cảng Bà Lụa - cảng Sài Gòn, rất thuận tiện trong việc vận chuyển hàng hóa và giao thương.",,,"rach bap",,"unknown",,"review_name_or_province",FALSE,"not_verified","needs_identity_or_location_review","osm_way_1454596518","exact_name_needs_province_or_identity_review",,,,"not_reported"
"investvietnam-218","Long Khánh","unclassified",,"Invest Vietnam","https://investvietnam.gov.vn/vi/kcn.pd/long-khanh.html","2026-09-10","Từ KCN Long Khánh đến Tp. Hồ Chí Minh: 55 km (khoảng 01 giờ xe ô tô) – đường cao tốc ĐƢỜNG",,,"long khanh",,"unknown",,"unresolved",FALSE,"not_verified","needs_identity_or_location_review",,,,,,"not_reported"
"investvietnam-223","KHU CÔNG NGHIỆP ĐỨC HÒA III-VIỆT HÓA","industrial_park",,"Invest Vietnam","https://investvietnam.gov.vn/vi/kcn.pd/khu-cong-nghiep-duc-hoa-iii-viet-hoa.html","2026-09-10","KCN liền kề TP HCM, giao thông thuận lơi, cơ sở hạ tầng hoàn thiện đã thu hút nhiều nhà đầu tư lớn từ Nhật Bản, Hàn Quốc, Đài Loan",106.446477,10.906698,"duc hoa 3 viet hoa",,"unknown",,"unresolved",FALSE,"not_verified","needs_identity_or_location_review",,,,,,"unverified_not_used"
"investvietnam-225","Khu công nghiệp Việt Nam Singapore Vietnam Singapore Industrial Park","industrial_park",,"Invest Vietnam","https://investvietnam.gov.vn/vi/kcn.pd/khu-cong-nghiep-viet-nam-singapore-vietnam-singapore-industrial-park.html","2026-09-10","VSIP II Bình Dương nằm trong khu liên hợp Công nghiệp, Dịch vụ và Đô thị Bình Dương (4.196 héc-ta) là nơi đang quy hoạch xây dựng trung tâm thành phố mới Bình Dương trong tương lai. Đến nay, KCN VSIP II đã hoàn thành xây dựng cơ sở hạ tầng, thu hút được 129 dự án đến từ hơn 20 quốc gia và vùng lãnh thổ với tổng số vốn đầu tư trên 1,5 tỷ Đô-la Mỹ.",,,"vsip vietnam singapore",,"unknown",,"unresolved",FALSE,"not_verified","needs_identity_or_location_review",,,,,,"not_reported"
"investvietnam-226","Khu công nghiệp Phan Thiết giai đoạn 2","industrial_park","68","Invest Vietnam","https://investvietnam.gov.vn/vi/kcn.pd/khu-cong-nghiep-phan-thiet-giai-doan-2.html","2026-09-10","KCN thuộc xã Hàm Liên - huyện Hàm Thuận Bắc và xã Phong Nẫm - Tp.Phan Thiết - tỉnh Bình Thuận nằm ngay ngã tư quốc lộ 1A và quốc lộ 28, liền kề với KCN Phan Thiết GĐ1, cách TP Phan Thiết 2 km, cách TP.HCM 200 km.",,,"phan thiet giai doan 2","https://investvietnam.gov.vn/vi/kcn.pd/khu-cong-nghiep-phan-thiet-giai-doan-2.html","official_location_or_url_prefix",,"unresolved",FALSE,"not_verified","needs_identity_or_location_review",,,,,,"not_reported"
"investvietnam-228","Khu Công nghiệp Việt Hương 1","industrial_park","79","Invest Vietnam","https://investvietnam.gov.vn/vi/kcn.pd/khu-cong-nghiep-viet-huong-1.html","2026-09-10","Khu Công nghiệp Việt Hương 1 nằm ở Km11 xã Thuận Giao, thị xã Thuận An, Tỉnh Bình Dương",,,"viet huong 1","https://investvietnam.gov.vn/vi/kcn.pd/khu-cong-nghiep-viet-huong-1.html","official_location_or_url_prefix",,"unresolved",FALSE,"not_verified","needs_identity_or_location_review",,,,,,"not_reported"
"investvietnam-229","Khu công nghiệp Châu Đức","industrial_park",,"Invest Vietnam","https://investvietnam.gov.vn/vi/kcn.pd/khu-cong-nghiep-chau-duc-3.html","2026-09-10","KCN Châu Đức thuộc huyện Châu Đức, tỉnh BRVT, thuận lợi kết nối với các đường giao thông chính: 13 km đến Quốc lộ 51; 6 km đến Quốc lộ 56; 40km đến đường cao tốc TP.HCM-Long Thành; 54km đến sân bay Long Thành (trong tương lai)",,,"chau duc",,"unknown",,"unresolved",FALSE,"not_verified","needs_identity_or_location_review",,,,,,"not_reported"
"investvietnam-232","Khu công nghiệp Nhơn Hội (Khu A)","industrial_park","52","Invest Vietnam","https://investvietnam.gov.vn/vi/kcn.pd/khu-cong-nghiep-nhon-hoi-khu-a.html","2026-09-10","Khu Công Nghiệp Nhơn Hội (Khu A) nằm trong KKT Nhơn Hội, xã Nhơn Hội, TP Quy Nhơn, tỉnh Bình Định, cách trung tâm TP Quy Nhơn 6km về phía Đông.",,,"nhon hoi khu a","https://investvietnam.gov.vn/vi/kcn.pd/khu-cong-nghiep-nhon-hoi-khu-a.html","official_location_or_url_prefix",,"unresolved",FALSE,"not_verified","needs_identity_or_location_review",,,,,,"not_reported"
"investvietnam-233","Khu công nghiệp Việt Nam Singapore (VSIP) - VSIP BÌNH DƯƠNG","industrial_park",,"Invest Vietnam","https://investvietnam.gov.vn/vi/kcn.pd/khu-cong-nghiep-viet-nam-singapore-vsip---vsip-binh-duong.html","2026-09-10","VSIP II Bình Dương nằm trong khu liên hợp Công nghiệp, Dịch vụ và Đô thị Bình Dương (4.196 héc-ta) là nơi đang quy hoạch xây dựng trung tâm thành phố mới Bình Dương trong tương lai. Đến nay, KCN VSIP II đã hoàn thành xây dựng cơ sở hạ tầng, thu hút được 129 dự án đến từ hơn 20 quốc gia và vùng lãnh thổ với tổng số vốn đầu tư trên 1,5 tỷ Đô-la Mỹ.",,,"vsip vsip vsip binh duong",,"unknown",,"unresolved",FALSE,"not_verified","needs_identity_or_location_review",,,,,,"not_reported"
"investvietnam-234","Khu công nghiệp Điềm Thụy A","industrial_park",,"Invest Vietnam","https://investvietnam.gov.vn/vi/kcn.pd/khu-cong-nghiep-diem-thuy-a.html","2026-09-10","Khu công nghiệp Điềm Thụy A nằm cách thành phố Thái Nguyên về phía Nam cách thủ đô Hà Nội về phía Bắc. Được kết nối với đường quốc lộ số 3 nhờ tỉnh lộ 261, nắm song song so với đường cao tốc Hà Nội - Thái Nguyên, cách nút giao Yên Bình: 5.5km",,,"diem thuy a",,"unknown",,"unresolved",FALSE,"not_verified","needs_identity_or_location_review",,,,,,"not_reported"
"investvietnam-245","KCN Phú Bài","industrial_park",,"Invest Vietnam","https://investvietnam.gov.vn/vi/kcn.pd/kcn-phu-bai.html","2026-09-10","KCN Phú Bài nằm dọc theo tuyến quốc lộ 1A và đường sắt Bắc Nam; cạnh sân bay quốc tế Phú Bài; cách cảng biển Chân Mây 40km về phía Nam",,,"phu bai",,"unknown",,"review_name_or_province",FALSE,"not_verified","needs_identity_or_location_review","osm_way_626402291","exact_name_needs_province_or_identity_review",,,,"not_reported"
"investvietnam-246","KCN Phú Đa","industrial_park",,"Invest Vietnam","https://investvietnam.gov.vn/vi/kcn.pd/kcn-phu-da.html","2026-09-10","KCN Phú Đa thuộc xã Phú Đa, huyện Phú Vang; nằm cách Quốc lộ 1A khoảng 6km, cách cảng biển Thuận An khoảng 6 km, cách Sân bay quốc tế Phú Bài 8km, cách cảng Chân Mây 45km.",,,"phu da",,"unknown",,"unresolved",FALSE,"not_verified","needs_identity_or_location_review",,,,,,"not_reported"
"investvietnam-247","KCN Quảng Vinh","industrial_park",,"Invest Vietnam","https://investvietnam.gov.vn/vi/kcn.pd/kcn-quang-vinh.html","2026-09-10","KCN Quảng Vinh thuộc xã Quảng Vinh, huyện Quảng Điền; nằm cách Quốc lộ 1A khoảng 5km, cách cảng biển Thuận An khoảng 20km, cách Sân bay quốc tế Phú Bài 35km, cách cảng Chân Mây 75km.",,,"quang vinh",,"unknown",,"unresolved",FALSE,"not_verified","needs_identity_or_location_review",,,,,,"not_reported"
"investvietnam-248","KCN Tứ Hạ","industrial_park",,"Invest Vietnam","https://investvietnam.gov.vn/vi/kcn.pd/kcn-tu-ha.html","2026-09-10","KCN Tứ Hạ thuộc phường Tứ Hạ, Thị xã Hương Trà; nằm cách trung tâm thành phố Huế khoảng 12km về phía Bắc, sân bay quốc tế Phú Bài 25km, cảng biển Chân Mây 60km, cảng biển Thuận An 10km",,,"tu ha",,"unknown",,"unresolved",FALSE,"not_verified","needs_identity_or_location_review",,,,,,"not_reported"
"investvietnam-249","KCN Chân Mây – Lăng Cô","industrial_park",,"Invest Vietnam","https://investvietnam.gov.vn/vi/kcn.pd/kcn-chan-may-–-lang-co.html","2026-09-10","Khu kinh tế nằm giữa hai trung kinh tế và văn hoá lớn của miền Trung là Tp. Huế và Tp. Đà Nẵng và thuộc vùng kinh tế Trọng điểm Miền Trung; cách sân bay quốc tế Phú Bài 45km, cách TP Đà Nẵng và sân bay quốc tế Đà Nẵng 35km",,,"chan may lang co",,"unknown",,"unresolved",FALSE,"not_verified","needs_identity_or_location_review",,,,,,"not_reported"
"investvietnam-251","KCN La Sơn","industrial_park",,"Invest Vietnam","https://investvietnam.gov.vn/vi/kcn.pd/kcn-la-son.html","2026-09-10","KCN La Sơn thuộc xã Lộc Sơn, huyện Phú Lộc; nằm sát tỉnh lộ 14B nối huyện Nam Đông với Quốc lộ 1A, cách Quốc lộ 1A khoảng 2km, cách ga Truồi khoảng 4km, cách sân bay Quốc tế Phú Bài 9km, cách cảng biển Chân Mây 30km, cách cảng biển Thuận An 25km.",,,"la son",,"unknown",,"unresolved",FALSE,"not_verified","needs_identity_or_location_review",,,,,,"not_reported"
"investvietnam-258","KCN Kim Động","industrial_park","33","Invest Vietnam","https://investvietnam.gov.vn/vi/kcn.pd/kcn-kim-dong.html","2026-09-10","Khu Công nghiệp Kim Động thuộc địa bàn huyện: Kim Động, tỉnh Hưng Yên, Tiếp giáp Quốc lộ 39; Cách các nút giao đường ô tô cao tốc Hà Nội- Hải Phòng khoảng 13 km.",,,"kim dong","https://investvietnam.gov.vn/vi/kcn.pd/kcn-kim-dong.html","official_location_or_url_prefix",,"unresolved",FALSE,"not_verified","needs_identity_or_location_review",,,,,,"not_reported"
"investvietnam-260","KCN Tịnh Phong","industrial_park",,"Invest Vietnam","https://investvietnam.gov.vn/vi/kcn.pd/kcn-tinh-phong.html","2026-09-10","Khu công nghiệp Tịnh Phong nằm dọc quốc lộ 1A gần KKT Dung Quất và KCN VSIP Quảng Ngãi, cách sân bay Chu Lai khoảng hơn 25km thuận lợi trong giao thông và các dịch vụ tiện ích.",,,"tinh phong",,"unknown",,"review_name_or_province",FALSE,"not_verified","needs_identity_or_location_review","osm_way_521222160","exact_name_needs_province_or_identity_review",,,,"not_reported"
"investvietnam-261","KCN Quảng Phú","industrial_park","51","Invest Vietnam","https://investvietnam.gov.vn/vi/kcn.pd/kcn-quang-phu.html","2026-09-10","Khu công nghiệp Quảng Phú nằm về phía Tây thành phố Quảng Ngãi, thuộc Phường Quảng Phú, gần KKT Dung Quất và KCN VSIP Quảng Ngãi, cách sân bay Chu Lai khoảng hơn 30km thuận lợi trong giao thông và các dịch vụ tiện ích.",,,"quang phu","https://kcn-kkt.com/kcn/kcn-quang-phu","unique_discovery_name_province_unverified",,"unresolved",FALSE,"not_verified","needs_identity_or_location_review",,,,,,"not_reported"
"investvietnam-263","KCN Hòa Khánh Mở Rộng","industrial_park","48","Invest Vietnam","https://investvietnam.gov.vn/vi/kcn.pd/kcn-hoa-khanh-mo-rong.html","2026-09-10","KCN Hòa Khánh Mở Rộng nằm dọc Quốc lộ 1A, cách trung tâm thành phố và sân bay Quốc tế Đà Nẵng chỉ 10km, cách ga Đà Nẵng chỉ 15km và cách cảng biển Quốc tế Tiên Sa chỉ 20km. Vị trí thuận lợi Khu công nghiệp Hòa Khánh mở rộng nằm trên trục đường giao thông quan trọng, kết nối dễ dàng với thị trường trong nước (đi các tỉnh vùng Tây Nguyên , Bình Định, Nha Trang..vv..) cũng như dễ dàng tiếp cận thị trường Lào, Thái Lan, Myanmar.",108.14356,16.055428,"hoa khanh mo rong","https://kcn-kkt.com/kcn/kcn-hoa-khanh-mo-rong","unique_discovery_name_province_unverified",,"unresolved",FALSE,"not_verified","needs_identity_or_location_review",,,,,,"province_consistent_unverified"
"investvietnam-264","Khu công nghiệp Long Hậu","industrial_park","80","Invest Vietnam","https://investvietnam.gov.vn/vi/kcn.pd/khu-cong-nghiep-long-hau.html","2026-09-10","Khu công nghiệp Long Hậu thuộc khu vực chiến lược ưu tiên phát triển công nghiệp tiến ra biển Đông của thành phố Hồ Chí Minh",106.705773,10.631051,"long hau","https://kcn-kkt.com/kcn/kcn-long-hau","unique_discovery_name_province_unverified",,"unresolved",FALSE,"not_verified","needs_identity_or_location_review",,,,,,"province_consistent_unverified"
"investvietnam-272","Khu kinh tế Vũng Áng","unclassified",,"Invest Vietnam","https://investvietnam.gov.vn/vi/kcn.pd/khu-kinh-te-vung-ang.html","2026-09-10",,,,"khu kinh te vung ang",,"unknown",,"unresolved",FALSE,"not_verified","needs_identity_or_location_review",,,,,,"not_reported"
"investvietnam-281","Khu công nghiệp Xẻo Rô","industrial_park","91","Invest Vietnam","https://investvietnam.gov.vn/vi/kcn.pd/khu-cong-nghiep-xeo-ro.html","2026-09-10","KCN cách trung tâm huyện 7 km; cách Cảng hàng không Rạch Giá 15 km và thành phố Rạch Giá 22 km; nằm trên tuyến quốc lộ 63; đường sông giáp với sông Cái Lớn. Thuận tiện cho việc vận chuyển hàng hóa bằng đường bộ và đường thủy.",105.125377,9.810993,"xeo ro","https://kcn-kkt.com/kcn/kcn-xeo-ro","unique_discovery_name_province_unverified",,"unresolved",FALSE,"not_verified","needs_identity_or_location_review",,,,,,"province_consistent_unverified"
"investvietnam-282","Khu công nghiệp Tắc Cậu","industrial_park",,"Invest Vietnam","https://investvietnam.gov.vn/vi/kcn.pd/khu-cong-nghiep-tac-cau.html","2026-09-10","KCN cách trung tâm thành phố Rạch Giá khoảng 17 km; cách trung tâm huyện Châu Thành khoảng 5 km; cách Cảng hàng không Rạch Giá khoảng 12 km; nằm trên tuyến quốc lộ 63; đường sông giáp với sông Cái Bé. Thuận tiện cho việc vận chuyển hàng hóa bằng đường bộ và đường thủy.",105.119276,9.89362,"tac cau",,"unknown",,"unresolved",FALSE,"not_verified","needs_identity_or_location_review",,,,,,"unverified_not_used"
"investvietnam-283","Khu công nghiệp Kiên Lương II","industrial_park","91","Invest Vietnam","https://investvietnam.gov.vn/vi/kcn.pd/khu-cong-nghiep-kien-luong-ii.html","2026-09-10","KCN cách trung tâm huyện Kiên Lương khoảng 12 km, cách Cửa khẩu quốc tế Hà Tiên khoảng 42 km, cách cảng biển Hòn Chông khoảng 6 km, cách trung tâm thành phố Rạch Giá khoảng 82 km, KCN nằm trên tuyến Tỉnh lộ 11 nối với Quốc lộ 80.",,,"kien luong 2","https://kcn-kkt.com/kcn/kcn-kien-luong-ii","unique_discovery_name_province_unverified",,"unresolved",FALSE,"not_verified","needs_identity_or_location_review",,,,,,"not_reported"
"investvietnam-297","Khu Công Nghiệp Trần Quốc Toản","industrial_park","82","Invest Vietnam","https://investvietnam.gov.vn/vi/kcn.pd/khu-cong-nghiep-tran-quoc-toan.html","2026-09-10","Khu công nghiệp Trần Quốc Toản nằm sát Quốc lộ 30, cạnh phía nam bờ sông Tiền, có cảng cho tàu 5.000 tấn và xà lan 200 tấn cặp bến xếp dỡ hàng hoá, nguyên vật liệu. Thuận lợi cho vận chuyển thuỷ, bộ đi các tỉnh ĐBSCL, TPHCM, Campuchia, …, và cách biên giới Campuchia 70 km (cửa khẩu Quốc tế Dinh Bà).",,,"tran quoc toan","https://kcn-kkt.com/kcn/kcn-tran-quoc-toan","unique_discovery_name_province_unverified",,"unresolved",FALSE,"not_verified","needs_identity_or_location_review",,,,,,"not_reported"
"investvietnam-302","Khu công nghiệp Minh Hưng – Hàn Quốc","industrial_park","75","Invest Vietnam","https://investvietnam.gov.vn/vi/kcn.pd/khu-cong-nghiep-minh-hung-–-han-quoc.html","2026-09-10","Phía Đông và phía Nam giáp với khu dân cư xã Minh Hưng, phía Tây giáp với QL13, phía Bắc giáp với đất trồng cây cao su",106.617341,11.482726,"minh hung han quoc","https://kcn-kkt.com/kcn/kcn-minh-hung-han-quoc","unique_discovery_name_province_unverified",,"unresolved",FALSE,"not_verified","needs_identity_or_location_review",,,,,,"province_consistent_unverified"
"investvietnam-305","Khu công nghiệp Nam Đình Vũ","industrial_park","37","Invest Vietnam","https://investvietnam.gov.vn/vi/kcn.pd/khu-cong-nghiep-nam-dinh-vu.html","2026-09-10","KCN có vị trí vàng trong tam giác kinh tế Đông Bắc Bộ và nằm ở trung tâm Khu kinh tế Đình Vũ – Cát Hải. Nằm ở mũi nhọn hướng biển của bán đảo Đình Vũ, KCN hưởng trọn tất cả các lợi thế về kết nối giao thông, hệ thống cảng biển và logistics.",,,"nam dinh vu","https://investvietnam.gov.vn/vi/kcn.pd/khu-cong-nghiep-nam-dinh-vu.html","official_location_or_url_prefix",,"unresolved",FALSE,"not_verified","needs_identity_or_location_review",,,,,,"not_reported"
"investvietnam-307","Khu công nghiệp Hòn La II","industrial_park","44","Invest Vietnam","https://investvietnam.gov.vn/vi/kcn.pd/khu-cong-nghiep-hon-la-ii.html","2026-09-10","Nằm ở phía Bắc tỉnh Quảng Bình, cách cảng Hòn La 10km và sát với quốc lộ 1",106.446477,17.899641,"hon la 2","https://investvietnam.gov.vn/vi/kcn.pd/khu-cong-nghiep-hon-la-ii.html","official_location_or_url_prefix",,"unresolved",FALSE,"not_verified","needs_identity_or_location_review",,,,,,"province_consistent_unverified"
"investvietnam-309","Khu công nghiệp Cam Liên","industrial_park","44","Invest Vietnam","https://investvietnam.gov.vn/vi/kcn.pd/khu-cong-nghiep-cam-lien.html","2026-09-10","Khu công nghiệp Cam Liên với tuyến đường nâng cấp Quốc lộ 1A đi qua, cách tuyến Quốc lộ 1A khoảng 1,5km, cách Thị trấn Kiến Giang khoảng 7km về phía Tây, có vị trí thuộc trong địa giới hành chính ba xã Cam Thuỷ, xã Thanh Thuỷ, xã Ngư Thủy Bắc - huyện Lệ Thuỷ - tỉnh Quảng Bình",107.036227,16.841921,"cam lien","https://investvietnam.gov.vn/vi/kcn.pd/khu-cong-nghiep-cam-lien.html","official_location_or_url_prefix",,"unresolved",FALSE,"not_verified","needs_identity_or_location_review",,,,,,"province_consistent_unverified"
"investvietnam-310","Khu công nghiệp Bang","industrial_park","44","Invest Vietnam","https://investvietnam.gov.vn/vi/kcn.pd/khu-cong-nghiep-bang.html","2026-09-10","Khu công nghiệp Bang được quy hoạch xây dựng trên khu đất thuộc địa giới hành chính xã Mai Thủy và xã Phú Thủy, huyện Lệ Thủy. Tuyến đường tỉnh lộ 9C chạy qua đã được đầu tư",106.782443,17.17755,"bang","https://kcn-kkt.com/kcn/kcn-bang","unique_discovery_name_province_unverified",,"unresolved",FALSE,"not_verified","needs_identity_or_location_review",,,,,,"province_consistent_unverified"
"investvietnam-311","Khu công nghiệp Cửa ngõ phía Tây","industrial_park","44","Invest Vietnam","https://investvietnam.gov.vn/vi/kcn.pd/khu-cong-nghiep-cua-ngo-phia-tay.html","2026-09-10","Khu vực Quy hoạch nằm dọc theo 2 bên tuyến đường tỉnh lộ 22 thuộc KKT Hòn La",106.42292,17.867223,"cua ngo phia tay","https://kcn-kkt.com/kcn/kcn-cua-ngo-phia-tay","unique_discovery_name_province_unverified",,"unresolved",FALSE,"not_verified","needs_identity_or_location_review",,,,,,"province_consistent_unverified"
"investvietnam-313","Khu công nghiệp Thủ Thừa","industrial_park","80","Invest Vietnam","https://investvietnam.gov.vn/vi/kcn.pd/khu-cong-nghiep-thu-thua.html","2026-09-10","• Phía Đông: Giáp kênh Bo Bo; • Phía Tây: Giáp kênh Bà Báng; • Phía Nam: Giáp khu dân cư và khu tái định cư khu công nghiệp; • Phía Bắc: Giáp kênh Mương Khai.",106.399366,10.614917,"thu thua","https://kcn-kkt.com/kcn/kcn-thu-thua","unique_discovery_name_province_unverified",,"unresolved",FALSE,"not_verified","needs_identity_or_location_review",,,,,,"province_consistent_unverified"
"investvietnam-314","KCN Bắc Chu Lai","industrial_park","48","Invest Vietnam","https://investvietnam.gov.vn/vi/kcn.pd/kcn-bac-chu-lai.html","2026-09-10","Khu Công Nghiệp Bắc Chu Lai Khu Công nghiệp nằm trong vùng động lực phát triển kinh tế của tỉnh, cách trung tâm tỉnh lị Quảng Nam (Thành phố Tam Kỳ) khoảng 30 Km, Thành phố Đà Nẵng 90 Km về phía Bắc; cách trung tâm Thành phố Quảng Ngãi 25 Km về phía Nam, có Quốc lộ 1A, đường cao tốc Bắc - Nam, đường sắt Bắc – Nam chạy qua, có sân bay Chu Lai, hệ thống cảng biển. Trên địa bàn có Khu Kinh tế mở Chu Lai và giáp với Khu kinh tế Dung Quất (Khoảng 25Km).",,,"bac chu lai","https://kcn-kkt.com/kcn/kcn-bac-chu-lai","unique_discovery_name_province_unverified",,"unresolved",FALSE,"not_verified","needs_identity_or_location_review",,,,,,"not_reported"
"investvietnam-315","Khu công viên công nghệ thông tin Hà Nội","unclassified","01","Invest Vietnam","https://investvietnam.gov.vn/vi/kcn.pd/khu-cong-vien-cong-nghe-thong-tin-ha-noi.html","2026-09-10","Khu vực nghiên cứu lập Quy hoạch chi tiết xây dựng Khu Công viên công nghệ thông tin Hà Nội, tỷ lệ 1/500 thuộc ranh giới hành chính các phường: Phúc Đồng, Long Biên - quận Long Biên, thành phố Hà Nội (trong phạm vi Khu công nghiệp Sài Đồng B). - Phía Đông Bắc là đường sắt Quốc gia (tuyến Hà Nội - Hải Phòng). - Phía Tây Nam là đường Cổ Linh có mặt cắt ngang 40m. - Phía Đông Nam là tim đường quy hoạch trong Khu Công nghiệp Sài Đồng B. - Phía Tây Bắc là tuyến đường Đàm Quang Trung dẫn lên cầu Vĩnh Tuy",105.896559,21.040733,"khu cong vien cong nghe thong tin ha noi","https://investvietnam.gov.vn/vi/kcn.pd/khu-cong-vien-cong-nghe-thong-tin-ha-noi.html","official_location_or_url_prefix",,"unresolved",FALSE,"not_verified","needs_identity_or_location_review",,,,,,"province_consistent_unverified"
"investvietnam-318","Khu công nghiệp Quốc tế Protrade (PITP)","industrial_park","79","Invest Vietnam","https://investvietnam.gov.vn/vi/kcn.pd/khu-cong-nghiep-quoc-te-protrade-pitp.html","2026-09-10","Vị trí khu công nghiệp Quốc tế Protrade nằm tiếp giáp thành phố Hồ Chí Minh, Bình Dương là đầu mối chiến lược của vùng kinh tế trọng điểm phía Nam của Việt Nam. Với cơ sở hạ tầng hoàn thiện, các sở ban ngành liên quan của tỉnh Bình Dương hỗ trợ hết mình, đơn giản hóa các thủ tục hành chính và chính sách ưu đãi thuế. Tỉnh Bình Dương luôn là một trong những tỉnh đứng đầu về thu hút nước ngoài đầu tư trong các ngành nghề sản xuất công nghiệp.",106.536687,11.108314,"quoc te protrade pitp","https://investvietnam.gov.vn/vi/kcn.pd/khu-cong-nghiep-quoc-te-protrade-pitp.html","official_location_or_url_prefix",,"unresolved",FALSE,"not_verified","needs_identity_or_location_review",,,,,,"province_consistent_unverified"
"investvietnam-320","Khu công nghiệp Sơn Lôi","industrial_park","25","Invest Vietnam","https://investvietnam.gov.vn/vi/kcn.pd/khu-cong-nghiep-son-loi.html","2026-09-10","Vị trí khu công nghiệp Sơn Lôi thuộc huyện Bình Xuyên, nằm cạnh đường Quốc lộ 2 (Nội Bài – Lào Cai)",105.672104,21.257459,"son loi","https://kcn-kkt.com/kcn/kcn-son-loi","unique_discovery_name_province_unverified",,"unresolved",FALSE,"not_verified","needs_identity_or_location_review",,,,,,"province_consistent_unverified"
"investvietnam-327","Khu công nghiệp Xuân Lộc ","industrial_park",,"Invest Vietnam","https://investvietnam.gov.vn/vi/kcn.pd/khu-cong-nghiep-xuan-loc.html","2026-09-10","Khu công nghiệp Xuân Lộc nằm cạnh Quốc lộ 1, trục giao thông huyết mạch Bắc – Nam, gần đường cao tốc Tp.HCM - Dầu Giây – Long Thành và cảng Phú Mỹ.",107.413287,10.907819,"xuan loc",,"unknown",,"review_name_or_province",FALSE,"not_verified","needs_identity_or_location_review","osm_way_924383400","exact_name_needs_province_or_identity_review",,,,"unverified_not_used"
"investvietnam-328","Khu công nghiệp Biên Hòa II","industrial_park",,"Invest Vietnam","https://investvietnam.gov.vn/vi/kcn.pd/khu-cong-nghiep-bien-hoa-ii.html","2026-09-10","Khu công nghiệp Biên Hòa II có vị trí địa lý chiến lược, cận kề cửa ngõ đầu mối giao thông khu vực tứ giác kinh tế (Đồng Nai – Bình Dương – Vũng Tàu – TP.Hồ Chí Minh).",106.877526,10.927919,"bien hoa 2",,"unknown",,"review_name_or_province",FALSE,"not_verified","needs_identity_or_location_review","osm_way_306132369","exact_name_needs_province_or_identity_review",,,,"unverified_not_used"
"investvietnam-335","Khu công nghiệp Nhơn Trạch I","industrial_park","75","Invest Vietnam","https://investvietnam.gov.vn/vi/kcn.pd/khu-cong-nghiep-nhon-trach-i.html","2026-09-10","khu công nghiệp Nhơn Trạch I ở vị trí cao nhất của đô thị mới Nhơn trạch. Nằm trên đầu mối giao thông quan trọng của khu vực kinh tế trọng điểm phía Nam, tỉnh Đồng Nai cách QL51 là 04km.",106.927007,10.741199,"nhon trach 1","https://investvietnam.gov.vn/vi/kcn.pd/khu-cong-nghiep-nhon-trach-i.html","official_location_or_url_prefix",,"unresolved",FALSE,"not_verified","needs_identity_or_location_review",,,,,,"province_consistent_unverified"
"investvietnam-336","Khu công nghiệp Nhơn Trạch III","industrial_park","75","Invest Vietnam","https://investvietnam.gov.vn/vi/kcn.pd/khu-cong-nghiep-nhon-trach-iii.html","2026-09-10","Khu công nghiệp Nhơn Trạch III có địa thế cao so với mặt biển 28m, bằng phẳng, nền đất cứng cường độ chịu nén cao, bình quân khoảng 25 tấn/m2 là nơi rất thuận lợi để xây dựng các công trình trong ngành công nghiệp nặng, công nghiệp nhẹ và đặc biệt là trong lĩnh vực công nghệ cao với chi phí và thời gian xây dựng được rút ngắn đáng kể. Huyện Nhơn Trạch, tỉnh Đồng Nai hầu như không bị ảnh hưởng của bão, lụt, thiên tai.",106.929379,10.734347,"nhon trach 3","https://investvietnam.gov.vn/vi/kcn.pd/khu-cong-nghiep-nhon-trach-iii.html","official_location_or_url_prefix",,"unresolved",FALSE,"not_verified","needs_identity_or_location_review",,,,,,"province_consistent_unverified"
"investvietnam-337","Khu công nghiệp LOTECO","industrial_park","79","Invest Vietnam","https://investvietnam.gov.vn/vi/kcn.pd/khu-cong-nghiep-loteco.html","2026-09-10","Khu công nghiệp Loteco nằm giáp quốc lộ 51A, nối trực tiếp thành phố Biên Hòa với hệ thống cảng Thị Vải – nơi tập trung trung chuyển khoảng 40% container ở Việt Nam, tỉnh Bà Rịa Vũng Tàu. Với sự thuận tiện của giao thông đường bộ, đường thủy và hàng không. Khu công nghiệp Loteco thực sự có một vị trí lí tưởng, tiết kiệm chi phí và thời gian.",106.884901,10.929663,"loteco","https://investvietnam.gov.vn/vi/kcn.pd/khu-cong-nghiep-loteco.html","official_location_or_url_prefix",,"unresolved",FALSE,"not_verified","needs_identity_or_location_review",,,,,,"province_conflict_not_used"
"investvietnam-338","Khu công nghiệp AMATA","industrial_park",,"Invest Vietnam","https://investvietnam.gov.vn/vi/kcn.pd/khu-cong-nghiep-amata.html","2026-09-10","Khí hậu Đồng Nai là khí hậu nhiệt đới gió mùa, có hai mùa tương phản nhau là mùa khô và mùa mưa. Mùa khô thường bắt đầu từ tháng 12 đến tháng 4 năm sau, mùa mưa kéo dài từ tháng 5 đến tháng 11. Khoảng kết thúc mùa mưa dao động từ đầu tháng 10 đến tháng 12. Nhiệt độ trung bình năm 25 – 27 °C, nhiệt độ cao cực trị khoảng 40 °C và thấp cực trị 12,5 °C và số giờ nắng trong năm 2.500 – 2.700 giờ, độ ẩm trung bình luôn cao 80 – 82%",106.879777,10.943646,"amata",,"unknown",,"review_name_or_province",FALSE,"not_verified","needs_identity_or_location_review","osm_way_583464295","exact_name_needs_province_or_identity_review",,,,"unverified_not_used"
"investvietnam-339","KCN Tam Hiệp","industrial_park",,"Invest Vietnam","https://investvietnam.gov.vn/vi/kcn.pd/kcn-tam-hiep.html","2026-09-10","Khu Công nghiệp Tam Hiệp nằm trong vùng động lực phát triển kinh tế của tỉnh, cách trung tâm tỉnh lị Quảng Nam (Thành phố Tam Kỳ) khoảng 30 Km, Thành phố Đà Nẵng 90 Km về phía Bắc; cách trung tâm Thành phố Quảng Ngãi 25 Km về phía Nam, có Quốc lộ 1A, đường cao tốc Bắc - Nam, đường sắt Bắc – Nam chạy qua, có sân bay Chu Lai, hệ thống cảng biển. Trên địa bàn có Khu Kinh tế mở Chu Lai và giáp với Khu kinh tế Dung Quất (Khoảng 25Km).",,,"tam hiep",,"unknown",,"unresolved",FALSE,"not_verified","needs_identity_or_location_review",,,,,,"not_reported"
"investvietnam-340","Khu công nghiệp Gò Dầu","industrial_park",,"Invest Vietnam","https://investvietnam.gov.vn/vi/kcn.pd/khu-cong-nghiep-go-dau.html","2026-09-10","Nằm trong vùng kinh tế trọng điểm phía Nam (gồm Đồng Nai, Tp.HCM, Bà Rịa – Vũng Tàu và Bình Dương). Là một trong số ít những khu công nghiệp có cảng nội khu thuận tiện cho việc vận chuyển hàng hóa xuất nhập khẩu.",107.036401,10.659198,"go dau",,"unknown",,"unresolved",FALSE,"not_verified","needs_identity_or_location_review",,,,,,"unverified_not_used"
"investvietnam-342","Khu công nghiệp Dệt may Bình An","industrial_park",,"Invest Vietnam","https://investvietnam.gov.vn/vi/kcn.pd/khu-cong-nghiep-det-may-binh-an.html","2026-09-10","Khu công nghiệp Dệt may Bình An có vị trí địa lý thuận lợi nằm trên trục đường lưu thông hàng hoá của Khu kinh tế trọng điểm phía Nam, gần ga tàu, bến cảng, cách trung tâm TP Hồ Chí Minh 25 Km về phía Đông.",106.819406,10.895078,"det may binh an",,"unknown",,"review_name_or_province",FALSE,"not_verified","needs_identity_or_location_review","osm_way_291052399","exact_name_needs_province_or_identity_review",,,,"unverified_not_used"
"investvietnam-345","Khu công nghiệp Đại Đăng","industrial_park",,"Invest Vietnam","https://investvietnam.gov.vn/vi/kcn.pd/khu-cong-nghiep-dai-dang.html","2026-09-10","Vị trí Khu công ngiệp Đại Đăng nằm tại trung tâm vùng kinh tế trọng điểm phía nam bao gồm: Thành phố Hồ Chí Minh. Bình Dương, Đồng nai, Bà Rịa -Vũng Tàu, Tây Ninh, Long An, Bình Phước, với hệ thống cơ sở hạ tầng hòan chỉnh, nối kết với các tuyến đường huyết mạch quốc gia và các trung tâm kinh tế thương mại cả nước rất thuận lợi, cũng như tiếp cận nhanh chóng các cảng biển, cảng đường bộ và cảng hàng không, do đó tiết kiệm được nhiều chi phí và thời gian vận chuyển, đặt biệt là chi phí xuất nhập khẩu hàng hóa.",106.68602,11.005051,"dai dang",,"unknown",,"review_name_or_province",FALSE,"not_verified","needs_identity_or_location_review","osm_way_783792019","exact_name_needs_province_or_identity_review",,,,"unverified_not_used"
"investvietnam-346","Khu công nghiệp Đất Cuôc ","industrial_park",,"Invest Vietnam","https://investvietnam.gov.vn/vi/kcn.pd/khu-cong-nghiep-dat-cuoc.html","2026-09-10","Vị trí khu công nghiệp (KCN) Đất Cuốc - Tân Uyên được xây dựng và kinh doanh với tổng diện tích là 212 ha, nằm ở khu vực Đông Bắc của huyện Tân Uyên cách thị xã Thủ Dầu Một khoảng 30 Km và cách thành phố Hồ Chí Minh khoảng 70 Km.",106.836763,11.103058,"dat cuoc",,"unknown",,"unresolved",FALSE,"not_verified","needs_identity_or_location_review",,,,,,"unverified_not_used"
"investvietnam-347","Khu công nghiệp Đồng An I","industrial_park",,"Invest Vietnam","https://investvietnam.gov.vn/vi/kcn.pd/khu-cong-nghiep-dong-an-i.html","2026-09-10",,106.727296,10.89652,"dong an 1",,"unknown",,"review_name_or_province",FALSE,"not_verified","needs_identity_or_location_review","osm_way_323602532","exact_name_needs_province_or_identity_review",,,,"unverified_not_used"
"investvietnam-348","KCN Hàm Kiệm 2 - Bita's","industrial_park","68","Invest Vietnam","https://investvietnam.gov.vn/vi/kcn.pd/kcn-ham-kiem-2---bitas.html","2026-09-10","Xã Hàm Kiệm, huyện Hàm Thuận Nam, tỉnh Bình Thuận, ngay cạnh trục Quốc lộ 1A đoạn Phan Thiết đi Tp Hồ Chí Minh, cách TP.Phan Thiết 12 km về phía Nam.",,,"ham kiem 2 bita s","https://investvietnam.gov.vn/vi/kcn.pd/kcn-ham-kiem-2---bitas.html","official_location_or_url_prefix",,"unresolved",FALSE,"not_verified","needs_identity_or_location_review",,,,,,"not_reported"
"investvietnam-349","KCN Chế biến tập trung khoáng sản Titan Sông Bình","industrial_park","68","Invest Vietnam","https://investvietnam.gov.vn/vi/kcn.pd/kcn-che-bien-tap-trung-khoang-san-titan-song-binh.html","2026-09-10","Xã Sông Bình, huyện Bắc Bình, tỉnh Bình Thuận, nằm cách trục quốc lộ 28B 700 m, Quốc lộ 1A 10km, cách trung tâm thành phố Phan Thiết khoảng 50 km và cách Cảng nước sâu Vĩnh Tân (Tuy Phong) 60km, nằm gần nguồn nguyên liệu quặng titan lớn.",,,"che bien tap trung khoang san titan song binh","https://investvietnam.gov.vn/vi/kcn.pd/kcn-che-bien-tap-trung-khoang-san-titan-song-binh.html","official_location_or_url_prefix",,"unresolved",FALSE,"not_verified","needs_identity_or_location_review",,,,,,"not_reported"
"investvietnam-350","Khu công nghiệp Tuy Phong","industrial_park","68","Invest Vietnam","https://investvietnam.gov.vn/vi/kcn.pd/khu-cong-nghiep-tuy-phong.html","2026-09-10","- Xã Vĩnh Hảo, huyện Tuy Phong, tỉnh Bình Thuận, nằm giáp QL 1A, cách trung tâm thành phố Phan Thiết khoảng 97 Km về phía Bắc, cách TP. Phan Rang khoảng 50km, cách Cảng tổng hợp Vĩnh Tân 6km. - TPIP được thành lập theo văn bản số: 1441/TTg-KTN ngày 24/8/2009 của Thủ tướng Chính phủ và Quyết định số 3563/QĐ-UBND ngày 31/12/2013 của UBND tỉnh Bình Thuận; được cấp Giấy chứng nhận đầu tư số 48221000088 ngày 31/12/2013. - Kết hợp với cảng biển Quốc tế Vĩnh Tân (cảng biển Quốc tế gần nhất của các tỉnh phía Nam Tây nguyên), ga hàng hóa Vĩnh Hảo, đường cao tốc Bắc-Nam, các Quốc lộ 1/26/27/28, đường nối cao tốc Bắc-Nam với QL1 thành một hệ thống hoàn chỉnh phục vụ cho các nhà đầu tư sản xuất, chế biến và bảo quản Nông/Lâm/Thủy/Khoáng sản của các tỉnh Bình Thuận/Ninh Thuận (là 2 trong 4 ngư trường lớn nhất Việt Nam, sản lượng trái Thanh long và trữ lượng Titan lớn nhất nước) và các tỉnh Lâm Đồng, Dak nông, Daklak (có sản lượng cà phê, hạt tiêu lớn nhất nước; Trà, Cao su, Bắp chiếm 25% sản lượng Việt nam) và các ngành công nghiệp khác. - Gần các Trung tâm dân cư: Vĩnh Hảo, Vĩnh Tân, Cà ná, Liên Hương, Phan Rí dân cư đông đúc, dễ tuyển lao động; có đủ các hạ tầng xã hội như: trường học, bệnh viện, trung tâm dạy nghề, chợ và trung tâm thương mại; có các địa điểm tham quan du lịch: rừng, thác nước, hồ nước ngọt, biển. - Được quy hoạch phát triển khu dân cư ngay bên cạnh Khu công nghiệp đáp ứng nhu cầu định cư, học tập, chăm sóc sức khỏe và đời sống của người lao động và chuyên gia trong KCN.",,,"tuy phong","https://investvietnam.gov.vn/vi/kcn.pd/khu-cong-nghiep-tuy-phong.html","official_location_or_url_prefix",,"unresolved",FALSE,"not_verified","needs_identity_or_location_review",,,,,,"not_reported"
"investvietnam-351","Khu công nghiệp Hưng Phú 1","industrial_park","92","Invest Vietnam","https://investvietnam.gov.vn/vi/kcn.pd/khu-cong-nghiep-hung-phu-1.html","2026-09-10","Dự án có vị trí thuộc phường Tân Phú, quận Cái Răng, thành phố Cần Thơ, tiếp giáp với: - Phía Tây Bắc giáp Rạch Cái Sâu - Phía Đông Nam giáp Rạch Cái Cui - Phía Đông Bắc giáp Sông Hậu - Phía Tây Nam giáp trục đường Nam Sông Hậu",105.823159,9.981869,"hung phu 1","https://kcn-kkt.com/kcn/kcn-hung-phu-1","unique_discovery_name_province_unverified",,"unresolved",FALSE,"not_verified","needs_identity_or_location_review",,,,,,"province_consistent_unverified"
"investvietnam-352","Khu công nghiệp Đồng An II","industrial_park",,"Invest Vietnam","https://investvietnam.gov.vn/vi/kcn.pd/khu-cong-nghiep-dong-an-ii.html","2026-09-10",,106.67611,11.103674,"dong an 2",,"unknown",,"review_name_or_province",FALSE,"not_verified","needs_identity_or_location_review","osm_way_497979359","exact_name_needs_province_or_identity_review",,,,"unverified_not_used"
"investvietnam-353","Khu công nghiệp KIm Huy","industrial_park",,"Invest Vietnam","https://investvietnam.gov.vn/vi/kcn.pd/khu-cong-nghiep-kim-huy.html","2026-09-10","Khu công nghiệp Kim Huy được thành lập vào năm 2006 nhằm đáp ứng nhu cầu sản xuất kinh doanh, đầu tư bất động sản hay khu đô thị nhà ở của các cá nhân, doanh nghiệp trong nước và ngoài nước. Với mục tiêu sẽ trở thành khu công nghiệp chất lượng cao đáp ứng được thị hiếu của khách hàng.",106.706722,11.048125,"kim huy",,"unknown",,"review_name_or_province",FALSE,"not_verified","needs_identity_or_location_review","osm_way_597925817","exact_name_needs_province_or_identity_review",,,,"unverified_not_used"
"investvietnam-354","Khu công nghiệp Mai Trung","industrial_park","79","Invest Vietnam","https://investvietnam.gov.vn/vi/kcn.pd/khu-cong-nghiep-mai-trung.html","2026-09-10","Vị trí khu công nghiệp Mai Trung tọa lạc tại xã An Tây - An Điền, huyện Bến Cát, tỉnh Bình Dương",106.544501,11.096956,"mai trung","https://investvietnam.gov.vn/vi/kcn.pd/khu-cong-nghiep-mai-trung.html","official_location_or_url_prefix",,"unresolved",FALSE,"not_verified","needs_identity_or_location_review",,,,,,"province_consistent_unverified"
"investvietnam-356","Khu công nghiệp Mỹ Phước 2","industrial_park","79","Invest Vietnam","https://investvietnam.gov.vn/vi/kcn.pd/khu-cong-nghiep-my-phuoc-2.html","2026-09-10","Vị trí địa lý khu công nghiệp Mỹ Phước 2: Xã Thới Hòa, xã Mỹ Phước, huyện Bến Cát, tỉnh Bình Dương. Nằm trong khu vực tứ giác kinh tế trọng điểm phía Nam (Tp. Hồ Chí Minh; Bình Dương; Bà Rịa-Vũng tàu, Long An).",106.627082,11.132769,"my phuoc 2","https://investvietnam.gov.vn/vi/kcn.pd/khu-cong-nghiep-my-phuoc-2.html","official_location_or_url_prefix",,"unresolved",FALSE,"not_verified","needs_identity_or_location_review",,,,,,"province_consistent_unverified"
"investvietnam-359","Khu công nghiệp Phú Gia","industrial_park","79","Invest Vietnam","https://investvietnam.gov.vn/vi/kcn.pd/khu-cong-nghiep-phu-gia.html","2026-09-10","Vị trí khu công nghiệp Phú Gia nằm trong Khu liên hợp Công nghiệp - Dịch vụ- Đô thị Bình Dương được thành lập theo Quyết định số 912/QĐ-TTg của Thủ tướng Chính phủ- Đó là khu phát triển công nghiệp tạo động lực mạnh cho tỉnh Bình Dương. Là khu phát triển dịch vụ cao cấp mang tầm vóc quốc tế và khu vực, bao gồm gồm sân golf, trung tâm đào tạo, trung tâm tài chính, du lịch…",106.67857,11.096165,"phu gia","https://investvietnam.gov.vn/vi/kcn.pd/khu-cong-nghiep-phu-gia.html","official_location_or_url_prefix",,"unresolved",FALSE,"not_verified","needs_identity_or_location_review",,,,,,"province_consistent_unverified"
"investvietnam-360","Khu công nghiệp Sóng Thần 1","industrial_park","79","Invest Vietnam","https://investvietnam.gov.vn/vi/kcn.pd/khu-cong-nghiep-song-than-1.html","2026-09-10","Vị trí khu công nghiệp Sóng Thần 1 thuộc tỉnh Bình Dương là vùng Đông Nam Bộ, phía bắc giáp Bình Phước, phía nam và tây nam giáp thành phố Hồ Chí Minh, phía tây giáp Tây Ninh, phía đông giáp Đồng Nai, cách trung tâm thành phố Hồ Chí Minh khoảng 20 km.",106.750813,10.893621,"song than 1","https://investvietnam.gov.vn/vi/kcn.pd/khu-cong-nghiep-song-than-1.html","official_location_or_url_prefix",,"unresolved",FALSE,"not_verified","needs_identity_or_location_review",,,,,,"province_consistent_unverified"
"investvietnam-361","Khu công nghiệp Sóng Thần 2 ","industrial_park",,"Invest Vietnam","https://investvietnam.gov.vn/vi/kcn.pd/khu-cong-nghiep-song-than-2.html","2026-09-10","Vị trí khu công nghiệp Sóng Thần 2 tỉnh thuộc Bình Dương, nằm trong vùng Đông Nam Bộ, phía bắc giáp Bình Phước, phía nam và tây nam giáp thành phố Hồ Chí Minh, phía tây giáp Tây Ninh, phía đông giáp Đồng Nai.",106.747608,10.890748,"song than 2",,"unknown",,"review_name_or_province",FALSE,"not_verified","needs_identity_or_location_review","osm_way_496910231","exact_name_needs_province_or_identity_review",,,,"unverified_not_used"
"investvietnam-362","Khu công nghiệp Tân Bình","industrial_park","79","Invest Vietnam","https://investvietnam.gov.vn/vi/kcn.pd/khu-cong-nghiep-tan-binh.html","2026-09-10","TBIP với diện tích 352,5 ha nằm ở phía Bắc tỉnh Bình Dương, thuộc vùng kinh tế trọng điểm phía Nam Việt Nam và là địa phương tập trung nhiều khu công nghiệp của cả nước",106.720518,11.19755,"tan binh","https://investvietnam.gov.vn/vi/kcn.pd/khu-cong-nghiep-tan-binh.html","official_location_or_url_prefix",,"review_name_or_province",FALSE,"not_verified","needs_identity_or_location_review","osm_way_790553092|osm_way_1052673995","exact_name_needs_province_or_identity_review",,,,"province_consistent_unverified"
"investvietnam-363","Khu công nghiệp Phú Mỹ 2","industrial_park",,"Invest Vietnam","https://investvietnam.gov.vn/vi/kcn.pd/khu-cong-nghiep-phu-my-2.html","2026-09-10","KCN nằm trong khu vực quy hoạch hệ thống Cảng biển số 5 với nhiều cảng lớn đã đi vào hoạt động, tiếp nhận nhiều tàu có trọng tải lớn như Cảng Phú Mỹ, Cảng Quốc tế SP-SPA, Cảng Quốc Tế Sài Gòn Việt Nam (SITV), Cảng Quốc tế Cái Mép (CMIT)",107.059523,10.564073,"phu my 2",,"unknown",,"review_name_or_province",FALSE,"not_verified","needs_identity_or_location_review","osm_way_1193514671","exact_name_needs_province_or_identity_review",,,,"unverified_not_used"
"investvietnam-365","Khu công nghiệp Tân Đông Hiệp A","industrial_park",,"Invest Vietnam","https://investvietnam.gov.vn/vi/kcn.pd/khu-cong-nghiep-tan-dong-hiep-a.html","2026-09-10","Vị trí khu công nghiệp Khu công nghiệp Tân đông Hiệp A nằm tại huyện Dĩ An, tỉnh Bình Dương, thuộc vùng kinh tế trọng điểm Đông Nam Bộ (bao gồm TP Hồ Chí Minh, tỉnh Đồng Nai và tỉnh Bà Rịa- Vũng Tàu).",106.788382,10.908019,"tan dong hiep a",,"unknown",,"unresolved",FALSE,"not_verified","needs_identity_or_location_review",,,,,,"unverified_not_used"
"investvietnam-367","Khu công nghiệp Thới Hòa ","industrial_park","79","Invest Vietnam","https://investvietnam.gov.vn/vi/kcn.pd/khu-cong-nghiep-thoi-hoa.html","2026-09-10","Vị trí khu công nghiệp Thới Hòa, tỉnh Bình Dương nằm trong khu vực tứ giác kinh tế trọng điểm phía Nam (Tp.Hồ Chí Minh, Bình Dương, Bà Rịa-Vũng Tàu và Đồng Nai)",106.470967,10.925497,"thoi hoa","https://investvietnam.gov.vn/vi/kcn.pd/khu-cong-nghiep-thoi-hoa.html","official_location_or_url_prefix",,"unresolved",FALSE,"not_verified","needs_identity_or_location_review",,,,,,"province_conflict_not_used"
"investvietnam-368","Khu công nghiệp Tân Bình ","industrial_park","79","Invest Vietnam","https://investvietnam.gov.vn/vi/kcn.pd/khu-cong-nghiep-tan-binh-1.html","2026-09-10","Vị trí khu công nghiệp Tân Bình – tỉnh Bình Dương có vị trí thuận lợi gần nguồn nguyên liệu từ Bình Phước và các tỉnh Tây Nguyên, đặc biệt là nguồn nguyên liệu gỗ và mủ dồi dào từ cây cao su được cung cấp bởi Công ty CP cao su Phước Hòa và các đơn vị thành viên của Tập đoàn Công nghiệp Cao su Việt Nam.",106.720518,11.19755,"tan binh","https://investvietnam.gov.vn/vi/kcn.pd/khu-cong-nghiep-tan-binh-1.html","official_location_or_url_prefix",,"review_name_or_province",FALSE,"not_verified","needs_identity_or_location_review","osm_way_790553092|osm_way_1052673995","exact_name_needs_province_or_identity_review",,,,"province_consistent_unverified"
"investvietnam-378","Khu công nghiệp Lam Sơn – Sao Vàng","industrial_park","38","Invest Vietnam","https://investvietnam.gov.vn/vi/kcn.pd/khu-cong-nghiep-lam-son-–-sao-vang.html","2026-09-10","Khu đất quy hoạch Khu công nghiệp Lam Sơn – Sao Vàng nằm dọc đường Hồ Chí Minh, cách thành phố Thanh Hóa khoảng 40 km theo Quốc lộ 47, giáp với 2 thị trấn: Thị trấn Lam Sơn và thị trấn Sao Vàng. - Phía Bắc giáp ranh giới quy hoạch khu đô thị Lam Sơn- Sao Vàng. - Phía Nam giáp hồ Cửa Trát, cách QL47 kéo dài khoảng 1,8 km. - Phía Đông giáp đường Cảng hàng không Thọ Xuân đi Nghi Sơn dự kiến. - Phía Tây giáp đường Hồ Chí Minh (xã Xuân Phú, Xuân Bái).",105.447813,19.867944,"lam son sao vang","https://kcn-kkt.com/kcn/kcn-lam-son-sao-vang","unique_discovery_name_province_unverified",,"unresolved",FALSE,"not_verified","needs_identity_or_location_review",,,,,,"province_consistent_unverified"
"investvietnam-388","Khu công nghiệp Thăng Long ","industrial_park","01","Invest Vietnam","https://investvietnam.gov.vn/vi/kcn.pd/khu-cong-nghiep-thang-long.html","2026-09-10","Khu công nghiệp Thăng Long nằm ở huyện Đông Anh, phía Bắc của thủ đô Hà Nội. KCN cách trung tâm tp Hà Nội khoảng 15km và cách sân bay Quốc tế Nội Bài khoảng 20km.",105.773263,21.116218,"thang long","https://kcn-kkt.com/kcn/kcn-thang-long","unique_discovery_name_province_unverified",,"unresolved",FALSE,"not_verified","needs_identity_or_location_review",,,,,,"province_consistent_unverified"
"investvietnam-390","Khu công nghiệp Hỗ trợ Nam Hà Nội","industrial_park","01","Invest Vietnam","https://investvietnam.gov.vn/vi/kcn.pd/khu-cong-nghiep-ho-tro-nam-ha-noi.html","2026-09-10","HANSSIP có vị trí nằm ngay sát đường cao tốc Pháp Vân – Cầu Giẽ, quốc lộ 1A tuyến đường huyết mạch của Việt Nam, kết nối hạ tầng giao thông và dịch vụ và các khu công nghiệp.",105.914642,20.708342,"ho tro nam ha noi","https://investvietnam.gov.vn/vi/kcn.pd/khu-cong-nghiep-ho-tro-nam-ha-noi.html","official_location_or_url_prefix",,"unresolved",FALSE,"not_verified","needs_identity_or_location_review",,,,,,"province_consistent_unverified"
"investvietnam-397","Khu công nghiệp Mỹ Xuân B1 Đại Dương","industrial_park",,"Invest Vietnam","https://investvietnam.gov.vn/vi/kcn.pd/khu-cong-nghiep-my-xuan-b1-dai-duong.html","2026-09-10","Khu công nghiệp Mỹ Xuân B1 – Đại Dương Mỹ Xuân là một trong những Khu công nghiệp nằm trong vùng kinh tế trọng điểm phía Nam bao gồm Tp. Hồ Chí Minh, Đồng Nai, Bình Dương và Bà Rịa – Vũng Tàu",107.059523,10.564073,"my xuan b1 dai duong",,"unknown",,"unresolved",FALSE,"not_verified","needs_identity_or_location_review",,,,,,"unverified_not_used"
"investvietnam-398","Khu công nghiệp Mỹ Xuân A","industrial_park",,"Invest Vietnam","https://investvietnam.gov.vn/vi/kcn.pd/khu-cong-nghiep-my-xuan-a.html","2026-09-10",,,,"my xuan a",,"unknown",,"review_name_or_province",FALSE,"not_verified","needs_identity_or_location_review","osm_way_317515592","exact_name_needs_province_or_identity_review",,,,"not_reported"
"investvietnam-399","KCN Đô thị & Sân Golf Châu Đức","industrial_park","79","Invest Vietnam","https://investvietnam.gov.vn/vi/kcn.pd/kcn-do-thi--san-golf-chau-duc.html","2026-09-10","Thuộc địa bàn xã Nghĩa Thành, xã Suối Nghệ, huyện Châu Đức; xã Sông Xoài, xã Châu Pha, huyện Tân Thành, Tỉnh Bà Rịa Vũng Tàu",107.189811,10.604338,"do thi san golf chau duc","https://investvietnam.gov.vn/vi/kcn.pd/kcn-do-thi--san-golf-chau-duc.html","official_location_or_url_prefix",,"unresolved",FALSE,"not_verified","needs_identity_or_location_review",,,,,,"province_consistent_unverified"
"investvietnam-414","Khu công nghiệp cảng biển Hải Hà (giai đoạn I) ","industrial_park",,"Invest Vietnam","https://investvietnam.gov.vn/vi/kcn.pd/khu-cong-nghiep-cang-bien-hai-ha-giai-doan-i.html","2026-09-10","Khu công nghiệp nằm tại phía Đông Nam huyện Hải Hà, thuộc Khu kinh tế cửa khẩu Móng Cái và nằm trọn trong vành đai Vịnh Bắc Bộ và 02 hành lang kinh tế Việt Nam- Trung Quốc với vị trí chiến lược quan trọng. Khu công nghiệp chỉ cách cửa khẩu quốc tế Móng Cái và cửa khẩu Bắc Phong Sinh khoảng 30 km, cách khu kinh tế Vân Đồn và sân bay Vân Đồn 45 km. Kết nối với tuyến đường cao tốc Vân Đồn - Móng Cái tại nút giao Hải Hà. Năm 2020, tuyến đường cao tốc Vân Đồn - Móng Cái hoàn thành, chắc chắn sẽ tạo ra lợi thế thông thương lớn cho Khu công nghiệp trong vùng biên giới Việt - Trung.",107.745856,21.421331,"cang bien hai ha giai doan 1",,"unknown",,"unresolved",FALSE,"not_verified","needs_identity_or_location_review",,,,,,"unverified_not_used"
"investvietnam-415","Khu công nghiệp Đông Mai","industrial_park",,"Invest Vietnam","https://investvietnam.gov.vn/vi/kcn.pd/khu-cong-nghiep-dong-mai.html","2026-09-10","Khu công nghiệp Đông Mai thuộc phường Đông Mai, thị xã Nằm trên trục đường quốc lộ 18 từ Hà Nội đi Móng Cái Quảng Yên.",106.84124,21.003875,"dong mai",,"unknown",,"review_name_or_province",FALSE,"not_verified","needs_identity_or_location_review","osm_way_1183626964","exact_name_needs_province_or_identity_review",,,,"unverified_not_used"
"investvietnam-418","Khu công nghiệp chuyên nông nghiệp Thaco - tỉnh Thái Bình ","industrial_park","33","Invest Vietnam","https://investvietnam.gov.vn/vi/kcn.pd/khu-cong-nghiep-chuyen-nong-nghiep-thaco---tinh-thai-binh.html","2026-09-10","Khu công nghiệp phục vụ nông nghiệp thuộc địa giới hành chính các xã: An Thái, An Ninh và An Cầu, huyện Quỳnh Phụ, tỉnh Thái Bình - Phía Đông Bắc giáp sông Hóa (Sông cấp IV); - Phía Tây Bắc giáp khu dân cư thôn A Sào, xã An Thái; - Phía Tây Nam giáp tỉnh lộ ĐT72, khu dân cư xóm Bắc Lệ thuộc xã An Cầu và thôn Lương Cả, xã An Ninh; - Phía Đông Nam giáp đất nông nghiệp xã An Ninh và giáp thị trấn An Bài.",106.313077,20.439773,"chuyen nong nghiep thaco tinh thai binh","https://investvietnam.gov.vn/vi/kcn.pd/khu-cong-nghiep-chuyen-nong-nghiep-thaco---tinh-thai-binh.html","official_location_or_url_prefix",,"unresolved",FALSE,"not_verified","needs_identity_or_location_review",,,,,,"province_consistent_unverified"
"investvietnam-426","Khu công nghiệp Trà Nóc 1","industrial_park","92","Invest Vietnam","https://investvietnam.gov.vn/vi/kcn.pd/khu-cong-nghiep-tra-noc-1.html","2026-09-10","Có vị trí thuận lợi, gần cảng, gần sân bay",105.708713,10.098531,"tra noc 1","https://kcn-kkt.com/kcn/kcn-tra-noc-1","unique_discovery_name_province_unverified",,"unresolved",FALSE,"not_verified","needs_identity_or_location_review",,,,,,"province_consistent_unverified"
"investvietnam-431","Khu Công nghiệp Đông Hồi","industrial_park","40","Invest Vietnam","https://investvietnam.gov.vn/vi/kcn.pd/khu-cong-nghiep-dong-hoi.html","2026-09-10","KCN Đông Hồi nằm trên địa bàn các xã Quỳnh Lập, Quỳnh Lộc của Thị xã Hoàng Mai, tỉnh Nghệ An. Phía Bắc giáp núi Xước, núi Truông. Phía Nam giáp núi xóm đá Đồng Tiến. Phía Đông giáp biển Đông. Phía Tây giáp núi Xước và thị xã Hoàng Mai. KCN Đông Hồi cách thị trấn Cầu Giát về phía Bắc khoảng 20km, cách ga Hoàng Mai 1km, giáp cảng nước sâu Nghi Sơn – Thanh Hoá, cách quốc lộ 1A và đường sắt Bắc Nam 5 km, cách sân bay Vinh 80 km và cảng tổng hợp nước sâu Cửa Lò 75km.",,,"dong hoi","https://investvietnam.gov.vn/vi/kcn.pd/khu-cong-nghiep-dong-hoi.html","official_location_or_url_prefix",,"unresolved",FALSE,"not_verified","needs_identity_or_location_review",,,,,,"not_reported"
"investvietnam-436","Thông tin chung khu công nghiệp Thăng Long Vĩnh Phúc","industrial_park","25","Invest Vietnam","https://investvietnam.gov.vn/vi/kcn.pd/thong-tin-chung-khu-cong-nghiep-thang-long-vinh-phuc.html","2026-09-10","Vị trí đặt tại huyện Bình Xuyên, thuộc địa phận 2 xã Tam Hợp và Thiện Kế. Khu Công Nghiệp Thăng Long Vĩnh Phúc có vị trí cực kỳ thuận lợi cho việc giao thương",105.67058,21.331813,"thong tin chung khu cong nghiep thang long vinh phuc","https://investvietnam.gov.vn/vi/kcn.pd/thong-tin-chung-khu-cong-nghiep-thang-long-vinh-phuc.html","official_location_or_url_prefix",,"unresolved",FALSE,"not_verified","needs_identity_or_location_review",,,,,,"province_consistent_unverified"
"investvietnam-437","Thông tin chung về Khu kinh tế Dung Quất","unclassified","48","Invest Vietnam","https://investvietnam.gov.vn/vi/kcn.pd/thong-tin-chung-ve-khu-kinh-te-dung-quat.html","2026-09-10","Khu vực nghiên cứu quy hoạch có tổng diện tích khoảng 45.332 ha bao gồm: phần diện tích Khu kinh tế hiện hữu là 10.300 ha, phần diện tích mở rộng khoảng 24.280 ha và khoảng 10.752 ha diện tích mặt biển. Bao gồm: toàn bộ diện tích các xã Bình Đông, Bình Thạnh, Bình Chánh, Bình Thuận, Bình Trị, Bình Hải, Bình Phước, Bình Hòa, Bình Phú, Bình Dương, Bình Thanh Đông, Bình Thanh Tây, Bình Tân, Bình Châu, Bình Thới và một phần các xã Bình Nguyên, Bình Long, Bình Hiệp, Bình Trung của huyện Bình Sơn; thị trấn Châu Ổ; toàn bộ diện tích các xã Tịnh Phong, Tịnh Hòa, Tịnh Kỳ và một phần xã Tịnh Thọ thuộc huyện Sơn Tịnh; toàn bộ diện tích huyện đảo Lý Sơn; khu vực mặt biển liền kề (diện tích khoảng 10.752 ha). Ranh giới quy hoạch được giới hạn như sau: - Phía Đông giáp biển Đông. - Phía Tây giáp đường sắt Bắc - Nam. - Phía Nam giáp ranh giới quy hoạch mở rộng thành phố Quảng Ngãi. - Phía Bắc giáp tỉnh Quảng Nam.",108.783857,15.316649,"thong tin chung ve khu kinh te dung quat","https://investvietnam.gov.vn/vi/kcn.pd/thong-tin-chung-ve-khu-kinh-te-dung-quat.html","official_location_or_url_prefix",,"unresolved",FALSE,"not_verified","needs_identity_or_location_review",,,,,,"province_conflict_not_used"
"investvietnam-438","Thông tin chung khu công nghiệp Hỗ trợ Nam Hà Nội (HANSSIP)","industrial_park","01","Invest Vietnam","https://investvietnam.gov.vn/vi/kcn.pd/thong-tin-chung-khu-cong-nghiep-ho-tro-nam-ha-noi-hanssip.html","2026-09-10","-Nằm trên địa bàn xã Đại Xuyên, huyện Phú Xuyên, thủ đô Hà Nội, cách trung tâm Hà Nội 30km qua cao tốc Pháp Vân – Cầu Giẽ (QL1B) -Cách sân bài Nội Bài 60km -Cách cảng Hải Phòng 120km -Cách cảng Cái Lân 165km -Cách ga đường sắt Phú Xuyên Hà Nội và cảng Hồng Vân đường thủy nội địa 2km",105.915727,20.700323,"thong tin chung khu cong nghiep ho tro nam ha noi hanssip","https://investvietnam.gov.vn/vi/kcn.pd/thong-tin-chung-khu-cong-nghiep-ho-tro-nam-ha-noi-hanssip.html","official_location_or_url_prefix",,"unresolved",FALSE,"not_verified","needs_identity_or_location_review",,,,,,"province_consistent_unverified"
"investvietnam-440","Thông tin chung khu công nghiệp Nam Cầu Kiền ","industrial_park",,"Invest Vietnam","https://investvietnam.gov.vn/vi/kcn.pd/thong-tin-chung-khu-cong-nghiep-nam-cau-kien.html","2026-09-10","KCN Nam Cầu Kiền có vị trí giao thông thuận lợi, kết nối với các hệ thống hạ tầng đồng bộ của thành phố Hải Phòng giúp cho các doanh nghiệp tiết kiệm chi phí vận tải và đi lại thông qua hệ thống giao thông đường bộ, đường sông, đường biển, đường sắt và đường hàng không.",106.632078,20.916926,"thong tin chung khu cong nghiep nam cau kien",,"unknown",,"unresolved",FALSE,"not_verified","needs_identity_or_location_review",,,,,,"unverified_not_used"
"investvietnam-442","Thông tin chung khu công nghiệp và khu phi thuế quan Sài Gòn – Chân Mây","industrial_park","46","Invest Vietnam","https://investvietnam.gov.vn/vi/kcn.pd/thong-tin-chung-khu-cong-nghiep-va-khu-phi-thue-quan-sai-gon-–-chan-may.html","2026-09-10","Dự án nằm trong khu kinh tế Chân Mây – Lăng Cô thuộc xã Lộc Tiến, Lộc Vĩnh, Tỉnh Thừa Thiên Huế, cách Thủ đô Hà Nội 710km về phía Bắc và cách Thành phố Hồ Chí Minh 1000km về phía Nam",106.386624,21.576363,"thong tin chung khu cong nghiep va khu phi thue quan sai gon chan may","https://investvietnam.gov.vn/vi/kcn.pd/thong-tin-chung-khu-cong-nghiep-va-khu-phi-thue-quan-sai-gon-–-chan-may.html","official_location_or_url_prefix",,"unresolved",FALSE,"not_verified","needs_identity_or_location_review",,,,,,"province_conflict_not_used"
"investvietnam-445","KHU ĐÔ THỊ CÔNG NGHIỆP DUNG QUẤT","unclassified","51","Invest Vietnam","https://investvietnam.gov.vn/vi/kcn.pd/khu-do-thi-cong-nghiep-dung-quat.html","2026-09-10","+ Toàn bộ diện tích phát triển của cả Dự án Khu đô thị công nghiệp Dung Quất đều nằm ở huyện Bình Sơn, tỉnh Quảng Ngãi thuộc Khu kinh tế Dung Quất. Phía Đông giáp sông Trà Bồng và đường Thanh Niên; Phía Bắc giáp Sân bay Chu Lai; Phía Nam giáp đường Dốc Sỏi – Dung Quất. + Đây là khu vực có vị trí địa lý và các điều kiện rất thuận lợi để phát triển thành một khu công nghiệp hiện đại.",,,"khu do thi cong nghiep dung quat","https://investvietnam.gov.vn/vi/kcn.pd/khu-do-thi-cong-nghiep-dung-quat.html","official_location_or_url_prefix",,"unresolved",FALSE,"not_verified","needs_identity_or_location_review",,,,,,"not_reported"
"investvietnam-448","Khu công nghiệp Tân Phú Thạnh","industrial_park",,"Invest Vietnam","https://investvietnam.gov.vn/vi/kcn.pd/khu-cong-nghiep-tan-phu-thanh-1.html","2026-09-10","Khu công nghiệp Tân Phú Thạnh giáp trung tâm TP.Cần Thơ và sân bay Cần Thơ, giáp sông ba láng, thuận lợi cho vận chuyển hàng hóa bằng đường thủy với tàu có tải trọng lên đến 2.000 tấn.",,,"tan phu thanh",,"unknown",,"review_name_or_province",FALSE,"not_verified","needs_identity_or_location_review","osm_way_169077621","exact_name_needs_province_or_identity_review",,,,"not_reported"
"investvietnam-449","KHU CÔNG NGHIỆP KHÁNH AN","industrial_park","96","Invest Vietnam","https://investvietnam.gov.vn/vi/kcn.pd/khu-cong-nghiep-khánh-an.html","2026-09-10","Thuộc xã Khánh An, huyện U Minh, tỉnh Cà Mau.",,,"khanh an","https://investvietnam.gov.vn/vi/kcn.pd/khu-cong-nghiep-khánh-an.html","official_location_or_url_prefix",,"unresolved",FALSE,"not_verified","needs_identity_or_location_review",,,,,,"not_reported"
"investvietnam-450","KHU CÔNG NGHIỆP HÒA TRUNG","industrial_park","96","Invest Vietnam","https://investvietnam.gov.vn/vi/kcn.pd/khu-cong-nghiep-hòa-trung.html","2026-09-10","Thuộc xã Lương Thế Trân, huyện Cái Nước, tỉnh Cà Mau",,,"hoa trung","https://investvietnam.gov.vn/vi/kcn.pd/khu-cong-nghiep-hòa-trung.html","official_location_or_url_prefix",,"unresolved",FALSE,"not_verified","needs_identity_or_location_review",,,,,,"not_reported"
"investvietnam-451","KHU KINH TẾ NĂM CĂN","unclassified","96","Invest Vietnam","https://investvietnam.gov.vn/vi/kcn.pd/khu-kinh-té-nam-can.html","2026-09-10","Thuộc địa bàn huyện Năm Căn, tỉnh Cà Mau, bao gồm thị trấn Năm Căn, xã Hàm Rồng, xã Hàng Vịnh và ấp Ông Do của xã Đất Mới.",,,"khu kinh te nam can","https://investvietnam.gov.vn/vi/kcn.pd/khu-kinh-té-nam-can.html","official_location_or_url_prefix",,"unresolved",FALSE,"not_verified","needs_identity_or_location_review",,,,,,"not_reported"
"investvietnam-452","KHU CÔNG NGHIỆP MINH HƯNG SIKICO","industrial_park","75","Invest Vietnam","https://investvietnam.gov.vn/vi/kcn.pd/khu-cong-nghiep-minh-hung-sikico.html","2026-09-10","Nằm trong mạng lưới giao thông chủ chốt của Vùng kinh tế trọng điểm phía Nam, thúc đẩy giao thương và vận chuyển hàng hoá. Tiếp giáp với Bình Dương và gần kề TP.HCM, MINH HƯNG SIKICO được thừa hưởng toàn bộ tiện ích từ cơ sở hạ tầng và dịch vụ cả hai đô thị này.",106.723464,11.751189,"minh hung sikico","https://kcn-kkt.com/kcn/kcn-minh-hung-sikico","unique_discovery_name_province_unverified",,"unresolved",FALSE,"not_verified","needs_identity_or_location_review",,,,,,"province_consistent_unverified"
"investvietnam-465","Khu chế xuất Tân Thuận","export_processing_zone",,"Invest Vietnam","https://investvietnam.gov.vn/vi/kcn.pd/khu-che-xuat-tan-thuan.html","2026-09-10","TTZ tọa lạc tại Quận 7, góc Đông Nam của trung tâm thành phố Hồ Chí Minh, nằm trên một bán đảo được bao quanh bởi sông Sài Gòn, tổng diện tích: 300 ha.",106.729936,10.752388,"tan thuan",,"unknown",,"review_name_or_province",FALSE,"not_verified","needs_identity_or_location_review","osm_way_377269911","exact_name_needs_province_or_identity_review",,,,"unverified_not_used"
"investvietnam-467","Khu công nghiệp An Phát 1","industrial_park","31","Invest Vietnam","https://investvietnam.gov.vn/vi/kcn.pd/khu-cong-nghiep-an-phat-1.html","2026-09-10","Khu công nghiệp An Phát 1 có diện tích 180 ha, tọa lạc tại Km69, Quốc lộ 37 - nơi trọng điểm kết nối giao thương, công nghiệp, dịch vụ của miền Bắc Việt Nam, dễ dàng kết nối cùng Quốc lộ 5 và Quốc lộ 18, hứa hẹn trở thành điểm trung chuyển quan trọng trong hành lang kinh tế toàn vùng.",106.367757,21.021838,"an phat 1","https://kcn-kkt.com/kcn/kcn-an-phat-1","unique_discovery_name_province_unverified",,"unresolved",FALSE,"not_verified","needs_identity_or_location_review",,,,,,"province_consistent_unverified"
"investvietnam-471","Khu công nghiệp Long Bình An ","industrial_park","08","Invest Vietnam","https://investvietnam.gov.vn/vi/kcn.pd/khu-cong-nghiep-long-binh-an.html","2026-09-10","Khu công nghiệp Long Bình An nằm tại phường Đội Cấn, thành phố Tuyên Quang, tỉnh Tuyên Quang, giáp đường ĐT186, có vị trí thuận lợi trong sản xuất cũng như phân phối sản phẩm đến các tỉnh, thành phố.",,,"long binh an","https://investvietnam.gov.vn/vi/kcn.pd/khu-cong-nghiep-long-binh-an.html","official_location_or_url_prefix",,"unresolved",FALSE,"not_verified","needs_identity_or_location_review",,,,,,"not_reported"
"investvietnam-472","Khu công nghiệp Hòa Xá","industrial_park","33","Invest Vietnam","https://investvietnam.gov.vn/vi/kcn.pd/khu-cong-nghiep-hoa-xa.html","2026-09-10","Nằm cạnh Quốc lộ 10 nối liền các tỉnh Thái Bình-Nam Định-Ninh Bình. Cách trung tâm Hà nội khoảng 85Km, cách cảng Hải Phòng 88km, cách sân bay Quốc tế Nội Bài khoảng 110km",106.162105,20.438823,"hoa xa","https://investvietnam.gov.vn/vi/kcn.pd/khu-cong-nghiep-hoa-xa.html","official_location_or_url_prefix",,"unresolved",FALSE,"not_verified","needs_identity_or_location_review",,,,,,"province_conflict_not_used"
"investvietnam-496","Thông tin về Khu công nghiệp Du Long","industrial_park","56","Invest Vietnam","https://investvietnam.gov.vn/vi/kcn.pd/thong-tin-ve-khu-cong-nghiep-du-long.html","2026-09-10","Khu CN Du Long nằm ở vị trí đắc địa: gần vị trí đấu nối cao tốc Bắc Nam và Quốc lộ 1A; cảng biển hàng hóa quốc tế Cam Ranh, Cà Ná, Vĩnh Tân; sân bay quốc tế Cam Ranh; ga đường sắt Tháp Chàm nên các phương tiện giao thông trọng tải lớn lưu thông rất thuận tiện",105.878506,20.99799,"du long","https://kcn-kkt.com/kcn/kcn-du-long","unique_discovery_name_province_unverified",,"unresolved",FALSE,"not_verified","needs_identity_or_location_review","osm_way_481199146","exact_name_needs_province_or_identity_review",,,,"province_conflict_not_used"
"investvietnam-497","Thông tin về KCN Phước Nam","industrial_park","56","Invest Vietnam","https://investvietnam.gov.vn/vi/kcn.pd/thong-tin-ve-kcn-phuoc-nam.html","2026-09-10","KCN Phước Nam nằm ở vùng Nam Trung Bộ, trên địa bàn xã Phước Nam, huyện Ninh Phước, tỉnh Ninh Thuận (tại Km 1574 trên Quốc lộ 1A)",,,"phuoc nam","https://investvietnam.gov.vn/vi/kcn.pd/thong-tin-ve-kcn-phuoc-nam.html","official_location_or_url_prefix",,"unresolved",FALSE,"not_verified","needs_identity_or_location_review",,,,,,"not_reported"
"investvietnam-498","Khu công nghiệp Dịch vụ thủy sản Đà Nẵng","industrial_park","48","Invest Vietnam","https://investvietnam.gov.vn/vi/kcn.pd/khu-cong-nghiep-dich-vu-thuy-san-da-nang.html","2026-09-10","Phường Thọ Quang, quận Liên Chiểu, thành phố Đà Nẵng",,,"dich vu thuy san da nang","https://investvietnam.gov.vn/vi/kcn.pd/khu-cong-nghiep-dich-vu-thuy-san-da-nang.html","official_location_or_url_prefix",,"unresolved",FALSE,"not_verified","needs_identity_or_location_review",,,,,,"not_reported"
"investvietnam-504","KHU CÔNG NGHIỆP BÁ THIỆN I","industrial_park","25","Invest Vietnam","https://investvietnam.gov.vn/vi/kcn.pd/khu-cong-nghiep-ba-thien-i.html","2026-09-10","KCN nằm tại xã Bá Hiến và xã Thiện Kế, huyện Bình Xuyên, tỉnh Vĩnh Phúc. Nằm cách thủ đô Hà Nội 50km về phía Tây Bắc, khu công nghiệp dễ dàng kết nối với các vùng lân cận thông qua hệ thống đường bộ (cao tốc Xuyên Á Nội Bài – Lào Cai, quốc lộ 2, quốc lộ 18...), đường sắt (tuyến đường sắt Hà Nội – Vĩnh Phúc – Lào Cai – Trung Quốc), đường hàng không (cảng Hàng không Quốc tế Nội Bài) và đường biển (cảng Đình Vũ – Hải Phòng, cảng Cái Lân).",,,"ba thien 1","https://investvietnam.gov.vn/vi/kcn.pd/khu-cong-nghiep-ba-thien-i.html","official_location_or_url_prefix",,"unresolved",FALSE,"not_verified","needs_identity_or_location_review",,,,,,"not_reported"
"investvietnam-506","KHU CÔNG NGHIỆP THÁI HÒA - LIỄN SƠN - LIÊN HOA","industrial_park",,"Invest Vietnam","https://investvietnam.gov.vn/vi/kcn.pd/khu-cong-nghiep-thai-hoa---lien-son---lien-hoa.html","2026-09-10","KCN Thái Hòa - Liễn Sơn - Liên Hòa nằm trên địa phận huyện Lập Thạch, giáp quốc lộ 2C đi cầu Liễn Sơn với nút giao Văn Quán nối đường cao tốc Nội Bài - Lào Cai; Cách nút giao Văn Quán 8km; Cách Sân Bay Nội Bài 55km; Cách thành phố Vĩnh Yên 20km; Cách thủ đô Hà Nội 70km",,,"thai hoa lien son lien hoa",,"unknown",,"unresolved",FALSE,"not_verified","needs_identity_or_location_review",,,,,,"not_reported"
"investvietnam-534","KHU CÔNG NGHIỆP GIANG ĐIỀN","industrial_park",,"Invest Vietnam","https://investvietnam.gov.vn/vi/kcn.pd/khu-cong-nghiep-giang-dien.html","2026-09-10","Nằm ngay vị trí cận kề Tp. Biên Hòa và cửa ngõ đi vào Tp. Hồ Chí Minh, KCN Giang Điền trở thành ""điểm vàng"" thu hút đầu tư trong suốt nhiều năm nay. Ngoài ra, lợi thế đáng chú ý nhất của khu công nghiệp Giang Điền là nằm gần nhiều cảng như: Cảng ICD Biên Hòa, cảng Gò Dầu, cảng Phước An, Tân Cảng Cát Lái và cảng Phú Mỹ.",,,"giang dien",,"unknown",,"review_name_or_province",FALSE,"not_verified","needs_identity_or_location_review","osm_way_793350526","exact_name_needs_province_or_identity_review",,,,"not_reported"
"investvietnam-535","KHU CÔNG NGHIỆP THẠNH PHÚ","industrial_park",,"Invest Vietnam","https://investvietnam.gov.vn/vi/kcn.pd/khu-cong-nghiep-thanh-phu-1.html","2026-09-10","KCN Thạnh Phú có mạng lưới giao thông đường bộ thuận tiện, nằm kề cận thành phố Biên Hòa. Tọa lạc gần sông Đồng Nai, thuận tiện về giao thông đường thủy.",,,"thanh phu",,"unknown",,"unresolved",FALSE,"not_verified","needs_identity_or_location_review","osm_node_9123506699","exact_name_needs_province_or_identity_review",,,,"not_reported"
"investvietnam-536","KHU CÔNG NGHIỆP XUÂN LỘC","industrial_park",,"Invest Vietnam","https://investvietnam.gov.vn/vi/kcn.pd/khu-cong-nghiep-xuan-loc-1.html","2026-09-10","KCN Xuân Lộc có lợi thế lớn về vận chuyển hàng hóa với vị trí nằm cạnh Quốc lộ 1, trục giao thông huyết mạch Bắc – Nam.",,,"xuan loc",,"unknown",,"review_name_or_province",FALSE,"not_verified","needs_identity_or_location_review","osm_way_924383400","exact_name_needs_province_or_identity_review",,,,"not_reported"
"investvietnam-539","Khu công nghiệp Yên Phong 2C","industrial_park",,"Invest Vietnam","https://investvietnam.gov.vn/vi/kcn.pd/khu-cong-nghiep-yen-phong-2c.html","2026-09-10","KCN Yên Phong 2C nằm gần Quốc lộ 18 và đường Cao tốc Hà Nội - Thái Nguyên Cách sân bay Nội Bài 20km, cách Hà Nội 34 km",,,"yen phong 2c",,"unknown",,"unresolved",FALSE,"not_verified","needs_identity_or_location_review",,,,,,"not_reported"
"investvietnam-540","Khu công nghiệp Thuận Thành I","industrial_park","24","Invest Vietnam","https://investvietnam.gov.vn/vi/kcn.pd/khu-cong-nghiep-thuan-thanh-i.html","2026-09-10","Nằm sát Quốc lộ 38, KCN Thuận Thành I dễ dàng kết nối đến thủ đô Hà Nội, sân bay quốc tế Nội Bài và cảng Hải Phòng.",106.079257,21.035778,"thuan thanh 1","https://kcn-kkt.com/kcn/kcn-thuan-thanh-i","unique_discovery_name_province_unverified",,"unresolved",FALSE,"not_verified","needs_identity_or_location_review",,,,,,"province_consistent_unverified"
"investvietnam-542","Khu công nghiệp Quế Võ II","industrial_park",,"Invest Vietnam","https://investvietnam.gov.vn/vi/kcn.pd/khu-cong-nghiep-que-vo-ii.html","2026-09-10","Khu công nghiệp Quế Võ II nằm trong vùng kinh tế trọng điểm của phía Bắc, thuận lợi trong việc phục vụ sản xuất phát triển thị trường của các doanh nghiệp.",106.18162,21.137731,"que vo 2",,"unknown",,"review_name_or_province",FALSE,"not_verified","needs_identity_or_location_review","osm_way_597920929","exact_name_needs_province_or_identity_review",,,,"unverified_not_used"
"investvietnam-543","Khu công nghiệp Quế Võ III","industrial_park",,"Invest Vietnam","https://investvietnam.gov.vn/vi/kcn.pd/khu-cong-nghiep-que-vo-iii.html","2026-09-10","KCN Quế Võ III với vị trí chiến lược nối liền Quốc lộ 17 & 18, giao thông thuận tiện liên kết với Hà Nội, Bắc Giang, Quảng Ninh, Hải Phòng, Sân bay Quốc tế Nội Bài… tạo đầu mối rất thuận lợi cho các doanh nghiệp sản xuất, xuất nhập khẩu và vận chuyển hàng hóa và vật liệu.",106.182355,21.13983,"que vo 3",,"unknown",,"review_name_or_province",FALSE,"not_verified","needs_identity_or_location_review","osm_way_1184113104","exact_name_needs_province_or_identity_review",,,,"unverified_not_used"
"investvietnam-544","Khu công nghiệp Đại Đồng - Hoàn Sơn","industrial_park",,"Invest Vietnam","https://investvietnam.gov.vn/vi/kcn.pd/khu-cong-nghiep-dai-dong---hoan-son.html","2026-09-10","KCN Đại Đồng Hoàn Sơn tiếp giáp với các tỉnh/TP như: TP. Hà Nội, tỉnh Bắc Giang, tỉnh Hải Dương, tỉnh Hưng Yên và nằm trong vùng kinh tế trọng điểm phía Bắc: Hà Nội- Hải Phòng- Quảng Ninh",106.028751,21.117831,"dai dong hoan son",,"unknown",,"review_name_or_province",FALSE,"not_verified","needs_identity_or_location_review","osm_way_642268651","exact_name_needs_province_or_identity_review",,,,"unverified_not_used"
"investvietnam-545","Khu công nghiệp Nam Sơn - Hạp Lĩnh","industrial_park","22","Invest Vietnam","https://investvietnam.gov.vn/vi/kcn.pd/khu-cong-nghiep-nam-son---hap-linh.html","2026-09-10","Với vị trí chiến lược, KCN Nam Sơn Hạp Lĩnh thuận tiện đi tới Thủ đô Hà Nội, Sân bay Nội Bài, Cảng Hải Phòng (TP Hải Phòng), Cảng Cái Lân (Tỉnh Quảng Ninh), cửa khẩu Hữu Nghị, rất thuận lợi trong việc thu hút các nhà đầu tư nước ngoài, đặc biệt là các công ty vệ tinh của các tập đoàn lớn của thế giới đã và đang đầu tư tại đây.",106.076138,21.130957,"nam son hap linh","https://investvietnam.gov.vn/vi/kcn.pd/khu-cong-nghiep-nam-son---hap-linh.html","official_location_or_url_prefix",,"unresolved",FALSE,"not_verified","needs_identity_or_location_review",,,,,,"province_conflict_not_used"
"investvietnam-550","THÔNG TIN VỀ KHU CÔNG NGHIỆP TRÀNG DUỆ","industrial_park",,"Invest Vietnam","https://investvietnam.gov.vn/vi/kcn.pd/thong-tin-ve-khu-cong-nghiep-trang-due.html","2026-09-10","KCN Tràng Duệ thuộc KKT Đình Vũ – Cát Hải; nằm tiếp giáp với QL 10; cách cao tốc Hà Nội- Hải Phòng 7km.",105.732937,21.38212,"thong tin ve khu cong nghiep trang due",,"unknown",,"unresolved",FALSE,"not_verified","needs_identity_or_location_review",,,,,,"unverified_not_used"
"investvietnam-553","Khu công nghiệp Âu Lâu","industrial_park","15","Invest Vietnam","https://investvietnam.gov.vn/vi/kcn.pd/khu-cong-nghiep-au-lau.html","2026-09-10","Cách trung tâm thành phố Hà nội khoảng 170km về phía Bắc, cách cửa khẩu Lào Cai 170 Km về phía Nam và nằm sát quốc lộ 37 và đường cao tốc Nội Bài- Lào Cai.",,,"au lau","https://kcn-kkt.com/kcn/kcn-au-lau","unique_discovery_name_province_unverified",,"unresolved",FALSE,"not_verified","needs_identity_or_location_review",,,,,,"not_reported"
"investvietnam-554","Khu công nghiệp Minh Quân ","industrial_park","15","Invest Vietnam","https://investvietnam.gov.vn/vi/kcn.pd/khu-cong-nghiep-minh-quan.html","2026-09-10","Cách trung tâm thành phố Hà nội khoảng 155km về phía Bắc, cách cửa khẩu Lào Cai 185 Km về phía Nam và nằm cạnh đường quốc lộ 32 C, cách đường cao tốc Nội Bài- Lào Cai 4,5 Km. KCN Minh Quân Nằm ở phía Đông Nam Của thành phố Yên Bái. - Cách trung tâm thành phố Yên Bái khoảng 9,5 Km về phía Tây Bắc; - Cách Nút lên xuống đường cao tốc Hà Nội- Lào Cai( IC- 12) khoảng 4,5Km về phía Tây( kết nối theo đường QL32C với đường Âu Cơ). – Cách UBND xã Minh Quân khoảng 3Km về phía Tây Nam. + Địa hình: nằm giáp sông Hồng, cấu tạo địa hình gồm dải phù sa ven sông, đồng bằng phù xa cổ thềm sông,các đồi núi thấp đỉnh tròn hình bát úp, các thung lũng khe suối len lỏi xen kẽ ddoiod núi và các cánh đồng lượn sóng chạy dọc theo triền sông. – Là đồi gò, cốt cao độ trung bình khu vực chưa xây dựng từ 55- 80.5m, khu vực xây dựng trung bình từ 40.5 – 42.6 m, hướng dốc chính từ Tây Bắc xuống Đông Nam.",,,"minh quan","https://kcn-kkt.com/kcn/kcn-minh-quan","unique_discovery_name_province_unverified",,"unresolved",FALSE,"not_verified","needs_identity_or_location_review",,,,,,"not_reported"
"investvietnam-555","THÔNG TIN CHUNG VỀ KHU CÔNG NGHIỆP HÒA HỘI ","industrial_park",,"Invest Vietnam","https://investvietnam.gov.vn/vi/kcn.pd/thong-tin-chung-ve-khu-cong-nghiep-hoa-hoi.html","2026-09-10","KCN Hòa Hội nằm sát đường quốc lộ 1A - Tuyến quốc lộ huyết mạch nối các tỉnh, thành phố trọng điểm trong đó có các thành phố lớn như Hà Nội, Đà Nẵng, Nha Trang, TP. Hồ Chí Minh, ….",,,"thong tin chung ve khu cong nghiep hoa hoi",,"unknown",,"unresolved",FALSE,"not_verified","needs_identity_or_location_review",,,,,,"not_reported"
"investvietnam-557","Khu công nghiệp phía Nam","industrial_park","15","Invest Vietnam","https://investvietnam.gov.vn/vi/kcn.pd/khu-cong-nghiep-phia-nam.html","2026-09-10","Cách trung tâm thành phố Hà nội khoảng 170km về phía Nam, cách cửa khẩu Lào Cai 180 Km về phía Bắc và cách tuyến đường cao tốc Nội Bài- Lào Cai 5,5Km. Phía Bắc giáp tuyến đường cảng Hương Lý đi cầu Văn Phú; phía Nam giáp khu vực đồi trồng rừng, phía Tây giáp khu dân cư.",,,"phia nam","https://kcn-kkt.com/kcn/kcn-phia-nam","unique_discovery_name_province_unverified",,"unresolved",FALSE,"not_verified","needs_identity_or_location_review",,,,,,"not_reported"
"investvietnam-561","Khu công nghiệp Hòa Hội","industrial_park","52","Invest Vietnam","https://investvietnam.gov.vn/vi/kcn.pd/khu-cong-nghiep-hoa-hoi.html","2026-09-10","KCN Hòa Hội nằm sát đường quốc lộ 1A - Tuyến quốc lộ huyết mạch nối các tỉnh, thành phố trọng điểm trong đó có các thành phố lớn như Hà Nội, Đà Nẵng, Nha Trang, TP. Hồ Chí Minh, ….",,,"hoa hoi","https://kcn-kkt.com/kcn/khu-cong-nghiep-hoa-hoi","unique_discovery_name_province_unverified",,"unresolved",FALSE,"not_verified","needs_identity_or_location_review",,,,,,"not_reported"
"investvietnam-563","Khu công nghiệp Phú Tài","industrial_park","52","Invest Vietnam","https://investvietnam.gov.vn/vi/kcn.pd/khu-cong-nghiep-phu-tai.html","2026-09-10","- Địa điểm xây dựng: phường Trần Quang Diệu, thành phố Quy Nhơn, tỉnh Bình Định. - Giới cận khu công nghiệp: + Phía Bắc giáp sông Hà Thanh. + Phía Nam giáp khu đất thuộc Công ty Phú Tài + Phía Đông giáp Quốc lộ 1A. + Phía Tây giáp núi Hòn Chà.",,,"phu tai","https://investvietnam.gov.vn/vi/kcn.pd/khu-cong-nghiep-phu-tai.html","official_location_or_url_prefix",,"unresolved",FALSE,"not_verified","needs_identity_or_location_review",,,,,,"not_reported"
"investvietnam-564","Khu công nghiệp Nhơn Hội – Khu B ","industrial_park","52","Invest Vietnam","https://investvietnam.gov.vn/vi/kcn.pd/khu-cong-nghiep-nhon-hoi-–-khu-b.html","2026-09-10","Vị trí địa lý và địa hình của tỉnh Bình Định đã chi phối đến các quá trình hình thành các đặc trưng khí hậu của tỉnh. Bình Định nằm ở miền Nam Trung bộ, thuộc khu vực nhiệt đới ẩm gió mùa.",,,"nhon hoi khu b","https://investvietnam.gov.vn/vi/kcn.pd/khu-cong-nghiep-nhon-hoi-–-khu-b.html","official_location_or_url_prefix",,"unresolved",FALSE,"not_verified","needs_identity_or_location_review",,,,,,"not_reported"
"investvietnam-569","Khu công nghiệp Đông Nam","industrial_park","79","Invest Vietnam","https://investvietnam.gov.vn/vi/kcn.pd/khu-cong-nghiep-dong-nam.html","2026-09-10","KCN Đông Nam nằm ở vị trí chiến lược tại mặt tiền đường Tỉnh lộ 8, là điểm tiếp nối giữa trung tâm TP. Hồ Chí Minh (2 km) và TP. Thủ Dầu Một, tỉnh Bình Dương (05 km).",,,"dong nam","https://investvietnam.gov.vn/vi/kcn.pd/khu-cong-nghiep-dong-nam.html","official_location_or_url_prefix",,"unresolved",FALSE,"not_verified","needs_identity_or_location_review",,,,,,"not_reported"
"investvietnam-570","Khu công nghiệp Lê Minh Xuân 3","industrial_park",,"Invest Vietnam","https://investvietnam.gov.vn/vi/kcn.pd/khu-cong-nghiep-le-minh-xuan-3.html","2026-09-10","KCN Lê Minh Xuân 3 tọa lạc tại đường Trần Văn Giàu huyện Bình Chánh, TP. HCM, là cầu nối giữa hai vùng kinh tế trọng điểm: TP. HCM – thành phố phát triển về các ngành tài chính, khoa học, đào tạo nhân sự, và Đồng bằng Sông Cửu Long, vùng sản xuất nông nghiệp và ngư nghiệp lớn nhất Việt Nam.",,,"le minh xuan 3",,"unknown",,"unresolved",FALSE,"not_verified","needs_identity_or_location_review",,,,,,"not_reported"
"investvietnam-579","KCN LONG ĐỨC","industrial_park",,"Invest Vietnam","https://investvietnam.gov.vn/vi/kcn.pd/kcn-long-duc.html","2026-09-10","Vị trí lý tưởng để đặt nhà máy sản xuất tại Việt Nam, nằm giữa mạng lưới giao thông đường bộ, đường hàng không, đường biển thuận tiện",,,"long duc",,"unknown",,"review_name_or_province",FALSE,"not_verified","needs_identity_or_location_review","osm_way_882356440|osm_way_288582904","exact_name_needs_province_or_identity_review",,,,"not_reported"
"investvietnam-580","Khu công nghiệp Liên Hà Thái (GiP-1)","industrial_park",,"Invest Vietnam","https://investvietnam.gov.vn/vi/kcn.pd/khu-cong-nghiep-lien-ha-thai-gip-1.html","2026-09-10","Nằm trên tuyến đường QL 39, tiếp giáp đường ven biển Ninh Bình-Hải Phòng-Thái Bình. - Cách cảng Lạch Huyện : 36 km - Cách sân bay Cát Bi : 35km - Cách TP Hà Nội : 130km Tiếp giáp QL39, QL37, tỉnh lộ 456",,,"lien ha thai gip 1",,"unknown",,"unresolved",FALSE,"not_verified","needs_identity_or_location_review",,,,,,"not_reported"
"investvietnam-582","Khu công nghiệp Phú Vinh","industrial_park","42","Invest Vietnam","https://investvietnam.gov.vn/vi/kcn.pd/khu-cong-nghiep-phu-vinh.html","2026-09-10","• Thuộc khu Kinh tế Vũng Áng, Thị xã Kỳ Anh, Tỉnh Hà Tĩnh • Nằm kề tuyến đường quốc lộ 1B, 1A, đường cao tốc Bắc Nam. • Tuyến đường sắt nối liền giữa Thái Lan- Lào- và Khu kinh tế Vũng Áng làm rút ngắn khoảng cách và giảm chi phí vận chuyển nguyện liệu hàng hóa và sản phẩm.",,,"phu vinh","https://investvietnam.gov.vn/vi/kcn.pd/khu-cong-nghiep-phu-vinh.html","official_location_or_url_prefix",,"unresolved",FALSE,"not_verified","needs_identity_or_location_review",,,,,,"not_reported"
"investvietnam-584","Khu công nghiệp Hoà Hội","industrial_park","52","Invest Vietnam","https://investvietnam.gov.vn/vi/kcn.pd/khu-cong-nghiep-hoa-hoi-1.html","2026-09-10","KCN Hòa Hội nằm sát đường Quốc lộ 1A - Tuyến quốc lộ huyết mạch nối các tỉnh, thành phố trọng điểm trong đó có các thành phố lớn như Hà Nội, Đà Nẵng, Nha Trang, TP. Hồ Chí Minh, ….",,,"hoa hoi","https://kcn-kkt.com/kcn/khu-cong-nghiep-hoa-hoi","unique_discovery_name_province_unverified",,"unresolved",FALSE,"not_verified","needs_identity_or_location_review",,,,,,"not_reported"
"investvietnam-586","Khu công nghiệp WHA IZ 1- Nghệ An","industrial_park","40","Invest Vietnam","https://investvietnam.gov.vn/vi/kcn.pd/khu-cong-nghiep-wha-iz-1--nghe-an.html","2026-09-10","KCN WHA Industrial Zone Nghệ An nằm ở vị trí chiến lược quan trọng khu vực Bắc Trung Bộ của Việt Nam, là Trung tâm sản xuất mới với mạng lưới giao thông thuận tiện nguồn cùng nhân lực và tài nguyên thiên nhiên địa phương dồi dào.",,,"wha iz 1 nghe an","https://investvietnam.gov.vn/vi/kcn.pd/khu-cong-nghiep-wha-iz-1--nghe-an.html","official_location_or_url_prefix",,"unresolved",FALSE,"not_verified","needs_identity_or_location_review",,,,,,"not_reported"
"investvietnam-587","Khu công nghiệp Hoàng Mai I","industrial_park",,"Invest Vietnam","https://investvietnam.gov.vn/vi/kcn.pd/khu-cong-nghiep-hoang-mai-i-3.html","2026-09-10","KCN Hoàng Mai I có vị trí giao thông rất thuận lợi, từ đây có thể dễ dàng tiếp cận nhanh chóng các cảng biển, cảng đường bộ và cảng hàng không do đó tiết kiệm được nhiều chi phí và thời gian vận chuyển, đặc biệt là chi phí Xuất nhập khẩu hàng hoá.",,,"hoang mai 1",,"unknown",,"unresolved",FALSE,"not_verified","needs_identity_or_location_review",,,,,,"not_reported"
"investvietnam-591","Khu công nghiệp Hoàng Mai II","industrial_park",,"Invest Vietnam","https://investvietnam.gov.vn/vi/kcn.pd/khu-cong-nghiep-hoang-mai-ii.html","2026-09-10","KCN Hoàng Mai II có vị trí giao thông rất thuận lợi, từ đây có thể dễ dàng tiếp cận nhanh chóng các cảng biển, cảng đường bộ và cảng hàng không do đó tiết kiệm được nhiều chi phí và thời gian vận chuyển, đặc biệt là chi phí Xuất nhập khẩu hàng hoá.",,,"hoang mai 2",,"unknown",,"unresolved",FALSE,"not_verified","needs_identity_or_location_review",,,,,,"not_reported"
"investvietnam-593","THÔNG TIN CHUNG VỀ KHU CÔNG NGHIỆP TÂY BẮC HỒ XÁ","industrial_park",,"Invest Vietnam","https://investvietnam.gov.vn/vi/kcn.pd/thong-tin-chung-ve-khu-cong-nghiep-tay-bac-ho-xa.html","2026-09-10",,,,"thong tin chung ve khu cong nghiep tay bac ho xa",,"unknown",,"unresolved",FALSE,"not_verified","needs_identity_or_location_review",,,,,,"not_reported"
"investvietnam-597","Khu công nghiệp Bình Tân ","industrial_park","86","Invest Vietnam","https://investvietnam.gov.vn/vi/kcn.pd/khu-cong-nghiep-binh-tan.html","2026-09-10","Phía Bắc giáp đất dân và đất quy hoạch khu tái định cư và nhà ở công nhân của khu công nghiệp; Phía Nam giáp đất dân và Quốc lộ 54; Phía Đông giáp đất dân ven kênh Hai Quý; Phía Tây giáp đất dân và Quốc lộ 54",,,"binh tan","https://kcn-kkt.com/kcn/kcn-binh-tan","unique_discovery_name_province_unverified",,"unresolved",FALSE,"not_verified","needs_identity_or_location_review",,,,,,"not_reported"
"investvietnam-598","Khu công nghiệp Đông Bình","industrial_park","86","Invest Vietnam","https://investvietnam.gov.vn/vi/kcn.pd/khu-cong-nghiep-dong-binh.html","2026-09-10","Khu công nghiệp Đông Bình nằm ngay tại xã Đông Bình, huyện Bình Minh, tỉnh Vĩnh Long. - Tiếp giáp Quốc lộ 54 và cách 1 Quốc lộ 1A: 3 km",,,"dong binh","https://investvietnam.gov.vn/vi/kcn.pd/khu-cong-nghiep-dong-binh.html","official_location_or_url_prefix",,"unresolved",FALSE,"not_verified","needs_identity_or_location_review",,,,,,"not_reported"
"investvietnam-599","Khu công nghiệp Hòa Phú (Đắk Lắk)","industrial_park","66","Invest Vietnam","https://investvietnam.gov.vn/vi/kcn.pd/khu-cong-nghiep-hoa-phu-dak-lak.html","2026-09-10","Có vị trí tại thành phố Buôn Ma Thuột, tỉnh Đắk Lắk, trung tâm của vùng Tây Nguyên",,,"hoa phu dak lak","https://investvietnam.gov.vn/vi/kcn.pd/khu-cong-nghiep-hoa-phu-dak-lak.html","official_location_or_url_prefix",,"unresolved",FALSE,"not_verified","needs_identity_or_location_review",,,,,,"not_reported"
"investvietnam-600","Khu công nghiệp An Định","industrial_park","86","Invest Vietnam","https://investvietnam.gov.vn/vi/kcn.pd/khu-cong-nghiep-an-dinh.html","2026-09-10","Khu công nghiệp Cách 1 Quốc lộ 1A 14 km.",,,"an dinh","https://kcn-kkt.com/kcn/kcn-an-dinh","unique_discovery_name_province_unverified",,"unresolved",FALSE,"not_verified","needs_identity_or_location_review",,,,,,"not_reported"
"investvietnam-601","Tuyến Công Nghiệp Cổ Chiên","unclassified","86","Invest Vietnam","https://investvietnam.gov.vn/vi/kcn.pd/tuyen-cong-nghiep-co-chien.html","2026-09-10","Khu IV - Tuyến công nghiệp Cổ Chiên nằm cặp tỉnh lộ 902 và bờ sông Cổ Chiên thuộc xã Thanh Ðức, huyện Long Hồ, tỉnh Vĩnh Long.",,,"tuyen cong nghiep co chien","https://investvietnam.gov.vn/vi/kcn.pd/tuyen-cong-nghiep-co-chien.html","official_location_or_url_prefix",,"unresolved",FALSE,"not_verified","needs_identity_or_location_review",,,,,,"not_reported"
"investvietnam-613","Khu Công nghiệp Hải Long","industrial_park","33","Invest Vietnam","https://investvietnam.gov.vn/vi/kcn.pd/khu-cong-nghiep-hai-long.html","2026-09-10",,,,"hai long","https://kcn-kkt.com/kcn/kcn-hai-long","unique_discovery_name_province_unverified",,"unresolved",FALSE,"not_verified","needs_identity_or_location_review",,,,,,"not_reported"
"investvietnam-615","KHU CÔNG NGHIỆP DEEP C HẢI PHÒNG","industrial_park","31","Invest Vietnam","https://investvietnam.gov.vn/vi/kcn.pd/khu-cong-nghiep-deep-c-hai-phong.html","2026-09-10",,,,"deep c hai phong","https://investvietnam.gov.vn/vi/kcn.pd/khu-cong-nghiep-deep-c-hai-phong.html","official_location_or_url_prefix",,"unresolved",FALSE,"not_verified","needs_identity_or_location_review",,,,,,"not_reported"
"investvietnam-622","KHU CÔNG NGHIỆP AMBER YÊN QUANG","industrial_park",,"Invest Vietnam","https://investvietnam.gov.vn/vi/kcn.pd/khu-cong-nghiep-amber-yen-quang.html","2026-09-10","Dự án nằm liền kề cao tốc Hòa Lạc - Hòa Bình, cách trung tâm Hà Nội chỉ 43 km, cách sân bay Nội Bài 66km, là đầu mối giao thông quan trọng kết nối trục hành lang kinh tế Hà Nội - Hòa Bình và các tỉnh Tây Bắc của Việt Nam.",,,"amber yen quang",,"unknown",,"unresolved",FALSE,"not_verified","needs_identity_or_location_review",,,,,,"not_reported"
"investvietnam-623","CỤM CÔNG NGHIỆP HỒNG VIỆT","industrial_cluster",,"Invest Vietnam","https://investvietnam.gov.vn/vi/kcn.pd/cum-cong-nghiep-hong-viet.html","2026-09-10","Nằm ở vị trí trung tâm tam giác kinh tế Hà Nội – Thái Bình – Hải Phòng, thuận tiện kết nối với hàng loạt tiện ích.",,,"hong viet",,"unknown",,"unresolved",FALSE,"not_verified","needs_identity_or_location_review",,,,,,"not_reported"
"investvietnam-624","CỤM CÔNG NGHIỆP TÂN THỊNH","industrial_cluster",,"Invest Vietnam","https://investvietnam.gov.vn/vi/kcn.pd/cum-cong-nghiep-tan-thinh.html","2026-09-10","Vị trí chiến lược, nguồn nhân lực đông đảo với giá rẻ, đón đầu lợi ích từ đường cao tốc duyên hải hoàn thành vào năm 2026",,,"tan thinh",,"unknown",,"unresolved",FALSE,"not_verified","needs_identity_or_location_review",,,,,,"not_reported"
"investvietnam-625","Khu công nghiệp Hòa Trung","industrial_park","96","Invest Vietnam","https://investvietnam.gov.vn/vi/kcn.pd/khu-cong-nghiep-hoa-trung.html","2026-09-10","Khu công nghiệp Hòa Trung sở hữu vị trí tại Cà Mau- khu vực đầy tiềm năng dự án mới trong tương lai còn nhiều dư địa phát triển mạnh. Đây còn là điểm dừng chân cho các tuyến khám phá về thăm địa điểm, khu vui chơi giải trí du lịch và khu lưu trữ sinh quyển đất nước mũi Cà Mau.",,,"hoa trung","https://kcn-kkt.com/kcn/kcn-hoa-trung","unique_discovery_name_province_unverified",,"unresolved",FALSE,"not_verified","needs_identity_or_location_review",,,,,,"not_reported"
"investvietnam-626","KHU CÔNG NGHIỆP KHÁNH AN","industrial_park","96","Invest Vietnam","https://investvietnam.gov.vn/vi/kcn.pd/khu-cong-nghiep-khanh-an.html","2026-09-10","KCN Khánh An có vị trí vô cùng thuận lợi nằm liền kề Cụm Khí - Điện - Đạm Cà Mau, là tiềm năng thu hút các dự án đầu tư có nhu cầu sử dụng nguồn khí thấp áp.",,,"khanh an","https://kcn-kkt.com/kcn/kcn-khanh-an","unique_discovery_name_province_unverified",,"unresolved",FALSE,"not_verified","needs_identity_or_location_review",,,,,,"not_reported"
"investvietnam-627","KHU CÔNG NGHIỆP SÔNG ĐỐC PHÍA NAM","industrial_park","96","Invest Vietnam","https://investvietnam.gov.vn/vi/kcn.pd/khu-cong-nghiep-song-doc-phia-nam.html","2026-09-10","Khu công nghiệp Sông Đốc là một khu công nghiệp nằm ở huyện Trần Văn Thời, tỉnh Cà Mau, Việt Nam. Khu công nghiệp được thành lập theo Quyết định số 1822/QĐ-UBND ngày 22 tháng 12 năm 2008 của Ủy ban nhân dân tỉnh Cà Mau.",,,"song doc phia nam","https://investvietnam.gov.vn/vi/kcn.pd/khu-cong-nghiep-song-doc-phia-nam.html","official_location_or_url_prefix",,"unresolved",FALSE,"not_verified","needs_identity_or_location_review",,,,,,"not_reported"
"investvietnam-635","KCN Cầu Treo","industrial_park",,"Invest Vietnam","https://investvietnam.gov.vn/vi/kcn.pd/kcn-cau-treo.html","2026-09-10",,,,"cau treo",,"unknown",,"unresolved",FALSE,"not_verified","needs_identity_or_location_review",,,,,,"not_reported"
"investvietnam-636","KCN Gia Lách","industrial_park","42","Invest Vietnam","https://investvietnam.gov.vn/vi/kcn.pd/kcn-gia-lach.html","2026-09-10",,,,"gia lach","https://kcn-kkt.com/kcn/kcn-gia-lach","unique_discovery_name_province_unverified",,"unresolved",FALSE,"not_verified","needs_identity_or_location_review",,,,,,"not_reported"
"investvietnam-637","KCN Vũng Áng I","industrial_park","42","Invest Vietnam","https://investvietnam.gov.vn/vi/kcn.pd/kcn-vung-ang-i.html","2026-09-10",,,,"vung ang 1","https://kcn-kkt.com/kcn/kcn-vung-ang-i","unique_discovery_name_province_unverified",,"unresolved",FALSE,"not_verified","needs_identity_or_location_review",,,,,,"not_reported"
"investvietnam-641","Khu công nghiệp Trà Đa","industrial_park","52","Invest Vietnam","https://investvietnam.gov.vn/vi/kcn.pd/khu-cong-nghiep-tra-da.html","2026-09-10",,,,"tra da","https://kcn-kkt.com/kcn/kcn-tra-da","unique_discovery_name_province_unverified",,"unresolved",FALSE,"not_verified","needs_identity_or_location_review",,,,,,"not_reported"
"investvietnam-642","Khu công nghiệp Quán Ngang","industrial_park","44","Invest Vietnam","https://investvietnam.gov.vn/vi/kcn.pd/khu-cong-nghiep-quan-ngang.html","2026-09-10","Vị trí quy hoạch của KCN Quán Ngang nằm trên địa bàn xã Gio Quang, huyện Gio Linh, tỉnh Quảng Trị, ranh giới phía Bắc giáp với xã Gio Châu, phía Nam giáp với tuyến đường 73 Đông, phía Tây giáp với khu dân cư xã Gio Châu, huyện Gio Linh, phía Đông giáp với khe thoát nước tự nhiên của khu vực.",,,"quan ngang","https://investvietnam.gov.vn/vi/kcn.pd/khu-cong-nghiep-quan-ngang.html","official_location_or_url_prefix",,"unresolved",FALSE,"not_verified","needs_identity_or_location_review",,,,,,"not_reported"
"investvietnam-643","Khu công nghiệp Sơn Mỹ 1","industrial_park",,"Invest Vietnam","https://investvietnam.gov.vn/vi/kcn.pd/khu-cong-nghiep-son-my-1.html","2026-09-10",,,,"son my 1",,"unknown",,"unresolved",FALSE,"not_verified","needs_identity_or_location_review",,,,,,"not_reported"
"investvietnam-644","VSIP NGHE AN II INDUSTRIAL PARK","unclassified","40","Invest Vietnam","https://investvietnam.gov.vn/vi/kcn.pd/vsip-nghe-an-ii-industrial-park-1.html","2026-09-10",,,,"vsip nghe an 2","https://investvietnam.gov.vn/vi/kcn.pd/vsip-nghe-an-ii-industrial-park-1.html","official_location_or_url_prefix",,"unresolved",FALSE,"not_verified","needs_identity_or_location_review",,,,,,"not_reported"
"investvietnam-649","KHU CÔNG NGHIỆP HÒA PHÚ (BẮC GIANG)","industrial_park","24","Invest Vietnam","https://investvietnam.gov.vn/vi/kcn.pd/khu-cong-nghiep-hoa-phu-bac-giang.html","2026-09-10","Khu công nghiệp Hòa Phú có vị trí vô cùng thuận lợi: tiếp giáp tỉnh lộ 295, kết nối với đường cao tốc Nội Bài – Hạ Long, kết nối với các khu công nghiệp lớn (KCN Yên Phong 1, KCN Yên Phong 2, KCN Samsung), liền kề sông Cầu. Tọa lạc trên mảnh đất hội tụ đầy đủ các yếu tố “vàng” của hành lang kinh tế phía Bắc, Khu công nghiệp Hòa Phú hiện đã sẵn sàng với mặt bằng sạch chào đón các nhà đầu tư trong và ngoài nước, hứa hẹn sẽ là điểm đến lý tưởng cho các doanh nghiệp, trở thành khu công nghiệp sức hút mạnh mẽ, đóng góp cho nền kinh tế tỉnh Bắc Giang nói riêng và nền kinh tế Việt Nam nói chung",,,"hoa phu bac giang","https://investvietnam.gov.vn/vi/kcn.pd/khu-cong-nghiep-hoa-phu-bac-giang.html","official_location_or_url_prefix",,"unresolved",FALSE,"not_verified","needs_identity_or_location_review",,,,,,"not_reported"
"investvietnam-650","Becamex Bình Phước","unclassified","75","Invest Vietnam","https://investvietnam.gov.vn/vi/kcn.pd/becamex-binh-phuoc.html","2026-09-10","KCN Becamex Bình Phước tiếp giáp với vùng Tứ giác Kinh tế trọng điểm phía Nam (Tp. HCM, Bình Dương, Đồng Nai và Bà Rịa – Vũng Tàu), trên trục Quốc lộ 14 – cửa ngõ giao thương quan trọng giữa vùng Đông Nam Bộ và Tây Nguyên.",,,"becamex binh phuoc","https://investvietnam.gov.vn/vi/kcn.pd/becamex-binh-phuoc.html","official_location_or_url_prefix",,"unresolved",FALSE,"not_verified","needs_identity_or_location_review",,,,,,"not_reported"
"investvietnam-651","Khu công nghiệp Việt Kiều","industrial_park","75","Invest Vietnam","https://investvietnam.gov.vn/vi/kcn.pd/khu-cong-nghiep-viet-kieu.html","2026-09-10","Khu công nghiệp Việt Kiều tọa lạc tại huyện Hớn Quản, tỉnh Bình Phước, dễ dàng tiếp cận bằng hệ thống đường cao tốc đồng bộ và sự phát triển trong tương lai bao gồm Đường quốc lộ, đường sắt và sân bay.",,,"viet kieu","https://investvietnam.gov.vn/vi/kcn.pd/khu-cong-nghiep-viet-kieu.html","official_location_or_url_prefix",,"unresolved",FALSE,"not_verified","needs_identity_or_location_review",,,,,,"not_reported"
"investvietnam-653","Khu công nghiệp Trần Đề","industrial_park","92","Invest Vietnam","https://investvietnam.gov.vn/vi/kcn.pd/khu-cong-nghiep-tran-de.html","2026-09-10","Khu công nghiệp có vị trí rất thuận lợi cả về giao thông đường thủy, đường bộ; nằm ở vị trí trung tâm của vùng nguyên liệu nuôi trồng nông, thủy, hải sản và đánh bắt từ biển dồi dào để cung cấp nguyên liệu cho ngành công nghiệp chế biến lương thực, thực phẩm…",,,"tran de","https://kcn-kkt.com/kcn/kcn-tran-de","unique_discovery_name_province_unverified",,"unresolved",FALSE,"not_verified","needs_identity_or_location_review",,,,,,"not_reported"
"investvietnam-654","Khu công nghiệp Hiệp Phước","industrial_park",,"Invest Vietnam","https://investvietnam.gov.vn/vi/kcn.pd/khu-cong-nghiep-hiep-phuoc.html","2026-09-10",,,,"hiep phuoc",,"unknown",,"review_name_or_province",FALSE,"not_verified","needs_identity_or_location_review","osm_way_1357939694","exact_name_needs_province_or_identity_review",,,,"not_reported"
"investvietnam-655","Khu công nghiệp Lê Minh Xuân","industrial_park",,"Invest Vietnam","https://investvietnam.gov.vn/vi/kcn.pd/khu-cong-nghiep-le-minh-xuan.html","2026-09-10","Khả năng kết nối rất tốt nhờ vị trí đắc địa nằm ở cửa ngõ phía Tây, dễ dàng đến nội thành. Cũng như rất thuận tiện để di chuyển đến các cụm khu công nghiệp khác ở Bình Dương, Long An",,,"le minh xuan",,"unknown",,"review_name_or_province",FALSE,"not_verified","needs_identity_or_location_review","osm_way_514726183","exact_name_needs_province_or_identity_review",,,,"not_reported"
"investvietnam-673","Khu công nghiệp Hưng Phú 2A","industrial_park",,"Invest Vietnam","https://investvietnam.gov.vn/vi/kcn.pd/khu-cong-nghiep-hung-phu-2a.html","2026-09-10",,,,"hung phu 2a",,"unknown",,"unresolved",FALSE,"not_verified","needs_identity_or_location_review",,,,,,"not_reported"
"investvietnam-675","Khu công nghiệp Hưng Phú 2B","industrial_park",,"Invest Vietnam","https://investvietnam.gov.vn/vi/kcn.pd/khu-cong-nghiep-hung-phu-2b.html","2026-09-10",,,,"hung phu 2b",,"unknown",,"unresolved",FALSE,"not_verified","needs_identity_or_location_review",,,,,,"not_reported"
"investvietnam-681","Khu công nghiệp Vĩnh Thạnh","industrial_park",,"Invest Vietnam","https://investvietnam.gov.vn/vi/kcn.pd/khu-cong-nghiep-vinh-thanh.html","2026-09-10","Vị trí liền kề: - Cách trung tâm thành phố Cần Thơ 10 km - Cách sân bay Trà Nóc 1 km, cách sân bay Cần Thơ 2,5 km - Cách cảng biển Cần Thơ 3 km",,,"vinh thanh",,"unknown",,"unresolved",FALSE,"not_verified","needs_identity_or_location_review",,,,,,"not_reported"
"investvietnam-684","Khu công nghiệp Trà Nóc 2","industrial_park","92","Invest Vietnam","https://investvietnam.gov.vn/vi/kcn.pd/khu-cong-nghiep-tra-noc-2.html","2026-09-10",,,,"tra noc 2","https://kcn-kkt.com/kcn/kcn-tra-noc-2","unique_discovery_name_province_unverified",,"unresolved",FALSE,"not_verified","needs_identity_or_location_review",,,,,,"not_reported"
"investvietnam-689","Khu công nghiệp Tân Kiều","industrial_park","82","Invest Vietnam","https://investvietnam.gov.vn/vi/kcn.pd/khu-cong-nghiep-tan-kieu.html","2026-09-10","Tiếp giáp DT.846 và kênh Nguyễn Văn Tiệp; cách trung tâm thị trấn Mỹ An 04 km, cách thành phố Cao Lãnh 28 km; Cách sông Tiền 30 km và cách Thành phố Hồ Chí Minh 80 km. Khoảng cách tới sân bay Trà Nóc tại thành phố Cần Thơ: 53 km",,,"tan kieu","https://kcn-kkt.com/kcn/kcn-tan-kieu","unique_discovery_name_province_unverified",,"unresolved",FALSE,"not_verified","needs_identity_or_location_review",,,,,,"not_reported"
"investvietnam-691","Khu công nghiệp Đức Hòa III – Hồng Đất","industrial_park",,"Invest Vietnam","https://investvietnam.gov.vn/vi/kcn.pd/khu-cong-nghiep-duc-hoa-iii-–-hong-dat.html","2026-09-10","Nằm ở trung tâm tỉnh",,,"duc hoa 3 hong dat",,"unknown",,"unresolved",FALSE,"not_verified","needs_identity_or_location_review",,,,,,"not_reported"
"investvietnam-699","Khu công nghiệp Dịch vụ dầu khí Soài Rạp","industrial_park","82","Invest Vietnam","https://investvietnam.gov.vn/vi/kcn.pd/khu-cong-nghiep-dich-vu-dau-khi-soai-rap.html","2026-09-10","Đây là địa điểm tập trung xây dựng các nhà máy chế tạo phục vụ cho ngành Dầu khí",,,"dich vu dau khi soai rap","https://kcn-kkt.com/kcn/kcn-dich-vu-dau-khi-soai-rap","unique_discovery_name_province_unverified",,"unresolved",FALSE,"not_verified","needs_identity_or_location_review",,,,,,"not_reported"
"investvietnam-701","Khu công nghiệp Long Đức (Trà Vinh)","industrial_park","86","Invest Vietnam","https://investvietnam.gov.vn/vi/kcn.pd/khu-cong-nghiep-long-duc-tra-vinh.html","2026-09-10","Khu công nghiệp Long Đức nằm ở vị trí hội tụ cả giao thông đường bộ và đường thủy cho việc vận chuyển, lưu thông hàng hóa",,,"long duc tra vinh","https://investvietnam.gov.vn/vi/kcn.pd/khu-cong-nghiep-long-duc-tra-vinh.html","official_location_or_url_prefix",,"unresolved",FALSE,"not_verified","needs_identity_or_location_review",,,,,,"not_reported"
"investvietnam-703","Khu công nghiệp Giao Long","industrial_park",,"Invest Vietnam","https://investvietnam.gov.vn/vi/kcn.pd/khu-cong-nghiep-giao-long.html","2026-09-10",,,,"giao long",,"unknown",,"review_name_or_province",FALSE,"not_verified","needs_identity_or_location_review","osm_way_1041311776","exact_name_needs_province_or_identity_review",,,,"not_reported"
"investvietnam-707","Khu công nghiệp Phú Thuận","industrial_park","86","Invest Vietnam","https://investvietnam.gov.vn/vi/kcn.pd/khu-cong-nghiep-phu-thuan.html","2026-09-10",,,,"phu thuan","https://kcn-kkt.com/kcn/kcn-phu-thuan","unique_discovery_name_province_unverified",,"unresolved",FALSE,"not_verified","needs_identity_or_location_review",,,,,,"not_reported"
"investvietnam-712","Khu công nghiệp Láng Trâm","industrial_park","96","Invest Vietnam","https://investvietnam.gov.vn/vi/kcn.pd/khu-cong-nghiep-lang-tram.html","2026-09-10",,,,"lang tram","https://kcn-kkt.com/kcn/kcn-lang-tram","unique_discovery_name_province_unverified",,"unresolved",FALSE,"not_verified","needs_identity_or_location_review",,,,,,"not_reported"
"investvietnam-713","Khu công nghiệp Mỹ Xuân B1 ","industrial_park",,"Invest Vietnam","https://investvietnam.gov.vn/vi/kcn.pd/khu-cong-nghiep-my-xuan-b1.html","2026-09-10",,,,"my xuan b1",,"unknown",,"unresolved",FALSE,"not_verified","needs_identity_or_location_review",,,,,,"not_reported"
"investvietnam-715","Khu công nghiệp Cái Mép","industrial_park",,"Invest Vietnam","https://investvietnam.gov.vn/vi/kcn.pd/khu-cong-nghiep-cai-mep.html","2026-09-10","Nằm trong vùng kinh tế trọng điểm phía Nam; giao thông thuận tiện bằng đường bộ, đường thủy và đường hàng không.",,,"cai mep",,"unknown",,"unresolved",FALSE,"not_verified","needs_identity_or_location_review",,,,,,"not_reported"
"investvietnam-718","KHU CÔNG NGHIỆP ĐÔNG XUYÊN","industrial_park",,"Invest Vietnam","https://investvietnam.gov.vn/vi/kcn.pd/khu-cong-nghiep-dong-xuyen.html","2026-09-10","Khu công nghiệp Đông Xuyên nằm dọc theo Quốc lộ 51A",,,"dong xuyen",,"unknown",,"review_name_or_province",FALSE,"not_verified","needs_identity_or_location_review","osm_way_743811856","exact_name_needs_province_or_identity_review",,,,"not_reported"
"investvietnam-721","Khu công nghiệp Bình Long","industrial_park",,"Invest Vietnam","https://investvietnam.gov.vn/vi/kcn.pd/khu-cong-nghiep-binh-long.html","2026-09-10",,,,"binh long",,"unknown",,"unresolved",FALSE,"not_verified","needs_identity_or_location_review",,,,,,"not_reported"
"investvietnam-725","Khu công nghiệp Xuân Tô","industrial_park","91","Invest Vietnam","https://investvietnam.gov.vn/vi/kcn.pd/khu-cong-nghiep-xuan-to.html","2026-09-10","Nằm dọc Quốc lộ 91, cách Cửa khẩu quốc tế Tịnh Biên 1 km",,,"xuan to","https://kcn-kkt.com/kcn/kcn-xuan-to","unique_discovery_name_province_unverified",,"unresolved",FALSE,"not_verified","needs_identity_or_location_review",,,,,,"not_reported"
"investvietnam-735","KHU CÔNG NGHIỆP ĐỀ THÁM","industrial_park","04","Invest Vietnam","https://investvietnam.gov.vn/vi/kcn.pd/khu-cong-nghiep-de-tham.html","2026-09-10","KCN Đề Thám tọa lạc tại phường Hợp Giang, thành phố Cao Bằng, tỉnh Cao Bằng",,,"de tham","https://investvietnam.gov.vn/vi/kcn.pd/khu-cong-nghiep-de-tham.html","official_location_or_url_prefix",,"unresolved",FALSE,"not_verified","needs_identity_or_location_review",,,,,,"not_reported"
"investvietnam-736","KHU CÔNG NGHIỆP HÒA PHÚ (TUYÊN QUANG)","industrial_park","08","Invest Vietnam","https://investvietnam.gov.vn/vi/kcn.pd/khu-cong-nghiep-hoa-phu-tuyen-quang.html","2026-09-10","Khu công nghiệp Hòa Phú tọa lạc tại xã Sơn Nam, huyện Sơn Dương, tỉnh Tuyên Quang",,,"hoa phu tuyen quang","https://investvietnam.gov.vn/vi/kcn.pd/khu-cong-nghiep-hoa-phu-tuyen-quang.html","official_location_or_url_prefix",,"unresolved",FALSE,"not_verified","needs_identity_or_location_review",,,,,,"not_reported"
"investvietnam-737","KHU CÔNG NGHIỆP PHÚ HÀ","industrial_park","25","Invest Vietnam","https://investvietnam.gov.vn/vi/kcn.pd/khu-cong-nghiep-phu-ha.html","2026-09-10","KCN Phú Hà nằm ở khu vực trung tâm của tỉnh Phú Thọ, bao gồm các xã Phú Hồ, Hà Lộc, Hà Thạch, thị xã Phú Thọ, tỉnh Phú Thọ.",,,"phu ha","https://investvietnam.gov.vn/vi/kcn.pd/khu-cong-nghiep-phu-ha.html","official_location_or_url_prefix",,"unresolved",FALSE,"not_verified","needs_identity_or_location_review",,,,,,"not_reported"
"investvietnam-738","Khu công nghiệp Bá Thiện I","industrial_park",,"Invest Vietnam","https://investvietnam.gov.vn/vi/kcn.pd/khu-cong-nghiep-ba-thien-i-2.html","2026-09-10","KCN Bá Thiện phân khu 1 có vị trí nằm tiếp giáp với tuyến vành đai 4 của thành phố Hà Nội, đường tỉnh 310B, gần tuyến cao tốc Hà Nội - Lào Cai.",,,"ba thien 1",,"unknown",,"unresolved",FALSE,"not_verified","needs_identity_or_location_review",,,,,,"not_reported"
"investvietnam-740","KHU CÔNG NGHIỆP VSIP QUẢNG NGÃI","industrial_park","51","Invest Vietnam","https://investvietnam.gov.vn/vi/kcn.pd/khu-cong-nghiep-vsip-quang-ngai.html","2026-09-10",,,,"vsip quang ngai","https://investvietnam.gov.vn/vi/kcn.pd/khu-cong-nghiep-vsip-quang-ngai.html","official_location_or_url_prefix",,"unresolved",FALSE,"not_verified","needs_identity_or_location_review",,,,,,"not_reported"
"investvietnam-742","KHU CÔNG NGHIỆP NINH THỦY","industrial_park","56","Invest Vietnam","https://investvietnam.gov.vn/vi/kcn.pd/khu-cong-nghiep-ninh-thuy.html","2026-09-10","Khu công nghiệp ven biển nằm ở phía Nam KKT Vân Phong, thuộc phường Ninh Thủy, thị xã Ninh Hòa. Cách Quốc lộ 1A 8 km; cách ga Hòa Huỳnh 18 km; cách cảng Hòn Khói 10 km; giáp cảng tổng hợp Nam Vân Phong; và cách sân bay quốc tế Cam Ranh 75 km",,,"ninh thuy","https://kcn-kkt.com/kcn/kcn-ninh-thuy","unique_discovery_name_province_unverified",,"unresolved",FALSE,"not_verified","needs_identity_or_location_review",,,,,,"not_reported"
"investvietnam-744","KHU CÔNG NGHIỆP SONG KHÊ – NỘI HOÀNG (KHU PHÍA NAM)","industrial_park",,"Invest Vietnam","https://investvietnam.gov.vn/vi/kcn.pd/khu-cong-nghiep-song-khe-–-noi-hoang-khu-phia-nam.html","2026-09-10",,,,"song khe noi hoang khu phia nam",,"unknown",,"unresolved",FALSE,"not_verified","needs_identity_or_location_review",,,,,,"not_reported"
"investvietnam-745","KHU CÔNG NGHIỆP TEXHONG HẢI HÀ","industrial_park","22","Invest Vietnam","https://investvietnam.gov.vn/vi/kcn.pd/khu-cong-nghiep-texhong-hai-ha.html","2026-09-10","Khu công nghiệp Texhong - Hải Hà nằm trong Khu công nghiệp và cảng biển Hải Hà, huyện Hải Hà, tỉnh Quảng Ninh.",,,"texhong hai ha","https://investvietnam.gov.vn/vi/kcn.pd/khu-cong-nghiep-texhong-hai-ha.html","official_location_or_url_prefix",,"unresolved",FALSE,"not_verified","needs_identity_or_location_review",,,,,,"not_reported"
"investvietnam-760","Khu Công nghiệp Cảng Chu Lai","industrial_park",,"Invest Vietnam","https://investvietnam.gov.vn/vi/kcn.pd/khu-cong-nghiep-cang-chu-lai.html","2026-09-10",,,,"cang chu lai",,"unknown",,"unresolved",FALSE,"not_verified","needs_identity_or_location_review",,,,,,"not_reported"
"investvietnam-762","Khu Công nghiệp Cảng Tâm Hiệp","industrial_park",,"Invest Vietnam","https://investvietnam.gov.vn/vi/kcn.pd/khu-cong-nghiep-cang-tam-hiep.html","2026-09-10",,,,"cang tam hiep",,"unknown",,"unresolved",FALSE,"not_verified","needs_identity_or_location_review",,,,,,"not_reported"
"investvietnam-765","Khu Công nghiệp Chu Lai - Trường Hải","industrial_park",,"Invest Vietnam","https://investvietnam.gov.vn/vi/kcn.pd/khu-cong-nghiep-chu-lai---truong-hai.html","2026-09-10",,,,"chu lai truong hai",,"unknown",,"unresolved",FALSE,"not_verified","needs_identity_or_location_review",,,,,,"not_reported"
"investvietnam-768","Khu Công nghiệp Nông -Lâm Nghiệp","industrial_park",,"Invest Vietnam","https://investvietnam.gov.vn/vi/kcn.pd/khu-cong-nghiep-nong--lam-nghiep.html","2026-09-10",,,,"nong lam nghiep",,"unknown",,"unresolved",FALSE,"not_verified","needs_identity_or_location_review",,,,,,"not_reported"
"investvietnam-769","Khu Công nghiệp Tam Anh - Hàn Quốc","industrial_park","48","Invest Vietnam","https://investvietnam.gov.vn/vi/kcn.pd/khu-cong-nghiep-tam-anh---han-quoc.html","2026-09-10",,,,"tam anh han quoc","https://kcn-kkt.com/kcn/kcn-tam-anh-han-quoc","unique_discovery_name_province_unverified",,"unresolved",FALSE,"not_verified","needs_identity_or_location_review",,,,,,"not_reported"
"investvietnam-770","Khu Công nghiệp Tam Thăng","industrial_park",,"Invest Vietnam","https://investvietnam.gov.vn/vi/kcn.pd/khu-cong-nghiep-tam-thang.html","2026-09-10",,,,"tam thang",,"unknown",,"review_name_or_province",FALSE,"not_verified","needs_identity_or_location_review","osm_way_586350686|osm_way_182515009","exact_name_needs_province_or_identity_review",,,,"not_reported"
"investvietnam-771","Khu Công nghiệp Tam Thăng II","industrial_park",,"Invest Vietnam","https://investvietnam.gov.vn/vi/kcn.pd/khu-cong-nghiep-tam-thang-ii.html","2026-09-10",,,,"tam thang 2",,"unknown",,"unresolved",FALSE,"not_verified","needs_identity_or_location_review",,,,,,"not_reported"
"investvietnam-772","Khu Công nghiệp Tam Thăng mở rộng","industrial_park","48","Invest Vietnam","https://investvietnam.gov.vn/vi/kcn.pd/khu-cong-nghiep-tam-thang-mo-rong.html","2026-09-10",,,,"tam thang mo rong","https://kcn-kkt.com/kcn/kcn-tam-thang-mo-rong","unique_discovery_name_province_unverified",,"unresolved",FALSE,"not_verified","needs_identity_or_location_review",,,,,,"not_reported"
"investvietnam-774","Khu Công nghiệp Hòa Bình","industrial_park","25","Invest Vietnam","https://investvietnam.gov.vn/vi/kcn.pd/khu-cong-nghiep-hoa-binh-1.html","2026-09-10",,,,"hoa binh","https://investvietnam.gov.vn/vi/kcn.pd/khu-cong-nghiep-hoa-binh-1.html","official_location_or_url_prefix",,"unresolved",FALSE,"not_verified","needs_identity_or_location_review",,,,,,"not_reported"
"investvietnam-775","Khu công nghiệp Bình Xuyên II","industrial_park",,"Invest Vietnam","https://investvietnam.gov.vn/vi/kcn.pd/khu-cong-nghiep-binh-xuyen-ii-1.html","2026-09-10","Liền kề cao tốc Nội Bài - Lào Cai.",,,"binh xuyen 2",,"unknown",,"review_name_or_province",FALSE,"not_verified","needs_identity_or_location_review","osm_way_596051697","exact_name_needs_province_or_identity_review",,,,"not_reported"
"investvietnam-776","Khu Công nghiệp Sao Mai","industrial_park","51","Invest Vietnam","https://investvietnam.gov.vn/vi/kcn.pd/khu-cong-nghiep-sao-mai.html","2026-09-10",,,,"sao mai","https://kcn-kkt.com/kcn/kcn-sao-mai","unique_discovery_name_province_unverified",,"unresolved",FALSE,"not_verified","needs_identity_or_location_review",,,,,,"not_reported"
"investvietnam-778","Khu công nghiệp Đồng Sóc","industrial_park","25","Invest Vietnam","https://investvietnam.gov.vn/vi/kcn.pd/khu-cong-nghiep-dong-soc.html","2026-09-10","Cách nút giao IC3 20Km đường cao tốc Nội Bài Lào Cai; Cách cao tốc Hà Nội Hải Phòng 70Km.",,,"dong soc","https://kcn-kkt.com/kcn/kcn-dong-soc","unique_discovery_name_province_unverified",,"unresolved",FALSE,"not_verified","needs_identity_or_location_review",,,,,,"not_reported"
"investvietnam-781","Khu công nghiệp Tam Dương II - Khu A","industrial_park","25","Invest Vietnam","https://investvietnam.gov.vn/vi/kcn.pd/khu-cong-nghiep-tam-duong-ii---khu-a.html","2026-09-10",,,,"tam duong 2 khu a","https://kcn-kkt.com/kcn/kcn-tam-duong-ii-khu-a","unique_discovery_name_province_unverified",,"unresolved",FALSE,"not_verified","needs_identity_or_location_review",,,,,,"not_reported"
"investvietnam-788","Khu công nghiệp Đông Phố Mới","industrial_park","15","Invest Vietnam","https://investvietnam.gov.vn/vi/kcn.pd/khu-cong-nghiep-dong-pho-moi.html","2026-09-10","Với lợi thế tỉnh Lào Cai là tỉnh có vị trí nằm giữa Côn Minh và Hải Phòng nên Lào Cai là điểm nút quan trọng trong tuyến hành lang kinh tế Côn Minh - Lào Cai - Hà Nội - Hải Phòng và là điểm đấu nối con đường cao tốc Xuyên Á từ Thành phố Côn Minh (Trung Quốc) xuống Lào Cai - Hà Nội - Hải Phòng - Quảng Ninh và đi các nước tiểu vùng sông Mekong. Đặc biệt, cửa khẩu quốc tế Lào Cai là cửa ngõ quan trọng với hành trình ngắn nhất nối Việt Nam với thị trường Tây Nam Trung Quốc, các nước ASEAN cũng như thế giới và ngược lại.",,,"dong pho moi","https://investvietnam.gov.vn/vi/kcn.pd/khu-cong-nghiep-dong-pho-moi.html","official_location_or_url_prefix",,"unresolved",FALSE,"not_verified","needs_identity_or_location_review",,,,,,"not_reported"
"investvietnam-789","Khu công nghiệp Tằng Lỏong","industrial_park","15","Invest Vietnam","https://investvietnam.gov.vn/vi/kcn.pd/khu-cong-nghiep-tang-loong.html","2026-09-10","KCN Tằng Loỏng thuộc địa giới hành chính thị trấn Tằng Loỏng, huyện Bảo Thắng, tỉnh Lào Cai.",,,"tang loong","https://investvietnam.gov.vn/vi/kcn.pd/khu-cong-nghiep-tang-loong.html","official_location_or_url_prefix",,"unresolved",FALSE,"not_verified","needs_identity_or_location_review",,,,,,"not_reported"
"investvietnam-819","KHU CÔNG NGHIỆP ĐỒNG BÀNH","industrial_park","20","Invest Vietnam","https://investvietnam.gov.vn/vi/kcn.pd/khu-cong-nghiep-dong-banh.html","2026-09-10","Khu Công nghiệp Đồng Bành nằm trên địa bàn xã Hòa Lạc, huyện Hữu Lũng và thị trấn Chi Lăng, huyện Chi Lăng, tỉnh Lạng Sơn.",,,"dong banh","https://investvietnam.gov.vn/vi/kcn.pd/khu-cong-nghiep-dong-banh.html","official_location_or_url_prefix",,"unresolved",FALSE,"not_verified","needs_identity_or_location_review",,,,,,"not_reported"
"investvietnam-820","KHU CÔNG NGHIỆP NAM PHỔ YÊN","industrial_park","19","Invest Vietnam","https://investvietnam.gov.vn/vi/kcn.pd/khu-cong-nghiep-nam-pho-yen.html","2026-09-10","Khu Công nghiệp Nam Phổ Yên thuộc xã Trung Thành, xã Thuận Thành nằm ở phía Nam của Phổ Yên, giáp cảng Đa Phúc và nằm dọc hai bên trục đường Quốc Lộ 3, điểm đấu nối đường cao tốc Hà Nội – Thái Nguyên, đồng thời giáp huyện Sóc Sơn Hà Nội, do đó có khả năng kết nối giao thông thuận tiện với khu vực trung tâm.",,,"nam pho yen","https://kcn-kkt.com/kcn/kcn-nam-pho-yen","unique_discovery_name_province_unverified",,"unresolved",FALSE,"not_verified","needs_identity_or_location_review",,,,,,"not_reported"
"investvietnam-827","KHU CÔNG NGHIỆP VSIP LẠNG SƠN ","industrial_park","20","Invest Vietnam","https://investvietnam.gov.vn/vi/kcn.pd/khu-cong-nghiep-vsip-lang-son.html","2026-09-10","Khu Công nghiệp VSIP Lạng Sơn toạ lạc tỉnh Lạng Sơn – cửa ngõ quan trọng, nối giữa Việt Nam với Trung Quốc và các nước ASEAN, điểm đầu trên tuyến Hành lang kinh tế Lạng Sơn – Hà Nội – Thành phố Hồ Chí Minh – Mộc Bài và Hành lang kinh tế trọng điểm quốc gia Lạng Sơn – Hà Nội – Hải Phòng – Quảng Ninh.",,,"vsip lang son","https://investvietnam.gov.vn/vi/kcn.pd/khu-cong-nghiep-vsip-lang-son.html","official_location_or_url_prefix",,"unresolved",FALSE,"not_verified","needs_identity_or_location_review",,,,,,"not_reported"
"investvietnam-828","KHU CÔNG NGHIỆP YÊN BÌNH","industrial_park",,"Invest Vietnam","https://investvietnam.gov.vn/vi/kcn.pd/khu-cong-nghiep-yen-binh.html","2026-09-10","Vị trí Khu Công nghiệp Yên Bình được giới đầu tư đánh giá là đắc địa trong vùng kinh tế trọng điểm phía Bắc. Với điểm nhấn nổi bật khi dự án nằm tại điểm giao nhau của 5 thành phố lớn (Hà Nội, Bắc Ninh, Bắc Giang, Thái Nguyên và Vĩnh Yên) chỉ vỏn vẹn cách nhau 30km. Nhờ đó mà KCN thừa hưởng được hệ thống hạ tầng giao thông hiện đại.",,,"yen binh",,"unknown",,"review_name_or_province",FALSE,"not_verified","needs_identity_or_location_review","osm_way_482837619","exact_name_needs_province_or_identity_review",,,,"not_reported"
"investvietnam-846","Khu công nghiệp Bình Phú","industrial_park","25","Invest Vietnam","https://investvietnam.gov.vn/vi/kcn.pd/khu-cong-nghiep-binh-phu.html","2026-09-10","KCN nằm trên Quốc lộ 6 nối từ thành phố Hà Nội đi các tỉnh Tây Bắc; cách nút giao ngã 3 đường cao tốc Hà Nội – Hòa Bình khoảng 16km, từ KCN có thể dễ dàng kết nối tới các vùng kinh tế trọng điểm qua QL6 và đường cao tốc Hà Nội-Hòa Bình.",,,"binh phu","https://kcn-kkt.com/kcn/kcn-binh-phu","unique_discovery_name_province_unverified",,"unresolved",FALSE,"not_verified","needs_identity_or_location_review",,,,,,"not_reported"
"investvietnam-848","Khu công nghiệp Lạc Thịnh","industrial_park","25","Invest Vietnam","https://investvietnam.gov.vn/vi/kcn.pd/khu-cong-nghiep-lac-thinh.html","2026-09-10",,,,"lac thinh","https://kcn-kkt.com/kcn/kcn-lac-thinh","unique_discovery_name_province_unverified",,"unresolved",FALSE,"not_verified","needs_identity_or_location_review",,,,,,"not_reported"
"investvietnam-850","Khu công nghiệp Nhuận Trạch","industrial_park","25","Invest Vietnam","https://investvietnam.gov.vn/vi/kcn.pd/khu-cong-nghiep-nhuan-trach.html","2026-09-10","KCN Nhuận Trạch có vị trí giao thông thuận lợi, ngay gần đường quốc lộ 6, cách không xa thủ đô Hà Nội và thành phố Hòa Bình. Đây là điều kiện tốt cho phát triển công nghiệp. Cách đường cao tốc Hòa Lạc-Hòa Bình 20km.",,,"nhuan trach","https://kcn-kkt.com/kcn/kcn-nhuan-trach","unique_discovery_name_province_unverified",,"unresolved",FALSE,"not_verified","needs_identity_or_location_review",,,,,,"not_reported"
"investvietnam-851","Khu công nghiệp Yên Quang","industrial_park","25","Invest Vietnam","https://investvietnam.gov.vn/vi/kcn.pd/khu-cong-nghiep-yen-quang.html","2026-09-10","Khu Công nghiệp Yên Quang tiếp giáp cửa ngõ phía Tây Bắc Thủ đô và nằm liền kề cao tốc Hòa Lạc – Hòa Bình. Vị trí chiến lược giúp tiếp cận nhanh chóng, thuận tiện với thành phố Hà Nội mở rộng, đồng thời là đầu mối giao thông quan trọng kết nối Hà Nội với miền Tây Bắc trên trục hành lang kinh tế Hà Nội – Hòa Bình – Mộc Châu – Sơn La – Lai Châu.",,,"yen quang","https://kcn-kkt.com/kcn/kcn-yen-quang","unique_discovery_name_province_unverified",,"unresolved",FALSE,"not_verified","needs_identity_or_location_review",,,,,,"not_reported"
"investvietnam-852","Khu công nghiệp Hòa Trung","industrial_park","96","Invest Vietnam","https://investvietnam.gov.vn/vi/kcn.pd/khu-cong-nghiep-hoa-trung-1.html","2026-09-10","Khu công nghiệp Hòa Trung tọa lạc tại tỉnh Cà Mau - khu vực đầy tiềm năng cho các dự án mới trong tương lai với nhiều dư địa phát triển mạnh. Đây còn là điểm dừng chân cho các tuyến khám phá đi thăm các địa điểm, khu vui chơi giải trí du lịch và khu lưu trữ sinh quyển đất nước ở mũi Cà Mau.",,,"hoa trung","https://investvietnam.gov.vn/vi/kcn.pd/khu-cong-nghiep-hoa-trung-1.html","official_location_or_url_prefix",,"unresolved",FALSE,"not_verified","needs_identity_or_location_review",,,,,,"not_reported"
"investvietnam-853","Khu công nghiệp Khánh An","industrial_park","96","Invest Vietnam","https://investvietnam.gov.vn/vi/kcn.pd/khu-cong-nghiep-khanh-an-1.html","2026-09-10","KCN Khánh An có vị trí vô cùng thuận lợi nằm liền kề Cụm Khí - Điện - Đạm Cà Mau, là tiềm năng thu hút các dự án đầu tư có nhu cầu sử dụng nguồn khí thấp áp.",,,"khanh an","https://kcn-kkt.com/kcn/kcn-khanh-an","unique_discovery_name_province_unverified",,"unresolved",FALSE,"not_verified","needs_identity_or_location_review",,,,,,"not_reported"
"investvietnam-854","Khu công nghiệp Sông Đốc","industrial_park",,"Invest Vietnam","https://investvietnam.gov.vn/vi/kcn.pd/khu-cong-nghiep-song-doc.html","2026-09-10","Khu công nghiệp Sông Đốc có vị trí chiến lược quan trọng, nằm trên tuyến đường biển quốc tế kết nối các nước Đông Nam Á, Trung Quốc, Ấn Độ và châu Âu.",,,"song doc",,"unknown",,"unresolved",FALSE,"not_verified","needs_identity_or_location_review",,,,,,"not_reported"
"investvietnam-866","Khu công nghiệp Đức Thọ","industrial_park","42","Invest Vietnam","https://investvietnam.gov.vn/vi/kcn.pd/khu-cong-nghiep-duc-tho.html","2026-09-10","Cụm công nghiệp Đức Thọ có quy mô 68ha đất, tại Quốc lộ 8A, huyện Đức Thọ, tỉnh Hà Tĩnh được UBND tỉnh phê duyệt chủ trương đầu tư theo QĐ số 37/QĐ-UBND ngày 30/12/2022 và được phát triển bởi chủ đầu tư Công ty CP Đầu tư GS Miền Trung – thành viên của Công ty CP GS Holding.",,,"duc tho","https://investvietnam.gov.vn/vi/kcn.pd/khu-cong-nghiep-duc-tho.html","official_location_or_url_prefix",,"unresolved",FALSE,"not_verified","needs_identity_or_location_review",,,,,,"not_reported"
"investvietnam-868","Cụm Công nghiệp Tượng Lĩnh ","industrial_cluster",,"Invest Vietnam","https://investvietnam.gov.vn/vi/kcn.pd/cum-cong-nghiep-tuong-linh.html","2026-09-10","Cụm Công nghiệp Tượng Lĩnh có một vị trí địa lý thuận lợi. Khoảng cách đến các địa điểm như trung tâm thành phố, cảng, sân bay ít hơn 50km. Địa hình bằng phẳng",,,"tuong linh",,"unknown",,"unresolved",FALSE,"not_verified","needs_identity_or_location_review",,,,,,"not_reported"
"investvietnam-872","Cụm công nghiệp huyện Đức Thọ","industrial_cluster","42","Invest Vietnam","https://investvietnam.gov.vn/vi/kcn.pd/cum-cong-nghiep-huyen-duc-tho.html","2026-09-10","Cụm công nghiệp Đức Thọ có quy mô 68ha đất, tại Quốc lộ 8A, huyện Đức Thọ, tỉnh Hà Tĩnh được UBND tỉnh phê duyệt chủ trương đầu tư theo QĐ số 37/QĐ-UBND ngày 30/12/2022 và được phát triển bởi chủ đầu tư Công ty CP Đầu tư GS Miền Trung – thành viên của Công ty CP GS Holding.",,,"huyen duc tho","https://investvietnam.gov.vn/vi/kcn.pd/cum-cong-nghiep-huyen-duc-tho.html","official_location_or_url_prefix",,"unresolved",FALSE,"not_verified","needs_identity_or_location_review",,,,,,"not_reported"
"investvietnam-874","Khu Công nghiệp Tân Đức","industrial_park",,"Invest Vietnam","https://investvietnam.gov.vn/vi/kcn.pd/khu-cong-nghiep-tan-duc-1.html","2026-09-10",,,,"tan duc",,"unknown",,"review_name_or_province",FALSE,"not_verified","needs_identity_or_location_review","osm_relation_21159875","exact_name_needs_province_or_identity_review",,,,"not_reported"
"investvietnam-876","Khu công nghệ VSIP Nghệ An II","unclassified","40","Invest Vietnam","https://investvietnam.gov.vn/vi/kcn.pd/khu-cong-nghe-vsip-nghe-an-ii.html","2026-09-10",,,,"khu cong nghe vsip nghe an 2","https://investvietnam.gov.vn/vi/kcn.pd/khu-cong-nghe-vsip-nghe-an-ii.html","official_location_or_url_prefix",,"unresolved",FALSE,"not_verified","needs_identity_or_location_review",,,,,,"not_reported"
"investvietnam-921","Cụm công nghiệp Phước Vĩnh Đông 4","industrial_cluster","80","Invest Vietnam","https://investvietnam.gov.vn/vi/kcn.pd/cum-cong-nghiep-phuoc-vinh-dong-4.html","2026-09-10","Nằm trên địa bàn xã Phước Vĩnh Đông, huyện Cần Giuộc tỉnh Long An, cách trung tâm TP. HCM 29 km về phía nam. Kết nối các tỉnh lân cận qua tuyến đường vành đai 3, 4, cao tốc Bến Lức – Long Thành",,,"phuoc vinh dong 4","https://investvietnam.gov.vn/vi/kcn.pd/cum-cong-nghiep-phuoc-vinh-dong-4.html","official_location_or_url_prefix",,"unresolved",FALSE,"not_verified","needs_identity_or_location_review",,,,,,"not_reported"
"investvietnam-922","Khu công nghiệp Lộc Giang","industrial_park","80","Invest Vietnam","https://investvietnam.gov.vn/vi/kcn.pd/khu-cong-nghiep-loc-giang.html","2026-09-10","Nằm ở trung tâm của ba xã Tân Mỹ, An Ninh Đông và Lộc Giang, thuộc huyện Đức Hòa, tỉnh Long An, phía Tây Bắc TP. HCM. Kết nối các tỉnh lân cận qua tuyến đường Vành đai 3, Vành đai 4, cao tốc TPHCM- Mộc Bài.",,,"loc giang","https://investvietnam.gov.vn/vi/kcn.pd/khu-cong-nghiep-loc-giang.html","official_location_or_url_prefix",,"unresolved",FALSE,"not_verified","needs_identity_or_location_review",,,,,,"not_reported"
"investvietnam-923","KCN Tân Phú Trung ","industrial_park",,"Invest Vietnam","https://investvietnam.gov.vn/vi/kcn.pd/kcn-tan-phu-trung.html","2026-09-10","Nằm ở phía tây bắc Tp. HCM, cách trung tâm TP (Quận 1) 25 km. Trên mặt tiền Quốc lộ 22 thuộc Huyện Củ Chi, kết nối các tỉnh lân cận qua tuyến đường Vành đai 3, Vành đai 4, cao tốc TPHCM- Mộc bài.",,,"tan phu trung",,"unknown",,"review_name_or_province",FALSE,"not_verified","needs_identity_or_location_review","osm_way_1548525579","exact_name_needs_province_or_identity_review",,,,"not_reported"
"kcn-kkt-kcn-binh-long-an-giang","KCN Bình Long","industrial_park","91","KCN-KKT discovery (unverified)","https://kcn-kkt.com/kcn/kcn-binh-long-an-giang","2026-09-10","Huyện Châu Phú",,,"binh long","https://kcn-kkt.com/kcn/kcn-binh-long-an-giang","discovery_reported_unverified",,"unresolved",FALSE,"not_verified","needs_identity_or_location_review",,,,,,"not_reported"
"kcn-kkt-kcn-dinh-thanh","KCN Định Thành","industrial_park","91","KCN-KKT discovery (unverified)","https://kcn-kkt.com/kcn/kcn-dinh-thanh","2026-09-10","Huyện Thoại Sơn",,,"dinh thanh","https://kcn-kkt.com/kcn/kcn-dinh-thanh","discovery_reported_unverified",,"unresolved",FALSE,"not_verified","needs_identity_or_location_review",,,,,,"not_reported"
"kcn-kkt-kcn-hoi-an","KCN Hội An","industrial_park","91","KCN-KKT discovery (unverified)","https://kcn-kkt.com/kcn/kcn-hoi-an","2026-09-10","Huyện Chợ Mới",,,"hoi an","https://kcn-kkt.com/kcn/kcn-hoi-an","discovery_reported_unverified",,"unresolved",FALSE,"not_verified","needs_identity_or_location_review",,,,,,"not_reported"
"kcn-kkt-kcn-kien-luong-ii","KCN Kiên Lương II","industrial_park","91","KCN-KKT discovery (unverified)","https://kcn-kkt.com/kcn/kcn-kien-luong-ii","2026-09-10","Huyện Kiên Lương",,,"kien luong 2","https://kcn-kkt.com/kcn/kcn-kien-luong-ii","discovery_reported_unverified",,"unresolved",FALSE,"not_verified","needs_identity_or_location_review",,,,,,"not_reported"
"kcn-kkt-kcn-thuan-yen-an-giang","KCN Thuận Yên","industrial_park","91","KCN-KKT discovery (unverified)","https://kcn-kkt.com/kcn/kcn-thuan-yen-an-giang","2026-09-10","Thành phố Hà Tiên",,,"thuan yen","https://kcn-kkt.com/kcn/kcn-thuan-yen-an-giang","discovery_reported_unverified",,"unresolved",FALSE,"not_verified","needs_identity_or_location_review",,,,,,"not_reported"
"kcn-kkt-kcn-vam-cong","KCN Vàm Cống","industrial_park","91","KCN-KKT discovery (unverified)","https://kcn-kkt.com/kcn/kcn-vam-cong","2026-09-10","Thành phố Long Xuyên",,,"vam cong","https://kcn-kkt.com/kcn/kcn-vam-cong","discovery_reported_unverified",,"unresolved",FALSE,"not_verified","needs_identity_or_location_review",,,,,,"not_reported"
"kcn-kkt-kcn-xeo-ro","KCN Xẻo Rô","industrial_park","91","KCN-KKT discovery (unverified)","https://kcn-kkt.com/kcn/kcn-xeo-ro","2026-09-10","Huyện An Biên",,,"xeo ro","https://kcn-kkt.com/kcn/kcn-xeo-ro","discovery_reported_unverified",,"unresolved",FALSE,"not_verified","needs_identity_or_location_review",,,,,,"not_reported"
"kcn-kkt-kcn-xuan-to","KCN Xuân Tô","industrial_park","91","KCN-KKT discovery (unverified)","https://kcn-kkt.com/kcn/kcn-xuan-to","2026-09-10","Thị xã Tịnh Biên",,,"xuan to","https://kcn-kkt.com/kcn/kcn-xuan-to","discovery_reported_unverified",,"unresolved",FALSE,"not_verified","needs_identity_or_location_review",,,,,,"not_reported"
"kcn-kkt-cum-cong-nghiep-doan-bai-luong-phong-2","Cụm công nghiệp Đoàn Bài - Lương Phong 2","industrial_cluster","24","KCN-KKT discovery (unverified)","https://kcn-kkt.com/kcn/cum-cong-nghiep-doan-bai-luong-phong-2","2026-09-10","Tỉnh Bắc Giang",,,"doan bai luong phong 2","https://kcn-kkt.com/kcn/cum-cong-nghiep-doan-bai-luong-phong-2","discovery_reported_unverified",,"unresolved",FALSE,"not_verified","needs_identity_or_location_review",,,,,,"not_reported"
"kcn-kkt-cum-cong-nghiep-nham-son-yen-lu","Cụm công nghiệp Nhâm Sơn - Yên Lữ","industrial_cluster","24","KCN-KKT discovery (unverified)","https://kcn-kkt.com/kcn/cum-cong-nghiep-nham-son-yen-lu","2026-09-10","Tỉnh Bắc Giang",,,"nham son yen lu","https://kcn-kkt.com/kcn/cum-cong-nghiep-nham-son-yen-lu","discovery_reported_unverified",,"unresolved",FALSE,"not_verified","needs_identity_or_location_review",,,,,,"not_reported"
"kcn-kkt-kcn-do-thi-dich-vu-tien-son-ninh-son","KCN - Đô thị - Dịch vụ Tiên Sơn - Ninh Sơn","industrial_park","24","KCN-KKT discovery (unverified)","https://kcn-kkt.com/kcn/kcn-do-thi-dich-vu-tien-son-ninh-son","2026-09-10","Huyện Việt Yên",,,"do thi dich vu tien son ninh son","https://kcn-kkt.com/kcn/kcn-do-thi-dich-vu-tien-son-ninh-son","discovery_reported_unverified",,"unresolved",FALSE,"not_verified","needs_identity_or_location_review",,,,,,"not_reported"
"kcn-kkt-kcn-do-thi-va-dich-vu-luong-tai","KCN - Đô thị và Dịch vụ Lương Tài","industrial_park","24","KCN-KKT discovery (unverified)","https://kcn-kkt.com/kcn/kcn-do-thi-va-dich-vu-luong-tai","2026-09-10","Huyện Lương Tài",,,"do thi va dich vu luong tai","https://kcn-kkt.com/kcn/kcn-do-thi-va-dich-vu-luong-tai","discovery_reported_unverified",,"unresolved",FALSE,"not_verified","needs_identity_or_location_review",,,,,,"not_reported"
"kcn-kkt-kcn-an-ha-1","KCN An Hà 1","industrial_park","24","KCN-KKT discovery (unverified)","https://kcn-kkt.com/kcn/kcn-an-ha-1","2026-09-10","Xã Tiên Lục",,,"an ha 1","https://kcn-kkt.com/kcn/kcn-an-ha-1","discovery_reported_unverified",,"unresolved",FALSE,"not_verified","needs_identity_or_location_review",,,,,,"not_reported"
"kcn-kkt-kcn-an-viet-que-vo-6","KCN An Việt - Quế Võ 6","industrial_park","24","KCN-KKT discovery (unverified)","https://kcn-kkt.com/kcn/kcn-an-viet-que-vo-6","2026-09-10","Thị xã Quế Võ",,,"an viet que vo 6","https://kcn-kkt.com/kcn/kcn-an-viet-que-vo-6","discovery_reported_unverified",,"unresolved",FALSE,"not_verified","needs_identity_or_location_review",,,,,,"not_reported"
"kcn-kkt-kcn-bong-lai-dao-vien","KCN Bồng Lai - Đào Viên","industrial_park","24","KCN-KKT discovery (unverified)","https://kcn-kkt.com/kcn/kcn-bong-lai-dao-vien","2026-09-10","Phường Bồng Lai, Đào Viên",,,"bong lai dao vien","https://kcn-kkt.com/kcn/kcn-bong-lai-dao-vien","discovery_reported_unverified",,"unresolved",FALSE,"not_verified","needs_identity_or_location_review",,,,,,"not_reported"
"kcn-kkt-kcn-cam-ly","KCN Cẩm Lý","industrial_park","24","KCN-KKT discovery (unverified)","https://kcn-kkt.com/kcn/kcn-cam-ly","2026-09-10","Xã Cẩm Lý",,,"cam ly","https://kcn-kkt.com/kcn/kcn-cam-ly","discovery_reported_unverified",,"unresolved",FALSE,"not_verified","needs_identity_or_location_review",,,,,,"not_reported"
"kcn-kkt-kcn-cong-nghe-cao-dao-vien","KCN công nghệ cao Đào Viên","industrial_park","24","KCN-KKT discovery (unverified)","https://kcn-kkt.com/kcn/kcn-cong-nghe-cao-dao-vien","2026-09-10","Phường Đào Viên",,,"cong nghe cao dao vien","https://kcn-kkt.com/kcn/kcn-cong-nghe-cao-dao-vien","discovery_reported_unverified",,"unresolved",FALSE,"not_verified","needs_identity_or_location_review",,,,,,"not_reported"
"kcn-kkt-kcn-cong-nghe-so","KCN Công nghệ số","industrial_park","24","KCN-KKT discovery (unverified)","https://kcn-kkt.com/kcn/kcn-cong-nghe-so","2026-09-10","Phường Võ Cường, Hạp Lĩnh; xã Liên Bão",,,"cong nghe so","https://kcn-kkt.com/kcn/kcn-cong-nghe-so","discovery_reported_unverified",,"unresolved",FALSE,"not_verified","needs_identity_or_location_review",,,,,,"not_reported"
"kcn-kkt-kcn-du-lieu","KCN Dữ liệu","industrial_park","24","KCN-KKT discovery (unverified)","https://kcn-kkt.com/kcn/kcn-du-lieu","2026-09-10","Phường Cảnh Thụy",,,"du lieu","https://kcn-kkt.com/kcn/kcn-du-lieu","discovery_reported_unverified",,"unresolved",FALSE,"not_verified","needs_identity_or_location_review",,,,,,"not_reported"
"kcn-kkt-kcn-dai-dong-hoan-son-giai-doan-1","KCN Đại Đông - Hoàn Sơn (Giai đoạn 1)","industrial_park","24","KCN-KKT discovery (unverified)","https://kcn-kkt.com/kcn/kcn-dai-dong-hoan-son-giai-doan-1","2026-09-10","Xã Đại Đông, xã Hoàn Sơn, xã Trí Phương huyện Tiên Du và phường Tân Hồng, thành phố Từ Sơn.",,,"dai dong hoan son giai doan 1","https://kcn-kkt.com/kcn/kcn-dai-dong-hoan-son-giai-doan-1","discovery_reported_unverified",,"unresolved",FALSE,"not_verified","needs_identity_or_location_review",,,,,,"not_reported"
"kcn-kkt-kcn-dai-dong-hoan-son-giai-doan-2","KCN Đại Đông - Hoàn Sơn (Giai đoạn 2)","industrial_park","24","KCN-KKT discovery (unverified)","https://kcn-kkt.com/kcn/kcn-dai-dong-hoan-son-giai-doan-2","2026-09-10","Xã Hoàn Sơn, xã Phát Tích, xã Trí Phương, huyện Tiên Du.",,,"dai dong hoan son giai doan 2","https://kcn-kkt.com/kcn/kcn-dai-dong-hoan-son-giai-doan-2","discovery_reported_unverified",,"unresolved",FALSE,"not_verified","needs_identity_or_location_review",,,,,,"not_reported"
"kcn-kkt-kcn-duc-giang","KCN Đức Giang","industrial_park","24","KCN-KKT discovery (unverified)","https://kcn-kkt.com/kcn/kcn-duc-giang","2026-09-10","Phường Cảnh Thụy; Xã Đồng Việt",,,"duc giang","https://kcn-kkt.com/kcn/kcn-duc-giang","discovery_reported_unverified",,"unresolved",FALSE,"not_verified","needs_identity_or_location_review",,,,,,"not_reported"
"kcn-kkt-kcn-gia-binh","KCN Gia Bình","industrial_park","24","KCN-KKT discovery (unverified)","https://kcn-kkt.com/kcn/kcn-gia-binh","2026-09-10","Xã Đông Cửu, xã Lăng Ngâm, xã Đại Bái, huyện Gia Bình",,,"gia binh","https://kcn-kkt.com/kcn/kcn-gia-binh","discovery_reported_unverified",,"unresolved",FALSE,"not_verified","needs_identity_or_location_review",,,,,,"not_reported"
"kcn-kkt-kcn-hiep-hoa-ii","KCN Hiệp Hòa II","industrial_park","24","KCN-KKT discovery (unverified)","https://kcn-kkt.com/kcn/kcn-hiep-hoa-ii","2026-09-10","Xã Hiệp Hòa",,,"hiep hoa 2","https://kcn-kkt.com/kcn/kcn-hiep-hoa-ii","discovery_reported_unverified",,"unresolved",FALSE,"not_verified","needs_identity_or_location_review",,,,,,"not_reported"
"kcn-kkt-kcn-hiep-hoa-iii","KCN Hiệp Hòa III","industrial_park","24","KCN-KKT discovery (unverified)","https://kcn-kkt.com/kcn/kcn-hiep-hoa-iii","2026-09-10","Xã Hiệp Hòa",,,"hiep hoa 3","https://kcn-kkt.com/kcn/kcn-hiep-hoa-iii","discovery_reported_unverified",,"unresolved",FALSE,"not_verified","needs_identity_or_location_review",,,,,,"not_reported"
"kcn-kkt-kcn-hoang-van-iv","KCN Hoàng Vân IV","industrial_park","24","KCN-KKT discovery (unverified)","https://kcn-kkt.com/kcn/kcn-hoang-van-iv","2026-09-10","Xã Hoàng Vân",,,"hoang van 4","https://kcn-kkt.com/kcn/kcn-hoang-van-iv","discovery_reported_unverified",,"unresolved",FALSE,"not_verified","needs_identity_or_location_review",,,,,,"not_reported"
"kcn-kkt-kcn-hoanh-son-bac-ninh","KCN Hoành Sơn","industrial_park","24","KCN-KKT discovery (unverified)","https://kcn-kkt.com/kcn/kcn-hoanh-son-bac-ninh","2026-09-10","Xã Lạng Giang",,,"hoanh son","https://kcn-kkt.com/kcn/kcn-hoanh-son-bac-ninh","discovery_reported_unverified",,"unresolved",FALSE,"not_verified","needs_identity_or_location_review",,,,,,"not_reported"
"kcn-kkt-kcn-hop-thinh-i","KCN Hợp Thịnh I","industrial_park","24","KCN-KKT discovery (unverified)","https://kcn-kkt.com/kcn/kcn-hop-thinh-i","2026-09-10","Xã Hợp Thịnh",,,"hop thinh 1","https://kcn-kkt.com/kcn/kcn-hop-thinh-i","discovery_reported_unverified",,"unresolved",FALSE,"not_verified","needs_identity_or_location_review",,,,,,"not_reported"
"kcn-kkt-kcn-hop-thinh-ii","KCN Hợp Thịnh II","industrial_park","24","KCN-KKT discovery (unverified)","https://kcn-kkt.com/kcn/kcn-hop-thinh-ii","2026-09-10","Xã Hợp Thịnh",,,"hop thinh 2","https://kcn-kkt.com/kcn/kcn-hop-thinh-ii","discovery_reported_unverified",,"unresolved",FALSE,"not_verified","needs_identity_or_location_review",,,,,,"not_reported"
"kcn-kkt-kcn-hop-thinh-iii","KCN Hợp Thịnh III","industrial_park","24","KCN-KKT discovery (unverified)","https://kcn-kkt.com/kcn/kcn-hop-thinh-iii","2026-09-10","Xã Hợp Thịnh",,,"hop thinh 3","https://kcn-kkt.com/kcn/kcn-hop-thinh-iii","discovery_reported_unverified",,"unresolved",FALSE,"not_verified","needs_identity_or_location_review",,,,,,"not_reported"
"kcn-kkt-kcn-huyen-son","KCN Huyện Sơn","industrial_park","24","KCN-KKT discovery (unverified)","https://kcn-kkt.com/kcn/kcn-huyen-son","2026-09-10","Huyện Lục Nam",,,"huyen son","https://kcn-kkt.com/kcn/kcn-huyen-son","discovery_reported_unverified",,"unresolved",FALSE,"not_verified","needs_identity_or_location_review",,,,,,"not_reported"
"kcn-kkt-kcn-luong-tai-1","KCN Lương Tài 1","industrial_park","24","KCN-KKT discovery (unverified)","https://kcn-kkt.com/kcn/kcn-luong-tai-1","2026-09-10","Huyện Lương Tài",,,"luong tai 1","https://kcn-kkt.com/kcn/kcn-luong-tai-1","discovery_reported_unverified",,"unresolved",FALSE,"not_verified","needs_identity_or_location_review",,,,,,"not_reported"
"kcn-kkt-kcn-luong-tai-2","KCN Lương Tài 2","industrial_park","24","KCN-KKT discovery (unverified)","https://kcn-kkt.com/kcn/kcn-luong-tai-2","2026-09-10","Huyện Lương Tài",,,"luong tai 2","https://kcn-kkt.com/kcn/kcn-luong-tai-2","discovery_reported_unverified",,"unresolved",FALSE,"not_verified","needs_identity_or_location_review",,,,,,"not_reported"
"kcn-kkt-kcn-luong-tai-3","KCN Lương Tài 3","industrial_park","24","KCN-KKT discovery (unverified)","https://kcn-kkt.com/kcn/kcn-luong-tai-3","2026-09-10","Xã Trung Chính, Trung Kênh",,,"luong tai 3","https://kcn-kkt.com/kcn/kcn-luong-tai-3","discovery_reported_unverified",,"unresolved",FALSE,"not_verified","needs_identity_or_location_review",,,,,,"not_reported"
"kcn-kkt-kcn-mo-rong-yen-phong","KCN Mở rộng Yên Phong","industrial_park","24","KCN-KKT discovery (unverified)","https://kcn-kkt.com/kcn/kcn-mo-rong-yen-phong","2026-09-10","Thước địa phân xã Yên Trung, xã Dũng Liệt, xã Thụy Hòa, xã Tam Da, huyện Yên Phong",,,"mo rong yen phong","https://kcn-kkt.com/kcn/kcn-mo-rong-yen-phong","discovery_reported_unverified",,"unresolved",FALSE,"not_verified","needs_identity_or_location_review",,,,,,"not_reported"
"kcn-kkt-kcn-my-thai","KCN Mỹ Thái","industrial_park","24","KCN-KKT discovery (unverified)","https://kcn-kkt.com/kcn/kcn-my-thai","2026-09-10","Huyện Lạng Giang",,,"my thai","https://kcn-kkt.com/kcn/kcn-my-thai","discovery_reported_unverified",,"unresolved",FALSE,"not_verified","needs_identity_or_location_review",,,,,,"not_reported"
"kcn-kkt-kcn-my-thai-xuan-huong-tan-dinh","KCN Mỹ Thái-Xuân Hương-Tân Định","industrial_park","24","KCN-KKT discovery (unverified)","https://kcn-kkt.com/kcn/kcn-my-thai-xuan-huong-tan-dinh","2026-09-10","Huyện Lạng Giang",,,"my thai xuan huong tan dinh","https://kcn-kkt.com/kcn/kcn-my-thai-xuan-huong-tan-dinh","discovery_reported_unverified",,"unresolved",FALSE,"not_verified","needs_identity_or_location_review",,,,,,"not_reported"
"kcn-kkt-kcn-ngoc-ly","KCN Ngọc Lý","industrial_park","24","KCN-KKT discovery (unverified)","https://kcn-kkt.com/kcn/kcn-ngoc-ly","2026-09-10","Huyện Tân Yên",,,"ngoc ly","https://kcn-kkt.com/kcn/kcn-ngoc-ly","discovery_reported_unverified",,"unresolved",FALSE,"not_verified","needs_identity_or_location_review",,,,,,"not_reported"
"kcn-kkt-kcn-ngoc-thien","KCN Ngọc Thiên","industrial_park","24","KCN-KKT discovery (unverified)","https://kcn-kkt.com/kcn/kcn-ngoc-thien","2026-09-10","Huyện Tân Yên",,,"ngoc thien","https://kcn-kkt.com/kcn/kcn-ngoc-thien","discovery_reported_unverified",,"unresolved",FALSE,"not_verified","needs_identity_or_location_review",,,,,,"not_reported"
"kcn-kkt-kcn-phu-my-bac-ninh","KCN Phú Mỹ","industrial_park","24","KCN-KKT discovery (unverified)","https://kcn-kkt.com/kcn/kcn-phu-my-bac-ninh","2026-09-10","Xã Kép, xã Lạng Giang",,,"phu my","https://kcn-kkt.com/kcn/kcn-phu-my-bac-ninh","discovery_reported_unverified",,"unresolved",FALSE,"not_verified","needs_identity_or_location_review",,,,,,"not_reported"
"kcn-kkt-kcn-phu-my-i-bac-ninh","KCN Phú Mỹ I","industrial_park","24","KCN-KKT discovery (unverified)","https://kcn-kkt.com/kcn/kcn-phu-my-i-bac-ninh","2026-09-10","Xã Kép, xã Lạng Giang",,,"phu my 1","https://kcn-kkt.com/kcn/kcn-phu-my-i-bac-ninh","discovery_reported_unverified",,"unresolved",FALSE,"not_verified","needs_identity_or_location_review",,,,,,"not_reported"
"kcn-kkt-kcn-phuc-son-bac-ninh","KCN Phúc Sơn","industrial_park","24","KCN-KKT discovery (unverified)","https://kcn-kkt.com/kcn/kcn-phuc-son-bac-ninh","2026-09-10","Huyện Tân Yên",,,"phuc son","https://kcn-kkt.com/kcn/kcn-phuc-son-bac-ninh","discovery_reported_unverified",,"unresolved",FALSE,"not_verified","needs_identity_or_location_review",,,,,,"not_reported"
"kcn-kkt-kcn-phuong-son","KCN Phượng Sơn","industrial_park","24","KCN-KKT discovery (unverified)","https://kcn-kkt.com/kcn/kcn-phuong-son","2026-09-10","Phường Phượng Sơn",,,"phuong son","https://kcn-kkt.com/kcn/kcn-phuong-son","discovery_reported_unverified",,"unresolved",FALSE,"not_verified","needs_identity_or_location_review",,,,,,"not_reported"
"kcn-kkt-kcn-quang-chau-2","KCN Quang Châu 2","industrial_park","24","KCN-KKT discovery (unverified)","https://kcn-kkt.com/kcn/kcn-quang-chau-2","2026-09-10","Huyện Việt Yên",,,"quang chau 2","https://kcn-kkt.com/kcn/kcn-quang-chau-2","discovery_reported_unverified",,"unresolved",FALSE,"not_verified","needs_identity_or_location_review",,,,,,"not_reported"
"kcn-kkt-kcn-quang-trung","KCN Quang Trung","industrial_park","24","KCN-KKT discovery (unverified)","https://kcn-kkt.com/kcn/kcn-quang-trung","2026-09-10","Xã Quang Trung",,,"quang trung","https://kcn-kkt.com/kcn/kcn-quang-trung","discovery_reported_unverified",,"unresolved",FALSE,"not_verified","needs_identity_or_location_review",,,,,,"not_reported"
"kcn-kkt-kcn-que-vo-ii-gd-i","KCN Quế Võ II (GD I)","industrial_park","24","KCN-KKT discovery (unverified)","https://kcn-kkt.com/kcn/kcn-que-vo-ii-gd-i","2026-09-10","Xã Ngọc Xá, xã Đào Viên, TX. Quế Võ",,,"que vo 2 gd 1","https://kcn-kkt.com/kcn/kcn-que-vo-ii-gd-i","discovery_reported_unverified",,"unresolved",FALSE,"not_verified","needs_identity_or_location_review",,,,,,"not_reported"
"kcn-kkt-kcn-que-vo-ii-gd-ii","KCN Quế Võ II (GD II)","industrial_park","24","KCN-KKT discovery (unverified)","https://kcn-kkt.com/kcn/kcn-que-vo-ii-gd-ii","2026-09-10","Xã Châu Phong, xã Độc Long, TX. Quế Võ",,,"que vo 2 gd 2","https://kcn-kkt.com/kcn/kcn-que-vo-ii-gd-ii","discovery_reported_unverified",,"unresolved",FALSE,"not_verified","needs_identity_or_location_review",,,,,,"not_reported"
"kcn-kkt-kcn-que-vo-iii-gd-1","KCN Quế Võ III (GD 1)","industrial_park","24","KCN-KKT discovery (unverified)","https://kcn-kkt.com/kcn/kcn-que-vo-iii-gd-1","2026-09-10","Phường Việt Hùng, phường Quế Tân, phường Phủ Lương, TX. Quế Võ",,,"que vo 3 gd 1","https://kcn-kkt.com/kcn/kcn-que-vo-iii-gd-1","discovery_reported_unverified",,"unresolved",FALSE,"not_verified","needs_identity_or_location_review",,,,,,"not_reported"
"kcn-kkt-kcn-que-vo-iii-gd-ii","KCN Quế Võ III (GD II)","industrial_park","24","KCN-KKT discovery (unverified)","https://kcn-kkt.com/kcn/kcn-que-vo-iii-gd-ii","2026-09-10","Phường Việt Hùng, phường Quế Tân, phường Phủ Lương, TX. Quế Võ",,,"que vo 3 gd 2","https://kcn-kkt.com/kcn/kcn-que-vo-iii-gd-ii","discovery_reported_unverified",,"unresolved",FALSE,"not_verified","needs_identity_or_location_review",,,,,,"not_reported"
"kcn-kkt-kcn-song-mai-nghia-trung","KCN Song Mai-Nghĩa Trung","industrial_park","24","KCN-KKT discovery (unverified)","https://kcn-kkt.com/kcn/kcn-song-mai-nghia-trung","2026-09-10","TP Bắc Giang, huyện Việt Yên",,,"song mai nghia trung","https://kcn-kkt.com/kcn/kcn-song-mai-nghia-trung","discovery_reported_unverified",,"unresolved",FALSE,"not_verified","needs_identity_or_location_review",,,,,,"not_reported"
"kcn-kkt-kcn-tan-hung","KCN Tân Hưng","industrial_park","24","KCN-KKT discovery (unverified)","https://kcn-kkt.com/kcn/kcn-tan-hung","2026-09-10","Huyện Lạng Giang",,,"tan hung","https://kcn-kkt.com/kcn/kcn-tan-hung","discovery_reported_unverified",,"unresolved",FALSE,"not_verified","needs_identity_or_location_review",,,,,,"not_reported"
"kcn-kkt-kcn-thai-dao-tan-an","KCN Thái Đào - Tân An","industrial_park","24","KCN-KKT discovery (unverified)","https://kcn-kkt.com/kcn/kcn-thai-dao-tan-an","2026-09-10","Huyện Lạng Giang, Yên Dũng",,,"thai dao tan an","https://kcn-kkt.com/kcn/kcn-thai-dao-tan-an","discovery_reported_unverified",,"unresolved",FALSE,"not_verified","needs_identity_or_location_review",,,,,,"not_reported"
"kcn-kkt-kcn-thuan-thanh-i","KCN Thuận Thành I","industrial_park","24","KCN-KKT discovery (unverified)","https://kcn-kkt.com/kcn/kcn-thuan-thanh-i","2026-09-10","Xã Nghĩa Đạo, phường Trạm Lộ, phường Ninh Xá, TX. Thuận Thành",,,"thuan thanh 1","https://kcn-kkt.com/kcn/kcn-thuan-thanh-i","discovery_reported_unverified",,"unresolved",FALSE,"not_verified","needs_identity_or_location_review",,,,,,"not_reported"
"kcn-kkt-kcn-thuan-thanh-iii-phan-phu-chu-c","KCN Thuận Thành III - phần phú Chu C","industrial_park","24","KCN-KKT discovery (unverified)","https://kcn-kkt.com/kcn/kcn-thuan-thanh-iii-phan-phu-chu-c","2026-09-10","Thị xã Thuận Thành",,,"thuan thanh 3 phan phu chu c","https://kcn-kkt.com/kcn/kcn-thuan-thanh-iii-phan-phu-chu-c","discovery_reported_unverified",,"unresolved",FALSE,"not_verified","needs_identity_or_location_review",,,,,,"not_reported"
"kcn-kkt-kcn-thuan-thanh-iii-module-1","KCN Thuận Thành III, Module 1","industrial_park","24","KCN-KKT discovery (unverified)","https://kcn-kkt.com/kcn/kcn-thuan-thanh-iii-module-1","2026-09-10","Phường Thanh Khương, TX. Thuận Thành",,,"thuan thanh 3 module 1","https://kcn-kkt.com/kcn/kcn-thuan-thanh-iii-module-1","discovery_reported_unverified",,"unresolved",FALSE,"not_verified","needs_identity_or_location_review",,,,,,"not_reported"
"kcn-kkt-kcn-thuan-thanh-iii-phan-khu-b","KCN Thuận Thành III, Phần khu B","industrial_park","24","KCN-KKT discovery (unverified)","https://kcn-kkt.com/kcn/kcn-thuan-thanh-iii-phan-khu-b","2026-09-10","Phường Thanh Khương, xã Đại Động Thành, phường Song Hồ, phường Gia Động, xã Định Tố, TX. Thuận Thành",,,"thuan thanh 3 phan khu b","https://kcn-kkt.com/kcn/kcn-thuan-thanh-iii-phan-khu-b","discovery_reported_unverified",,"unresolved",FALSE,"not_verified","needs_identity_or_location_review",,,,,,"not_reported"
"kcn-kkt-kcn-thuong-lan","KCN Thương Lan","industrial_park","24","KCN-KKT discovery (unverified)","https://kcn-kkt.com/kcn/kcn-thuong-lan","2026-09-10","Huyện Việt Yên",,,"thuong lan","https://kcn-kkt.com/kcn/kcn-thuong-lan","discovery_reported_unverified",,"unresolved",FALSE,"not_verified","needs_identity_or_location_review",,,,,,"not_reported"
"kcn-kkt-kcn-tu-lan-bich-dong-trung-son","KCN Tự Lạn - Bích Động - Trung Sơn","industrial_park","24","KCN-KKT discovery (unverified)","https://kcn-kkt.com/kcn/kcn-tu-lan-bich-dong-trung-son","2026-09-10","Phường Việt Yên, Vân Hà, Tự Lạn",,,"tu lan bich dong trung son","https://kcn-kkt.com/kcn/kcn-tu-lan-bich-dong-trung-son","discovery_reported_unverified",,"unresolved",FALSE,"not_verified","needs_identity_or_location_review",,,,,,"not_reported"
"kcn-kkt-kcn-vsip","KCN VSIP","industrial_park","24","KCN-KKT discovery (unverified)","https://kcn-kkt.com/kcn/kcn-vsip","2026-09-10","Xã Đại Đông, huyện Tiên Du và xã Phú Chân, thành phố Từ Sơn",,,"vsip","https://kcn-kkt.com/kcn/kcn-vsip","discovery_reported_unverified",,"unresolved",FALSE,"not_verified","needs_identity_or_location_review",,,,,,"not_reported"
"kcn-kkt-kcn-xuan-cam-i","KCN Xuân Cẩm I (Hương Lâm - Mai Đình)","industrial_park","24","KCN-KKT discovery (unverified)","https://kcn-kkt.com/kcn/kcn-xuan-cam-i","2026-09-10","Xã Xuân Cẩm",,,"xuan cam 1 huong lam mai dinh","https://kcn-kkt.com/kcn/kcn-xuan-cam-i","discovery_reported_unverified",,"unresolved",FALSE,"not_verified","needs_identity_or_location_review",,,,,,"not_reported"
"kcn-kkt-kcn-xuan-cam-iii","KCN Xuân Cẩm III","industrial_park","24","KCN-KKT discovery (unverified)","https://kcn-kkt.com/kcn/kcn-xuan-cam-iii","2026-09-10","Xã Xuân Cẩm",,,"xuan cam 3","https://kcn-kkt.com/kcn/kcn-xuan-cam-iii","discovery_reported_unverified",,"unresolved",FALSE,"not_verified","needs_identity_or_location_review",,,,,,"not_reported"
"kcn-kkt-kcn-yen-phong","KCN Yên Phong","industrial_park","24","KCN-KKT discovery (unverified)","https://kcn-kkt.com/kcn/kcn-yen-phong","2026-09-10","Xã Long Châu, xã Đông Tiến, xã Yên Trung, xã Đông Phong, huyện Yên Phong.",,,"yen phong","https://kcn-kkt.com/kcn/kcn-yen-phong","discovery_reported_unverified",,"unresolved",FALSE,"not_verified","needs_identity_or_location_review",,,,,,"not_reported"
"kcn-kkt-kcn-yen-phong-ii-b-vsip-2","KCN Yên Phong II - B (VSIP 2)","industrial_park","24","KCN-KKT discovery (unverified)","https://kcn-kkt.com/kcn/kcn-yen-phong-ii-b-vsip-2","2026-09-10","Xã Hòa Tiến, xã Tam Giang, xã Yên Phụ, thị trấn Chờ, huyện Yên Phong",,,"yen phong 2 b vsip 2","https://kcn-kkt.com/kcn/kcn-yen-phong-ii-b-vsip-2","discovery_reported_unverified",,"unresolved",FALSE,"not_verified","needs_identity_or_location_review",,,,,,"not_reported"
"kcn-kkt-kcn-yen-phong-ii-a","KCN Yên Phong II- A","industrial_park","24","KCN-KKT discovery (unverified)","https://kcn-kkt.com/kcn/kcn-yen-phong-ii-a","2026-09-10","Xã Tam Giang, xã Hòa Tiến, huyện Yên Phong",,,"yen phong 2 a","https://kcn-kkt.com/kcn/kcn-yen-phong-ii-a","discovery_reported_unverified",,"unresolved",FALSE,"not_verified","needs_identity_or_location_review",,,,,,"not_reported"
"kcn-kkt-kcn-yen-son","KCN Yên Sơn","industrial_park","24","KCN-KKT discovery (unverified)","https://kcn-kkt.com/kcn/kcn-yen-son","2026-09-10","Huyện Lục Nam",,,"yen son","https://kcn-kkt.com/kcn/kcn-yen-son","discovery_reported_unverified",,"unresolved",FALSE,"not_verified","needs_identity_or_location_review",,,,,,"not_reported"
"kcn-kkt-kcn-do-thi-dich-vu-tu-lan-bich-son-trung-son","KCN- Đô thị - Dịch vụ Tự Lan - Bích Sơn - Trung Sơn","industrial_park","24","KCN-KKT discovery (unverified)","https://kcn-kkt.com/kcn/kcn-do-thi-dich-vu-tu-lan-bich-son-trung-son","2026-09-10","Huyện Việt Yên",,,"do thi dich vu tu lan bich son trung son","https://kcn-kkt.com/kcn/kcn-do-thi-dich-vu-tu-lan-bich-son-trung-son","discovery_reported_unverified",,"unresolved",FALSE,"not_verified","needs_identity_or_location_review",,,,,,"not_reported"
"kcn-kkt-kcn-do-thi-dich-vu-yen-lu","KCN-Dō thị-Dịch vụ Yên Lư","industrial_park","24","KCN-KKT discovery (unverified)","https://kcn-kkt.com/kcn/kcn-do-thi-dich-vu-yen-lu","2026-09-10","Huyện Yên Dũng",,,"do thi dich vu yen lu","https://kcn-kkt.com/kcn/kcn-do-thi-dich-vu-yen-lu","discovery_reported_unverified",,"unresolved",FALSE,"not_verified","needs_identity_or_location_review",,,,,,"not_reported"
"kcn-kkt-kcn-do-thi-dich-vu-yen-son-bac-lung-mo-rong-190ha","KCN-Dō thị-Dịch vụ Yên Sơn - Bắc Lũng - Mở rộng: 190ha","industrial_park","24","KCN-KKT discovery (unverified)","https://kcn-kkt.com/kcn/kcn-do-thi-dich-vu-yen-son-bac-lung-mo-rong-190ha","2026-09-10","Huyện Lục Nam",,,"do thi dich vu yen son bac lung mo rong 190ha","https://kcn-kkt.com/kcn/kcn-do-thi-dich-vu-yen-son-bac-lung-mo-rong-190ha","discovery_reported_unverified",,"unresolved",FALSE,"not_verified","needs_identity_or_location_review",,,,,,"not_reported"
"kcn-kkt-kcn-do-thi-dich-vu-xuan-cam-huong-lam","KCN-Đô Thị - Dịch vụ Xuân Cẩm - Hương Lâm","industrial_park","24","KCN-KKT discovery (unverified)","https://kcn-kkt.com/kcn/kcn-do-thi-dich-vu-xuan-cam-huong-lam","2026-09-10","Huyện Hiệp Hòa",,,"do thi dich vu xuan cam huong lam","https://kcn-kkt.com/kcn/kcn-do-thi-dich-vu-xuan-cam-huong-lam","discovery_reported_unverified",,"unresolved",FALSE,"not_verified","needs_identity_or_location_review",,,,,,"not_reported"
"kcn-kkt-kcn-do-thi-dich-vu-chau-minh-bac-ly-huong-lam","KCN-Đô thị-Dịch vụ Châu Minh - Bắc Lý-Hương Lâm","industrial_park","24","KCN-KKT discovery (unverified)","https://kcn-kkt.com/kcn/kcn-do-thi-dich-vu-chau-minh-bac-ly-huong-lam","2026-09-10","Huyện Hiệp Hòa",,,"do thi dich vu chau minh bac ly huong lam","https://kcn-kkt.com/kcn/kcn-do-thi-dich-vu-chau-minh-bac-ly-huong-lam","discovery_reported_unverified",,"unresolved",FALSE,"not_verified","needs_identity_or_location_review",,,,,,"not_reported"
"kcn-kkt-kcn-do-thi-dich-vu-doc-giang","KCN-Đô thị-Dịch vụ Độc Giang","industrial_park","24","KCN-KKT discovery (unverified)","https://kcn-kkt.com/kcn/kcn-do-thi-dich-vu-doc-giang","2026-09-10","Huyện Yên Dũng",,,"do thi dich vu doc giang","https://kcn-kkt.com/kcn/kcn-do-thi-dich-vu-doc-giang","discovery_reported_unverified",,"unresolved",FALSE,"not_verified","needs_identity_or_location_review",,,,,,"not_reported"
"kcn-kkt-kcn-do-thi-dich-vu-doc-lap-thuong-lan-ngoc-thien","KCN-Đô thị-Dịch vụ Độc Lập-Thương Lan-Ngọc Thiên","industrial_park","24","KCN-KKT discovery (unverified)","https://kcn-kkt.com/kcn/kcn-do-thi-dich-vu-doc-lap-thuong-lan-ngoc-thien","2026-09-10","Huyện Việt Yên, Tân Yên",,,"do thi dich vu doc lap thuong lan ngoc thien","https://kcn-kkt.com/kcn/kcn-do-thi-dich-vu-doc-lap-thuong-lan-ngoc-thien","discovery_reported_unverified",,"unresolved",FALSE,"not_verified","needs_identity_or_location_review",,,,,,"not_reported"
"kcn-kkt-kcn-do-thi-dich-vu-dong-phuc","KCN-Đô thị-Dịch vụ Đông Phúc","industrial_park","24","KCN-KKT discovery (unverified)","https://kcn-kkt.com/kcn/kcn-do-thi-dich-vu-dong-phuc","2026-09-10","Huyện Yên Dũng",,,"do thi dich vu dong phuc","https://kcn-kkt.com/kcn/kcn-do-thi-dich-vu-dong-phuc","discovery_reported_unverified",,"unresolved",FALSE,"not_verified","needs_identity_or_location_review",,,,,,"not_reported"
"kcn-kkt-kcn-do-thi-dich-vu-hoa-yen","KCN-Đô thị-Dịch vụ Hòa Yên","industrial_park","24","KCN-KKT discovery (unverified)","https://kcn-kkt.com/kcn/kcn-do-thi-dich-vu-hoa-yen","2026-09-10","Huyện Hiệp Hòa, Việt Yên",,,"do thi dich vu hoa yen","https://kcn-kkt.com/kcn/kcn-do-thi-dich-vu-hoa-yen","discovery_reported_unverified",,"unresolved",FALSE,"not_verified","needs_identity_or_location_review",,,,,,"not_reported"
"kcn-kkt-kcn-do-thi-dich-vu-nghia-hung","KCN-Đô thị-Dịch vụ Nghĩa Hưng","industrial_park","24","KCN-KKT discovery (unverified)","https://kcn-kkt.com/kcn/kcn-do-thi-dich-vu-nghia-hung","2026-09-10","Huyện Lạng Giang",,,"do thi dich vu nghia hung","https://kcn-kkt.com/kcn/kcn-do-thi-dich-vu-nghia-hung","discovery_reported_unverified",,"unresolved",FALSE,"not_verified","needs_identity_or_location_review",,,,,,"not_reported"
"kcn-kkt-khu-cong-nghiep-gia-binh","Khu công nghiệp Gia Bình","industrial_park","24","KCN-KKT discovery (unverified)","https://kcn-kkt.com/kcn/khu-cong-nghiep-gia-binh","2026-09-10","Tỉnh Bắc Ninh",,,"gia binh","https://kcn-kkt.com/kcn/khu-cong-nghiep-gia-binh","discovery_reported_unverified",,"unresolved",FALSE,"not_verified","needs_identity_or_location_review",,,,,,"not_reported"
"kcn-kkt-khu-cong-nghiep-yen-lu","Khu công nghiệp Yên Lự","industrial_park","24","KCN-KKT discovery (unverified)","https://kcn-kkt.com/kcn/khu-cong-nghiep-yen-lu","2026-09-10","Tỉnh Bắc Giang",,,"yen lu","https://kcn-kkt.com/kcn/khu-cong-nghiep-yen-lu","discovery_reported_unverified",,"unresolved",FALSE,"not_verified","needs_identity_or_location_review",,,,,,"not_reported"
"kcn-kkt-kcn-bac-lieu","KCN Bạc Liêu","industrial_park","96","KCN-KKT discovery (unverified)","https://kcn-kkt.com/kcn/kcn-bac-lieu","2026-09-10","Thành phố Bạc Liêu",,,"bac lieu","https://kcn-kkt.com/kcn/kcn-bac-lieu","discovery_reported_unverified",,"unresolved",FALSE,"not_verified","needs_identity_or_location_review",,,,,,"not_reported"
"kcn-kkt-kcn-hoa-trung","KCN Hòa Trung","industrial_park","96","KCN-KKT discovery (unverified)","https://kcn-kkt.com/kcn/kcn-hoa-trung","2026-09-10","Huyện Cái Nước",,,"hoa trung","https://kcn-kkt.com/kcn/kcn-hoa-trung","discovery_reported_unverified",,"unresolved",FALSE,"not_verified","needs_identity_or_location_review",,,,,,"not_reported"
"kcn-kkt-kcn-khanh-an","KCN Khánh An","industrial_park","96","KCN-KKT discovery (unverified)","https://kcn-kkt.com/kcn/kcn-khanh-an","2026-09-10","Huyện U Minh",,,"khanh an","https://kcn-kkt.com/kcn/kcn-khanh-an","discovery_reported_unverified",,"unresolved",FALSE,"not_verified","needs_identity_or_location_review",,,,,,"not_reported"
"kcn-kkt-kcn-khanh-an-mo-rong-kcn-tac-thu","KCN Khánh An mở rộng (KCN Tắc Thủ)","industrial_park","96","KCN-KKT discovery (unverified)","https://kcn-kkt.com/kcn/kcn-khanh-an-mo-rong-kcn-tac-thu","2026-09-10","Huyện U Minh",,,"khanh an mo rong kcn tac thu","https://kcn-kkt.com/kcn/kcn-khanh-an-mo-rong-kcn-tac-thu","discovery_reported_unverified",,"unresolved",FALSE,"not_verified","needs_identity_or_location_review",,,,,,"not_reported"
"kcn-kkt-kcn-lang-tram","KCN Lăng Trâm","industrial_park","96","KCN-KKT discovery (unverified)","https://kcn-kkt.com/kcn/kcn-lang-tram","2026-09-10","Thị xã Giá Rai",,,"lang tram","https://kcn-kkt.com/kcn/kcn-lang-tram","discovery_reported_unverified",,"unresolved",FALSE,"not_verified","needs_identity_or_location_review",,,,,,"not_reported"
"kcn-kkt-kcn-ninh-quoi","KCN Ninh Quới","industrial_park","96","KCN-KKT discovery (unverified)","https://kcn-kkt.com/kcn/kcn-ninh-quoi","2026-09-10","Huyện Hồng Dân",,,"ninh quoi","https://kcn-kkt.com/kcn/kcn-ninh-quoi","discovery_reported_unverified",,"unresolved",FALSE,"not_verified","needs_identity_or_location_review",,,,,,"not_reported"
"kcn-kkt-kcn-song-doc-phia-bac","KCN Sông Độc phía Bắc","industrial_park","96","KCN-KKT discovery (unverified)","https://kcn-kkt.com/kcn/kcn-song-doc-phia-bac","2026-09-10","Huyện Trần Văn Thời",,,"song doc phia bac","https://kcn-kkt.com/kcn/kcn-song-doc-phia-bac","discovery_reported_unverified",,"unresolved",FALSE,"not_verified","needs_identity_or_location_review",,,,,,"not_reported"
"kcn-kkt-kcn-song-doc-phia-nam","KCN Sông Độc phía Nam","industrial_park","96","KCN-KKT discovery (unverified)","https://kcn-kkt.com/kcn/kcn-song-doc-phia-nam","2026-09-10","Huyện Trần Văn Thời",,,"song doc phia nam","https://kcn-kkt.com/kcn/kcn-song-doc-phia-nam","discovery_reported_unverified",,"unresolved",FALSE,"not_verified","needs_identity_or_location_review",,,,,,"not_reported"
"kcn-kkt-kcn-tan-thuan","KCN Tân Thuận","industrial_park","96","KCN-KKT discovery (unverified)","https://kcn-kkt.com/kcn/kcn-tan-thuan","2026-09-10","Huyện Dầm Dơi",,,"tan thuan","https://kcn-kkt.com/kcn/kcn-tan-thuan","discovery_reported_unverified",,"unresolved",FALSE,"not_verified","needs_identity_or_location_review",,,,,,"not_reported"
"kcn-kkt-kcn-trong-khu-kinh-te-nam-can","KCN trong Khu Kinh tế Năm Căn","industrial_park","96","KCN-KKT discovery (unverified)","https://kcn-kkt.com/kcn/kcn-trong-khu-kinh-te-nam-can","2026-09-10","Trong Khu Kinh tế Năm Căn",,,"trong khu kinh te nam can","https://kcn-kkt.com/kcn/kcn-trong-khu-kinh-te-nam-can","discovery_reported_unverified",,"unresolved",FALSE,"not_verified","needs_identity_or_location_review",,,,,,"not_reported"
"kcn-kkt-kcn-cang-hon-khoai","Khu công nghiệp / cảng Hòn Khoai","industrial_park","96","KCN-KKT discovery (unverified)","https://kcn-kkt.com/kcn/kcn-cang-hon-khoai","2026-09-10","Ngọc Hiển (Cà Mau cũ)",,,"khu cong nghiep","https://kcn-kkt.com/kcn/kcn-cang-hon-khoai","discovery_reported_unverified",,"unresolved",FALSE,"not_verified","needs_identity_or_location_review",,,,,,"not_reported"
"kcn-kkt-kcn-lan-bien-dat-mui","Khu công nghiệp lấn biển Đất Mũi","industrial_park","96","KCN-KKT discovery (unverified)","https://kcn-kkt.com/kcn/kcn-lan-bien-dat-mui","2026-09-10","Đất Mũi; Ngọc Hiển (Cà Mau cũ)",,,"lan bien dat mui","https://kcn-kkt.com/kcn/kcn-lan-bien-dat-mui","discovery_reported_unverified",,"unresolved",FALSE,"not_verified","needs_identity_or_location_review",,,,,,"not_reported"
"kcn-kkt-kcn-tac-thu","Khu công nghiệp Tắc Thủ (mở rộng Khánh An)","industrial_park","96","KCN-KKT discovery (unverified)","https://kcn-kkt.com/kcn/kcn-tac-thu","2026-09-10","Khánh An; U Minh (Cà Mau cũ)",,,"tac thu mo rong khanh an","https://kcn-kkt.com/kcn/kcn-tac-thu","discovery_reported_unverified",,"unresolved",FALSE,"not_verified","needs_identity_or_location_review",,,,,,"not_reported"
"kcn-kkt-kcn-chu-trinh-2","KCN Chu Trình 2","industrial_park","04","KCN-KKT discovery (unverified)","https://kcn-kkt.com/kcn/kcn-chu-trinh-2","2026-09-10","TP. Cao Bằng",,,"chu trinh 2","https://kcn-kkt.com/kcn/kcn-chu-trinh-2","discovery_reported_unverified",,"unresolved",FALSE,"not_verified","needs_identity_or_location_review",,,,,,"not_reported"
"kcn-kkt-kcn-dong-khe","KCN Động Khê","industrial_park","04","KCN-KKT discovery (unverified)","https://kcn-kkt.com/kcn/kcn-dong-khe","2026-09-10","Huyện Thạch An",,,"dong khe","https://kcn-kkt.com/kcn/kcn-dong-khe","discovery_reported_unverified",,"unresolved",FALSE,"not_verified","needs_identity_or_location_review",,,,,,"not_reported"
"kcn-kkt-kcn-tien-thanh-cao-bang","KCN Tiên Thành","industrial_park","04","KCN-KKT discovery (unverified)","https://kcn-kkt.com/kcn/kcn-tien-thanh-cao-bang","2026-09-10","Huyện Quảng Hòa",,,"tien thanh","https://kcn-kkt.com/kcn/kcn-tien-thanh-cao-bang","discovery_reported_unverified",,"unresolved",FALSE,"not_verified","needs_identity_or_location_review",,,,,,"not_reported"
"kcn-kkt-kcn-an-nghiep-mo-rong","KCN An Nghiệp (mở rộng)","industrial_park","92","KCN-KKT discovery (unverified)","https://kcn-kkt.com/kcn/kcn-an-nghiep-mo-rong","2026-09-10","Huyện Châu Thành, thành phố Sóc Trăng",,,"an nghiep mo rong","https://kcn-kkt.com/kcn/kcn-an-nghiep-mo-rong","discovery_reported_unverified",,"unresolved",FALSE,"not_verified","needs_identity_or_location_review",,,,,,"not_reported"
"kcn-kkt-kcn-binh-thanh","KCN Bình Thành","industrial_park","92","KCN-KKT discovery (unverified)","https://kcn-kkt.com/kcn/kcn-binh-thanh","2026-09-10","Huyện Phụng Hiệp",,,"binh thanh","https://kcn-kkt.com/kcn/kcn-binh-thanh","discovery_reported_unverified",,"unresolved",FALSE,"not_verified","needs_identity_or_location_review",,,,,,"not_reported"
"kcn-kkt-kcn-cong-nghe-cao-quan-o-mon","KCN công nghệ cao quận Ô Môn","industrial_park","92","KCN-KKT discovery (unverified)","https://kcn-kkt.com/kcn/kcn-cong-nghe-cao-quan-o-mon","2026-09-10","Quận Ô Môn",,,"cong nghe cao quan o mon","https://kcn-kkt.com/kcn/kcn-cong-nghe-cao-quan-o-mon","discovery_reported_unverified",,"unresolved",FALSE,"not_verified","needs_identity_or_location_review",,,,,,"not_reported"
"kcn-kkt-kcn-co-do-thoi-lai","KCN Cờ đỏ - Thới Lai","industrial_park","92","KCN-KKT discovery (unverified)","https://kcn-kkt.com/kcn/kcn-co-do-thoi-lai","2026-09-10","Huyện Cờ Đỏ và huyện Thới Lai",,,"co do thoi lai","https://kcn-kkt.com/kcn/kcn-co-do-thoi-lai","discovery_reported_unverified",,"unresolved",FALSE,"not_verified","needs_identity_or_location_review",,,,,,"not_reported"
"kcn-kkt-kcn-dai-ngai","KCN Đại Ngài","industrial_park","92","KCN-KKT discovery (unverified)","https://kcn-kkt.com/kcn/kcn-dai-ngai","2026-09-10","Huyện Long Phú",,,"dai ngai","https://kcn-kkt.com/kcn/kcn-dai-ngai","discovery_reported_unverified",,"unresolved",FALSE,"not_verified","needs_identity_or_location_review",,,,,,"not_reported"
"kcn-kkt-kcn-dai-ngai-2","KCN Đại Ngãi 2","industrial_park","92","KCN-KKT discovery (unverified)","https://kcn-kkt.com/kcn/kcn-dai-ngai-2","2026-09-10","Huyện Long Phú",,,"dai ngai 2","https://kcn-kkt.com/kcn/kcn-dai-ngai-2","discovery_reported_unverified",,"unresolved",FALSE,"not_verified","needs_identity_or_location_review",,,,,,"not_reported"
"kcn-kkt-kcn-dong-phu","KCN Đông Phú","industrial_park","92","KCN-KKT discovery (unverified)","https://kcn-kkt.com/kcn/kcn-dong-phu","2026-09-10","Huyện Châu Thành",,,"dong phu","https://kcn-kkt.com/kcn/kcn-dong-phu","discovery_reported_unverified",,"unresolved",FALSE,"not_verified","needs_identity_or_location_review",,,,,,"not_reported"
"kcn-kkt-kcn-dong-phu-2","KCN Đông Phú 2","industrial_park","92","KCN-KKT discovery (unverified)","https://kcn-kkt.com/kcn/kcn-dong-phu-2","2026-09-10","Huyện Châu Thành",,,"dong phu 2","https://kcn-kkt.com/kcn/kcn-dong-phu-2","discovery_reported_unverified",,"unresolved",FALSE,"not_verified","needs_identity_or_location_review",,,,,,"not_reported"
"kcn-kkt-kcn-hung-phu-1","KCN Hưng Phú 1","industrial_park","92","KCN-KKT discovery (unverified)","https://kcn-kkt.com/kcn/kcn-hung-phu-1","2026-09-10","Quận Cái Răng",,,"hung phu 1","https://kcn-kkt.com/kcn/kcn-hung-phu-1","discovery_reported_unverified",,"unresolved",FALSE,"not_verified","needs_identity_or_location_review",,,,,,"not_reported"
"kcn-kkt-kcn-hung-phu-2","KCN Hưng Phú 2","industrial_park","92","KCN-KKT discovery (unverified)","https://kcn-kkt.com/kcn/kcn-hung-phu-2","2026-09-10","Quận Cái Răng",,,"hung phu 2","https://kcn-kkt.com/kcn/kcn-hung-phu-2","discovery_reported_unverified",,"unresolved",FALSE,"not_verified","needs_identity_or_location_review",,,,,,"not_reported"
"kcn-kkt-kcn-khanh-hoa","KCN Khánh Hòa","industrial_park","92","KCN-KKT discovery (unverified)","https://kcn-kkt.com/kcn/kcn-khanh-hoa","2026-09-10","Thị xã Vĩnh Châu",,,"khanh hoa","https://kcn-kkt.com/kcn/kcn-khanh-hoa","discovery_reported_unverified",,"unresolved",FALSE,"not_verified","needs_identity_or_location_review",,,,,,"not_reported"
"kcn-kkt-kcn-long-thanh-can-tho","KCN Long Thạnh","industrial_park","92","KCN-KKT discovery (unverified)","https://kcn-kkt.com/kcn/kcn-long-thanh-can-tho","2026-09-10","Huyện Phụng Hiệp",,,"long thanh","https://kcn-kkt.com/kcn/kcn-long-thanh-can-tho","discovery_reported_unverified",,"unresolved",FALSE,"not_verified","needs_identity_or_location_review",,,,,,"not_reported"
"kcn-kkt-kcn-my-thanh","KCN Mỹ Thạnh","industrial_park","92","KCN-KKT discovery (unverified)","https://kcn-kkt.com/kcn/kcn-my-thanh","2026-09-10","Thị xã Vĩnh Châu",,,"my thanh","https://kcn-kkt.com/kcn/kcn-my-thanh","discovery_reported_unverified",,"unresolved",FALSE,"not_verified","needs_identity_or_location_review",,,,,,"not_reported"
"kcn-kkt-kcn-nhon-nghia-a","KCN Nhơn Nghĩa A","industrial_park","92","KCN-KKT discovery (unverified)","https://kcn-kkt.com/kcn/kcn-nhon-nghia-a","2026-09-10","Huyện Châu Thành A",,,"nhon nghia a","https://kcn-kkt.com/kcn/kcn-nhon-nghia-a","discovery_reported_unverified",,"unresolved",FALSE,"not_verified","needs_identity_or_location_review",,,,,,"not_reported"
"kcn-kkt-kcn-phu-huu","KCN Phú Hữu","industrial_park","92","KCN-KKT discovery (unverified)","https://kcn-kkt.com/kcn/kcn-phu-huu","2026-09-10","Huyện Châu Thành",,,"phu huu","https://kcn-kkt.com/kcn/kcn-phu-huu","discovery_reported_unverified",,"unresolved",FALSE,"not_verified","needs_identity_or_location_review",,,,,,"not_reported"
"kcn-kkt-kcn-phu-tan-can-tho","KCN Phú Tân","industrial_park","92","KCN-KKT discovery (unverified)","https://kcn-kkt.com/kcn/kcn-phu-tan-can-tho","2026-09-10","Huyện Châu Thành",,,"phu tan","https://kcn-kkt.com/kcn/kcn-phu-tan-can-tho","discovery_reported_unverified",,"unresolved",FALSE,"not_verified","needs_identity_or_location_review",,,,,,"not_reported"
"kcn-kkt-kcn-song-hau-giai-doan-1","KCN Sông Hậu - Giai đoạn 1","industrial_park","92","KCN-KKT discovery (unverified)","https://kcn-kkt.com/kcn/kcn-song-hau-giai-doan-1","2026-09-10","Huyện Châu Thành",,,"song hau giai doan 1","https://kcn-kkt.com/kcn/kcn-song-hau-giai-doan-1","discovery_reported_unverified",,"unresolved",FALSE,"not_verified","needs_identity_or_location_review",,,,,,"not_reported"
"kcn-kkt-kcn-song-hau-phan-khu-1","KCN Sông Hậu - Phân khu 1","industrial_park","92","KCN-KKT discovery (unverified)","https://kcn-kkt.com/kcn/kcn-song-hau-phan-khu-1","2026-09-10","Huyện Kế Sách",,,"song hau phan khu 1","https://kcn-kkt.com/kcn/kcn-song-hau-phan-khu-1","discovery_reported_unverified",,"unresolved",FALSE,"not_verified","needs_identity_or_location_review",,,,,,"not_reported"
"kcn-kkt-kcn-song-hau-phan-khu-2","KCN Sông Hậu - Phân khu 2","industrial_park","92","KCN-KKT discovery (unverified)","https://kcn-kkt.com/kcn/kcn-song-hau-phan-khu-2","2026-09-10","Huyện Kế Sách",,,"song hau phan khu 2","https://kcn-kkt.com/kcn/kcn-song-hau-phan-khu-2","discovery_reported_unverified",,"unresolved",FALSE,"not_verified","needs_identity_or_location_review",,,,,,"not_reported"
"kcn-kkt-kcn-song-hau-2","KCN Sông Hậu 2","industrial_park","92","KCN-KKT discovery (unverified)","https://kcn-kkt.com/kcn/kcn-song-hau-2","2026-09-10","Huyện Châu Thành",,,"song hau 2","https://kcn-kkt.com/kcn/kcn-song-hau-2","discovery_reported_unverified",,"unresolved",FALSE,"not_verified","needs_identity_or_location_review",,,,,,"not_reported"
"kcn-kkt-kcn-song-hau-3-can-tho","KCN Sông Hậu 3","industrial_park","92","KCN-KKT discovery (unverified)","https://kcn-kkt.com/kcn/kcn-song-hau-3-can-tho","2026-09-10","Phú Hữu, TT Mái Dầm; Châu Thành (Hậu Giang cũ)",,,"song hau 3","https://kcn-kkt.com/kcn/kcn-song-hau-3-can-tho","discovery_reported_unverified",,"unresolved",FALSE,"not_verified","needs_identity_or_location_review",,,,,,"not_reported"
"kcn-kkt-kcn-tan-binh-can-tho","KCN Tân Bình","industrial_park","92","KCN-KKT discovery (unverified)","https://kcn-kkt.com/kcn/kcn-tan-binh-can-tho","2026-09-10","Huyện Phụng Hiệp",,,"tan binh","https://kcn-kkt.com/kcn/kcn-tan-binh-can-tho","discovery_reported_unverified",,"unresolved",FALSE,"not_verified","needs_identity_or_location_review",,,,,,"not_reported"
"kcn-kkt-kcn-tan-binh-ii","KCN Tân Bình II","industrial_park","92","KCN-KKT discovery (unverified)","https://kcn-kkt.com/kcn/kcn-tan-binh-ii","2026-09-10","Huyện Phụng Hiệp",,,"tan binh 2","https://kcn-kkt.com/kcn/kcn-tan-binh-ii","discovery_reported_unverified",,"unresolved",FALSE,"not_verified","needs_identity_or_location_review",,,,,,"not_reported"
"kcn-kkt-kcn-tan-binh-iii","KCN Tân Bình III","industrial_park","92","KCN-KKT discovery (unverified)","https://kcn-kkt.com/kcn/kcn-tan-binh-iii","2026-09-10","Huyện Phụng Hiệp",,,"tan binh 3","https://kcn-kkt.com/kcn/kcn-tan-binh-iii","discovery_reported_unverified",,"unresolved",FALSE,"not_verified","needs_identity_or_location_review",,,,,,"not_reported"
"kcn-kkt-kcn-tan-hoa","KCN Tân Hòa","industrial_park","92","KCN-KKT discovery (unverified)","https://kcn-kkt.com/kcn/kcn-tan-hoa","2026-09-10","Huyện Châu Thành A",,,"tan hoa","https://kcn-kkt.com/kcn/kcn-tan-hoa","discovery_reported_unverified",,"unresolved",FALSE,"not_verified","needs_identity_or_location_review",,,,,,"not_reported"
"kcn-kkt-kcn-tan-phu-thanh-giai-doan-1","KCN Tân Phú Thanh - Giai đoạn 1","industrial_park","92","KCN-KKT discovery (unverified)","https://kcn-kkt.com/kcn/kcn-tan-phu-thanh-giai-doan-1","2026-09-10","Huyện Châu Thành A",,,"tan phu thanh giai doan 1","https://kcn-kkt.com/kcn/kcn-tan-phu-thanh-giai-doan-1","discovery_reported_unverified",,"unresolved",FALSE,"not_verified","needs_identity_or_location_review",,,,,,"not_reported"
"kcn-kkt-kcn-tan-phu-thanh-2","KCN Tân Phú Thạnh 2","industrial_park","92","KCN-KKT discovery (unverified)","https://kcn-kkt.com/kcn/kcn-tan-phu-thanh-2","2026-09-10","Tân Phú Thạnh; Châu Thành A (Hậu Giang cũ)",,,"tan phu thanh 2","https://kcn-kkt.com/kcn/kcn-tan-phu-thanh-2","discovery_reported_unverified",,"unresolved",FALSE,"not_verified","needs_identity_or_location_review",,,,,,"not_reported"
"kcn-kkt-kcn-tan-phuoc-hung","KCN Tân Phước Hưng","industrial_park","92","KCN-KKT discovery (unverified)","https://kcn-kkt.com/kcn/kcn-tan-phuoc-hung","2026-09-10","Huyện Phụng Hiệp",,,"tan phuoc hung","https://kcn-kkt.com/kcn/kcn-tan-phuoc-hung","discovery_reported_unverified",,"unresolved",FALSE,"not_verified","needs_identity_or_location_review",,,,,,"not_reported"
"kcn-kkt-kcn-tan-thanh","KCN Tân Thành","industrial_park","92","KCN-KKT discovery (unverified)","https://kcn-kkt.com/kcn/kcn-tan-thanh","2026-09-10","Tân Thành; TP Ngã Bảy (Hậu Giang cũ)",,,"tan thanh","https://kcn-kkt.com/kcn/kcn-tan-thanh","discovery_reported_unverified",,"unresolved",FALSE,"not_verified","needs_identity_or_location_review",,,,,,"not_reported"
"kcn-kkt-kcn-tra-noc-1","KCN Trà Nóc 1","industrial_park","92","KCN-KKT discovery (unverified)","https://kcn-kkt.com/kcn/kcn-tra-noc-1","2026-09-10","Quận Bình Thủy",,,"tra noc 1","https://kcn-kkt.com/kcn/kcn-tra-noc-1","discovery_reported_unverified",,"unresolved",FALSE,"not_verified","needs_identity_or_location_review",,,,,,"not_reported"
"kcn-kkt-kcn-tra-noc-2","KCN Trà Nóc 2","industrial_park","92","KCN-KKT discovery (unverified)","https://kcn-kkt.com/kcn/kcn-tra-noc-2","2026-09-10","Quận Ô Môn",,,"tra noc 2","https://kcn-kkt.com/kcn/kcn-tra-noc-2","discovery_reported_unverified",,"unresolved",FALSE,"not_verified","needs_identity_or_location_review",,,,,,"not_reported"
"kcn-kkt-kcn-tran-de","KCN Trần Đề","industrial_park","92","KCN-KKT discovery (unverified)","https://kcn-kkt.com/kcn/kcn-tran-de","2026-09-10","Huyện Trần Đề",,,"tran de","https://kcn-kkt.com/kcn/kcn-tran-de","discovery_reported_unverified",,"unresolved",FALSE,"not_verified","needs_identity_or_location_review",,,,,,"not_reported"
"kcn-kkt-kcn-tran-de-2","KCN Trần Đề 2","industrial_park","92","KCN-KKT discovery (unverified)","https://kcn-kkt.com/kcn/kcn-tran-de-2","2026-09-10","Huyện Trần Đề",,,"tran de 2","https://kcn-kkt.com/kcn/kcn-tran-de-2","discovery_reported_unverified",,"unresolved",FALSE,"not_verified","needs_identity_or_location_review",,,,,,"not_reported"
"kcn-kkt-kcn-vinh-thanh-giai-doan-1","KCN Vĩnh Thanh (giai đoạn 1)","industrial_park","92","KCN-KKT discovery (unverified)","https://kcn-kkt.com/kcn/kcn-vinh-thanh-giai-doan-1","2026-09-10","Huyện Vĩnh Thanh",,,"vinh thanh giai doan 1","https://kcn-kkt.com/kcn/kcn-vinh-thanh-giai-doan-1","discovery_reported_unverified",,"unresolved",FALSE,"not_verified","needs_identity_or_location_review",,,,,,"not_reported"
"kcn-kkt-kcn-vinh-thanh-giai-doan-2","KCN Vĩnh Thạnh (giai đoạn 2)","industrial_park","92","KCN-KKT discovery (unverified)","https://kcn-kkt.com/kcn/kcn-vinh-thanh-giai-doan-2","2026-09-10","Huyện Vĩnh Thạnh",,,"vinh thanh giai doan 2","https://kcn-kkt.com/kcn/kcn-vinh-thanh-giai-doan-2","discovery_reported_unverified",,"unresolved",FALSE,"not_verified","needs_identity_or_location_review",,,,,,"not_reported"
"kcn-kkt-kcn-vinh-thanh-2","KCN Vĩnh Thạnh 2","industrial_park","92","KCN-KKT discovery (unverified)","https://kcn-kkt.com/kcn/kcn-vinh-thanh-2","2026-09-10","Huyện Vĩnh Thạnh",,,"vinh thanh 2","https://kcn-kkt.com/kcn/kcn-vinh-thanh-2","discovery_reported_unverified",,"unresolved",FALSE,"not_verified","needs_identity_or_location_review",,,,,,"not_reported"
"kcn-kkt-kcn-vinh-thanh-3","KCN Vĩnh Thạnh 3","industrial_park","92","KCN-KKT discovery (unverified)","https://kcn-kkt.com/kcn/kcn-vinh-thanh-3","2026-09-10","Huyện Vĩnh Thạnh",,,"vinh thanh 3","https://kcn-kkt.com/kcn/kcn-vinh-thanh-3","discovery_reported_unverified",,"unresolved",FALSE,"not_verified","needs_identity_or_location_review",,,,,,"not_reported"
"kcn-kkt-kcn-vinh-thanh-4","KCN Vĩnh Thạnh 4","industrial_park","92","KCN-KKT discovery (unverified)","https://kcn-kkt.com/kcn/kcn-vinh-thanh-4","2026-09-10","Huyện Vĩnh Thạnh",,,"vinh thanh 4","https://kcn-kkt.com/kcn/kcn-vinh-thanh-4","discovery_reported_unverified",,"unresolved",FALSE,"not_verified","needs_identity_or_location_review",,,,,,"not_reported"
"kcn-kkt-kcn-vinh-thanh-5","KCN Vĩnh Thạnh 5","industrial_park","92","KCN-KKT discovery (unverified)","https://kcn-kkt.com/kcn/kcn-vinh-thanh-5","2026-09-10","Huyện Vĩnh Thạnh, huyện Cờ Đỏ, quận Thốt Nốt",,,"vinh thanh 5","https://kcn-kkt.com/kcn/kcn-vinh-thanh-5","discovery_reported_unverified",,"unresolved",FALSE,"not_verified","needs_identity_or_location_review",,,,,,"not_reported"
"kcn-kkt-kcn-vinh-vien","KCN Vĩnh Viễn","industrial_park","92","KCN-KKT discovery (unverified)","https://kcn-kkt.com/kcn/kcn-vinh-vien","2026-09-10","Huyện Long Mỹ",,,"vinh vien","https://kcn-kkt.com/kcn/kcn-vinh-vien","discovery_reported_unverified",,"unresolved",FALSE,"not_verified","needs_identity_or_location_review",,,,,,"not_reported"
"kcn-kkt-khu-cong-nghiep-do-thi-dich-vu-phu-my","Khu công nghiệp - đô thị - dịch vụ Phú Mỹ","industrial_park","92","KCN-KKT discovery (unverified)","https://kcn-kkt.com/kcn/khu-cong-nghiep-do-thi-dich-vu-phu-my","2026-09-10","Huyện Mỹ Xuyên, huyện Mỹ Tú, huyện Châu Thành và thành phố Sóc Trăng",,,"do thi dich vu phu my","https://kcn-kkt.com/kcn/khu-cong-nghiep-do-thi-dich-vu-phu-my","discovery_reported_unverified",,"unresolved",FALSE,"not_verified","needs_identity_or_location_review",,,,,,"not_reported"
"kcn-kkt-khu-cong-nghiep-do-thi-dich-vu-tran-de","Khu công nghiệp - đô thị - dịch vụ Trần Đề","industrial_park","92","KCN-KKT discovery (unverified)","https://kcn-kkt.com/kcn/khu-cong-nghiep-do-thi-dich-vu-tran-de","2026-09-10","Huyện Trần Đề",,,"do thi dich vu tran de","https://kcn-kkt.com/kcn/khu-cong-nghiep-do-thi-dich-vu-tran-de","discovery_reported_unverified",,"unresolved",FALSE,"not_verified","needs_identity_or_location_review",,,,,,"not_reported"
"kcn-kkt-kcn-bac-chu-lai","KCN Bắc Chu Lai","industrial_park","48","KCN-KKT discovery (unverified)","https://kcn-kkt.com/kcn/kcn-bac-chu-lai","2026-09-10","Huyện Núi Thành",,,"bac chu lai","https://kcn-kkt.com/kcn/kcn-bac-chu-lai","discovery_reported_unverified",,"unresolved",FALSE,"not_verified","needs_identity_or_location_review",,,,,,"not_reported"
"kcn-kkt-kcn-bac-thang-binh-1","KCN Bắc Thăng Bình 1","industrial_park","48","KCN-KKT discovery (unverified)","https://kcn-kkt.com/kcn/kcn-bac-thang-binh-1","2026-09-10","Các huyện: Quế Sơn, Thăng Bình",,,"bac thang binh 1","https://kcn-kkt.com/kcn/kcn-bac-thang-binh-1","discovery_reported_unverified",,"unresolved",FALSE,"not_verified","needs_identity_or_location_review",,,,,,"not_reported"
"kcn-kkt-kcn-bac-thang-binh-2","KCN Bắc Thăng Bình 2","industrial_park","48","KCN-KKT discovery (unverified)","https://kcn-kkt.com/kcn/kcn-bac-thang-binh-2","2026-09-10","Huyện Thăng Bình",,,"bac thang binh 2","https://kcn-kkt.com/kcn/kcn-bac-thang-binh-2","discovery_reported_unverified",,"unresolved",FALSE,"not_verified","needs_identity_or_location_review",,,,,,"not_reported"
"kcn-kkt-kcn-binh-lam-binh-lan","KCN Bình Lâm - Bình Lăn","industrial_park","48","KCN-KKT discovery (unverified)","https://kcn-kkt.com/kcn/kcn-binh-lam-binh-lan","2026-09-10","Các huyện: Hiệp Đức, Thăng Bình",,,"binh lam binh lan","https://kcn-kkt.com/kcn/kcn-binh-lam-binh-lan","discovery_reported_unverified",,"unresolved",FALSE,"not_verified","needs_identity_or_location_review",,,,,,"not_reported"
"kcn-kkt-kcn-cang-hau-can-cang-tam-hiep","KCN căng - hậu cần căng Tam Hiệp","industrial_park","48","KCN-KKT discovery (unverified)","https://kcn-kkt.com/kcn/kcn-cang-hau-can-cang-tam-hiep","2026-09-10","Huyện Núi Thành",,,"cang hau can cang tam hiep","https://kcn-kkt.com/kcn/kcn-cang-hau-can-cang-tam-hiep","discovery_reported_unverified",,"unresolved",FALSE,"not_verified","needs_identity_or_location_review",,,,,,"not_reported"
"kcn-kkt-kcn-co-khi-o-to-chu-lai-truong-hai-mo-rong","KCN có khí ô tô Chu Lai - Trương Hải mở rộng","industrial_park","48","KCN-KKT discovery (unverified)","https://kcn-kkt.com/kcn/kcn-co-khi-o-to-chu-lai-truong-hai-mo-rong","2026-09-10","Huyện Núi Thành",,,"co khi o to chu lai truong hai mo rong","https://kcn-kkt.com/kcn/kcn-co-khi-o-to-chu-lai-truong-hai-mo-rong","discovery_reported_unverified",,"unresolved",FALSE,"not_verified","needs_identity_or_location_review",,,,,,"not_reported"
"kcn-kkt-kcn-cong-nghe-cao-2","KCN Công nghệ cao 2","industrial_park","48","KCN-KKT discovery (unverified)","https://kcn-kkt.com/kcn/kcn-cong-nghe-cao-2","2026-09-10","Huyện Thăng Bình",,,"cong nghe cao 2","https://kcn-kkt.com/kcn/kcn-cong-nghe-cao-2","discovery_reported_unverified",,"unresolved",FALSE,"not_verified","needs_identity_or_location_review",,,,,,"not_reported"
"kcn-kkt-kcn-cong-nghe-cao-thang-binh","KCN công nghệ cao Thăng Bình","industrial_park","48","KCN-KKT discovery (unverified)","https://kcn-kkt.com/kcn/kcn-cong-nghe-cao-thang-binh","2026-09-10","Huyện Thăng Bình",,,"cong nghe cao thang binh","https://kcn-kkt.com/kcn/kcn-cong-nghe-cao-thang-binh","discovery_reported_unverified",,"unresolved",FALSE,"not_verified","needs_identity_or_location_review",,,,,,"not_reported"
"kcn-kkt-kcn-co-khi-o-to-chu-lai-truong-hai","KCN cơ khí ô tô Chu Lai - Trường Hải","industrial_park","48","KCN-KKT discovery (unverified)","https://kcn-kkt.com/kcn/kcn-co-khi-o-to-chu-lai-truong-hai","2026-09-10","Huyện Núi Thành",,,"co khi o to chu lai truong hai","https://kcn-kkt.com/kcn/kcn-co-khi-o-to-chu-lai-truong-hai","discovery_reported_unverified",,"unresolved",FALSE,"not_verified","needs_identity_or_location_review",,,,,,"not_reported"
"kcn-kkt-kcn-da-nang","KCN Đà Nẵng","industrial_park","48","KCN-KKT discovery (unverified)","https://kcn-kkt.com/kcn/kcn-da-nang","2026-09-10","Quận Sơn Trà",,,"da nang","https://kcn-kkt.com/kcn/kcn-da-nang","discovery_reported_unverified",,"unresolved",FALSE,"not_verified","needs_identity_or_location_review",,,,,,"not_reported"
"kcn-kkt-kcn-dai-loc","KCN Đại Lộc","industrial_park","48","KCN-KKT discovery (unverified)","https://kcn-kkt.com/kcn/kcn-dai-loc","2026-09-10","Huyện Đại Lộc",,,"dai loc","https://kcn-kkt.com/kcn/kcn-dai-loc","discovery_reported_unverified",,"unresolved",FALSE,"not_verified","needs_identity_or_location_review",,,,,,"not_reported"
"kcn-kkt-kcn-dai-son","KCN Đại Sơn","industrial_park","48","KCN-KKT discovery (unverified)","https://kcn-kkt.com/kcn/kcn-dai-son","2026-09-10","Huyện Đại Lộc",,,"dai son","https://kcn-kkt.com/kcn/kcn-dai-son","discovery_reported_unverified",,"unresolved",FALSE,"not_verified","needs_identity_or_location_review",,,,,,"not_reported"
"kcn-kkt-kcn-do-thi-dich-vu-dien-tien","KCN đô thị dịch vụ Điện Tiến","industrial_park","48","KCN-KKT discovery (unverified)","https://kcn-kkt.com/kcn/kcn-do-thi-dich-vu-dien-tien","2026-09-10","Thị xã Điện Bàn",,,"do thi dich vu dien tien","https://kcn-kkt.com/kcn/kcn-do-thi-dich-vu-dien-tien","discovery_reported_unverified",,"unresolved",FALSE,"not_verified","needs_identity_or_location_review",,,,,,"not_reported"
"kcn-kkt-kcn-hoa-cam-giai-doan-2","KCN Hòa Câm - giai đoạn 2","industrial_park","48","KCN-KKT discovery (unverified)","https://kcn-kkt.com/kcn/kcn-hoa-cam-giai-doan-2","2026-09-10","Quận Câm Lệ, Huyện Hòa Vang",,,"hoa cam giai doan 2","https://kcn-kkt.com/kcn/kcn-hoa-cam-giai-doan-2","discovery_reported_unverified",,"unresolved",FALSE,"not_verified","needs_identity_or_location_review",,,,,,"not_reported"
"kcn-kkt-kcn-hoa-khanh-mo-rong","KCN Hòa Khánh mở rộng","industrial_park","48","KCN-KKT discovery (unverified)","https://kcn-kkt.com/kcn/kcn-hoa-khanh-mo-rong","2026-09-10","Quận Liên Chiểu",,,"hoa khanh mo rong","https://kcn-kkt.com/kcn/kcn-hoa-khanh-mo-rong","discovery_reported_unverified",,"unresolved",FALSE,"not_verified","needs_identity_or_location_review",,,,,,"not_reported"
"kcn-kkt-kcn-hoa-nhon","KCN Hòa Nhơn","industrial_park","48","KCN-KKT discovery (unverified)","https://kcn-kkt.com/kcn/kcn-hoa-nhon","2026-09-10","Huyện Hòa Vang",,,"hoa nhon","https://kcn-kkt.com/kcn/kcn-hoa-nhon","discovery_reported_unverified",,"unresolved",FALSE,"not_verified","needs_identity_or_location_review",,,,,,"not_reported"
"kcn-kkt-kcn-hoa-ninh","KCN Hòa Ninh","industrial_park","48","KCN-KKT discovery (unverified)","https://kcn-kkt.com/kcn/kcn-hoa-ninh","2026-09-10","Huyện Hòa Vang",,,"hoa ninh","https://kcn-kkt.com/kcn/kcn-hoa-ninh","discovery_reported_unverified",,"unresolved",FALSE,"not_verified","needs_identity_or_location_review",,,,,,"not_reported"
"kcn-kkt-kcn-hoa-vang","KCN Hòa Vang","industrial_park","48","KCN-KKT discovery (unverified)","https://kcn-kkt.com/kcn/kcn-hoa-vang","2026-09-10","Huyện Hòa Vang",,,"hoa vang","https://kcn-kkt.com/kcn/kcn-hoa-vang","discovery_reported_unverified",,"unresolved",FALSE,"not_verified","needs_identity_or_location_review",,,,,,"not_reported"
"kcn-kkt-kcn-ho-tro-khu-cong-nghe-cao","KCN hỗ trợ Khu Công nghệ cao","hi_tech_park","48","KCN-KKT discovery (unverified)","https://kcn-kkt.com/kcn/kcn-ho-tro-khu-cong-nghe-cao","2026-09-10","Huyện Hòa Vang",,,"ho tro khu cong nghe cao","https://kcn-kkt.com/kcn/kcn-ho-tro-khu-cong-nghe-cao","discovery_reported_unverified",,"unresolved",FALSE,"not_verified","needs_identity_or_location_review",,,,,,"not_reported"
"kcn-kkt-kcn-khi-nang-luong-va-cac-nganh-cong-nghiep-su-dung-nang-luong-va-san-pham-sau-khi","KCN khí - năng lượng và các ngành công nghiệp sử dụng năng lượng và sản phẩm sau khí","industrial_park","48","KCN-KKT discovery (unverified)","https://kcn-kkt.com/kcn/kcn-khi-nang-luong-va-cac-nganh-cong-nghiep-su-dung-nang-luong-va-san-pham-sau-khi","2026-09-10","Huyện Núi Thành",,,"khi nang luong va cac nganh cong nghiep su dung nang luong va san pham sau khi","https://kcn-kkt.com/kcn/kcn-khi-nang-luong-va-cac-nganh-cong-nghiep-su-dung-nang-luong-va-san-pham-sau-khi","discovery_reported_unverified",,"unresolved",FALSE,"not_verified","needs_identity_or_location_review",,,,,,"not_reported"
"kcn-kkt-kcn-nam-thang-binh","KCN Nam Thăng Bình","industrial_park","48","KCN-KKT discovery (unverified)","https://kcn-kkt.com/kcn/kcn-nam-thang-binh","2026-09-10","Huyện Thăng Bình",,,"nam thang binh","https://kcn-kkt.com/kcn/kcn-nam-thang-binh","discovery_reported_unverified",,"unresolved",FALSE,"not_verified","needs_identity_or_location_review",,,,,,"not_reported"
"kcn-kkt-kcn-phia-tay-cao-toc-doan-qua-huyen-thang-binh","KCN phía Tây cao tốc đoạn qua huyện Thăng Bình","industrial_park","48","KCN-KKT discovery (unverified)","https://kcn-kkt.com/kcn/kcn-phia-tay-cao-toc-doan-qua-huyen-thang-binh","2026-09-10","Huyện Thăng Bình",,,"phia tay cao toc doan qua huyen thang binh","https://kcn-kkt.com/kcn/kcn-phia-tay-cao-toc-doan-qua-huyen-thang-binh","discovery_reported_unverified",,"unresolved",FALSE,"not_verified","needs_identity_or_location_review",,,,,,"not_reported"
"kcn-kkt-kcn-phu-xuan","KCN Phủ Xuân","industrial_park","48","KCN-KKT discovery (unverified)","https://kcn-kkt.com/kcn/kcn-phu-xuan","2026-09-10","Huyện Phủ Ninh",,,"phu xuan","https://kcn-kkt.com/kcn/kcn-phu-xuan","discovery_reported_unverified",,"unresolved",FALSE,"not_verified","needs_identity_or_location_review",,,,,,"not_reported"
"kcn-kkt-kcn-tam-anh-an-an-hoa","KCN Tam Anh - An Ấn Hoà","industrial_park","48","KCN-KKT discovery (unverified)","https://kcn-kkt.com/kcn/kcn-tam-anh-an-an-hoa","2026-09-10","Huyện Núi Thành",,,"tam anh an an hoa","https://kcn-kkt.com/kcn/kcn-tam-anh-an-an-hoa","discovery_reported_unverified",,"unresolved",FALSE,"not_verified","needs_identity_or_location_review",,,,,,"not_reported"
"kcn-kkt-kcn-tam-anh-han-quoc","KCN Tam Anh - Hàn Quốc","industrial_park","48","KCN-KKT discovery (unverified)","https://kcn-kkt.com/kcn/kcn-tam-anh-han-quoc","2026-09-10","Huyện Núi Thành",,,"tam anh han quoc","https://kcn-kkt.com/kcn/kcn-tam-anh-han-quoc","discovery_reported_unverified",,"unresolved",FALSE,"not_verified","needs_identity_or_location_review",,,,,,"not_reported"
"kcn-kkt-kcn-tam-anh-1","KCN Tam Anh 1","industrial_park","48","KCN-KKT discovery (unverified)","https://kcn-kkt.com/kcn/kcn-tam-anh-1","2026-09-10","Huyện Núi Thành",,,"tam anh 1","https://kcn-kkt.com/kcn/kcn-tam-anh-1","discovery_reported_unverified",,"unresolved",FALSE,"not_verified","needs_identity_or_location_review",,,,,,"not_reported"
"kcn-kkt-kcn-tam-anh-3","KCN Tam Anh 3","industrial_park","48","KCN-KKT discovery (unverified)","https://kcn-kkt.com/kcn/kcn-tam-anh-3","2026-09-10","Huyện Núi Thành",,,"tam anh 3","https://kcn-kkt.com/kcn/kcn-tam-anh-3","discovery_reported_unverified",,"unresolved",FALSE,"not_verified","needs_identity_or_location_review",,,,,,"not_reported"
"kcn-kkt-kcn-tam-thang-2","KCN Tam Thăng 2","industrial_park","48","KCN-KKT discovery (unverified)","https://kcn-kkt.com/kcn/kcn-tam-thang-2","2026-09-10","Các huyện, thành phố: Tam Kỳ, Thăng Bình",,,"tam thang 2","https://kcn-kkt.com/kcn/kcn-tam-thang-2","discovery_reported_unverified",,"unresolved",FALSE,"not_verified","needs_identity_or_location_review",,,,,,"not_reported"
"kcn-kkt-kcn-tam-thang-mo-rong","KCN Tam Thăng mở rộng","industrial_park","48","KCN-KKT discovery (unverified)","https://kcn-kkt.com/kcn/kcn-tam-thang-mo-rong","2026-09-10","Huyện Thăng Bình",,,"tam thang mo rong","https://kcn-kkt.com/kcn/kcn-tam-thang-mo-rong","discovery_reported_unverified",,"unresolved",FALSE,"not_verified","needs_identity_or_location_review",,,,,,"not_reported"
"kcn-kkt-kcn-tam-thang-mo-rong-2","KCN Tam Thăng mở rộng 2","industrial_park","48","KCN-KKT discovery (unverified)","https://kcn-kkt.com/kcn/kcn-tam-thang-mo-rong-2","2026-09-10","Huyện Thăng Bình",,,"tam thang mo rong 2","https://kcn-kkt.com/kcn/kcn-tam-thang-mo-rong-2","discovery_reported_unverified",,"unresolved",FALSE,"not_verified","needs_identity_or_location_review",,,,,,"not_reported"
"kcn-kkt-kcn-tay-que-son","KCN Tây Quế Sơn","industrial_park","48","KCN-KKT discovery (unverified)","https://kcn-kkt.com/kcn/kcn-tay-que-son","2026-09-10","Huyện Quế Sơn",,,"tay que son","https://kcn-kkt.com/kcn/kcn-tay-que-son","discovery_reported_unverified",,"unresolved",FALSE,"not_verified","needs_identity_or_location_review",,,,,,"not_reported"
"kcn-kkt-kcn-thaco-chu-lai","KCN Thaco Chu Lai","industrial_park","48","KCN-KKT discovery (unverified)","https://kcn-kkt.com/kcn/kcn-thaco-chu-lai","2026-09-10","Huyện Núi Thành",,,"thaco chu lai","https://kcn-kkt.com/kcn/kcn-thaco-chu-lai","discovery_reported_unverified",,"unresolved",FALSE,"not_verified","needs_identity_or_location_review",,,,,,"not_reported"
"kcn-kkt-kcn-thuan-yen","KCN Thuận Yên","industrial_park","48","KCN-KKT discovery (unverified)","https://kcn-kkt.com/kcn/kcn-thuan-yen","2026-09-10","Thành phố Tam Kỳ",,,"thuan yen","https://kcn-kkt.com/kcn/kcn-thuan-yen","discovery_reported_unverified",,"unresolved",FALSE,"not_verified","needs_identity_or_location_review",,,,,,"not_reported"
"kcn-kkt-khu-cong-nghiep-tam-thang-2","Khu công nghiệp Tam Thăng 2","industrial_park","48","KCN-KKT discovery (unverified)","https://kcn-kkt.com/kcn/khu-cong-nghiep-tam-thang-2","2026-09-10","Tỉnh Quảng Nam",,,"tam thang 2","https://kcn-kkt.com/kcn/khu-cong-nghiep-tam-thang-2","discovery_reported_unverified",,"unresolved",FALSE,"not_verified","needs_identity_or_location_review",,,,,,"not_reported"
"kcn-kkt-ea-h-leo","Ea H'leo","unclassified","66","KCN-KKT discovery (unverified)","https://kcn-kkt.com/kcn/ea-h-leo","2026-09-10","Huyện Ea H'leo",,,"ea h leo","https://kcn-kkt.com/kcn/ea-h-leo","discovery_reported_unverified",,"unresolved",FALSE,"not_verified","needs_identity_or_location_review",,,,,,"not_reported"
"kcn-kkt-ea-kar","Ea Kar","unclassified","66","KCN-KKT discovery (unverified)","https://kcn-kkt.com/kcn/ea-kar","2026-09-10","Huyện Ea Kar",,,"ea kar","https://kcn-kkt.com/kcn/ea-kar","discovery_reported_unverified",,"unresolved",FALSE,"not_verified","needs_identity_or_location_review",,,,,,"not_reported"
"kcn-kkt-kcn-cong-nghe-cao","KCN công nghệ cao","industrial_park","66","KCN-KKT discovery (unverified)","https://kcn-kkt.com/kcn/kcn-cong-nghe-cao","2026-09-10","Thị xã Đông Hòa",,,"cong nghe cao","https://kcn-kkt.com/kcn/kcn-cong-nghe-cao","discovery_reported_unverified",,"unresolved",FALSE,"not_verified","needs_identity_or_location_review",,,,,,"not_reported"
"kcn-kkt-kcn-dong-bac-song-cau-khu-vuc-1","KCN Đông Bắc Sông câu khu vực 1","industrial_park","66","KCN-KKT discovery (unverified)","https://kcn-kkt.com/kcn/kcn-dong-bac-song-cau-khu-vuc-1","2026-09-10","Thị xã Sông Cầu",,,"dong bac song cau khu vuc 1","https://kcn-kkt.com/kcn/kcn-dong-bac-song-cau-khu-vuc-1","discovery_reported_unverified",,"unresolved",FALSE,"not_verified","needs_identity_or_location_review",,,,,,"not_reported"
"kcn-kkt-kcn-dong-bac-song-cau-khu-vuc-2","KCN Đông Bắc Sông câu khu vực 2","industrial_park","66","KCN-KKT discovery (unverified)","https://kcn-kkt.com/kcn/kcn-dong-bac-song-cau-khu-vuc-2","2026-09-10","Thị xã Sông Cầu",,,"dong bac song cau khu vuc 2","https://kcn-kkt.com/kcn/kcn-dong-bac-song-cau-khu-vuc-2","discovery_reported_unverified",,"unresolved",FALSE,"not_verified","needs_identity_or_location_review",,,,,,"not_reported"
"kcn-kkt-kcn-hau-can-san-bay","KCN hầu cần sân bay","industrial_park","66","KCN-KKT discovery (unverified)","https://kcn-kkt.com/kcn/kcn-hau-can-san-bay","2026-09-10","Thị xã Đông Hòa",,,"hau can san bay","https://kcn-kkt.com/kcn/kcn-hau-can-san-bay","discovery_reported_unverified",,"unresolved",FALSE,"not_verified","needs_identity_or_location_review",,,,,,"not_reported"
"kcn-kkt-kcn-hoa-hiep-1","KCN Hòa Hiệp 1","industrial_park","66","KCN-KKT discovery (unverified)","https://kcn-kkt.com/kcn/kcn-hoa-hiep-1","2026-09-10","Thị xã Đông Hòa",,,"hoa hiep 1","https://kcn-kkt.com/kcn/kcn-hoa-hiep-1","discovery_reported_unverified",,"unresolved",FALSE,"not_verified","needs_identity_or_location_review",,,,,,"not_reported"
"kcn-kkt-kcn-hoa-hiep-2","KCN Hòa Hiệp 2","industrial_park","66","KCN-KKT discovery (unverified)","https://kcn-kkt.com/kcn/kcn-hoa-hiep-2","2026-09-10","Thị xã Đông Hòa",,,"hoa hiep 2","https://kcn-kkt.com/kcn/kcn-hoa-hiep-2","discovery_reported_unverified",,"unresolved",FALSE,"not_verified","needs_identity_or_location_review",,,,,,"not_reported"
"kcn-kkt-kcn-hoa-tam","KCN Hòa Tâm","industrial_park","66","KCN-KKT discovery (unverified)","https://kcn-kkt.com/kcn/kcn-hoa-tam","2026-09-10","Thị xã Đông Hòa",,,"hoa tam","https://kcn-kkt.com/kcn/kcn-hoa-tam","discovery_reported_unverified",,"unresolved",FALSE,"not_verified","needs_identity_or_location_review",,,,,,"not_reported"
"kcn-kkt-kcn-hoa-tam-dak-lak","KCN Hòa Tâm","industrial_park","66","KCN-KKT discovery (unverified)","https://kcn-kkt.com/kcn/kcn-hoa-tam-dak-lak","2026-09-10","Thị xã Đông Hòa",,,"hoa tam","https://kcn-kkt.com/kcn/kcn-hoa-tam-dak-lak","discovery_reported_unverified",,"unresolved",FALSE,"not_verified","needs_identity_or_location_review",,,,,,"not_reported"
"kcn-kkt-kcn-hoa-thanh","KCN Hòa Thành","industrial_park","66","KCN-KKT discovery (unverified)","https://kcn-kkt.com/kcn/kcn-hoa-thanh","2026-09-10","Thị xã Đông Hòa và Thành phố Tuy Hòa",,,"hoa thanh","https://kcn-kkt.com/kcn/kcn-hoa-thanh","discovery_reported_unverified",,"unresolved",FALSE,"not_verified","needs_identity_or_location_review",,,,,,"not_reported"
"kcn-kkt-kcn-hoa-thanh-dak-lak","KCN Hòa Thành","industrial_park","66","KCN-KKT discovery (unverified)","https://kcn-kkt.com/kcn/kcn-hoa-thanh-dak-lak","2026-09-10","Thị xã Đông Hòa",,,"hoa thanh","https://kcn-kkt.com/kcn/kcn-hoa-thanh-dak-lak","discovery_reported_unverified",,"unresolved",FALSE,"not_verified","needs_identity_or_location_review",,,,,,"not_reported"
"kcn-kkt-kcn-hoa-xuan-dong","KCN Hòa Xuân Đông","industrial_park","66","KCN-KKT discovery (unverified)","https://kcn-kkt.com/kcn/kcn-hoa-xuan-dong","2026-09-10","Thị xã Đông Hòa",,,"hoa xuan dong","https://kcn-kkt.com/kcn/kcn-hoa-xuan-dong","discovery_reported_unverified",,"unresolved",FALSE,"not_verified","needs_identity_or_location_review",,,,,,"not_reported"
"kcn-kkt-kcn-hoa-xuan-dong-dak-lak","KCN Hòa Xuân Đông","industrial_park","66","KCN-KKT discovery (unverified)","https://kcn-kkt.com/kcn/kcn-hoa-xuan-dong-dak-lak","2026-09-10","Thị xã Đông Hòa",,,"hoa xuan dong","https://kcn-kkt.com/kcn/kcn-hoa-xuan-dong-dak-lak","discovery_reported_unverified",,"unresolved",FALSE,"not_verified","needs_identity_or_location_review",,,,,,"not_reported"
"kcn-kkt-kcn-hoa-xuan-tay","KCN Hòa Xuân Tây","industrial_park","66","KCN-KKT discovery (unverified)","https://kcn-kkt.com/kcn/kcn-hoa-xuan-tay","2026-09-10","Thị xã Đông Hòa",,,"hoa xuan tay","https://kcn-kkt.com/kcn/kcn-hoa-xuan-tay","discovery_reported_unverified",,"unresolved",FALSE,"not_verified","needs_identity_or_location_review",,,,,,"not_reported"
"kcn-kkt-kcn-hoa-xuan-tay-dak-lak","KCN Hòa Xuân Tây","industrial_park","66","KCN-KKT discovery (unverified)","https://kcn-kkt.com/kcn/kcn-hoa-xuan-tay-dak-lak","2026-09-10","Thị xã Đông Hòa",,,"hoa xuan tay","https://kcn-kkt.com/kcn/kcn-hoa-xuan-tay-dak-lak","discovery_reported_unverified",,"unresolved",FALSE,"not_verified","needs_identity_or_location_review",,,,,,"not_reported"
"kcn-kkt-kcn-phu-xuan-dak-lak","KCN Phú Xuân","industrial_park","66","KCN-KKT discovery (unverified)","https://kcn-kkt.com/kcn/kcn-phu-xuan-dak-lak","2026-09-10","Huyện Cư M'gar",,,"phu xuan","https://kcn-kkt.com/kcn/kcn-phu-xuan-dak-lak","discovery_reported_unverified",,"unresolved",FALSE,"not_verified","needs_identity_or_location_review",,,,,,"not_reported"
"kcn-kkt-m-drak","M'Đrắk","unclassified","66","KCN-KKT discovery (unverified)","https://kcn-kkt.com/kcn/m-drak","2026-09-10","Huyện M'Đrắk",,,"m drak","https://kcn-kkt.com/kcn/m-drak","discovery_reported_unverified",,"unresolved",FALSE,"not_verified","needs_identity_or_location_review",,,,,,"not_reported"
"kcn-kkt-kcn-tay-bac","KCN Tây Bắc","industrial_park","11","KCN-KKT discovery (unverified)","https://kcn-kkt.com/kcn/kcn-tay-bac","2026-09-10","Huyện Điện Biên",,,"tay bac","https://kcn-kkt.com/kcn/kcn-tay-bac","discovery_reported_unverified",,"unresolved",FALSE,"not_verified","needs_identity_or_location_review",,,,,,"not_reported"
"kcn-kkt-cac-kcn-dong-nam-dong-phu","Các KCN Đông Nam Đông Phú","industrial_park","75","KCN-KKT discovery (unverified)","https://kcn-kkt.com/kcn/cac-kcn-dong-nam-dong-phu","2026-09-10","Huyện Đông Phú",,,"cac kcn dong nam dong phu","https://kcn-kkt.com/kcn/cac-kcn-dong-nam-dong-phu","discovery_reported_unverified",,"unresolved",FALSE,"not_verified","needs_identity_or_location_review",,,,,,"not_reported"
"kcn-kkt-cac-kcn-dong-nam-dong-phu-dong-nai","Các KCN Đông Nam Đông Phú","industrial_park","75","KCN-KKT discovery (unverified)","https://kcn-kkt.com/kcn/cac-kcn-dong-nam-dong-phu-dong-nai","2026-09-10","Huyện Đông Phú",,,"cac kcn dong nam dong phu","https://kcn-kkt.com/kcn/cac-kcn-dong-nam-dong-phu-dong-nai","discovery_reported_unverified",,"unresolved",FALSE,"not_verified","needs_identity_or_location_review",,,,,,"not_reported"
"kcn-kkt-cac-kcn-trong-phan-khu-cong-nghiep-trong-kkt","Các KCN trong phân khu công nghiệp trong KKT","industrial_park","75","KCN-KKT discovery (unverified)","https://kcn-kkt.com/kcn/cac-kcn-trong-phan-khu-cong-nghiep-trong-kkt","2026-09-10","KKTCK Hoa Lư",,,"cac kcn trong phan khu cong nghiep trong kkt","https://kcn-kkt.com/kcn/cac-kcn-trong-phan-khu-cong-nghiep-trong-kkt","discovery_reported_unverified",,"unresolved",FALSE,"not_verified","needs_identity_or_location_review",,,,,,"not_reported"
"kcn-kkt-cong-ty-co-phan-sonadezi-long-thanh","Công ty Cổ phần Sonadezi Long Thành","unclassified","75","KCN-KKT discovery (unverified)","https://kcn-kkt.com/kcn/cong-ty-co-phan-sonadezi-long-thanh","2026-09-10","KCN Long Thành, xã Tam An, huyện Long Thành, tỉnh Đồng Nai",,,"cong ty co phan sonadezi long thanh","https://kcn-kkt.com/kcn/cong-ty-co-phan-sonadezi-long-thanh","discovery_reported_unverified",,"unresolved",FALSE,"not_verified","needs_identity_or_location_review",,,,,,"not_reported"
"kcn-kkt-kcn-agtex-long-binh","KCN Agtex Long Bình","industrial_park","75","KCN-KKT discovery (unverified)","https://kcn-kkt.com/kcn/kcn-agtex-long-binh","2026-09-10","Thành phố Biên Hòa",,,"agtex long binh","https://kcn-kkt.com/kcn/kcn-agtex-long-binh","discovery_reported_unverified",,"unresolved",FALSE,"not_verified","needs_identity_or_location_review",,,,,,"not_reported"
"kcn-kkt-kcn-amata-gd1-2-3","KCN Amata (gd1, 2, 3)","industrial_park","75","KCN-KKT discovery (unverified)","https://kcn-kkt.com/kcn/kcn-amata-gd1-2-3","2026-09-10","Xã La Ngà, huyện Định Quán",,,"amata gd1 2 3","https://kcn-kkt.com/kcn/kcn-amata-gd1-2-3","discovery_reported_unverified",,"unresolved",FALSE,"not_verified","needs_identity_or_location_review",,,,,,"not_reported"
"kcn-kkt-kcn-an-phuoc","KCN An Phước","industrial_park","75","KCN-KKT discovery (unverified)","https://kcn-kkt.com/kcn/kcn-an-phuoc","2026-09-10","Xã An Phước, huyện Long Thành.",,,"an phuoc","https://kcn-kkt.com/kcn/kcn-an-phuoc","discovery_reported_unverified",,"unresolved",FALSE,"not_verified","needs_identity_or_location_review",,,,,,"not_reported"
"kcn-kkt-kcn-bau-can-tan-hiep","KCN Bàu Cạn - Tân Hiệp","industrial_park","75","KCN-KKT discovery (unverified)","https://kcn-kkt.com/kcn/kcn-bau-can-tan-hiep","2026-09-10","Xã Long Phước, xã Bàu Cạn, xã Tân Hiệp, huyện Long Thành",,,"bau can tan hiep","https://kcn-kkt.com/kcn/kcn-bau-can-tan-hiep","discovery_reported_unverified",,"unresolved",FALSE,"not_verified","needs_identity_or_location_review",,,,,,"not_reported"
"kcn-kkt-kcn-bac-dong-phu-giai-doan-iii","KCN Bắc Đông Phú - Giai đoạn III","industrial_park","75","KCN-KKT discovery (unverified)","https://kcn-kkt.com/kcn/kcn-bac-dong-phu-giai-doan-iii","2026-09-10","Huyện Đông Phú",,,"bac dong phu giai doan 3","https://kcn-kkt.com/kcn/kcn-bac-dong-phu-giai-doan-iii","discovery_reported_unverified",,"unresolved",FALSE,"not_verified","needs_identity_or_location_review",,,,,,"not_reported"
"kcn-kkt-kcn-bac-dong-phu-mo-rong-giai-doan-ii-dong-hoai-214-ha-dong-phu-293-ha","KCN Bắc Đông Phú- Mở rộng giai đoạn II (Đông Hoài 214 ha+ Đông Phú 293 ha)","industrial_park","75","KCN-KKT discovery (unverified)","https://kcn-kkt.com/kcn/kcn-bac-dong-phu-mo-rong-giai-doan-ii-dong-hoai-214-ha-dong-phu-293-ha","2026-09-10","TP. Đông Xoài và huyện Đông Phú",,,"bac dong phu mo rong giai doan 2 dong hoai 214 ha dong phu 293 ha","https://kcn-kkt.com/kcn/kcn-bac-dong-phu-mo-rong-giai-doan-ii-dong-hoai-214-ha-dong-phu-293-ha","discovery_reported_unverified",,"unresolved",FALSE,"not_verified","needs_identity_or_location_review",,,,,,"not_reported"
"kcn-kkt-kcn-bau-xeo-2","KCN Bầu Xéo 2","industrial_park","75","KCN-KKT discovery (unverified)","https://kcn-kkt.com/kcn/kcn-bau-xeo-2","2026-09-10","Huyện Trảng Bom",,,"bau xeo 2","https://kcn-kkt.com/kcn/kcn-bau-xeo-2","discovery_reported_unverified",,"unresolved",FALSE,"not_verified","needs_identity_or_location_review",,,,,,"not_reported"
"kcn-kkt-kcn-binh-phuoc","KCN Bình Phước","industrial_park","75","KCN-KKT discovery (unverified)","https://kcn-kkt.com/kcn/kcn-binh-phuoc","2026-09-10","Huyện Đông Phú",,,"binh phuoc","https://kcn-kkt.com/kcn/kcn-binh-phuoc","discovery_reported_unverified",,"unresolved",FALSE,"not_verified","needs_identity_or_location_review",,,,,,"not_reported"
"kcn-kkt-kcn-cam-my","KCN Cẩm Mỹ","industrial_park","75","KCN-KKT discovery (unverified)","https://kcn-kkt.com/kcn/kcn-cam-my","2026-09-10","Huyện Cẩm Mỹ",,,"cam my","https://kcn-kkt.com/kcn/kcn-cam-my","discovery_reported_unverified",,"unresolved",FALSE,"not_verified","needs_identity_or_location_review",,,,,,"not_reported"
"kcn-kkt-kcn-chon-thanh-ii","KCN Chơn Thành II","industrial_park","75","KCN-KKT discovery (unverified)","https://kcn-kkt.com/kcn/kcn-chon-thanh-ii","2026-09-10","TX. Chơn Thành",,,"chon thanh 2","https://kcn-kkt.com/kcn/kcn-chon-thanh-ii","discovery_reported_unverified",,"unresolved",FALSE,"not_verified","needs_identity_or_location_review",,,,,,"not_reported"
"kcn-kkt-kcn-dau-giay-giai-doan-2","KCN Dâu Giây (Giai đoạn 2)","industrial_park","75","KCN-KKT discovery (unverified)","https://kcn-kkt.com/kcn/kcn-dau-giay-giai-doan-2","2026-09-10","Huyện Thống Nhất",,,"dau giay giai doan 2","https://kcn-kkt.com/kcn/kcn-dau-giay-giai-doan-2","discovery_reported_unverified",,"unresolved",FALSE,"not_verified","needs_identity_or_location_review",,,,,,"not_reported"
"kcn-kkt-kcn-det-may-nhon-trach","KCN Dệt may Nhơn Trạch","industrial_park","75","KCN-KKT discovery (unverified)","https://kcn-kkt.com/kcn/kcn-det-may-nhon-trach","2026-09-10","Xã Hiệp Phước, Phước An, huyện Nhơn Trạch",,,"det may nhon trach","https://kcn-kkt.com/kcn/kcn-det-may-nhon-trach","discovery_reported_unverified",,"unresolved",FALSE,"not_verified","needs_identity_or_location_review",,,,,,"not_reported"
"kcn-kkt-kcn-dinh-quan-mo-rong","KCN Định Quán (mở rộng)","industrial_park","75","KCN-KKT discovery (unverified)","https://kcn-kkt.com/kcn/kcn-dinh-quan-mo-rong","2026-09-10","Huyện Định Quán",,,"dinh quan mo rong","https://kcn-kkt.com/kcn/kcn-dinh-quan-mo-rong","discovery_reported_unverified",,"unresolved",FALSE,"not_verified","needs_identity_or_location_review",,,,,,"not_reported"
"kcn-kkt-kcn-dong-no","KCN Đông Nơ","industrial_park","75","KCN-KKT discovery (unverified)","https://kcn-kkt.com/kcn/kcn-dong-no","2026-09-10","Huyện Hớn Quản",,,"dong no","https://kcn-kkt.com/kcn/kcn-dong-no","discovery_reported_unverified",,"unresolved",FALSE,"not_verified","needs_identity_or_location_review",,,,,,"not_reported"
"kcn-kkt-kcn-gia-canh","KCN Gia Canh","industrial_park","75","KCN-KKT discovery (unverified)","https://kcn-kkt.com/kcn/kcn-gia-canh","2026-09-10","Huyện Định Quán",,,"gia canh","https://kcn-kkt.com/kcn/kcn-gia-canh","discovery_reported_unverified",,"unresolved",FALSE,"not_verified","needs_identity_or_location_review",,,,,,"not_reported"
"kcn-kkt-kcn-go-dau","KCN Gò Dầu","industrial_park","75","KCN-KKT discovery (unverified)","https://kcn-kkt.com/kcn/kcn-go-dau","2026-09-10","Huyện Long Thành",,,"go dau","https://kcn-kkt.com/kcn/kcn-go-dau","discovery_reported_unverified",,"unresolved",FALSE,"not_verified","needs_identity_or_location_review",,,,,,"not_reported"
"kcn-kkt-kcn-hang-gon","KCN Hàng Gôn","industrial_park","75","KCN-KKT discovery (unverified)","https://kcn-kkt.com/kcn/kcn-hang-gon","2026-09-10","Thành phố Long Khánh",,,"hang gon","https://kcn-kkt.com/kcn/kcn-hang-gon","discovery_reported_unverified",,"unresolved",FALSE,"not_verified","needs_identity_or_location_review",,,,,,"not_reported"
"kcn-kkt-kcn-hoa-lu","KCN Hoa Lư","industrial_park","75","KCN-KKT discovery (unverified)","https://kcn-kkt.com/kcn/kcn-hoa-lu","2026-09-10","KKTCK Hoa Lư",,,"hoa lu","https://kcn-kkt.com/kcn/kcn-hoa-lu","discovery_reported_unverified",,"unresolved",FALSE,"not_verified","needs_identity_or_location_review",,,,,,"not_reported"
"kcn-kkt-kcn-ho-nai-giai-doan-1","KCN Hố Nai - Giai đoạn 1","industrial_park","75","KCN-KKT discovery (unverified)","https://kcn-kkt.com/kcn/kcn-ho-nai-giai-doan-1","2026-09-10","Huyện Trảng Bom",,,"ho nai giai doan 1","https://kcn-kkt.com/kcn/kcn-ho-nai-giai-doan-1","discovery_reported_unverified",,"unresolved",FALSE,"not_verified","needs_identity_or_location_review",,,,,,"not_reported"
"kcn-kkt-kcn-ho-nai-giai-doan-2","KCN Hố Nai - Giai đoạn 2","industrial_park","75","KCN-KKT discovery (unverified)","https://kcn-kkt.com/kcn/kcn-ho-nai-giai-doan-2","2026-09-10","Huyện Trảng Bom và Thành phố Biên Hoà",,,"ho nai giai doan 2","https://kcn-kkt.com/kcn/kcn-ho-nai-giai-doan-2","discovery_reported_unverified",,"unresolved",FALSE,"not_verified","needs_identity_or_location_review",,,,,,"not_reported"
"kcn-kkt-kcn-ledana","KCN Ledana","industrial_park","75","KCN-KKT discovery (unverified)","https://kcn-kkt.com/kcn/kcn-ledana","2026-09-10","KKTCK Hoa Lư",,,"ledana","https://kcn-kkt.com/kcn/kcn-ledana","discovery_reported_unverified",,"unresolved",FALSE,"not_verified","needs_identity_or_location_review",,,,,,"not_reported"
"kcn-kkt-kcn-long-duc-giai-doan-2","KCN Long Dực (Giai đoạn 2)","industrial_park","75","KCN-KKT discovery (unverified)","https://kcn-kkt.com/kcn/kcn-long-duc-giai-doan-2","2026-09-10","Thành phố Biên Hòa",,,"long duc giai doan 2","https://kcn-kkt.com/kcn/kcn-long-duc-giai-doan-2","discovery_reported_unverified",,"unresolved",FALSE,"not_verified","needs_identity_or_location_review",,,,,,"not_reported"
"kcn-kkt-kcn-long-doc-giai-doan-1","KCN Long Độc (Giai đoạn 1)","industrial_park","75","KCN-KKT discovery (unverified)","https://kcn-kkt.com/kcn/kcn-long-doc-giai-doan-1","2026-09-10","Thành phố Biên Hòa",,,"long doc giai doan 1","https://kcn-kkt.com/kcn/kcn-long-doc-giai-doan-1","discovery_reported_unverified",,"unresolved",FALSE,"not_verified","needs_identity_or_location_review",,,,,,"not_reported"
"kcn-kkt-kcn-long-duc-3","KCN Long Đức 3","industrial_park","75","KCN-KKT discovery (unverified)","https://kcn-kkt.com/kcn/kcn-long-duc-3","2026-09-10","Xã Long Đức và xã Lộc An, huyện Long Thành",,,"long duc 3","https://kcn-kkt.com/kcn/kcn-long-duc-3","discovery_reported_unverified",,"unresolved",FALSE,"not_verified","needs_identity_or_location_review",,,,,,"not_reported"
"kcn-kkt-kcn-long-ha-phu-rieng","KCN Long Hà (Phú Riêng)","industrial_park","75","KCN-KKT discovery (unverified)","https://kcn-kkt.com/kcn/kcn-long-ha-phu-rieng","2026-09-10","Huyện Phú Riêng",,,"long ha phu rieng","https://kcn-kkt.com/kcn/kcn-long-ha-phu-rieng","discovery_reported_unverified",,"unresolved",FALSE,"not_verified","needs_identity_or_location_review",,,,,,"not_reported"
"kcn-kkt-kcn-long-tan-phu-rieng","KCN Long Tân (Phú Riêng)","industrial_park","75","KCN-KKT discovery (unverified)","https://kcn-kkt.com/kcn/kcn-long-tan-phu-rieng","2026-09-10","Huyện Phú Riêng",,,"long tan phu rieng","https://kcn-kkt.com/kcn/kcn-long-tan-phu-rieng","discovery_reported_unverified",,"unresolved",FALSE,"not_verified","needs_identity_or_location_review",,,,,,"not_reported"
"kcn-kkt-kcn-minh-duc-hon-quan","KCN Minh Đức (Hớn Quản)","industrial_park","75","KCN-KKT discovery (unverified)","https://kcn-kkt.com/kcn/kcn-minh-duc-hon-quan","2026-09-10","Huyện Hớn Quản",,,"minh duc hon quan","https://kcn-kkt.com/kcn/kcn-minh-duc-hon-quan","discovery_reported_unverified",,"unresolved",FALSE,"not_verified","needs_identity_or_location_review",,,,,,"not_reported"
"kcn-kkt-kcn-minh-hung-han-quoc","KCN Minh Hưng - Hàn Quốc","industrial_park","75","KCN-KKT discovery (unverified)","https://kcn-kkt.com/kcn/kcn-minh-hung-han-quoc","2026-09-10","TX. Chơn Thành",,,"minh hung han quoc","https://kcn-kkt.com/kcn/kcn-minh-hung-han-quoc","discovery_reported_unverified",,"unresolved",FALSE,"not_verified","needs_identity_or_location_review",,,,,,"not_reported"
"kcn-kkt-kcn-minh-hung-iii","KCN Minh Hưng III","industrial_park","75","KCN-KKT discovery (unverified)","https://kcn-kkt.com/kcn/kcn-minh-hung-iii","2026-09-10","TX. Chơn Thành",,,"minh hung 3","https://kcn-kkt.com/kcn/kcn-minh-hung-iii","discovery_reported_unverified",,"unresolved",FALSE,"not_verified","needs_identity_or_location_review",,,,,,"not_reported"
"kcn-kkt-kcn-minh-hung-iii-mo-rong-giai-doan-ii","KCN Minh Hưng III - Mở rộng giai đoạn II","industrial_park","75","KCN-KKT discovery (unverified)","https://kcn-kkt.com/kcn/kcn-minh-hung-iii-mo-rong-giai-doan-ii","2026-09-10","TX. Chơn Thành",,,"minh hung 3 mo rong giai doan 2","https://kcn-kkt.com/kcn/kcn-minh-hung-iii-mo-rong-giai-doan-ii","discovery_reported_unverified",,"unresolved",FALSE,"not_verified","needs_identity_or_location_review",,,,,,"not_reported"
"kcn-kkt-kcn-minh-hung-sikico-giai-doan-ii","KCN Minh Hưng- Sikico - Giai đoạn II","industrial_park","75","KCN-KKT discovery (unverified)","https://kcn-kkt.com/kcn/kcn-minh-hung-sikico-giai-doan-ii","2026-09-10","Huyện Hớn Quản",,,"minh hung sikico giai doan 2","https://kcn-kkt.com/kcn/kcn-minh-hung-sikico-giai-doan-ii","discovery_reported_unverified",,"unresolved",FALSE,"not_verified","needs_identity_or_location_review",,,,,,"not_reported"
"kcn-kkt-kcn-minh-hung-sikico","KCN Minh Hưng-Sikico","industrial_park","75","KCN-KKT discovery (unverified)","https://kcn-kkt.com/kcn/kcn-minh-hung-sikico","2026-09-10","Huyện Hớn Quân",,,"minh hung sikico","https://kcn-kkt.com/kcn/kcn-minh-hung-sikico","discovery_reported_unverified",,"unresolved",FALSE,"not_verified","needs_identity_or_location_review",,,,,,"not_reported"
"kcn-kkt-kcn-minh-hung-sikico-giai-doan-ii-hon-quan","KCN Minh Hưng-Sikico - Giai đoạn II (Hớn Quản)","industrial_park","75","KCN-KKT discovery (unverified)","https://kcn-kkt.com/kcn/kcn-minh-hung-sikico-giai-doan-ii-hon-quan","2026-09-10","Huyện Hớn Quản",,,"minh hung sikico giai doan 2 hon quan","https://kcn-kkt.com/kcn/kcn-minh-hung-sikico-giai-doan-ii-hon-quan","discovery_reported_unverified",,"unresolved",FALSE,"not_verified","needs_identity_or_location_review",,,,,,"not_reported"
"kcn-kkt-kcn-minh-lap-va-minh-hung","KCN Minh Lập và Minh Hưng","industrial_park","75","KCN-KKT discovery (unverified)","https://kcn-kkt.com/kcn/kcn-minh-lap-va-minh-hung","2026-09-10","TX. Chơn Thành",,,"minh lap va minh hung","https://kcn-kkt.com/kcn/kcn-minh-lap-va-minh-hung","discovery_reported_unverified",,"unresolved",FALSE,"not_verified","needs_identity_or_location_review",,,,,,"not_reported"
"kcn-kkt-kcn-mo-nang","KCN Mo Nạng","industrial_park","75","KCN-KKT discovery (unverified)","https://kcn-kkt.com/kcn/kcn-mo-nang","2026-09-10","Huyện Vĩnh Cửu",,,"mo nang","https://kcn-kkt.com/kcn/kcn-mo-nang","discovery_reported_unverified",,"unresolved",FALSE,"not_verified","needs_identity_or_location_review",,,,,,"not_reported"
"kcn-kkt-kcn-nam-dong-phu","KCN Nam Đông Phú","industrial_park","75","KCN-KKT discovery (unverified)","https://kcn-kkt.com/kcn/kcn-nam-dong-phu","2026-09-10","Huyện Đông Phú",,,"nam dong phu","https://kcn-kkt.com/kcn/kcn-nam-dong-phu","discovery_reported_unverified",,"unresolved",FALSE,"not_verified","needs_identity_or_location_review",,,,,,"not_reported"
"kcn-kkt-kcn-nam-dong-phu-giai-doan-iii","KCN Nam Đông Phú - Giai đoạn III","industrial_park","75","KCN-KKT discovery (unverified)","https://kcn-kkt.com/kcn/kcn-nam-dong-phu-giai-doan-iii","2026-09-10","Huyện Đông Phú",,,"nam dong phu giai doan 3","https://kcn-kkt.com/kcn/kcn-nam-dong-phu-giai-doan-iii","discovery_reported_unverified",,"unresolved",FALSE,"not_verified","needs_identity_or_location_review",,,,,,"not_reported"
"kcn-kkt-kcn-nam-dong-phu-mo-rong-giai-doan-ii","KCN Nam Đông Phú- Mở rộng giai đoạn II","industrial_park","75","KCN-KKT discovery (unverified)","https://kcn-kkt.com/kcn/kcn-nam-dong-phu-mo-rong-giai-doan-ii","2026-09-10","Huyện Đông Phú",,,"nam dong phu mo rong giai doan 2","https://kcn-kkt.com/kcn/kcn-nam-dong-phu-mo-rong-giai-doan-ii","discovery_reported_unverified",,"unresolved",FALSE,"not_verified","needs_identity_or_location_review",,,,,,"not_reported"
"kcn-kkt-kcn-nhon-trach-i","KCN Nhơn Trạch I","industrial_park","75","KCN-KKT discovery (unverified)","https://kcn-kkt.com/kcn/kcn-nhon-trach-i","2026-09-10","Xã Hiệp Phước, Phước Thiên và Phú Hội, huyện Nhơn Trạch.",,,"nhon trach 1","https://kcn-kkt.com/kcn/kcn-nhon-trach-i","discovery_reported_unverified",,"unresolved",FALSE,"not_verified","needs_identity_or_location_review",,,,,,"not_reported"
"kcn-kkt-kcn-nhon-trach-ii","KCN Nhơn Trạch II","industrial_park","75","KCN-KKT discovery (unverified)","https://kcn-kkt.com/kcn/kcn-nhon-trach-ii","2026-09-10","Huyện Nhơn Trạch",,,"nhon trach 2","https://kcn-kkt.com/kcn/kcn-nhon-trach-ii","discovery_reported_unverified",,"unresolved",FALSE,"not_verified","needs_identity_or_location_review",,,,,,"not_reported"
"kcn-kkt-kcn-nhon-trach-ii-loc-khang","KCN Nhơn Trạch II - Lộc Khang","industrial_park","75","KCN-KKT discovery (unverified)","https://kcn-kkt.com/kcn/kcn-nhon-trach-ii-loc-khang","2026-09-10","Xã Hiệp Phước, Phú Hội, huyện Nhơn Trạch.",,,"nhon trach 2 loc khang","https://kcn-kkt.com/kcn/kcn-nhon-trach-ii-loc-khang","discovery_reported_unverified",,"unresolved",FALSE,"not_verified","needs_identity_or_location_review",,,,,,"not_reported"
"kcn-kkt-kcn-nhon-trach-ii-nhon-phu","KCN Nhơn Trạch II - Nhơn Phú","industrial_park","75","KCN-KKT discovery (unverified)","https://kcn-kkt.com/kcn/kcn-nhon-trach-ii-nhon-phu","2026-09-10","Xã Hiệp Phước và Phú Hội, huyện Nhơn Trạch",,,"nhon trach 2 nhon phu","https://kcn-kkt.com/kcn/kcn-nhon-trach-ii-nhon-phu","discovery_reported_unverified",,"unresolved",FALSE,"not_verified","needs_identity_or_location_review",,,,,,"not_reported"
"kcn-kkt-kcn-nhon-trach-iii-giai-doan-1-formosa","KCN Nhơn Trạch III - Giai đoạn 1 (Formosa)","industrial_park","75","KCN-KKT discovery (unverified)","https://kcn-kkt.com/kcn/kcn-nhon-trach-iii-giai-doan-1-formosa","2026-09-10","Quốc lộ 51, Huyện Nhơn Trạch",,,"nhon trach 3 giai doan 1 formosa","https://kcn-kkt.com/kcn/kcn-nhon-trach-iii-giai-doan-1-formosa","discovery_reported_unverified",,"unresolved",FALSE,"not_verified","needs_identity_or_location_review",,,,,,"not_reported"
"kcn-kkt-kcn-nhon-trach-iii-giao-doan-2","KCN Nhơn Trạch III - Giao đoạn 2","industrial_park","75","KCN-KKT discovery (unverified)","https://kcn-kkt.com/kcn/kcn-nhon-trach-iii-giao-doan-2","2026-09-10","Huyện Nhơn Trạch",,,"nhon trach 3 giao doan 2","https://kcn-kkt.com/kcn/kcn-nhon-trach-iii-giao-doan-2","discovery_reported_unverified",,"unresolved",FALSE,"not_verified","needs_identity_or_location_review",,,,,,"not_reported"
"kcn-kkt-kcn-nhon-trach-v","KCN Nhơn Trạch V","industrial_park","75","KCN-KKT discovery (unverified)","https://kcn-kkt.com/kcn/kcn-nhon-trach-v","2026-09-10","Huyện Nhơn Trạch",,,"nhon trach 5","https://kcn-kkt.com/kcn/kcn-nhon-trach-v","discovery_reported_unverified",,"unresolved",FALSE,"not_verified","needs_identity_or_location_review",,,,,,"not_reported"
"kcn-kkt-kcn-nhon-trach-vi","KCN Nhơn Trạch VI","industrial_park","75","KCN-KKT discovery (unverified)","https://kcn-kkt.com/kcn/kcn-nhon-trach-vi","2026-09-10","Xã Long Thọ, huyện Nhơn Trạch.",,,"nhon trach 6","https://kcn-kkt.com/kcn/kcn-nhon-trach-vi","discovery_reported_unverified",,"unresolved",FALSE,"not_verified","needs_identity_or_location_review",,,,,,"not_reported"
"kcn-kkt-kcn-ong-keo","KCN Ông Kéo","industrial_park","75","KCN-KKT discovery (unverified)","https://kcn-kkt.com/kcn/kcn-ong-keo","2026-09-10","Xã Phước Khánh, huyện Nhơn Trạch",,,"ong keo","https://kcn-kkt.com/kcn/kcn-ong-keo","discovery_reported_unverified",,"unresolved",FALSE,"not_verified","needs_identity_or_location_review",,,,,,"not_reported"
"kcn-kkt-kcn-phu-rieng-phu-rieng-159-ha-va-dong-phu-334-ha","KCN Phú Riêng (Phú Riêng 159 ha và Đông Phú 334 ha)","industrial_park","75","KCN-KKT discovery (unverified)","https://kcn-kkt.com/kcn/kcn-phu-rieng-phu-rieng-159-ha-va-dong-phu-334-ha","2026-09-10","Huyện Đông Phú và huyện Hớn Quản",,,"phu rieng phu rieng 159 ha va dong phu 334 ha","https://kcn-kkt.com/kcn/kcn-phu-rieng-phu-rieng-159-ha-va-dong-phu-334-ha","discovery_reported_unverified",,"unresolved",FALSE,"not_verified","needs_identity_or_location_review",,,,,,"not_reported"
"kcn-kkt-kcn-phuoc-an","KCN Phước An","industrial_park","75","KCN-KKT discovery (unverified)","https://kcn-kkt.com/kcn/kcn-phuoc-an","2026-09-10","Huyện Nhơn Trạch",,,"phuoc an","https://kcn-kkt.com/kcn/kcn-phuoc-an","discovery_reported_unverified",,"unresolved",FALSE,"not_verified","needs_identity_or_location_review",,,,,,"not_reported"
"kcn-kkt-kcn-phuoc-an-giai-doan-2","KCN Phước An (Giai đoạn 2)","industrial_park","75","KCN-KKT discovery (unverified)","https://kcn-kkt.com/kcn/kcn-phuoc-an-giai-doan-2","2026-09-10","Huyện Nhơn Trạch",,,"phuoc an giai doan 2","https://kcn-kkt.com/kcn/kcn-phuoc-an-giai-doan-2","discovery_reported_unverified",,"unresolved",FALSE,"not_verified","needs_identity_or_location_review",,,,,,"not_reported"
"kcn-kkt-kcn-phuoc-binh","KCN Phước Bình","industrial_park","75","KCN-KKT discovery (unverified)","https://kcn-kkt.com/kcn/kcn-phuoc-binh","2026-09-10","Huyện Long Thành",,,"phuoc binh","https://kcn-kkt.com/kcn/kcn-phuoc-binh","discovery_reported_unverified",,"unresolved",FALSE,"not_verified","needs_identity_or_location_review",,,,,,"not_reported"
"kcn-kkt-kcn-phuoc-binh-2","KCN Phước Bình 2","industrial_park","75","KCN-KKT discovery (unverified)","https://kcn-kkt.com/kcn/kcn-phuoc-binh-2","2026-09-10","Huyện Long Thành",,,"phuoc binh 2","https://kcn-kkt.com/kcn/kcn-phuoc-binh-2","discovery_reported_unverified",,"unresolved",FALSE,"not_verified","needs_identity_or_location_review",,,,,,"not_reported"
"kcn-kkt-kcn-phuoc-binh-2-giai-doan-2","KCN Phước Bình 2 (Giai đoạn 2)","industrial_park","75","KCN-KKT discovery (unverified)","https://kcn-kkt.com/kcn/kcn-phuoc-binh-2-giai-doan-2","2026-09-10","Huyện Long Thành",,,"phuoc binh 2 giai doan 2","https://kcn-kkt.com/kcn/kcn-phuoc-binh-2-giai-doan-2","discovery_reported_unverified",,"unresolved",FALSE,"not_verified","needs_identity_or_location_review",,,,,,"not_reported"
"kcn-kkt-kcn-song-may-giai-doan-1","KCN Sông Mây - Giai đoạn 1","industrial_park","75","KCN-KKT discovery (unverified)","https://kcn-kkt.com/kcn/kcn-song-may-giai-doan-1","2026-09-10","Huyện Trảng Bom",,,"song may giai doan 1","https://kcn-kkt.com/kcn/kcn-song-may-giai-doan-1","discovery_reported_unverified",,"unresolved",FALSE,"not_verified","needs_identity_or_location_review",,,,,,"not_reported"
"kcn-kkt-kcn-song-may-giai-doan-2","KCN Sông Mây - Giai đoạn 2","industrial_park","75","KCN-KKT discovery (unverified)","https://kcn-kkt.com/kcn/kcn-song-may-giai-doan-2","2026-09-10","Huyện Trảng Bom và huyện Vĩnh Cửu",,,"song may giai doan 2","https://kcn-kkt.com/kcn/kcn-song-may-giai-doan-2","discovery_reported_unverified",,"unresolved",FALSE,"not_verified","needs_identity_or_location_review",,,,,,"not_reported"
"kcn-kkt-kcn-suoi-tre","KCN Suối Tre","industrial_park","75","KCN-KKT discovery (unverified)","https://kcn-kkt.com/kcn/kcn-suoi-tre","2026-09-10","Xã Suối Tre, Long Khánh",,,"suoi tre","https://kcn-kkt.com/kcn/kcn-suoi-tre","discovery_reported_unverified",,"unresolved",FALSE,"not_verified","needs_identity_or_location_review",,,,,,"not_reported"
"kcn-kkt-kcn-tan-khai-hon-quan","KCN Tân Khai (Hớn Quản)","industrial_park","75","KCN-KKT discovery (unverified)","https://kcn-kkt.com/kcn/kcn-tan-khai-hon-quan","2026-09-10","Huyện Hớn Quản",,,"tan khai hon quan","https://kcn-kkt.com/kcn/kcn-tan-khai-hon-quan","discovery_reported_unverified",,"unresolved",FALSE,"not_verified","needs_identity_or_location_review",,,,,,"not_reported"
"kcn-kkt-kcn-tan-khai-ii","KCN Tân Khai II","industrial_park","75","KCN-KKT discovery (unverified)","https://kcn-kkt.com/kcn/kcn-tan-khai-ii","2026-09-10","Huyện Hớn Quản",,,"tan khai 2","https://kcn-kkt.com/kcn/kcn-tan-khai-ii","discovery_reported_unverified",,"unresolved",FALSE,"not_verified","needs_identity_or_location_review",,,,,,"not_reported"
"kcn-kkt-kcn-tan-phu","KCN Tân Phú","industrial_park","75","KCN-KKT discovery (unverified)","https://kcn-kkt.com/kcn/kcn-tan-phu","2026-09-10","Thị trấn Tân Phú, huyện Tân Phú.",,,"tan phu","https://kcn-kkt.com/kcn/kcn-tan-phu","discovery_reported_unverified",,"unresolved",FALSE,"not_verified","needs_identity_or_location_review",,,,,,"not_reported"
"kcn-kkt-kcn-tan-phu-giai-doan-2","KCN Tân Phú (Giai đoạn 2)","industrial_park","75","KCN-KKT discovery (unverified)","https://kcn-kkt.com/kcn/kcn-tan-phu-giai-doan-2","2026-09-10","Huyện Tân Phú",,,"tan phu giai doan 2","https://kcn-kkt.com/kcn/kcn-tan-phu-giai-doan-2","discovery_reported_unverified",,"unresolved",FALSE,"not_verified","needs_identity_or_location_review",,,,,,"not_reported"
"kcn-kkt-kcn-tan-phu-mo-rong","KCN Tân Phú (mở rộng)","industrial_park","75","KCN-KKT discovery (unverified)","https://kcn-kkt.com/kcn/kcn-tan-phu-mo-rong","2026-09-10","Huyện Tân Phú",,,"tan phu mo rong","https://kcn-kkt.com/kcn/kcn-tan-phu-mo-rong","discovery_reported_unverified",,"unresolved",FALSE,"not_verified","needs_identity_or_location_review",,,,,,"not_reported"
"kcn-kkt-kcn-thanh-binh","KCN Thanh Bình","industrial_park","75","KCN-KKT discovery (unverified)","https://kcn-kkt.com/kcn/kcn-thanh-binh","2026-09-10","Đồng Xoài",,,"thanh binh","https://kcn-kkt.com/kcn/kcn-thanh-binh","discovery_reported_unverified",,"unresolved",FALSE,"not_verified","needs_identity_or_location_review",,,,,,"not_reported"
"kcn-kkt-kcn-thanh-dung","KCN Thanh Dung","industrial_park","75","KCN-KKT discovery (unverified)","https://kcn-kkt.com/kcn/kcn-thanh-dung","2026-09-10","Lộc Ninh",,,"thanh dung","https://kcn-kkt.com/kcn/kcn-thanh-dung","discovery_reported_unverified",,"unresolved",FALSE,"not_verified","needs_identity_or_location_review",,,,,,"not_reported"
"kcn-kkt-kcn-v-com","KCN V.Com","industrial_park","75","KCN-KKT discovery (unverified)","https://kcn-kkt.com/kcn/kcn-v-com","2026-09-10","Lộc Ninh",,,"5 com","https://kcn-kkt.com/kcn/kcn-v-com","discovery_reported_unverified",,"unresolved",FALSE,"not_verified","needs_identity_or_location_review",,,,,,"not_reported"
"kcn-kkt-kcn-viet-kieu","KCN Việt Kiều","industrial_park","75","KCN-KKT discovery (unverified)","https://kcn-kkt.com/kcn/kcn-viet-kieu","2026-09-10","Huyện Hớn Quân",,,"viet kieu","https://kcn-kkt.com/kcn/kcn-viet-kieu","discovery_reported_unverified",,"unresolved",FALSE,"not_verified","needs_identity_or_location_review",,,,,,"not_reported"
"kcn-kkt-kcn-xuan-hoa","KCN Xuân Hòa","industrial_park","75","KCN-KKT discovery (unverified)","https://kcn-kkt.com/kcn/kcn-xuan-hoa","2026-09-10","Huyện Xuân Lộc",,,"xuan hoa","https://kcn-kkt.com/kcn/kcn-xuan-hoa","discovery_reported_unverified",,"unresolved",FALSE,"not_verified","needs_identity_or_location_review",,,,,,"not_reported"
"kcn-kkt-kcn-xuan-loc-mo-rong","KCN Xuân Lộc mở rộng","industrial_park","75","KCN-KKT discovery (unverified)","https://kcn-kkt.com/kcn/kcn-xuan-loc-mo-rong","2026-09-10","Huyện Xuân Lộc",,,"xuan loc mo rong","https://kcn-kkt.com/kcn/kcn-xuan-loc-mo-rong","discovery_reported_unverified",,"unresolved",FALSE,"not_verified","needs_identity_or_location_review",,,,,,"not_reported"
"kcn-kkt-kcn-xuan-que-song-nhan","KCN Xuân Quế - Sông Nhan","industrial_park","75","KCN-KKT discovery (unverified)","https://kcn-kkt.com/kcn/kcn-xuan-que-song-nhan","2026-09-10","Huyện Cẩm Mỹ",,,"xuan que song nhan","https://kcn-kkt.com/kcn/kcn-xuan-que-song-nhan","discovery_reported_unverified",,"unresolved",FALSE,"not_verified","needs_identity_or_location_review",,,,,,"not_reported"
"kcn-kkt-kcn-xuan-thien","KCN Xuân Thiện","industrial_park","75","KCN-KKT discovery (unverified)","https://kcn-kkt.com/kcn/kcn-xuan-thien","2026-09-10","Huyện Thống Nhất",,,"xuan thien","https://kcn-kkt.com/kcn/kcn-xuan-thien","discovery_reported_unverified",,"unresolved",FALSE,"not_verified","needs_identity_or_location_review",,,,,,"not_reported"
"kcn-kkt-khu-cong-nghiep-go-dau","Khu Công nghiệp Gò Dầu","industrial_park","75","KCN-KKT discovery (unverified)","https://kcn-kkt.com/kcn/khu-cong-nghiep-go-dau","2026-09-10","Huyện Long Thành, tỉnh Đông Nai",,,"go dau","https://kcn-kkt.com/kcn/khu-cong-nghiep-go-dau","discovery_reported_unverified",,"unresolved",FALSE,"not_verified","needs_identity_or_location_review",,,,,,"not_reported"
"kcn-kkt-khu-cong-nghiep-suoi-tre","Khu Công nghiệp Suối Tre","industrial_park","75","KCN-KKT discovery (unverified)","https://kcn-kkt.com/kcn/khu-cong-nghiep-suoi-tre","2026-09-10","Thành phố Long Khánh, tỉnh Đồng Nai",,,"suoi tre","https://kcn-kkt.com/kcn/khu-cong-nghiep-suoi-tre","discovery_reported_unverified",,"unresolved",FALSE,"not_verified","needs_identity_or_location_review",,,,,,"not_reported"
"kcn-kkt-kcn-ba-sao","KCN Ba Sao","industrial_park","82","KCN-KKT discovery (unverified)","https://kcn-kkt.com/kcn/kcn-ba-sao","2026-09-10","Huyện Cao Lãnh",,,"ba sao","https://kcn-kkt.com/kcn/kcn-ba-sao","discovery_reported_unverified",,"unresolved",FALSE,"not_verified","needs_identity_or_location_review",,,,,,"not_reported"
"kcn-kkt-kcn-binh-dong","KCN Bình Động","industrial_park","82","KCN-KKT discovery (unverified)","https://kcn-kkt.com/kcn/kcn-binh-dong","2026-09-10","Thị xã Gò Công",,,"binh dong","https://kcn-kkt.com/kcn/kcn-binh-dong","discovery_reported_unverified",,"unresolved",FALSE,"not_verified","needs_identity_or_location_review",,,,,,"not_reported"
"kcn-kkt-kcn-binh-thach","KCN Bình Thạch","industrial_park","82","KCN-KKT discovery (unverified)","https://kcn-kkt.com/kcn/kcn-binh-thach","2026-09-10","Thành phố Hồng Ngự",,,"binh thach","https://kcn-kkt.com/kcn/kcn-binh-thach","discovery_reported_unverified",,"unresolved",FALSE,"not_verified","needs_identity_or_location_review",,,,,,"not_reported"
"kcn-kkt-kcn-binh-thanh-dong-thap","KCN Bình Thạnh","industrial_park","82","KCN-KKT discovery (unverified)","https://kcn-kkt.com/kcn/kcn-binh-thanh-dong-thap","2026-09-10","TP Hồng Ngự",,,"binh thanh","https://kcn-kkt.com/kcn/kcn-binh-thanh-dong-thap","discovery_reported_unverified",,"unresolved",FALSE,"not_verified","needs_identity_or_location_review",,,,,,"not_reported"
"kcn-kkt-kcn-cao-lanh-ii","KCN Cao Lãnh II","industrial_park","82","KCN-KKT discovery (unverified)","https://kcn-kkt.com/kcn/kcn-cao-lanh-ii","2026-09-10","Huyện Cao Lãnh",,,"cao lanh 2","https://kcn-kkt.com/kcn/kcn-cao-lanh-ii","discovery_reported_unverified",,"unresolved",FALSE,"not_verified","needs_identity_or_location_review",,,,,,"not_reported"
"kcn-kkt-kcn-cao-lanh-ii-mo-rong","KCN Cao Lãnh II mở rộng","industrial_park","82","KCN-KKT discovery (unverified)","https://kcn-kkt.com/kcn/kcn-cao-lanh-ii-mo-rong","2026-09-10","Huyện Cao Lãnh",,,"cao lanh 2 mo rong","https://kcn-kkt.com/kcn/kcn-cao-lanh-ii-mo-rong","discovery_reported_unverified",,"unresolved",FALSE,"not_verified","needs_identity_or_location_review",,,,,,"not_reported"
"kcn-kkt-kcn-cao-lanh-iii","KCN Cao Lãnh III","industrial_park","82","KCN-KKT discovery (unverified)","https://kcn-kkt.com/kcn/kcn-cao-lanh-iii","2026-09-10","Huyện Cao Lãnh",,,"cao lanh 3","https://kcn-kkt.com/kcn/kcn-cao-lanh-iii","discovery_reported_unverified",,"unresolved",FALSE,"not_verified","needs_identity_or_location_review",,,,,,"not_reported"
"kcn-kkt-kcn-dich-vu-dau-khi-soai-rap","KCN Dịch vụ đầu khi Soài Rạp","industrial_park","82","KCN-KKT discovery (unverified)","https://kcn-kkt.com/kcn/kcn-dich-vu-dau-khi-soai-rap","2026-09-10","Huyện Gò Công Đông",,,"dich vu dau khi soai rap","https://kcn-kkt.com/kcn/kcn-dich-vu-dau-khi-soai-rap","discovery_reported_unverified",,"unresolved",FALSE,"not_verified","needs_identity_or_location_review",,,,,,"not_reported"
"kcn-kkt-kcn-dinh-ba","KCN Định Bà","industrial_park","82","KCN-KKT discovery (unverified)","https://kcn-kkt.com/kcn/kcn-dinh-ba","2026-09-10","Huyện Tân Hồng",,,"dinh ba","https://kcn-kkt.com/kcn/kcn-dinh-ba","discovery_reported_unverified",,"unresolved",FALSE,"not_verified","needs_identity_or_location_review",,,,,,"not_reported"
"kcn-kkt-kcn-go-cong-1","KCN Gò Công 1","industrial_park","82","KCN-KKT discovery (unverified)","https://kcn-kkt.com/kcn/kcn-go-cong-1","2026-09-10","Gò Công",,,"go cong 1","https://kcn-kkt.com/kcn/kcn-go-cong-1","discovery_reported_unverified",,"unresolved",FALSE,"not_verified","needs_identity_or_location_review",,,,,,"not_reported"
"kcn-kkt-kcn-go-cong-2","KCN Gò Công 2","industrial_park","82","KCN-KKT discovery (unverified)","https://kcn-kkt.com/kcn/kcn-go-cong-2","2026-09-10","Gò Công",,,"go cong 2","https://kcn-kkt.com/kcn/kcn-go-cong-2","discovery_reported_unverified",,"unresolved",FALSE,"not_verified","needs_identity_or_location_review",,,,,,"not_reported"
"kcn-kkt-kcn-hoa-tan","KCN Hòa Tân","industrial_park","82","KCN-KKT discovery (unverified)","https://kcn-kkt.com/kcn/kcn-hoa-tan","2026-09-10","Huyện Châu Thành",,,"hoa tan","https://kcn-kkt.com/kcn/kcn-hoa-tan","discovery_reported_unverified",,"unresolved",FALSE,"not_verified","needs_identity_or_location_review",,,,,,"not_reported"
"kcn-kkt-kcn-hoa-tan-mo-rong","KCN Hòa Tân mở rộng","industrial_park","82","KCN-KKT discovery (unverified)","https://kcn-kkt.com/kcn/kcn-hoa-tan-mo-rong","2026-09-10","Huyện Châu Thành",,,"hoa tan mo rong","https://kcn-kkt.com/kcn/kcn-hoa-tan-mo-rong","discovery_reported_unverified",,"unresolved",FALSE,"not_verified","needs_identity_or_location_review",,,,,,"not_reported"
"kcn-kkt-kcn-phu-tan","KCN Phú Tân","industrial_park","82","KCN-KKT discovery (unverified)","https://kcn-kkt.com/kcn/kcn-phu-tan","2026-09-10","Huyện Tân Phú Đông",,,"phu tan","https://kcn-kkt.com/kcn/kcn-phu-tan","discovery_reported_unverified",,"unresolved",FALSE,"not_verified","needs_identity_or_location_review",,,,,,"not_reported"
"kcn-kkt-kcn-song-hau-2-mo-rong","KCN Sông Hậu 2 mở rộng","industrial_park","82","KCN-KKT discovery (unverified)","https://kcn-kkt.com/kcn/kcn-song-hau-2-mo-rong","2026-09-10","Huyện Lập Vò",,,"song hau 2 mo rong","https://kcn-kkt.com/kcn/kcn-song-hau-2-mo-rong","discovery_reported_unverified",,"unresolved",FALSE,"not_verified","needs_identity_or_location_review",,,,,,"not_reported"
"kcn-kkt-kcn-song-hau-3","KCN Sông Hậu 3","industrial_park","82","KCN-KKT discovery (unverified)","https://kcn-kkt.com/kcn/kcn-song-hau-3","2026-09-10","Huyện Lai Vung",,,"song hau 3","https://kcn-kkt.com/kcn/kcn-song-hau-3","discovery_reported_unverified",,"unresolved",FALSE,"not_verified","needs_identity_or_location_review",,,,,,"not_reported"
"kcn-kkt-kcn-song-hau-ii","KCN Sông Hậu II","industrial_park","82","KCN-KKT discovery (unverified)","https://kcn-kkt.com/kcn/kcn-song-hau-ii","2026-09-10","Huyện Lập Võ",,,"song hau 2","https://kcn-kkt.com/kcn/kcn-song-hau-ii","discovery_reported_unverified",,"unresolved",FALSE,"not_verified","needs_identity_or_location_review",,,,,,"not_reported"
"kcn-kkt-kcn-tan-kieu","KCN Tân Kiều","industrial_park","82","KCN-KKT discovery (unverified)","https://kcn-kkt.com/kcn/kcn-tan-kieu","2026-09-10","Huyện Tháp Mười",,,"tan kieu","https://kcn-kkt.com/kcn/kcn-tan-kieu","discovery_reported_unverified",,"unresolved",FALSE,"not_verified","needs_identity_or_location_review",,,,,,"not_reported"
"kcn-kkt-kcn-tan-phuoc-1","KCN Tân Phước 1","industrial_park","82","KCN-KKT discovery (unverified)","https://kcn-kkt.com/kcn/kcn-tan-phuoc-1","2026-09-10","Huyện Tân Phước",,,"tan phuoc 1","https://kcn-kkt.com/kcn/kcn-tan-phuoc-1","discovery_reported_unverified",,"unresolved",FALSE,"not_verified","needs_identity_or_location_review",,,,,,"not_reported"
"kcn-kkt-kcn-tan-phuoc-2","KCN Tân Phước 2","industrial_park","82","KCN-KKT discovery (unverified)","https://kcn-kkt.com/kcn/kcn-tan-phuoc-2","2026-09-10","Huyện Tân Phước",,,"tan phuoc 2","https://kcn-kkt.com/kcn/kcn-tan-phuoc-2","discovery_reported_unverified",,"unresolved",FALSE,"not_verified","needs_identity_or_location_review",,,,,,"not_reported"
"kcn-kkt-kcn-tan-phuoc-3","KCN Tân Phước 3","industrial_park","82","KCN-KKT discovery (unverified)","https://kcn-kkt.com/kcn/kcn-tan-phuoc-3","2026-09-10","Huyện Tân Phước",,,"tan phuoc 3","https://kcn-kkt.com/kcn/kcn-tan-phuoc-3","discovery_reported_unverified",,"unresolved",FALSE,"not_verified","needs_identity_or_location_review",,,,,,"not_reported"
"kcn-kkt-kcn-tan-phuoc-4","KCN Tân Phước 4","industrial_park","82","KCN-KKT discovery (unverified)","https://kcn-kkt.com/kcn/kcn-tan-phuoc-4","2026-09-10","Huyện Tân Phước",,,"tan phuoc 4","https://kcn-kkt.com/kcn/kcn-tan-phuoc-4","discovery_reported_unverified",,"unresolved",FALSE,"not_verified","needs_identity_or_location_review",,,,,,"not_reported"
"kcn-kkt-kcn-tan-phuoc-5","KCN Tân Phước 5","industrial_park","82","KCN-KKT discovery (unverified)","https://kcn-kkt.com/kcn/kcn-tan-phuoc-5","2026-09-10","Huyện Tân Phước",,,"tan phuoc 5","https://kcn-kkt.com/kcn/kcn-tan-phuoc-5","discovery_reported_unverified",,"unresolved",FALSE,"not_verified","needs_identity_or_location_review",,,,,,"not_reported"
"kcn-kkt-kcn-thuong-phuoc","KCN Thương Phước","industrial_park","82","KCN-KKT discovery (unverified)","https://kcn-kkt.com/kcn/kcn-thuong-phuoc","2026-09-10","Huyện Hồng Ngự",,,"thuong phuoc","https://kcn-kkt.com/kcn/kcn-thuong-phuoc","discovery_reported_unverified",,"unresolved",FALSE,"not_verified","needs_identity_or_location_review",,,,,,"not_reported"
"kcn-kkt-kcn-tran-quoc-toan","KCN Trần Quốc Toản","industrial_park","82","KCN-KKT discovery (unverified)","https://kcn-kkt.com/kcn/kcn-tran-quoc-toan","2026-09-10","Thành phố Cao Lãnh",,,"tran quoc toan","https://kcn-kkt.com/kcn/kcn-tran-quoc-toan","discovery_reported_unverified",,"unresolved",FALSE,"not_verified","needs_identity_or_location_review",,,,,,"not_reported"
"kcn-kkt-kcn-do-thi-dich-vu-cao-lanh","KCN, đô thị, dịch vụ Cao Lãnh","industrial_park","82","KCN-KKT discovery (unverified)","https://kcn-kkt.com/kcn/kcn-do-thi-dich-vu-cao-lanh","2026-09-10","Huyện Cao Lãnh",,,"do thi dich vu cao lanh","https://kcn-kkt.com/kcn/kcn-do-thi-dich-vu-cao-lanh","discovery_reported_unverified",,"unresolved",FALSE,"not_verified","needs_identity_or_location_review",,,,,,"not_reported"
"kcn-kkt-kcn-do-thi-dich-vu-cao-lanh-mo-rong","KCN, đô thị, dịch vụ Cao Lãnh mở rộng","industrial_park","82","KCN-KKT discovery (unverified)","https://kcn-kkt.com/kcn/kcn-do-thi-dich-vu-cao-lanh-mo-rong","2026-09-10","Huyện Cao Lãnh",,,"do thi dich vu cao lanh mo rong","https://kcn-kkt.com/kcn/kcn-do-thi-dich-vu-cao-lanh-mo-rong","discovery_reported_unverified",,"unresolved",FALSE,"not_verified","needs_identity_or_location_review",,,,,,"not_reported"
"kcn-kkt-kcn-do-thi-dich-vu-tan-my","KCN, đô thị, dịch vụ Tân Mỹ","industrial_park","82","KCN-KKT discovery (unverified)","https://kcn-kkt.com/kcn/kcn-do-thi-dich-vu-tan-my","2026-09-10","Huyện Lập Võ",,,"do thi dich vu tan my","https://kcn-kkt.com/kcn/kcn-do-thi-dich-vu-tan-my","discovery_reported_unverified",,"unresolved",FALSE,"not_verified","needs_identity_or_location_review",,,,,,"not_reported"
"kcn-kkt-kcn-an-khe","KCN An Khê","industrial_park","52","KCN-KKT discovery (unverified)","https://kcn-kkt.com/kcn/kcn-an-khe","2026-09-10","Thị xã An Khê",,,"an khe","https://kcn-kkt.com/kcn/kcn-an-khe","discovery_reported_unverified",,"unresolved",FALSE,"not_verified","needs_identity_or_location_review",,,,,,"not_reported"
"kcn-kkt-kcn-ayun-pa","KCN Ayun Pa","industrial_park","52","KCN-KKT discovery (unverified)","https://kcn-kkt.com/kcn/kcn-ayun-pa","2026-09-10","Thị xã Ayun Pa",,,"ayun pa","https://kcn-kkt.com/kcn/kcn-ayun-pa","discovery_reported_unverified",,"unresolved",FALSE,"not_verified","needs_identity_or_location_review",,,,,,"not_reported"
"kcn-kkt-kcn-cat-trinh","KCN Cát Trinh","industrial_park","52","KCN-KKT discovery (unverified)","https://kcn-kkt.com/kcn/kcn-cat-trinh","2026-09-10","Huyện Phù Cát",,,"cat trinh","https://kcn-kkt.com/kcn/kcn-cat-trinh","discovery_reported_unverified",,"unresolved",FALSE,"not_verified","needs_identity_or_location_review",,,,,,"not_reported"
"kcn-kkt-kcn-chu-se","KCN Chu Sê","industrial_park","52","KCN-KKT discovery (unverified)","https://kcn-kkt.com/kcn/kcn-chu-se","2026-09-10","Huyện Chư Sê",,,"chu se","https://kcn-kkt.com/kcn/kcn-chu-se","discovery_reported_unverified",,"unresolved",FALSE,"not_verified","needs_identity_or_location_review",,,,,,"not_reported"
"kcn-kkt-kcn-dak-doa","KCN Đak Doa","industrial_park","52","KCN-KKT discovery (unverified)","https://kcn-kkt.com/kcn/kcn-dak-doa","2026-09-10","Huyện Đak Doa",,,"dak doa","https://kcn-kkt.com/kcn/kcn-dak-doa","discovery_reported_unverified",,"unresolved",FALSE,"not_verified","needs_identity_or_location_review",,,,,,"not_reported"
"kcn-kkt-kcn-dong-pleiku","KCN Đông Pleiku","industrial_park","52","KCN-KKT discovery (unverified)","https://kcn-kkt.com/kcn/kcn-dong-pleiku","2026-09-10","TP Pleiku",,,"dong pleiku","https://kcn-kkt.com/kcn/kcn-dong-pleiku","discovery_reported_unverified",,"unresolved",FALSE,"not_verified","needs_identity_or_location_review",,,,,,"not_reported"
"kcn-kkt-kcn-nam-pleiku-2","KCN Nam Pleiku 2","industrial_park","52","KCN-KKT discovery (unverified)","https://kcn-kkt.com/kcn/kcn-nam-pleiku-2","2026-09-10","Huyện Chư Sê",,,"nam pleiku 2","https://kcn-kkt.com/kcn/kcn-nam-pleiku-2","discovery_reported_unverified",,"unresolved",FALSE,"not_verified","needs_identity_or_location_review",,,,,,"not_reported"
"kcn-kkt-kcn-tay-nam-pleiku","KCN Tây Nam Pleiku","industrial_park","52","KCN-KKT discovery (unverified)","https://kcn-kkt.com/kcn/kcn-tay-nam-pleiku","2026-09-10","Giao lộ giữa cao tốc đường 19 và cao tốc Bắc - Nam",,,"tay nam pleiku","https://kcn-kkt.com/kcn/kcn-tay-nam-pleiku","discovery_reported_unverified",,"unresolved",FALSE,"not_verified","needs_identity_or_location_review",,,,,,"not_reported"
"kcn-kkt-kcn-tra-da","KCN Trà Đa","industrial_park","52","KCN-KKT discovery (unverified)","https://kcn-kkt.com/kcn/kcn-tra-da","2026-09-10","Thành phố Pleiku",,,"tra da","https://kcn-kkt.com/kcn/kcn-tra-da","discovery_reported_unverified",,"unresolved",FALSE,"not_verified","needs_identity_or_location_review",,,,,,"not_reported"
"kcn-kkt-khu-cong-nghiep-do-thi-becamex-a-nhan-khu-07","Khu công nghiệp - Đô thị Becamex A (Nhân khu 07)","industrial_park","52","KCN-KKT discovery (unverified)","https://kcn-kkt.com/kcn/khu-cong-nghiep-do-thi-becamex-a-nhan-khu-07","2026-09-10","Huyện Văn Canh",,,"do thi becamex a nhan khu 07","https://kcn-kkt.com/kcn/khu-cong-nghiep-do-thi-becamex-a-nhan-khu-07","discovery_reported_unverified",,"unresolved",FALSE,"not_verified","needs_identity_or_location_review",,,,,,"not_reported"
"kcn-kkt-khu-cong-nghiep-binh-nghi","Khu công nghiệp Bình Nghi","industrial_park","52","KCN-KKT discovery (unverified)","https://kcn-kkt.com/kcn/khu-cong-nghiep-binh-nghi","2026-09-10","Huyện Tây Sơn",,,"binh nghi","https://kcn-kkt.com/kcn/khu-cong-nghiep-binh-nghi","discovery_reported_unverified",,"unresolved",FALSE,"not_verified","needs_identity_or_location_review",,,,,,"not_reported"
"kcn-kkt-khu-cong-nghiep-hoa-hoi","Khu công nghiệp Hòa Hội","industrial_park","52","KCN-KKT discovery (unverified)","https://kcn-kkt.com/kcn/khu-cong-nghiep-hoa-hoi","2026-09-10","Huyện Phù Cát",,,"hoa hoi","https://kcn-kkt.com/kcn/khu-cong-nghiep-hoa-hoi","discovery_reported_unverified",,"unresolved",FALSE,"not_verified","needs_identity_or_location_review",,,,,,"not_reported"
"kcn-kkt-khu-cong-nghiep-hoa-hoi-mo-rong-giai-doan-2","Khu công nghiệp Hòa Hội (mở rộng giai đoạn 2)","industrial_park","52","KCN-KKT discovery (unverified)","https://kcn-kkt.com/kcn/khu-cong-nghiep-hoa-hoi-mo-rong-giai-doan-2","2026-09-10","Huyện Phù Cát",,,"hoa hoi mo rong giai doan 2","https://kcn-kkt.com/kcn/khu-cong-nghiep-hoa-hoi-mo-rong-giai-doan-2","discovery_reported_unverified",,"unresolved",FALSE,"not_verified","needs_identity_or_location_review",,,,,,"not_reported"
"kcn-kkt-khu-cong-nghiep-hoai-my","Khu công nghiệp Hoài Mỹ","industrial_park","52","KCN-KKT discovery (unverified)","https://kcn-kkt.com/kcn/khu-cong-nghiep-hoai-my","2026-09-10","Thị xã Hoài Nhơn",,,"hoai my","https://kcn-kkt.com/kcn/khu-cong-nghiep-hoai-my","discovery_reported_unverified",,"unresolved",FALSE,"not_verified","needs_identity_or_location_review",,,,,,"not_reported"
"kcn-kkt-khu-cong-nghiep-long-my","Khu công nghiệp Long Mỹ","industrial_park","52","KCN-KKT discovery (unverified)","https://kcn-kkt.com/kcn/khu-cong-nghiep-long-my","2026-09-10","Thành phố Quy Nhơn",,,"long my","https://kcn-kkt.com/kcn/khu-cong-nghiep-long-my","discovery_reported_unverified",,"unresolved",FALSE,"not_verified","needs_identity_or_location_review",,,,,,"not_reported"
"kcn-kkt-khu-cong-nghiep-long-my-giai-doan-ii","Khu công nghiệp Long Mỹ (giai đoạn II)","industrial_park","52","KCN-KKT discovery (unverified)","https://kcn-kkt.com/kcn/khu-cong-nghiep-long-my-giai-doan-ii","2026-09-10","Thành phố Quy Nhơn",,,"long my giai doan 2","https://kcn-kkt.com/kcn/khu-cong-nghiep-long-my-giai-doan-ii","discovery_reported_unverified",,"unresolved",FALSE,"not_verified","needs_identity_or_location_review",,,,,,"not_reported"
"kcn-kkt-khu-cong-nghiep-nhon-hoi-khu-a-trong-khu-kinh-te-nhon-hoi","Khu công nghiệp Nhơn Hội (Khu A - Trong khu kinh tế Nhơn Hội)","industrial_park","52","KCN-KKT discovery (unverified)","https://kcn-kkt.com/kcn/khu-cong-nghiep-nhon-hoi-khu-a-trong-khu-kinh-te-nhon-hoi","2026-09-10","Thành phố Quy Nhơn",,,"nhon hoi khu a trong khu kinh te nhon hoi","https://kcn-kkt.com/kcn/khu-cong-nghiep-nhon-hoi-khu-a-trong-khu-kinh-te-nhon-hoi","discovery_reported_unverified",,"unresolved",FALSE,"not_verified","needs_identity_or_location_review",,,,,,"not_reported"
"kcn-kkt-khu-cong-nghiep-nhon-hoi-khu-b-trong-khu-kinh-te-nhon-hoi","Khu công nghiệp Nhơn Hội (Khu B - Trong khu kinh tế Nhơn Hội)","industrial_park","52","KCN-KKT discovery (unverified)","https://kcn-kkt.com/kcn/khu-cong-nghiep-nhon-hoi-khu-b-trong-khu-kinh-te-nhon-hoi","2026-09-10","Thành phố Quy Nhơn",,,"nhon hoi khu b trong khu kinh te nhon hoi","https://kcn-kkt.com/kcn/khu-cong-nghiep-nhon-hoi-khu-b-trong-khu-kinh-te-nhon-hoi","discovery_reported_unverified",,"unresolved",FALSE,"not_verified","needs_identity_or_location_review",,,,,,"not_reported"
"kcn-kkt-khu-cong-nghiep-phia-nam-quoc-lo-19","Khu công nghiệp phía Nam Quốc lộ 19","industrial_park","52","KCN-KKT discovery (unverified)","https://kcn-kkt.com/kcn/khu-cong-nghiep-phia-nam-quoc-lo-19","2026-09-10","Thị xã An Nhơn",,,"phia nam quoc lo 19","https://kcn-kkt.com/kcn/khu-cong-nghiep-phia-nam-quoc-lo-19","discovery_reported_unverified",,"unresolved",FALSE,"not_verified","needs_identity_or_location_review",,,,,,"not_reported"
"kcn-kkt-khu-cong-nghiep-phu-my","Khu công nghiệp Phù Mỹ","industrial_park","52","KCN-KKT discovery (unverified)","https://kcn-kkt.com/kcn/khu-cong-nghiep-phu-my","2026-09-10","Huyện Phù Mỹ",,,"phu my","https://kcn-kkt.com/kcn/khu-cong-nghiep-phu-my","discovery_reported_unverified",,"unresolved",FALSE,"not_verified","needs_identity_or_location_review",,,,,,"not_reported"
"kcn-kkt-khu-cong-nghiep-phu-tai","Khu công nghiệp Phú Tài","industrial_park","52","KCN-KKT discovery (unverified)","https://kcn-kkt.com/kcn/khu-cong-nghiep-phu-tai","2026-09-10","Thành phố Quy Nhơn",,,"phu tai","https://kcn-kkt.com/kcn/khu-cong-nghiep-phu-tai","discovery_reported_unverified",,"unresolved",FALSE,"not_verified","needs_identity_or_location_review",,,,,,"not_reported"
"kcn-kkt-khu-cong-nghiep-tay-giang","Khu công nghiệp Tây Giang","industrial_park","52","KCN-KKT discovery (unverified)","https://kcn-kkt.com/kcn/khu-cong-nghiep-tay-giang","2026-09-10","Huyện Tây Sơn",,,"tay giang","https://kcn-kkt.com/kcn/khu-cong-nghiep-tay-giang","discovery_reported_unverified",,"unresolved",FALSE,"not_verified","needs_identity_or_location_review",,,,,,"not_reported"
"kcn-kkt-khu-cong-nghiep-van-canh","Khu công nghiệp Văn Canh","industrial_park","52","KCN-KKT discovery (unverified)","https://kcn-kkt.com/kcn/khu-cong-nghiep-van-canh","2026-09-10","Huyện Văn Canh",,,"van canh","https://kcn-kkt.com/kcn/khu-cong-nghiep-van-canh","discovery_reported_unverified",,"unresolved",FALSE,"not_verified","needs_identity_or_location_review",,,,,,"not_reported"
"kcn-kkt-kcn-ba-vi","KCN Ba Vì","industrial_park","01","KCN-KKT discovery (unverified)","https://kcn-kkt.com/kcn/kcn-ba-vi","2026-09-10","Huyện Ba Vì",,,"ba 6","https://kcn-kkt.com/kcn/kcn-ba-vi","discovery_reported_unverified",,"unresolved",FALSE,"not_verified","needs_identity_or_location_review",,,,,,"not_reported"
"kcn-kkt-kcn-bac-phu-xuyen","KCN Bắc Phú Xuyên","industrial_park","01","KCN-KKT discovery (unverified)","https://kcn-kkt.com/kcn/kcn-bac-phu-xuyen","2026-09-10","Huyện Phú Xuyên",,,"bac phu xuyen","https://kcn-kkt.com/kcn/kcn-bac-phu-xuyen","discovery_reported_unverified",,"unresolved",FALSE,"not_verified","needs_identity_or_location_review",,,,,,"not_reported"
"kcn-kkt-kcn-bac-thuong-tin","KCN Bắc Thường Tín","industrial_park","01","KCN-KKT discovery (unverified)","https://kcn-kkt.com/kcn/kcn-bac-thuong-tin","2026-09-10","Huyện Thường Tín",,,"bac thuong tin","https://kcn-kkt.com/kcn/kcn-bac-thuong-tin","discovery_reported_unverified",,"unresolved",FALSE,"not_verified","needs_identity_or_location_review",,,,,,"not_reported"
"kcn-kkt-kcn-dong-anh","KCN Đông Anh","industrial_park","01","KCN-KKT discovery (unverified)","https://kcn-kkt.com/kcn/kcn-dong-anh","2026-09-10","Huyện Đông Anh",,,"dong anh","https://kcn-kkt.com/kcn/kcn-dong-anh","discovery_reported_unverified",,"unresolved",FALSE,"not_verified","needs_identity_or_location_review",,,,,,"not_reported"
"kcn-kkt-kcn-ho-tro-nam-ha-noi-giai-doan-i","KCN Hỗ trợ Nam Hà Nội giai đoạn I","industrial_park","01","KCN-KKT discovery (unverified)","https://kcn-kkt.com/kcn/kcn-ho-tro-nam-ha-noi-giai-doan-i","2026-09-10","Huyện Phú Xuyên",,,"ho tro nam ha noi giai doan 1","https://kcn-kkt.com/kcn/kcn-ho-tro-nam-ha-noi-giai-doan-i","discovery_reported_unverified",,"unresolved",FALSE,"not_verified","needs_identity_or_location_review",,,,,,"not_reported"
"kcn-kkt-kcn-ho-tro-nam-ha-noi-giai-doan-ii","KCN hỗ trợ Nam Hà Nội giai đoạn II","industrial_park","01","KCN-KKT discovery (unverified)","https://kcn-kkt.com/kcn/kcn-ho-tro-nam-ha-noi-giai-doan-ii","2026-09-10","Huyện Phú Xuyên",,,"ho tro nam ha noi giai doan 2","https://kcn-kkt.com/kcn/kcn-ho-tro-nam-ha-noi-giai-doan-ii","discovery_reported_unverified",,"unresolved",FALSE,"not_verified","needs_identity_or_location_review",,,,,,"not_reported"
"kcn-kkt-kcn-khu-chay","KCN Khu Cháy","industrial_park","01","KCN-KKT discovery (unverified)","https://kcn-kkt.com/kcn/kcn-khu-chay","2026-09-10","Ứng Hòa",,,"khu chay","https://kcn-kkt.com/kcn/kcn-khu-chay","discovery_reported_unverified",,"unresolved",FALSE,"not_verified","needs_identity_or_location_review",,,,,,"not_reported"
"kcn-kkt-kcn-khu-chau","KCN Khu Châu","industrial_park","01","KCN-KKT discovery (unverified)","https://kcn-kkt.com/kcn/kcn-khu-chau","2026-09-10","Huyện Phú Xuyên",,,"khu chau","https://kcn-kkt.com/kcn/kcn-khu-chau","discovery_reported_unverified",,"unresolved",FALSE,"not_verified","needs_identity_or_location_review",,,,,,"not_reported"
"kcn-kkt-kcn-phu-dong","KCN Phủ Đông","industrial_park","01","KCN-KKT discovery (unverified)","https://kcn-kkt.com/kcn/kcn-phu-dong","2026-09-10","Huyện Gia Lâm",,,"phu dong","https://kcn-kkt.com/kcn/kcn-phu-dong","discovery_reported_unverified",,"unresolved",FALSE,"not_verified","needs_identity_or_location_review",,,,,,"not_reported"
"kcn-kkt-kcn-phu-nghia-ii","KCN Phú Nghĩa II","industrial_park","01","KCN-KKT discovery (unverified)","https://kcn-kkt.com/kcn/kcn-phu-nghia-ii","2026-09-10","Huyện Chương Mỹ",,,"phu nghia 2","https://kcn-kkt.com/kcn/kcn-phu-nghia-ii","discovery_reported_unverified",,"unresolved",FALSE,"not_verified","needs_identity_or_location_review",,,,,,"not_reported"
"kcn-kkt-kcn-phung-hiep","KCN Phùng Hiệp","industrial_park","01","KCN-KKT discovery (unverified)","https://kcn-kkt.com/kcn/kcn-phung-hiep","2026-09-10","Huyện Thường Tín",,,"phung hiep","https://kcn-kkt.com/kcn/kcn-phung-hiep","discovery_reported_unverified",,"unresolved",FALSE,"not_verified","needs_identity_or_location_review",,,,,,"not_reported"
"kcn-kkt-kcn-phung-hiep-mo-rong","KCN Phùng Hiệp mở rộng","industrial_park","01","KCN-KKT discovery (unverified)","https://kcn-kkt.com/kcn/kcn-phung-hiep-mo-rong","2026-09-10","Huyện Thường Tín",,,"phung hiep mo rong","https://kcn-kkt.com/kcn/kcn-phung-hiep-mo-rong","discovery_reported_unverified",,"unresolved",FALSE,"not_verified","needs_identity_or_location_review",,,,,,"not_reported"
"kcn-kkt-kcn-quang-minh-i-va-mo-rong","KCN Quang Minh I và mở rộng","industrial_park","01","KCN-KKT discovery (unverified)","https://kcn-kkt.com/kcn/kcn-quang-minh-i-va-mo-rong","2026-09-10","Huyện Mê Linh",,,"quang minh 1 va mo rong","https://kcn-kkt.com/kcn/kcn-quang-minh-i-va-mo-rong","discovery_reported_unverified",,"unresolved",FALSE,"not_verified","needs_identity_or_location_review",,,,,,"not_reported"
"kcn-kkt-kcn-quang-minh-ii","KCN Quang Minh II","industrial_park","01","KCN-KKT discovery (unverified)","https://kcn-kkt.com/kcn/kcn-quang-minh-ii","2026-09-10","Huyện Mê Linh",,,"quang minh 2","https://kcn-kkt.com/kcn/kcn-quang-minh-ii","discovery_reported_unverified",,"unresolved",FALSE,"not_verified","needs_identity_or_location_review",,,,,,"not_reported"
"kcn-kkt-kcn-sach-soc-son","KCN Sách Sóc Sơn","industrial_park","01","KCN-KKT discovery (unverified)","https://kcn-kkt.com/kcn/kcn-sach-soc-son","2026-09-10","Huyện Sóc Sơn",,,"sach soc son","https://kcn-kkt.com/kcn/kcn-sach-soc-son","discovery_reported_unverified",,"unresolved",FALSE,"not_verified","needs_identity_or_location_review",,,,,,"not_reported"
"kcn-kkt-kcn-thanh-van-tan-uoc","KCN Thanh Văn - Tân Ước","industrial_park","01","KCN-KKT discovery (unverified)","https://kcn-kkt.com/kcn/kcn-thanh-van-tan-uoc","2026-09-10","Huyện Thanh Oai",,,"thanh van tan uoc","https://kcn-kkt.com/kcn/kcn-thanh-van-tan-uoc","discovery_reported_unverified",,"unresolved",FALSE,"not_verified","needs_identity_or_location_review",,,,,,"not_reported"
"kcn-kkt-kcn-thang-long","KCN Thăng Long","industrial_park","01","KCN-KKT discovery (unverified)","https://kcn-kkt.com/kcn/kcn-thang-long","2026-09-10","Huyện Đông Anh",,,"thang long","https://kcn-kkt.com/kcn/kcn-thang-long","discovery_reported_unverified",,"unresolved",FALSE,"not_verified","needs_identity_or_location_review",,,,,,"not_reported"
"kcn-kkt-kcn-tien-thang","KCN Tiến Thắng","industrial_park","01","KCN-KKT discovery (unverified)","https://kcn-kkt.com/kcn/kcn-tien-thang","2026-09-10","Huyện Mê Linh",,,"tien thang","https://kcn-kkt.com/kcn/kcn-tien-thang","discovery_reported_unverified",,"unresolved",FALSE,"not_verified","needs_identity_or_location_review",,,,,,"not_reported"
"kcn-kkt-kcn-xuan-duong","KCN Xuân Dương","industrial_park","01","KCN-KKT discovery (unverified)","https://kcn-kkt.com/kcn/kcn-xuan-duong","2026-09-10","Huyện Thanh Oai",,,"xuan duong","https://kcn-kkt.com/kcn/kcn-xuan-duong","discovery_reported_unverified",,"unresolved",FALSE,"not_verified","needs_identity_or_location_review",,,,,,"not_reported"
"kcn-kkt-khu-cong-nghiep-gia-binh-ha-noi","Khu công nghiệp Gia Bình","industrial_park","01","KCN-KKT discovery (unverified)","https://kcn-kkt.com/kcn/khu-cong-nghiep-gia-binh-ha-noi","2026-09-10","Huyện Gia Bình, tỉnh Bắc Ninh",,,"gia binh","https://kcn-kkt.com/kcn/khu-cong-nghiep-gia-binh-ha-noi","discovery_reported_unverified",,"unresolved",FALSE,"not_verified","needs_identity_or_location_review",,,,,,"not_reported"
"kcn-kkt-khu-cong-nghiep-yen-lu-ha-noi","Khu công nghiệp Yên Lự","industrial_park","01","KCN-KKT discovery (unverified)","https://kcn-kkt.com/kcn/khu-cong-nghiep-yen-lu-ha-noi","2026-09-10","Huyện Yên Dũng, tỉnh Bắc Giang",,,"yen lu","https://kcn-kkt.com/kcn/khu-cong-nghiep-yen-lu-ha-noi","discovery_reported_unverified",,"unresolved",FALSE,"not_verified","needs_identity_or_location_review",,,,,,"not_reported"
"kcn-kkt-kcn-bac-hong-linh","KCN Bắc Hồng Lĩnh","industrial_park","42","KCN-KKT discovery (unverified)","https://kcn-kkt.com/kcn/kcn-bac-hong-linh","2026-09-10","TX Hồng Lĩnh",,,"bac hong linh","https://kcn-kkt.com/kcn/kcn-bac-hong-linh","discovery_reported_unverified",,"unresolved",FALSE,"not_verified","needs_identity_or_location_review",,,,,,"not_reported"
"kcn-kkt-kcn-bac-thach-ha","KCN Bắc Thạch Hà","industrial_park","42","KCN-KKT discovery (unverified)","https://kcn-kkt.com/kcn/kcn-bac-thach-ha","2026-09-10","Thạch Hà",,,"bac thach ha","https://kcn-kkt.com/kcn/kcn-bac-thach-ha","discovery_reported_unverified",,"unresolved",FALSE,"not_verified","needs_identity_or_location_review",,,,,,"not_reported"
"kcn-kkt-kcn-cac-kcn-khac-theo-quy-hoach-chung-xay-dung-kkt-vung-ang-hoac-quy-hoach-chung-xay-dung-thi-xa-ky-anh","KCN Các KCN khác theo quy hoạch chung xây dựng KKT Vũng Áng hoặc Quy hoạch chung xây dựng thị xã Kỳ Anh","industrial_park","42","KCN-KKT discovery (unverified)","https://kcn-kkt.com/kcn/kcn-cac-kcn-khac-theo-quy-hoach-chung-xay-dung-kkt-vung-ang-hoac-quy-hoach-chung-xay-dung-thi-xa-ky-anh","2026-09-10","TX Kỳ Anh và huyện Kỳ Anh",,,"cac kcn khac theo quy hoach chung xay dung kkt vung ang hoac quy hoach chung xay dung thi xa ky anh","https://kcn-kkt.com/kcn/kcn-cac-kcn-khac-theo-quy-hoach-chung-xay-dung-kkt-vung-ang-hoac-quy-hoach-chung-xay-dung-thi-xa-ky-anh","discovery_reported_unverified",,"unresolved",FALSE,"not_verified","needs_identity_or_location_review",,,,,,"not_reported"
"kcn-kkt-kcn-cac-kcn-trong-kkt-cua-khau-quoc-te-cau-treo-theo-quy-hoach-chung-xay-dung-kkt","KCN Các KCN trong KKT cửa khẩu quốc tế Cầu Treo theo quy hoạch chung xây dựng KKT","industrial_park","42","KCN-KKT discovery (unverified)","https://kcn-kkt.com/kcn/kcn-cac-kcn-trong-kkt-cua-khau-quoc-te-cau-treo-theo-quy-hoach-chung-xay-dung-kkt","2026-09-10","Hương Sơn",,,"cac kcn trong kkt cua khau quoc te cau treo theo quy hoach chung xay dung kkt","https://kcn-kkt.com/kcn/kcn-cac-kcn-trong-kkt-cua-khau-quoc-te-cau-treo-theo-quy-hoach-chung-xay-dung-kkt","discovery_reported_unverified",,"unresolved",FALSE,"not_verified","needs_identity_or_location_review",,,,,,"not_reported"
"kcn-kkt-kcn-gia-lach","KCN Gia Lạch","industrial_park","42","KCN-KKT discovery (unverified)","https://kcn-kkt.com/kcn/kcn-gia-lach","2026-09-10","Nghi Xuân",,,"gia lach","https://kcn-kkt.com/kcn/kcn-gia-lach","discovery_reported_unverified",,"unresolved",FALSE,"not_verified","needs_identity_or_location_review",,,,,,"not_reported"
"kcn-kkt-kcn-ha-vang","KCN Hạ Vàng","industrial_park","42","KCN-KKT discovery (unverified)","https://kcn-kkt.com/kcn/kcn-ha-vang","2026-09-10","Can Lộc",,,"ha vang","https://kcn-kkt.com/kcn/kcn-ha-vang","discovery_reported_unverified",,"unresolved",FALSE,"not_verified","needs_identity_or_location_review",,,,,,"not_reported"
"kcn-kkt-kcn-hoanh-son","KCN Hoành Sơn","industrial_park","42","KCN-KKT discovery (unverified)","https://kcn-kkt.com/kcn/kcn-hoanh-son","2026-09-10","TX Kỳ Anh",,,"hoanh son","https://kcn-kkt.com/kcn/kcn-hoanh-son","discovery_reported_unverified",,"unresolved",FALSE,"not_verified","needs_identity_or_location_review",,,,,,"not_reported"
"kcn-kkt-kcn-ky-trinh","KCN Kỳ Trình","industrial_park","42","KCN-KKT discovery (unverified)","https://kcn-kkt.com/kcn/kcn-ky-trinh","2026-09-10","TX Kỳ Anh",,,"ky trinh","https://kcn-kkt.com/kcn/kcn-ky-trinh","discovery_reported_unverified",,"unresolved",FALSE,"not_verified","needs_identity_or_location_review",,,,,,"not_reported"
"kcn-kkt-kcn-ky-trinh-ky-thinh","KCN Kỳ Trình, Kỳ Thịnh","industrial_park","42","KCN-KKT discovery (unverified)","https://kcn-kkt.com/kcn/kcn-ky-trinh-ky-thinh","2026-09-10","TX Kỳ Anh",,,"ky trinh ky thinh","https://kcn-kkt.com/kcn/kcn-ky-trinh-ky-thinh","discovery_reported_unverified",,"unresolved",FALSE,"not_verified","needs_identity_or_location_review",,,,,,"not_reported"
"kcn-kkt-kcn-phia-tay-thanh-pho-ha-tinh","KCN phía Tây thành phố Hà Tĩnh","industrial_park","42","KCN-KKT discovery (unverified)","https://kcn-kkt.com/kcn/kcn-phia-tay-thanh-pho-ha-tinh","2026-09-10","Thạch Hà",,,"phia tay thanh pho ha tinh","https://kcn-kkt.com/kcn/kcn-phia-tay-thanh-pho-ha-tinh","discovery_reported_unverified",,"unresolved",FALSE,"not_verified","needs_identity_or_location_review",,,,,,"not_reported"
"kcn-kkt-kcn-phu-vinh","KCN Phú Vinh","industrial_park","42","KCN-KKT discovery (unverified)","https://kcn-kkt.com/kcn/kcn-phu-vinh","2026-09-10","TX Kỳ Anh",,,"phu vinh","https://kcn-kkt.com/kcn/kcn-phu-vinh","discovery_reported_unverified",,"unresolved",FALSE,"not_verified","needs_identity_or_location_review",,,,,,"not_reported"
"kcn-kkt-kcn-trung-tam-lo-cn4-cn5","KCN trung tâm Lō CN4, CN5","industrial_park","42","KCN-KKT discovery (unverified)","https://kcn-kkt.com/kcn/kcn-trung-tam-lo-cn4-cn5","2026-09-10","TX Kỳ Anh",,,"trung tam lo cn4 cn5","https://kcn-kkt.com/kcn/kcn-trung-tam-lo-cn4-cn5","discovery_reported_unverified",,"unresolved",FALSE,"not_verified","needs_identity_or_location_review",,,,,,"not_reported"
"kcn-kkt-kcn-vung-ang-i","KCN Vũng Áng I","industrial_park","42","KCN-KKT discovery (unverified)","https://kcn-kkt.com/kcn/kcn-vung-ang-i","2026-09-10","TX Kỳ Anh",,,"vung ang 1","https://kcn-kkt.com/kcn/kcn-vung-ang-i","discovery_reported_unverified",,"unresolved",FALSE,"not_verified","needs_identity_or_location_review",,,,,,"not_reported"
"kcn-kkt-ben-cang-caltex","Bến cảng Caltex","unclassified","31","KCN-KKT discovery (unverified)","https://kcn-kkt.com/kcn/ben-cang-caltex","2026-09-10","Tam Hung, Thuỷ Nguyên, Hải Phòng",,,"ben cang caltex","https://kcn-kkt.com/kcn/ben-cang-caltex","discovery_reported_unverified",,"unresolved",FALSE,"not_verified","needs_identity_or_location_review",,,,,,"not_reported"
"kcn-kkt-ben-cang-container-quoc-te-tan-cang-hai-phong","Bến cảng Container Quốc tế Tân cảng Hải Phòng","unclassified","31","KCN-KKT discovery (unverified)","https://kcn-kkt.com/kcn/ben-cang-container-quoc-te-tan-cang-hai-phong","2026-09-10","Huyện Cát Hải, thành phố Hải Phòng",,,"ben cang container quoc te tan cang hai phong","https://kcn-kkt.com/kcn/ben-cang-container-quoc-te-tan-cang-hai-phong","discovery_reported_unverified",,"unresolved",FALSE,"not_verified","needs_identity_or_location_review",,,,,,"not_reported"
"kcn-kkt-ben-cang-cong-nghiep-tau-thuy-nam-trieu","Bến cảng công nghiệp tâu thuỷ Nam Triều","unclassified","31","KCN-KKT discovery (unverified)","https://kcn-kkt.com/kcn/ben-cang-cong-nghiep-tau-thuy-nam-trieu","2026-09-10","Xã Tam Hung, huyện Thuỷ Nguyên, Thành phố Hải Phòng",,,"ben cang cong nghiep tau thuy nam trieu","https://kcn-kkt.com/kcn/ben-cang-cong-nghiep-tau-thuy-nam-trieu","discovery_reported_unverified",,"unresolved",FALSE,"not_verified","needs_identity_or_location_review",,,,,,"not_reported"
"kcn-kkt-ben-cang-nam-dinh-vu","Bến cảng Nam Định Vũ","unclassified","31","KCN-KKT discovery (unverified)","https://kcn-kkt.com/kcn/ben-cang-nam-dinh-vu","2026-09-10","KCN Nam Định Vũ (Khu 1), P. Đông Hải 2, Q. Hải An, TP. Hải Phòng",,,"ben cang nam dinh vu","https://kcn-kkt.com/kcn/ben-cang-nam-dinh-vu","discovery_reported_unverified",,"unresolved",FALSE,"not_verified","needs_identity_or_location_review",,,,,,"not_reported"
"kcn-kkt-ben-cang-nha-may-dong-tau-pha-rung","Bến cảng Nhà máy động tâu Phá Rừng","unclassified","31","KCN-KKT discovery (unverified)","https://kcn-kkt.com/kcn/ben-cang-nha-may-dong-tau-pha-rung","2026-09-10","Xã Tam Hưng, Thuỷ Nguyên, Hải Phòng",,,"ben cang nha may dong tau pha rung","https://kcn-kkt.com/kcn/ben-cang-nha-may-dong-tau-pha-rung","discovery_reported_unverified",,"unresolved",FALSE,"not_verified","needs_identity_or_location_review",,,,,,"not_reported"
"kcn-kkt-ben-cang-nha-may-nhiet-dien-hai-phong","Bến cảng Nhà máy nhiệt điện Hải Phòng","unclassified","31","KCN-KKT discovery (unverified)","https://kcn-kkt.com/kcn/ben-cang-nha-may-nhiet-dien-hai-phong","2026-09-10","Xã Tam Hung, huyện Thuỷ Nguyên, Thành phố Hải Phòng",,,"ben cang nha may nhiet dien hai phong","https://kcn-kkt.com/kcn/ben-cang-nha-may-nhiet-dien-hai-phong","discovery_reported_unverified",,"unresolved",FALSE,"not_verified","needs_identity_or_location_review",,,,,,"not_reported"
"kcn-kkt-kcn-an-hoa","KCN An Hòa","industrial_park","31","KCN-KKT discovery (unverified)","https://kcn-kkt.com/kcn/kcn-an-hoa","2026-09-10","Huyện Vĩnh Bảo",,,"an hoa","https://kcn-kkt.com/kcn/kcn-an-hoa","discovery_reported_unverified",,"unresolved",FALSE,"not_verified","needs_identity_or_location_review",,,,,,"not_reported"
"kcn-kkt-kcn-an-hung-dai-ban","KCN An Hưng - Đại Bàn","industrial_park","31","KCN-KKT discovery (unverified)","https://kcn-kkt.com/kcn/kcn-an-hung-dai-ban","2026-09-10","Huyện An Dương",,,"an hung dai ban","https://kcn-kkt.com/kcn/kcn-an-hung-dai-ban","discovery_reported_unverified",,"unresolved",FALSE,"not_verified","needs_identity_or_location_review",,,,,,"not_reported"
"kcn-kkt-kcn-an-phat-1","KCN An Phát 1","industrial_park","31","KCN-KKT discovery (unverified)","https://kcn-kkt.com/kcn/kcn-an-phat-1","2026-09-10","Huyện Nam Sách",,,"an phat 1","https://kcn-kkt.com/kcn/kcn-an-phat-1","discovery_reported_unverified",,"unresolved",FALSE,"not_verified","needs_identity_or_location_review",,,,,,"not_reported"
"kcn-kkt-kcn-binh-giang","KCN Bình Giang","industrial_park","31","KCN-KKT discovery (unverified)","https://kcn-kkt.com/kcn/kcn-binh-giang","2026-09-10","Huyện Bình Giang",,,"binh giang","https://kcn-kkt.com/kcn/kcn-binh-giang","discovery_reported_unverified",,"unresolved",FALSE,"not_verified","needs_identity_or_location_review",,,,,,"not_reported"
"kcn-kkt-kcn-binh-giang-2","KCN Bình Giang 2","industrial_park","31","KCN-KKT discovery (unverified)","https://kcn-kkt.com/kcn/kcn-binh-giang-2","2026-09-10","Huyện Bình Giang",,,"binh giang 2","https://kcn-kkt.com/kcn/kcn-binh-giang-2","discovery_reported_unverified",,"unresolved",FALSE,"not_verified","needs_identity_or_location_review",,,,,,"not_reported"
"kcn-kkt-kcn-binh-giang-3","KCN Bình Giang 3","industrial_park","31","KCN-KKT discovery (unverified)","https://kcn-kkt.com/kcn/kcn-binh-giang-3","2026-09-10","Huyện Bình Giang",,,"binh giang 3","https://kcn-kkt.com/kcn/kcn-binh-giang-3","discovery_reported_unverified",,"unresolved",FALSE,"not_verified","needs_identity_or_location_review",,,,,,"not_reported"
"kcn-kkt-kcn-binh-giang-4","KCN Bình Giang 4","industrial_park","31","KCN-KKT discovery (unverified)","https://kcn-kkt.com/kcn/kcn-binh-giang-4","2026-09-10","Huyện Bình Giang",,,"binh giang 4","https://kcn-kkt.com/kcn/kcn-binh-giang-4","discovery_reported_unverified",,"unresolved",FALSE,"not_verified","needs_identity_or_location_review",,,,,,"not_reported"
"kcn-kkt-kcn-binh-giang-5","KCN Bình Giang 5","industrial_park","31","KCN-KKT discovery (unverified)","https://kcn-kkt.com/kcn/kcn-binh-giang-5","2026-09-10","Huyện Bình Giang",,,"binh giang 5","https://kcn-kkt.com/kcn/kcn-binh-giang-5","discovery_reported_unverified",,"unresolved",FALSE,"not_verified","needs_identity_or_location_review",,,,,,"not_reported"
"kcn-kkt-kcn-cang-cua-ngo-quoc-te-hai-phong","KCN Cảng cửa ngõ quốc tế Hải Phòng","industrial_park","31","KCN-KKT discovery (unverified)","https://kcn-kkt.com/kcn/kcn-cang-cua-ngo-quoc-te-hai-phong","2026-09-10","KKT Đình Vũ - Cát Hải",,,"cang cua ngo quoc te hai phong","https://kcn-kkt.com/kcn/kcn-cang-cua-ngo-quoc-te-hai-phong","discovery_reported_unverified",,"unresolved",FALSE,"not_verified","needs_identity_or_location_review",,,,,,"not_reported"
"kcn-kkt-kcn-cam-dien-luong-dien","KCN Cẩm Điền - Lương Điền","industrial_park","31","KCN-KKT discovery (unverified)","https://kcn-kkt.com/kcn/kcn-cam-dien-luong-dien","2026-09-10","Huyện Cẩm Giàng",,,"cam dien luong dien","https://kcn-kkt.com/kcn/kcn-cam-dien-luong-dien","discovery_reported_unverified",,"unresolved",FALSE,"not_verified","needs_identity_or_location_review",,,,,,"not_reported"
"kcn-kkt-kcn-cau-cuu","KCN Cầu Cứu","industrial_park","31","KCN-KKT discovery (unverified)","https://kcn-kkt.com/kcn/kcn-cau-cuu","2026-09-10","Huyện An Lão",,,"cau cuu","https://kcn-kkt.com/kcn/kcn-cau-cuu","discovery_reported_unverified",,"unresolved",FALSE,"not_verified","needs_identity_or_location_review",,,,,,"not_reported"
"kcn-kkt-kcn-cong-hoa-2","KCN Công Hòa 2","industrial_park","31","KCN-KKT discovery (unverified)","https://kcn-kkt.com/kcn/kcn-cong-hoa-2","2026-09-10","Thành phố Chi Linh",,,"cong hoa 2","https://kcn-kkt.com/kcn/kcn-cong-hoa-2","discovery_reported_unverified",,"unresolved",FALSE,"not_verified","needs_identity_or_location_review",,,,,,"not_reported"
"kcn-kkt-kcn-dai-thang","KCN Đại Thắng","industrial_park","31","KCN-KKT discovery (unverified)","https://kcn-kkt.com/kcn/kcn-dai-thang","2026-09-10","Tiên Lãng",,,"dai thang","https://kcn-kkt.com/kcn/kcn-dai-thang","discovery_reported_unverified",,"unresolved",FALSE,"not_verified","needs_identity_or_location_review",,,,,,"not_reported"
"kcn-kkt-kcn-do-son-hai-phong","KCN Đố Sơn Hải Phòng","industrial_park","31","KCN-KKT discovery (unverified)","https://kcn-kkt.com/kcn/kcn-do-son-hai-phong","2026-09-10","Quận Đố Sơn",,,"do son hai phong","https://kcn-kkt.com/kcn/kcn-do-son-hai-phong","discovery_reported_unverified",,"unresolved",FALSE,"not_verified","needs_identity_or_location_review",,,,,,"not_reported"
"kcn-kkt-kcn-gia-loc","KCN Gia Lộc","industrial_park","31","KCN-KKT discovery (unverified)","https://kcn-kkt.com/kcn/kcn-gia-loc","2026-09-10","Huyện Gia Lộc",,,"gia loc","https://kcn-kkt.com/kcn/kcn-gia-loc","discovery_reported_unverified",,"unresolved",FALSE,"not_verified","needs_identity_or_location_review",,,,,,"not_reported"
"kcn-kkt-kcn-gia-loc-3","KCN Gia Lộc 3","industrial_park","31","KCN-KKT discovery (unverified)","https://kcn-kkt.com/kcn/kcn-gia-loc-3","2026-09-10","Huyện Gia Lộc",,,"gia loc 3","https://kcn-kkt.com/kcn/kcn-gia-loc-3","discovery_reported_unverified",,"unresolved",FALSE,"not_verified","needs_identity_or_location_review",,,,,,"not_reported"
"kcn-kkt-kcn-giang-bien-ii","KCN Giang Biên II","industrial_park","31","KCN-KKT discovery (unverified)","https://kcn-kkt.com/kcn/kcn-giang-bien-ii","2026-09-10","Huyện Vĩnh Bảo",,,"giang bien 2","https://kcn-kkt.com/kcn/kcn-giang-bien-ii","discovery_reported_unverified",,"unresolved",FALSE,"not_verified","needs_identity_or_location_review",,,,,,"not_reported"
"kcn-kkt-kcn-hoang-dieu","KCN Hoàng Diệu","industrial_park","31","KCN-KKT discovery (unverified)","https://kcn-kkt.com/kcn/kcn-hoang-dieu","2026-09-10","Huyện Gia Lộc",,,"hoang dieu","https://kcn-kkt.com/kcn/kcn-hoang-dieu","discovery_reported_unverified",,"unresolved",FALSE,"not_verified","needs_identity_or_location_review",,,,,,"not_reported"
"kcn-kkt-kcn-hung-dao","KCN Hưng Đạo","industrial_park","31","KCN-KKT discovery (unverified)","https://kcn-kkt.com/kcn/kcn-hung-dao","2026-09-10","Huyện Tứ Kỳ",,,"hung dao","https://kcn-kkt.com/kcn/kcn-hung-dao","discovery_reported_unverified",,"unresolved",FALSE,"not_verified","needs_identity_or_location_review",,,,,,"not_reported"
"kcn-kkt-kcn-kim-thanh","KCN Kim Thành","industrial_park","31","KCN-KKT discovery (unverified)","https://kcn-kkt.com/kcn/kcn-kim-thanh","2026-09-10","Huyện Kim Thành",,,"kim thanh","https://kcn-kkt.com/kcn/kcn-kim-thanh","discovery_reported_unverified",,"unresolved",FALSE,"not_verified","needs_identity_or_location_review",,,,,,"not_reported"
"kcn-kkt-kcn-kim-thanh-2","KCN Kim Thành 2","industrial_park","31","KCN-KKT discovery (unverified)","https://kcn-kkt.com/kcn/kcn-kim-thanh-2","2026-09-10","Huyện Kim Thành",,,"kim thanh 2","https://kcn-kkt.com/kcn/kcn-kim-thanh-2","discovery_reported_unverified",,"unresolved",FALSE,"not_verified","needs_identity_or_location_review",,,,,,"not_reported"
"kcn-kkt-kcn-lai-cach","KCN Lai Cách","industrial_park","31","KCN-KKT discovery (unverified)","https://kcn-kkt.com/kcn/kcn-lai-cach","2026-09-10","Huyện Cẩm Giàng",,,"lai cach","https://kcn-kkt.com/kcn/kcn-lai-cach","discovery_reported_unverified",,"unresolved",FALSE,"not_verified","needs_identity_or_location_review",,,,,,"not_reported"
"kcn-kkt-kcn-le-thien-dai-ban","KCN Lê Thiện - Đại Bản","industrial_park","31","KCN-KKT discovery (unverified)","https://kcn-kkt.com/kcn/kcn-le-thien-dai-ban","2026-09-10","Lê Thiện - Đại Bản; An Dương",,,"le thien dai ban","https://kcn-kkt.com/kcn/kcn-le-thien-dai-ban","discovery_reported_unverified",,"unresolved",FALSE,"not_verified","needs_identity_or_location_review",,,,,,"not_reported"
"kcn-kkt-kcn-luong-dien-ngoc-lien","KCN Lương Điền - Ngọc Liên","industrial_park","31","KCN-KKT discovery (unverified)","https://kcn-kkt.com/kcn/kcn-luong-dien-ngoc-lien","2026-09-10","Huyện Cẩm Giàng",,,"luong dien ngoc lien","https://kcn-kkt.com/kcn/kcn-luong-dien-ngoc-lien","discovery_reported_unverified",,"unresolved",FALSE,"not_verified","needs_identity_or_location_review",,,,,,"not_reported"
"kcn-kkt-kcn-mp-dinh-vu","KCN MP Đình Vũ","industrial_park","31","KCN-KKT discovery (unverified)","https://kcn-kkt.com/kcn/kcn-mp-dinh-vu","2026-09-10","KKT Đình Vũ - Cát Hải",,,"mp dinh vu","https://kcn-kkt.com/kcn/kcn-mp-dinh-vu","discovery_reported_unverified",,"unresolved",FALSE,"not_verified","needs_identity_or_location_review",,,,,,"not_reported"
"kcn-kkt-kcn-nam-cau-kien-mo-rong","KCN Nam Cầu Kiền (mở rộng)","industrial_park","31","KCN-KKT discovery (unverified)","https://kcn-kkt.com/kcn/kcn-nam-cau-kien-mo-rong","2026-09-10","Huyện Thủy Nguyên",,,"nam cau kien mo rong","https://kcn-kkt.com/kcn/kcn-nam-cau-kien-mo-rong","discovery_reported_unverified",,"unresolved",FALSE,"not_verified","needs_identity_or_location_review",,,,,,"not_reported"
"kcn-kkt-kcn-nam-dinh-vu-khu-2","KCN Nam Đình Vũ (khu 2)","industrial_park","31","KCN-KKT discovery (unverified)","https://kcn-kkt.com/kcn/kcn-nam-dinh-vu-khu-2","2026-09-10","KKT Đình Vũ - Cát Hải",,,"nam dinh vu khu 2","https://kcn-kkt.com/kcn/kcn-nam-dinh-vu-khu-2","discovery_reported_unverified",,"unresolved",FALSE,"not_verified","needs_identity_or_location_review",,,,,,"not_reported"
"kcn-kkt-kcn-nam-sach-1","KCN Nam Sách 1","industrial_park","31","KCN-KKT discovery (unverified)","https://kcn-kkt.com/kcn/kcn-nam-sach-1","2026-09-10","Huyện Nam Sách",,,"nam sach 1","https://kcn-kkt.com/kcn/kcn-nam-sach-1","discovery_reported_unverified",,"unresolved",FALSE,"not_verified","needs_identity_or_location_review",,,,,,"not_reported"
"kcn-kkt-kcn-nam-trang-cat","KCN Nam Trạng Cát","industrial_park","31","KCN-KKT discovery (unverified)","https://kcn-kkt.com/kcn/kcn-nam-trang-cat","2026-09-10","KKT Đình Vũ - Cát Hải",,,"nam trang cat","https://kcn-kkt.com/kcn/kcn-nam-trang-cat","discovery_reported_unverified",,"unresolved",FALSE,"not_verified","needs_identity_or_location_review",,,,,,"not_reported"
"kcn-kkt-kcn-ngu-phuc","KCN Ngũ Phúc","industrial_park","31","KCN-KKT discovery (unverified)","https://kcn-kkt.com/kcn/kcn-ngu-phuc","2026-09-10","Huyện Kiến Thuỵ",,,"ngu phuc","https://kcn-kkt.com/kcn/kcn-ngu-phuc","discovery_reported_unverified",,"unresolved",FALSE,"not_verified","needs_identity_or_location_review",,,,,,"not_reported"
"kcn-kkt-kcn-nomura-giai-doan-2","KCN Nomura giai đoạn 2","industrial_park","31","KCN-KKT discovery (unverified)","https://kcn-kkt.com/kcn/kcn-nomura-giai-doan-2","2026-09-10","Huyện An Dương",,,"nomura giai doan 2","https://kcn-kkt.com/kcn/kcn-nomura-giai-doan-2","discovery_reported_unverified",,"unresolved",FALSE,"not_verified","needs_identity_or_location_review",,,,,,"not_reported"
"kcn-kkt-kcn-phia-bac-dao-cat-hai","KCN phía Bắc đảo Cát Hải","industrial_park","31","KCN-KKT discovery (unverified)","https://kcn-kkt.com/kcn/kcn-phia-bac-dao-cat-hai","2026-09-10","KKT Đình Vũ - Cát Hải",,,"phia bac dao cat hai","https://kcn-kkt.com/kcn/kcn-phia-bac-dao-cat-hai","discovery_reported_unverified",,"unresolved",FALSE,"not_verified","needs_identity_or_location_review",,,,,,"not_reported"
"kcn-kkt-kcn-phu-thai","KCN Phú Thái","industrial_park","31","KCN-KKT discovery (unverified)","https://kcn-kkt.com/kcn/kcn-phu-thai","2026-09-10","Huyện Kim Thành",,,"phu thai","https://kcn-kkt.com/kcn/kcn-phu-thai","discovery_reported_unverified",,"unresolved",FALSE,"not_verified","needs_identity_or_location_review",,,,,,"not_reported"
"kcn-kkt-kcn-phuc-dien-mo-rong","KCN Phúc Điền mở rộng","industrial_park","31","KCN-KKT discovery (unverified)","https://kcn-kkt.com/kcn/kcn-phuc-dien-mo-rong","2026-09-10","Huyện Bình Giang",,,"phuc dien mo rong","https://kcn-kkt.com/kcn/kcn-phuc-dien-mo-rong","discovery_reported_unverified",,"unresolved",FALSE,"not_verified","needs_identity_or_location_review",,,,,,"not_reported"
"kcn-kkt-kcn-san-bay-tien-lang","KCN sân bay Tiên Lãng","industrial_park","31","KCN-KKT discovery (unverified)","https://kcn-kkt.com/kcn/kcn-san-bay-tien-lang","2026-09-10","Huyện Tiên Lãng",,,"san bay tien lang","https://kcn-kkt.com/kcn/kcn-san-bay-tien-lang","discovery_reported_unverified",,"unresolved",FALSE,"not_verified","needs_identity_or_location_review",,,,,,"not_reported"
"kcn-kkt-kcn-tam-da","KCN Tam Đa","industrial_park","31","KCN-KKT discovery (unverified)","https://kcn-kkt.com/kcn/kcn-tam-da","2026-09-10","Huyện Vĩnh Bảo",,,"tam da","https://kcn-kkt.com/kcn/kcn-tam-da","discovery_reported_unverified",,"unresolved",FALSE,"not_verified","needs_identity_or_location_review",,,,,,"not_reported"
"kcn-kkt-kcn-tam-hung-ngu-lao","KCN Tam Hưng - Ngũ Lão","industrial_park","31","KCN-KKT discovery (unverified)","https://kcn-kkt.com/kcn/kcn-tam-hung-ngu-lao","2026-09-10","KKT Đình Vũ - Cát Hải",,,"tam hung ngu lao","https://kcn-kkt.com/kcn/kcn-tam-hung-ngu-lao","discovery_reported_unverified",,"unresolved",FALSE,"not_verified","needs_identity_or_location_review",,,,,,"not_reported"
"kcn-kkt-kcn-tan-trao","KCN Tân Trào","industrial_park","31","KCN-KKT discovery (unverified)","https://kcn-kkt.com/kcn/kcn-tan-trao","2026-09-10","Huyện Kiến Thuỵ",,,"tan trao","https://kcn-kkt.com/kcn/kcn-tan-trao","discovery_reported_unverified",,"unresolved",FALSE,"not_verified","needs_identity_or_location_review",,,,,,"not_reported"
"kcn-kkt-kcn-tan-truong-mo-rong","KCN Tân Trường mở rộng","industrial_park","31","KCN-KKT discovery (unverified)","https://kcn-kkt.com/kcn/kcn-tan-truong-mo-rong","2026-09-10","Huyện Cẩm Giàng",,,"tan truong mo rong","https://kcn-kkt.com/kcn/kcn-tan-truong-mo-rong","discovery_reported_unverified",,"unresolved",FALSE,"not_verified","needs_identity_or_location_review",,,,,,"not_reported"
"kcn-kkt-kcn-thanh-ha","KCN Thanh Hà","industrial_park","31","KCN-KKT discovery (unverified)","https://kcn-kkt.com/kcn/kcn-thanh-ha","2026-09-10","Huyện Thanh Hà",,,"thanh ha","https://kcn-kkt.com/kcn/kcn-thanh-ha","discovery_reported_unverified",,"unresolved",FALSE,"not_verified","needs_identity_or_location_review",,,,,,"not_reported"
"kcn-kkt-kcn-thanh-mien-1","KCN Thanh Miện 1","industrial_park","31","KCN-KKT discovery (unverified)","https://kcn-kkt.com/kcn/kcn-thanh-mien-1","2026-09-10","Huyện Thanh Miện",,,"thanh mien 1","https://kcn-kkt.com/kcn/kcn-thanh-mien-1","discovery_reported_unverified",,"unresolved",FALSE,"not_verified","needs_identity_or_location_review",,,,,,"not_reported"
"kcn-kkt-kcn-thanh-mien-2","KCN Thanh Miện 2","industrial_park","31","KCN-KKT discovery (unverified)","https://kcn-kkt.com/kcn/kcn-thanh-mien-2","2026-09-10","Huyện Thanh Miện",,,"thanh mien 2","https://kcn-kkt.com/kcn/kcn-thanh-mien-2","discovery_reported_unverified",,"unresolved",FALSE,"not_verified","needs_identity_or_location_review",,,,,,"not_reported"
"kcn-kkt-kcn-thuy-nguyen","KCN Thủy Nguyên","industrial_park","31","KCN-KKT discovery (unverified)","https://kcn-kkt.com/kcn/kcn-thuy-nguyen","2026-09-10","KKT Đình Vũ - Cát Hải",,,"thuy nguyen","https://kcn-kkt.com/kcn/kcn-thuy-nguyen","discovery_reported_unverified",,"unresolved",FALSE,"not_verified","needs_identity_or_location_review",,,,,,"not_reported"
"kcn-kkt-kcn-tien-cuong","KCN Tiên Cường","industrial_park","31","KCN-KKT discovery (unverified)","https://kcn-kkt.com/kcn/kcn-tien-cuong","2026-09-10","Tiên Lãng",,,"tien cuong","https://kcn-kkt.com/kcn/kcn-tien-cuong","discovery_reported_unverified",,"unresolved",FALSE,"not_verified","needs_identity_or_location_review",,,,,,"not_reported"
"kcn-kkt-kcn-tien-lang-1","KCN Tiên Lãng 1","industrial_park","31","KCN-KKT discovery (unverified)","https://kcn-kkt.com/kcn/kcn-tien-lang-1","2026-09-10","Huyện Tiên Lãng",,,"tien lang 1","https://kcn-kkt.com/kcn/kcn-tien-lang-1","discovery_reported_unverified",,"unresolved",FALSE,"not_verified","needs_identity_or_location_review",,,,,,"not_reported"
"kcn-kkt-kcn-tien-lang-2","KCN Tiên Lãng 2","industrial_park","31","KCN-KKT discovery (unverified)","https://kcn-kkt.com/kcn/kcn-tien-lang-2","2026-09-10","Huyện Tiên Lãng",,,"tien lang 2","https://kcn-kkt.com/kcn/kcn-tien-lang-2","discovery_reported_unverified",,"unresolved",FALSE,"not_verified","needs_identity_or_location_review",,,,,,"not_reported"
"kcn-kkt-kcn-tien-thanh","KCN Tiên Thanh","industrial_park","31","KCN-KKT discovery (unverified)","https://kcn-kkt.com/kcn/kcn-tien-thanh","2026-09-10","Huyện Tiên Lãng",,,"tien thanh","https://kcn-kkt.com/kcn/kcn-tien-thanh","discovery_reported_unverified",,"unresolved",FALSE,"not_verified","needs_identity_or_location_review",,,,,,"not_reported"
"kcn-kkt-kcn-trang-due-1-2","KCN Trảng Duệ 1, 2","industrial_park","31","KCN-KKT discovery (unverified)","https://kcn-kkt.com/kcn/kcn-trang-due-1-2","2026-09-10","KKT Đình Vũ - Cát Hải",,,"trang due 1 2","https://kcn-kkt.com/kcn/kcn-trang-due-1-2","discovery_reported_unverified",,"unresolved",FALSE,"not_verified","needs_identity_or_location_review",,,,,,"not_reported"
"kcn-kkt-kcn-trang-due-3","KCN Trăng Duệ 3","industrial_park","31","KCN-KKT discovery (unverified)","https://kcn-kkt.com/kcn/kcn-trang-due-3","2026-09-10","KKT Đình Vũ - Cát Hải",,,"trang due 3","https://kcn-kkt.com/kcn/kcn-trang-due-3","discovery_reported_unverified",,"unresolved",FALSE,"not_verified","needs_identity_or_location_review",,,,,,"not_reported"
"kcn-kkt-kcn-tran-duong-hoa-binh","KCN Trần Dương - Hòa Bình","industrial_park","31","KCN-KKT discovery (unverified)","https://kcn-kkt.com/kcn/kcn-tran-duong-hoa-binh","2026-09-10","Huyện Vĩnh Bảo",,,"tran duong hoa binh","https://kcn-kkt.com/kcn/kcn-tran-duong-hoa-binh","discovery_reported_unverified",,"unresolved",FALSE,"not_verified","needs_identity_or_location_review",,,,,,"not_reported"
"kcn-kkt-kcn-trung-lap","KCN Trung Lập","industrial_park","31","KCN-KKT discovery (unverified)","https://kcn-kkt.com/kcn/kcn-trung-lap","2026-09-10","Huyện Vĩnh Bảo",,,"trung lap","https://kcn-kkt.com/kcn/kcn-trung-lap","discovery_reported_unverified",,"unresolved",FALSE,"not_verified","needs_identity_or_location_review",,,,,,"not_reported"
"kcn-kkt-kcn-tu-ky-1","KCN Tứ Kỳ 1","industrial_park","31","KCN-KKT discovery (unverified)","https://kcn-kkt.com/kcn/kcn-tu-ky-1","2026-09-10","Huyện Tứ Kỳ",,,"tu ky 1","https://kcn-kkt.com/kcn/kcn-tu-ky-1","discovery_reported_unverified",,"unresolved",FALSE,"not_verified","needs_identity_or_location_review",,,,,,"not_reported"
"kcn-kkt-kcn-va-dich-vu-hang-hai","KCN và dịch vụ Hàng hải","industrial_park","31","KCN-KKT discovery (unverified)","https://kcn-kkt.com/kcn/kcn-va-dich-vu-hang-hai","2026-09-10","KKT Đình Vũ - Cát Hải",,,"va dich vu hang hai","https://kcn-kkt.com/kcn/kcn-va-dich-vu-hang-hai","discovery_reported_unverified",,"unresolved",FALSE,"not_verified","needs_identity_or_location_review",,,,,,"not_reported"
"kcn-kkt-kcn-va-khu-dich-vu-hang-hai","KCN và khu dịch vụ hàng hải","industrial_park","31","KCN-KKT discovery (unverified)","https://kcn-kkt.com/kcn/kcn-va-khu-dich-vu-hang-hai","2026-09-10","Hải An",,,"va khu dich vu hang hai","https://kcn-kkt.com/kcn/kcn-va-khu-dich-vu-hang-hai","discovery_reported_unverified",,"unresolved",FALSE,"not_verified","needs_identity_or_location_review",,,,,,"not_reported"
"kcn-kkt-kcn-va-khu-phi-thue-quan-xuan-cau","KCN và khu phi thuế quan Xuân Cầu","industrial_park","31","KCN-KKT discovery (unverified)","https://kcn-kkt.com/kcn/kcn-va-khu-phi-thue-quan-xuan-cau","2026-09-10","KKT Đình Vũ - Cát Hải",,,"va khu phi thue quan xuan cau","https://kcn-kkt.com/kcn/kcn-va-khu-phi-thue-quan-xuan-cau","discovery_reported_unverified",,"unresolved",FALSE,"not_verified","needs_identity_or_location_review",,,,,,"not_reported"
"kcn-kkt-kcn-vinh-quang","KCN Vĩnh Quang","industrial_park","31","KCN-KKT discovery (unverified)","https://kcn-kkt.com/kcn/kcn-vinh-quang","2026-09-10","Huyện Vĩnh Bảo",,,"vinh quang","https://kcn-kkt.com/kcn/kcn-vinh-quang","discovery_reported_unverified",,"unresolved",FALSE,"not_verified","needs_identity_or_location_review",,,,,,"not_reported"
"kcn-kkt-kcn-vsip-hai-phong","KCN VSIP Hải Phòng","industrial_park","31","KCN-KKT discovery (unverified)","https://kcn-kkt.com/kcn/kcn-vsip-hai-phong","2026-09-10","KKT Đình Vũ - Cát Hải",,,"vsip hai phong","https://kcn-kkt.com/kcn/kcn-vsip-hai-phong","discovery_reported_unverified",,"unresolved",FALSE,"not_verified","needs_identity_or_location_review",,,,,,"not_reported"
"kcn-kkt-khu-phi-thue-quan-va-kcn-nam-dinh-vu-khu-1","Khu phi thuế quan và KCN Nam Đình Vũ (khu 1)","industrial_park","31","KCN-KKT discovery (unverified)","https://kcn-kkt.com/kcn/khu-phi-thue-quan-va-kcn-nam-dinh-vu-khu-1","2026-09-10","KKT Đình Vũ - Cát Hải",,,"khu phi thue quan va kcn nam dinh vu khu 1","https://kcn-kkt.com/kcn/khu-phi-thue-quan-va-kcn-nam-dinh-vu-khu-1","discovery_reported_unverified",,"unresolved",FALSE,"not_verified","needs_identity_or_location_review",,,,,,"not_reported"
"kcn-kkt-cac-khu-cong-nghiep-trong-khu-kinh-te-chan-may-lang-co","Các khu công nghiệp trong khu kinh tế Chân Mây - Lăng Cô","industrial_park","46","KCN-KKT discovery (unverified)","https://kcn-kkt.com/kcn/cac-khu-cong-nghiep-trong-khu-kinh-te-chan-may-lang-co","2026-09-10","Huyện Phủ Lộc",,,"cac khu cong nghiep trong khu kinh te chan may lang co","https://kcn-kkt.com/kcn/cac-khu-cong-nghiep-trong-khu-kinh-te-chan-may-lang-co","discovery_reported_unverified",,"unresolved",FALSE,"not_verified","needs_identity_or_location_review",,,,,,"not_reported"
"kcn-kkt-kcn-la-son","KCN La Sơn","industrial_park","46","KCN-KKT discovery (unverified)","https://kcn-kkt.com/kcn/kcn-la-son","2026-09-10","Huyện Phú Lộc",,,"la son","https://kcn-kkt.com/kcn/kcn-la-son","discovery_reported_unverified",,"unresolved",FALSE,"not_verified","needs_identity_or_location_review",,,,,,"not_reported"
"kcn-kkt-kcn-la-son-hue","KCN La Sơn","industrial_park","46","KCN-KKT discovery (unverified)","https://kcn-kkt.com/kcn/kcn-la-son-hue","2026-09-10","Huyện Phủ Lộc",,,"la son","https://kcn-kkt.com/kcn/kcn-la-son-hue","discovery_reported_unverified",,"unresolved",FALSE,"not_verified","needs_identity_or_location_review",,,,,,"not_reported"
"kcn-kkt-kcn-la-son-mo-rong","KCN La Sơn (mở rộng)","industrial_park","46","KCN-KKT discovery (unverified)","https://kcn-kkt.com/kcn/kcn-la-son-mo-rong","2026-09-10","Huyện Phủ Lộc",,,"la son mo rong","https://kcn-kkt.com/kcn/kcn-la-son-mo-rong","discovery_reported_unverified",,"unresolved",FALSE,"not_verified","needs_identity_or_location_review",,,,,,"not_reported"
"kcn-kkt-kcn-phong-dien-quang-dien","KCN Phong Điền, Quảng Điền","industrial_park","46","KCN-KKT discovery (unverified)","https://kcn-kkt.com/kcn/kcn-phong-dien-quang-dien","2026-09-10","Huyện Phong Điền và Quảng Điền",,,"phong dien quang dien","https://kcn-kkt.com/kcn/kcn-phong-dien-quang-dien","discovery_reported_unverified",,"unresolved",FALSE,"not_verified","needs_identity_or_location_review",,,,,,"not_reported"
"kcn-kkt-kcn-phu-da-hue","KCN Phủ Đa","industrial_park","46","KCN-KKT discovery (unverified)","https://kcn-kkt.com/kcn/kcn-phu-da-hue","2026-09-10","Huyện Phủ Vang",,,"phu da","https://kcn-kkt.com/kcn/kcn-phu-da-hue","discovery_reported_unverified",,"unresolved",FALSE,"not_verified","needs_identity_or_location_review",,,,,,"not_reported"
"kcn-kkt-kcn-phu-da","KCN Phú Đa","industrial_park","46","KCN-KKT discovery (unverified)","https://kcn-kkt.com/kcn/kcn-phu-da","2026-09-10","Huyện Phú Vàng",,,"phu da","https://kcn-kkt.com/kcn/kcn-phu-da","discovery_reported_unverified",,"unresolved",FALSE,"not_verified","needs_identity_or_location_review",,,,,,"not_reported"
"kcn-kkt-kcn-quang-vinh","KCN Quảng Vinh","industrial_park","46","KCN-KKT discovery (unverified)","https://kcn-kkt.com/kcn/kcn-quang-vinh","2026-09-10","Huyện Quảng Điền",,,"quang vinh","https://kcn-kkt.com/kcn/kcn-quang-vinh","discovery_reported_unverified",,"unresolved",FALSE,"not_verified","needs_identity_or_location_review",,,,,,"not_reported"
"kcn-kkt-kcn-quang-vinh-hue","KCN Quảng Vinh","industrial_park","46","KCN-KKT discovery (unverified)","https://kcn-kkt.com/kcn/kcn-quang-vinh-hue","2026-09-10","Huyện Quảng Điền",,,"quang vinh","https://kcn-kkt.com/kcn/kcn-quang-vinh-hue","discovery_reported_unverified",,"unresolved",FALSE,"not_verified","needs_identity_or_location_review",,,,,,"not_reported"
"kcn-kkt-kcn-trong-khu-kinh-te-chan-may-lang-co","KCN trong Khu kinh tế Chân Mây - Lăng Cô","industrial_park","46","KCN-KKT discovery (unverified)","https://kcn-kkt.com/kcn/kcn-trong-khu-kinh-te-chan-may-lang-co","2026-09-10","Khu kinh tế Chân Mây - Lăng Cô",,,"trong khu kinh te chan may lang co","https://kcn-kkt.com/kcn/kcn-trong-khu-kinh-te-chan-may-lang-co","discovery_reported_unverified",,"unresolved",FALSE,"not_verified","needs_identity_or_location_review",,,,,,"not_reported"
"kcn-kkt-kcn-trong-khu-kinh-te-chan-may-lang-co-hue","KCN trong Khu kinh tế Chân Mây - Lăng Cô","industrial_park","46","KCN-KKT discovery (unverified)","https://kcn-kkt.com/kcn/kcn-trong-khu-kinh-te-chan-may-lang-co-hue","2026-09-10","Khu kinh tế Chân Mây - Lăng Cô",,,"trong khu kinh te chan may lang co","https://kcn-kkt.com/kcn/kcn-trong-khu-kinh-te-chan-may-lang-co-hue","discovery_reported_unverified",,"unresolved",FALSE,"not_verified","needs_identity_or_location_review",,,,,,"not_reported"
"kcn-kkt-kcn-trong-khu-kinh-te-cua-khau-a-dot","KCN trong Khu kinh tế cửa khẩu A Dót","industrial_park","46","KCN-KKT discovery (unverified)","https://kcn-kkt.com/kcn/kcn-trong-khu-kinh-te-cua-khau-a-dot","2026-09-10","Khu kinh tế cửa khẩu A Dót",,,"trong khu kinh te cua khau a dot","https://kcn-kkt.com/kcn/kcn-trong-khu-kinh-te-cua-khau-a-dot","discovery_reported_unverified",,"unresolved",FALSE,"not_verified","needs_identity_or_location_review",,,,,,"not_reported"
"kcn-kkt-kcn-trong-khu-kinh-te-cua-khau-a-dot-hue","KCN trong Khu kinh tế cửa khẩu A Dót","industrial_park","46","KCN-KKT discovery (unverified)","https://kcn-kkt.com/kcn/kcn-trong-khu-kinh-te-cua-khau-a-dot-hue","2026-09-10","Khu kinh tế cửa khẩu A Dót",,,"trong khu kinh te cua khau a dot","https://kcn-kkt.com/kcn/kcn-trong-khu-kinh-te-cua-khau-a-dot-hue","discovery_reported_unverified",,"unresolved",FALSE,"not_verified","needs_identity_or_location_review",,,,,,"not_reported"
"kcn-kkt-kcn-tu-ha-hue","KCN Tú Hạ","industrial_park","46","KCN-KKT discovery (unverified)","https://kcn-kkt.com/kcn/kcn-tu-ha-hue","2026-09-10","Thị xã Hương Trà",,,"tu ha","https://kcn-kkt.com/kcn/kcn-tu-ha-hue","discovery_reported_unverified",,"unresolved",FALSE,"not_verified","needs_identity_or_location_review",,,,,,"not_reported"
"kcn-kkt-kcn-tu-ha","KCN Tứ Hạ","industrial_park","46","KCN-KKT discovery (unverified)","https://kcn-kkt.com/kcn/kcn-tu-ha","2026-09-10","Thị xã Hương Trà",,,"tu ha","https://kcn-kkt.com/kcn/kcn-tu-ha","discovery_reported_unverified",,"unresolved",FALSE,"not_verified","needs_identity_or_location_review",,,,,,"not_reported"
"kcn-kkt-ben-cang-diem-diem","Bến cảng Diễm Diễm","unclassified","33","KCN-KKT discovery (unverified)","https://kcn-kkt.com/kcn/ben-cang-diem-diem","2026-09-10","Khu 1, Diễm Diễm, Thái Thụy, Thái Bình",,,"ben cang diem diem","https://kcn-kkt.com/kcn/ben-cang-diem-diem","discovery_reported_unverified",,"unresolved",FALSE,"not_verified","needs_identity_or_location_review",,,,,,"not_reported"
"kcn-kkt-ben-cang-xuat-nhap-xang-dau-hai-ha","Bến cảng xuất nhập xăng dầu Hải Hà","unclassified","33","KCN-KKT discovery (unverified)","https://kcn-kkt.com/kcn/ben-cang-xuat-nhap-xang-dau-hai-ha","2026-09-10","Xã Thái Thương huyện Thái Thụy tỉnh Thái Bình",,,"ben cang xuat nhap xang dau hai ha","https://kcn-kkt.com/kcn/ben-cang-xuat-nhap-xang-dau-hai-ha","discovery_reported_unverified",,"unresolved",FALSE,"not_verified","needs_identity_or_location_review",,,,,,"not_reported"
"kcn-kkt-kcn-an-thi-i","KCN Ân Thị I","industrial_park","33","KCN-KKT discovery (unverified)","https://kcn-kkt.com/kcn/kcn-an-thi-i","2026-09-10","Huyện Ân Thị",,,"an thi 1","https://kcn-kkt.com/kcn/kcn-an-thi-i","discovery_reported_unverified",,"unresolved",FALSE,"not_verified","needs_identity_or_location_review",,,,,,"not_reported"
"kcn-kkt-kcn-bai-say","KCN Bãi Sậy","industrial_park","33","KCN-KKT discovery (unverified)","https://kcn-kkt.com/kcn/kcn-bai-say","2026-09-10","Huyện Ân Thị",,,"bai say","https://kcn-kkt.com/kcn/kcn-bai-say","discovery_reported_unverified",,"unresolved",FALSE,"not_verified","needs_identity_or_location_review",,,,,,"not_reported"
"kcn-kkt-kcn-bac-dong-hung","KCN Bắc Đông Hưng","industrial_park","33","KCN-KKT discovery (unverified)","https://kcn-kkt.com/kcn/kcn-bac-dong-hung","2026-09-10","Bắc Đông Hưng",,,"bac dong hung","https://kcn-kkt.com/kcn/kcn-bac-dong-hung","discovery_reported_unverified",,"unresolved",FALSE,"not_verified","needs_identity_or_location_review",,,,,,"not_reported"
"kcn-kkt-kcn-cau-nghinh","KCN Cầu Nghinh","industrial_park","33","KCN-KKT discovery (unverified)","https://kcn-kkt.com/kcn/kcn-cau-nghinh","2026-09-10","Huyện Quỳnh Phụ",,,"cau nghinh","https://kcn-kkt.com/kcn/kcn-cau-nghinh","discovery_reported_unverified",,"unresolved",FALSE,"not_verified","needs_identity_or_location_review",,,,,,"not_reported"
"kcn-kkt-kcn-chinh-nghia-pham-ngu-lao","KCN Chính Nghĩa - Phạm Ngũ Lão","industrial_park","33","KCN-KKT discovery (unverified)","https://kcn-kkt.com/kcn/kcn-chinh-nghia-pham-ngu-lao","2026-09-10","Huyện Kim Động",,,"chinh nghia pham ngu lao","https://kcn-kkt.com/kcn/kcn-chinh-nghia-pham-ngu-lao","discovery_reported_unverified",,"unresolved",FALSE,"not_verified","needs_identity_or_location_review",,,,,,"not_reported"
"kcn-kkt-kcn-duoc-sinh-hoc","KCN Dược - Sinh học","industrial_park","33","KCN-KKT discovery (unverified)","https://kcn-kkt.com/kcn/kcn-duoc-sinh-hoc","2026-09-10","Huyện Quỳnh Phụ",,,"duoc sinh hoc","https://kcn-kkt.com/kcn/kcn-duoc-sinh-hoc","discovery_reported_unverified",,"unresolved",FALSE,"not_verified","needs_identity_or_location_review",,,,,,"not_reported"
"kcn-kkt-kcn-doan-dao","KCN Đoàn Đào (mở rộng)","industrial_park","33","KCN-KKT discovery (unverified)","https://kcn-kkt.com/kcn/kcn-doan-dao","2026-09-10","Đoàn Đào, Hồng Quang",,,"doan dao mo rong","https://kcn-kkt.com/kcn/kcn-doan-dao","discovery_reported_unverified",,"unresolved",FALSE,"not_verified","needs_identity_or_location_review",,,,,,"not_reported"
"kcn-kkt-kcn-dong-long","KCN Đông Long","industrial_park","33","KCN-KKT discovery (unverified)","https://kcn-kkt.com/kcn/kcn-dong-long","2026-09-10","Huyện Tiền Hải",,,"dong long","https://kcn-kkt.com/kcn/kcn-dong-long","discovery_reported_unverified",,"unresolved",FALSE,"not_verified","needs_identity_or_location_review",,,,,,"not_reported"
"kcn-kkt-kcn-dong-minh","KCN Đông Minh","industrial_park","33","KCN-KKT discovery (unverified)","https://kcn-kkt.com/kcn/kcn-dong-minh","2026-09-10","Đồng Châu",,,"dong minh","https://kcn-kkt.com/kcn/kcn-dong-minh","discovery_reported_unverified",,"unresolved",FALSE,"not_verified","needs_identity_or_location_review",,,,,,"not_reported"
"kcn-kkt-kcn-hai-long","KCN Hải Long","industrial_park","33","KCN-KKT discovery (unverified)","https://kcn-kkt.com/kcn/kcn-hai-long","2026-09-10","Huyện Tiền Hải",,,"hai long","https://kcn-kkt.com/kcn/kcn-hai-long","discovery_reported_unverified",,"unresolved",FALSE,"not_verified","needs_identity_or_location_review",,,,,,"not_reported"
"kcn-kkt-kcn-hiep-cuong","KCN Hiệp Cường (mở rộng)","industrial_park","33","KCN-KKT discovery (unverified)","https://kcn-kkt.com/kcn/kcn-hiep-cuong","2026-09-10","Hiệp Cường",,,"hiep cuong mo rong","https://kcn-kkt.com/kcn/kcn-hiep-cuong","discovery_reported_unverified",,"unresolved",FALSE,"not_verified","needs_identity_or_location_review",,,,,,"not_reported"
"kcn-kkt-kcn-hoang-minh","KCN Hoàng Minh (gộp Hoàng Xuyên và Hoàng Minh)","industrial_park","33","KCN-KKT discovery (unverified)","https://kcn-kkt.com/kcn/kcn-hoang-minh","2026-09-10","Đông Tiền Hải, Đông Châu",,,"hoang minh gop hoang xuyen va hoang minh","https://kcn-kkt.com/kcn/kcn-hoang-minh","discovery_reported_unverified",,"unresolved",FALSE,"not_verified","needs_identity_or_location_review",,,,,,"not_reported"
"kcn-kkt-kcn-hoang-minh-hung-yen","KCN Hoàng Minh (mở rộng)","industrial_park","33","KCN-KKT discovery (unverified)","https://kcn-kkt.com/kcn/kcn-hoang-minh-hung-yen","2026-09-10","Đông Tiền Hải",,,"hoang minh mo rong","https://kcn-kkt.com/kcn/kcn-hoang-minh-hung-yen","discovery_reported_unverified",,"unresolved",FALSE,"not_verified","needs_identity_or_location_review",,,,,,"not_reported"
"kcn-kkt-kcn-hoang-xuyen","KCN Hoàng Xuyên","industrial_park","33","KCN-KKT discovery (unverified)","https://kcn-kkt.com/kcn/kcn-hoang-xuyen","2026-09-10","Huyện Tiền Hải",,,"hoang xuyen","https://kcn-kkt.com/kcn/kcn-hoang-xuyen","discovery_reported_unverified",,"unresolved",FALSE,"not_verified","needs_identity_or_location_review",,,,,,"not_reported"
"kcn-kkt-kcn-hung-ha-kcn-dt-dv-logistics","KCN Hưng Hà (KCN-DT-DV logistics)","industrial_park","33","KCN-KKT discovery (unverified)","https://kcn-kkt.com/kcn/kcn-hung-ha-kcn-dt-dv-logistics","2026-09-10","Huyện Hưng Hà",,,"hung ha kcn dt dv logistics","https://kcn-kkt.com/kcn/kcn-hung-ha-kcn-dt-dv-logistics","discovery_reported_unverified",,"unresolved",FALSE,"not_verified","needs_identity_or_location_review",,,,,,"not_reported"
"kcn-kkt-kcn-hung-long-ngoc-lam-xuan-duc","KCN Hưng Long - Ngọc Lâm - Xuân Đức","industrial_park","33","KCN-KKT discovery (unverified)","https://kcn-kkt.com/kcn/kcn-hung-long-ngoc-lam-xuan-duc","2026-09-10","Thị xã Mỹ Hào",,,"hung long ngoc lam xuan duc","https://kcn-kkt.com/kcn/kcn-hung-long-ngoc-lam-xuan-duc","discovery_reported_unverified",,"unresolved",FALSE,"not_verified","needs_identity_or_location_review",,,,,,"not_reported"
"kcn-kkt-kcn-hung-phu","KCN Hưng Phú","industrial_park","33","KCN-KKT discovery (unverified)","https://kcn-kkt.com/kcn/kcn-hung-phu","2026-09-10","Huyện Tiền Hải",,,"hung phu","https://kcn-kkt.com/kcn/kcn-hung-phu","discovery_reported_unverified",,"unresolved",FALSE,"not_verified","needs_identity_or_location_review",,,,,,"not_reported"
"kcn-kkt-kcn-kcn-dt-dv-hoang-long","KCN KCN-ĐT-DV Hoàng Long","industrial_park","33","KCN-KKT discovery (unverified)","https://kcn-kkt.com/kcn/kcn-kcn-dt-dv-hoang-long","2026-09-10","Đông Tiền Hải",,,"kcn dt dv hoang long","https://kcn-kkt.com/kcn/kcn-kcn-dt-dv-hoang-long","discovery_reported_unverified",,"unresolved",FALSE,"not_verified","needs_identity_or_location_review",,,,,,"not_reported"
"kcn-kkt-kcn-khoai-chau","KCN Khoái Châu (mở rộng)","industrial_park","33","KCN-KKT discovery (unverified)","https://kcn-kkt.com/kcn/kcn-khoai-chau","2026-09-10","Khoái Châu",,,"khoai chau mo rong","https://kcn-kkt.com/kcn/kcn-khoai-chau","discovery_reported_unverified",,"unresolved",FALSE,"not_verified","needs_identity_or_location_review",,,,,,"not_reported"
"kcn-kkt-kcn-kim-dong","KCN Kim Động","industrial_park","33","KCN-KKT discovery (unverified)","https://kcn-kkt.com/kcn/kcn-kim-dong","2026-09-10","Huyện Kim Động",,,"kim dong","https://kcn-kkt.com/kcn/kcn-kim-dong","discovery_reported_unverified",,"unresolved",FALSE,"not_verified","needs_identity_or_location_review",,,,,,"not_reported"
"kcn-kkt-kcn-kim-dong-an-thi","KCN Kim Động - Ân Thị","industrial_park","33","KCN-KKT discovery (unverified)","https://kcn-kkt.com/kcn/kcn-kim-dong-an-thi","2026-09-10","Huyện Kim Động, huyện Ân Thị",,,"kim dong an thi","https://kcn-kkt.com/kcn/kcn-kim-dong-an-thi","discovery_reported_unverified",,"unresolved",FALSE,"not_verified","needs_identity_or_location_review",,,,,,"not_reported"
"kcn-kkt-kcn-lien-ha-thai-green-ip-1","KCN Liên Hà Thái - Green IP-1","industrial_park","33","KCN-KKT discovery (unverified)","https://kcn-kkt.com/kcn/kcn-lien-ha-thai-green-ip-1","2026-09-10","Huyện Thái Thụy",,,"lien ha thai green ip 1","https://kcn-kkt.com/kcn/kcn-lien-ha-thai-green-ip-1","discovery_reported_unverified",,"unresolved",FALSE,"not_verified","needs_identity_or_location_review",,,,,,"not_reported"
"kcn-kkt-kcn-lien-ha-thai-phan-khu-phia-nam","KCN Liên Hà Thái (phần khu phía Nam)","industrial_park","33","KCN-KKT discovery (unverified)","https://kcn-kkt.com/kcn/kcn-lien-ha-thai-phan-khu-phia-nam","2026-09-10","Huyện Thái Thụy",,,"lien ha thai phan khu phia nam","https://kcn-kkt.com/kcn/kcn-lien-ha-thai-phan-khu-phia-nam","discovery_reported_unverified",,"unresolved",FALSE,"not_verified","needs_identity_or_location_review",,,,,,"not_reported"
"kcn-kkt-kcn-ly-dong","KCN Lý Đông","industrial_park","33","KCN-KKT discovery (unverified)","https://kcn-kkt.com/kcn/kcn-ly-dong","2026-09-10","Nghĩa Dân, Lương Bằng",,,"ly dong","https://kcn-kkt.com/kcn/kcn-ly-dong","discovery_reported_unverified",,"unresolved",FALSE,"not_verified","needs_identity_or_location_review",,,,,,"not_reported"
"kcn-kkt-kcn-ly-thuong-kiet","KCN Lý Thường Kiệt","industrial_park","33","KCN-KKT discovery (unverified)","https://kcn-kkt.com/kcn/kcn-ly-thuong-kiet","2026-09-10","Huyện Yên Mỹ",,,"ly thuong kiet","https://kcn-kkt.com/kcn/kcn-ly-thuong-kiet","discovery_reported_unverified",,"unresolved",FALSE,"not_verified","needs_identity_or_location_review",,,,,,"not_reported"
"kcn-kkt-kcn-my-hao","KCN Mỹ Hào","industrial_park","33","KCN-KKT discovery (unverified)","https://kcn-kkt.com/kcn/kcn-my-hao","2026-09-10","Thượng Hồng",,,"my hao","https://kcn-kkt.com/kcn/kcn-my-hao","discovery_reported_unverified",,"unresolved",FALSE,"not_verified","needs_identity_or_location_review",,,,,,"not_reported"
"kcn-kkt-kcn-nguyen-doc-canh","KCN Nguyễn Độc Cảnh","industrial_park","33","KCN-KKT discovery (unverified)","https://kcn-kkt.com/kcn/kcn-nguyen-doc-canh","2026-09-10","Thành phố Thái Bình",,,"nguyen doc canh","https://kcn-kkt.com/kcn/kcn-nguyen-doc-canh","discovery_reported_unverified",,"unresolved",FALSE,"not_verified","needs_identity_or_location_review",,,,,,"not_reported"
"kcn-kkt-kcn-pho-hien","KCN Phổ Hiến","industrial_park","33","KCN-KKT discovery (unverified)","https://kcn-kkt.com/kcn/kcn-pho-hien","2026-09-10","Thành phố Hưng Yên, huyện Tiên Lữ",,,"pho hien","https://kcn-kkt.com/kcn/kcn-pho-hien","discovery_reported_unverified",,"unresolved",FALSE,"not_verified","needs_identity_or_location_review",,,,,,"not_reported"
"kcn-kkt-kcn-phu-cu","KCN Phủ Cừ","industrial_park","33","KCN-KKT discovery (unverified)","https://kcn-kkt.com/kcn/kcn-phu-cu","2026-09-10","Huyện Ân Thị, huyện Phủ Cừ",,,"phu cu","https://kcn-kkt.com/kcn/kcn-phu-cu","discovery_reported_unverified",,"unresolved",FALSE,"not_verified","needs_identity_or_location_review",,,,,,"not_reported"
"kcn-kkt-kcn-phu-cu-tien-lu-i","KCN Phủ Cừ - Tiên Lữ I","industrial_park","33","KCN-KKT discovery (unverified)","https://kcn-kkt.com/kcn/kcn-phu-cu-tien-lu-i","2026-09-10","Huyện Phủ Cừ, huyện Tiên Lữ",,,"phu cu tien lu 1","https://kcn-kkt.com/kcn/kcn-phu-cu-tien-lu-i","discovery_reported_unverified",,"unresolved",FALSE,"not_verified","needs_identity_or_location_review",,,,,,"not_reported"
"kcn-kkt-kcn-sach","KCN Sạch","industrial_park","33","KCN-KKT discovery (unverified)","https://kcn-kkt.com/kcn/kcn-sach","2026-09-10","Huyện Khoái Châu, Xã Châu Độc",,,"sach","https://kcn-kkt.com/kcn/kcn-sach","discovery_reported_unverified",,"unresolved",FALSE,"not_verified","needs_identity_or_location_review",,,,,,"not_reported"
"kcn-kkt-kcn-so-01","KCN Số 01","industrial_park","33","KCN-KKT discovery (unverified)","https://kcn-kkt.com/kcn/kcn-so-01","2026-09-10","Xuân Trúc, Yên Mỹ",,,"so 01","https://kcn-kkt.com/kcn/kcn-so-01","discovery_reported_unverified",,"unresolved",FALSE,"not_verified","needs_identity_or_location_review",,,,,,"not_reported"
"kcn-kkt-kcn-so-04","KCN Số 04","industrial_park","33","KCN-KKT discovery (unverified)","https://kcn-kkt.com/kcn/kcn-so-04","2026-09-10","Huyện Ân Thị, huyện Kim Động, huyện Khoái Châu",,,"so 04","https://kcn-kkt.com/kcn/kcn-so-04","discovery_reported_unverified",,"unresolved",FALSE,"not_verified","needs_identity_or_location_review",,,,,,"not_reported"
"kcn-kkt-kcn-so-05-hung-yen","KCN Số 05 (mở rộng)","industrial_park","33","KCN-KKT discovery (unverified)","https://kcn-kkt.com/kcn/kcn-so-05-hung-yen","2026-09-10","Xuân Trúc, Nghĩa Dân",,,"so 05 mo rong","https://kcn-kkt.com/kcn/kcn-so-05-hung-yen","discovery_reported_unverified",,"unresolved",FALSE,"not_verified","needs_identity_or_location_review",,,,,,"not_reported"
"kcn-kkt-kcn-so-06","KCN Số 06","industrial_park","33","KCN-KKT discovery (unverified)","https://kcn-kkt.com/kcn/kcn-so-06","2026-09-10","Xuân Trúc, Ân Thi",,,"so 06","https://kcn-kkt.com/kcn/kcn-so-06","discovery_reported_unverified",,"unresolved",FALSE,"not_verified","needs_identity_or_location_review",,,,,,"not_reported"
"kcn-kkt-kcn-so-07","KCN Số 07","industrial_park","33","KCN-KKT discovery (unverified)","https://kcn-kkt.com/kcn/kcn-so-07","2026-09-10","Huyện Ân Thị",,,"so 07","https://kcn-kkt.com/kcn/kcn-so-07","discovery_reported_unverified",,"unresolved",FALSE,"not_verified","needs_identity_or_location_review",,,,,,"not_reported"
"kcn-kkt-kcn-so-1","KCN Số 1","industrial_park","33","KCN-KKT discovery (unverified)","https://kcn-kkt.com/kcn/kcn-so-1","2026-09-10","Huyện Yên Mỹ và Ân Thị",,,"so 1","https://kcn-kkt.com/kcn/kcn-so-1","discovery_reported_unverified",,"unresolved",FALSE,"not_verified","needs_identity_or_location_review",,,,,,"not_reported"
"kcn-kkt-kcn-so-3","KCN Số 3","industrial_park","33","KCN-KKT discovery (unverified)","https://kcn-kkt.com/kcn/kcn-so-3","2026-09-10","Huyện Khoái Châu",,,"so 3","https://kcn-kkt.com/kcn/kcn-so-3","discovery_reported_unverified",,"unresolved",FALSE,"not_verified","needs_identity_or_location_review",,,,,,"not_reported"
"kcn-kkt-kcn-so-5","KCN Số 5","industrial_park","33","KCN-KKT discovery (unverified)","https://kcn-kkt.com/kcn/kcn-so-5","2026-09-10","Huyện Ân Thị",,,"so 5","https://kcn-kkt.com/kcn/kcn-so-5","discovery_reported_unverified",,"unresolved",FALSE,"not_verified","needs_identity_or_location_review",,,,,,"not_reported"
"kcn-kkt-kcn-so-6","KCN Số 6","industrial_park","33","KCN-KKT discovery (unverified)","https://kcn-kkt.com/kcn/kcn-so-6","2026-09-10","Huyện Ân Thị",,,"so 6","https://kcn-kkt.com/kcn/kcn-so-6","discovery_reported_unverified",,"unresolved",FALSE,"not_verified","needs_identity_or_location_review",,,,,,"not_reported"
"kcn-kkt-kcn-song-lan","KCN Sông Lân","industrial_park","33","KCN-KKT discovery (unverified)","https://kcn-kkt.com/kcn/kcn-song-lan","2026-09-10","Huyện Tiền Hải",,,"song lan","https://kcn-kkt.com/kcn/kcn-song-lan","discovery_reported_unverified",,"unresolved",FALSE,"not_verified","needs_identity_or_location_review",,,,,,"not_reported"
"kcn-kkt-kcn-tan-a-dai-thanh","KCN Tân Á Đại Thành","industrial_park","33","KCN-KKT discovery (unverified)","https://kcn-kkt.com/kcn/kcn-tan-a-dai-thanh","2026-09-10","Huyện Ân Thị",,,"tan a dai thanh","https://kcn-kkt.com/kcn/kcn-tan-a-dai-thanh","discovery_reported_unverified",,"unresolved",FALSE,"not_verified","needs_identity_or_location_review",,,,,,"not_reported"
"kcn-kkt-kcn-tan-dan","KCN Tân Dân","industrial_park","33","KCN-KKT discovery (unverified)","https://kcn-kkt.com/kcn/kcn-tan-dan","2026-09-10","Huyện Khoái Châu",,,"tan dan","https://kcn-kkt.com/kcn/kcn-tan-dan","discovery_reported_unverified",,"unresolved",FALSE,"not_verified","needs_identity_or_location_review",,,,,,"not_reported"
"kcn-kkt-kcn-tan-phuc-quang-vinh-hoang-hoa-tham","KCN Tân Phúc - Quang Vinh - Hoàng Hoa Thám","industrial_park","33","KCN-KKT discovery (unverified)","https://kcn-kkt.com/kcn/kcn-tan-phuc-quang-vinh-hoang-hoa-tham","2026-09-10","Huyện Ân Thị",,,"tan phuc quang vinh hoang hoa tham","https://kcn-kkt.com/kcn/kcn-tan-phuc-quang-vinh-hoang-hoa-tham","discovery_reported_unverified",,"unresolved",FALSE,"not_verified","needs_identity_or_location_review",,,,,,"not_reported"
"kcn-kkt-kcn-tan-tien-tay-thuy-anh","KCN Tân Tiến - Tây Thụy Anh","industrial_park","33","KCN-KKT discovery (unverified)","https://kcn-kkt.com/kcn/kcn-tan-tien-tay-thuy-anh","2026-09-10","Tân Tiến, Tây Thụy Anh",,,"tan tien tay thuy anh","https://kcn-kkt.com/kcn/kcn-tan-tien-tay-thuy-anh","discovery_reported_unverified",,"unresolved",FALSE,"not_verified","needs_identity_or_location_review",,,,,,"not_reported"
"kcn-kkt-kcn-tay-thuy-anh-thuy-anh","KCN Tây Thụy Anh - Thụy Anh","industrial_park","33","KCN-KKT discovery (unverified)","https://kcn-kkt.com/kcn/kcn-tay-thuy-anh-thuy-anh","2026-09-10","Tây Thụy Anh, Thụy Anh",,,"tay thuy anh thuy anh","https://kcn-kkt.com/kcn/kcn-tay-thuy-anh-thuy-anh","discovery_reported_unverified",,"unresolved",FALSE,"not_verified","needs_identity_or_location_review",,,,,,"not_reported"
"kcn-kkt-kcn-thaco-thai-binh","KCN Thaco - Thái Bình","industrial_park","33","KCN-KKT discovery (unverified)","https://kcn-kkt.com/kcn/kcn-thaco-thai-binh","2026-09-10","Huyện Quỳnh Phụ",,,"thaco thai binh","https://kcn-kkt.com/kcn/kcn-thaco-thai-binh","discovery_reported_unverified",,"unresolved",FALSE,"not_verified","needs_identity_or_location_review",,,,,,"not_reported"
"kcn-kkt-kcn-thai-do-1","KCN Thái Độ 1","industrial_park","33","KCN-KKT discovery (unverified)","https://kcn-kkt.com/kcn/kcn-thai-do-1","2026-09-10","Huyện Thái Thụy",,,"thai do 1","https://kcn-kkt.com/kcn/kcn-thai-do-1","discovery_reported_unverified",,"unresolved",FALSE,"not_verified","needs_identity_or_location_review",,,,,,"not_reported"
"kcn-kkt-kcn-thai-tho","KCN Thái Thọ","industrial_park","33","KCN-KKT discovery (unverified)","https://kcn-kkt.com/kcn/kcn-thai-tho","2026-09-10","Nam Thái Ninh",,,"thai tho","https://kcn-kkt.com/kcn/kcn-thai-tho","discovery_reported_unverified",,"unresolved",FALSE,"not_verified","needs_identity_or_location_review",,,,,,"not_reported"
"kcn-kkt-kcn-thai-thuong-kcn-cang-dvd-dl","KCN Thái Thương (KCN-Căng-DVD-DL)","industrial_park","33","KCN-KKT discovery (unverified)","https://kcn-kkt.com/kcn/kcn-thai-thuong-kcn-cang-dvd-dl","2026-09-10","Huyện Thái Thụy",,,"thai thuong kcn cang dvd dl","https://kcn-kkt.com/kcn/kcn-thai-thuong-kcn-cang-dvd-dl","discovery_reported_unverified",,"unresolved",FALSE,"not_verified","needs_identity_or_location_review",,,,,,"not_reported"
"kcn-kkt-kcn-tho-hoang","KCN Thó Hoàng","industrial_park","33","KCN-KKT discovery (unverified)","https://kcn-kkt.com/kcn/kcn-tho-hoang","2026-09-10","Huyện Ân Thị",,,"tho hoang","https://kcn-kkt.com/kcn/kcn-tho-hoang","discovery_reported_unverified",,"unresolved",FALSE,"not_verified","needs_identity_or_location_review",,,,,,"not_reported"
"kcn-kkt-kcn-thuy-anh","KCN Thụy Anh","industrial_park","33","KCN-KKT discovery (unverified)","https://kcn-kkt.com/kcn/kcn-thuy-anh","2026-09-10","Bắc Thụy Anh, Đông Thụy Anh",,,"thuy anh","https://kcn-kkt.com/kcn/kcn-thuy-anh","discovery_reported_unverified",,"unresolved",FALSE,"not_verified","needs_identity_or_location_review",,,,,,"not_reported"
"kcn-kkt-kcn-thuy-luong","KCN Thụy Lương","industrial_park","33","KCN-KKT discovery (unverified)","https://kcn-kkt.com/kcn/kcn-thuy-luong","2026-09-10","Đông Thụy Anh",,,"thuy luong","https://kcn-kkt.com/kcn/kcn-thuy-luong","discovery_reported_unverified",,"unresolved",FALSE,"not_verified","needs_identity_or_location_review",,,,,,"not_reported"
"kcn-kkt-kcn-thuy-truong","KCN Thụy Trường","industrial_park","33","KCN-KKT discovery (unverified)","https://kcn-kkt.com/kcn/kcn-thuy-truong","2026-09-10","Huyện Thái Thụy",,,"thuy truong","https://kcn-kkt.com/kcn/kcn-thuy-truong","discovery_reported_unverified",,"unresolved",FALSE,"not_verified","needs_identity_or_location_review",,,,,,"not_reported"
"kcn-kkt-kcn-tien-hai-phan-mo-rong","KCN Tiền Hải (phần mở rộng)","industrial_park","33","KCN-KKT discovery (unverified)","https://kcn-kkt.com/kcn/kcn-tien-hai-phan-mo-rong","2026-09-10","Huyện Tiền Hải",,,"tien hai phan mo rong","https://kcn-kkt.com/kcn/kcn-tien-hai-phan-mo-rong","discovery_reported_unverified",,"unresolved",FALSE,"not_verified","needs_identity_or_location_review",,,,,,"not_reported"
"kcn-kkt-kcn-tien-hai-2","KCN Tiền Hải 2","industrial_park","33","KCN-KKT discovery (unverified)","https://kcn-kkt.com/kcn/kcn-tien-hai-2","2026-09-10","Huyện Tiền Hải",,,"tien hai 2","https://kcn-kkt.com/kcn/kcn-tien-hai-2","discovery_reported_unverified",,"unresolved",FALSE,"not_verified","needs_identity_or_location_review",,,,,,"not_reported"
"kcn-kkt-kcn-tien-lu-kim-dong-an-thi","KCN Tiên Lữ - Kim Động - Ân Thị","industrial_park","33","KCN-KKT discovery (unverified)","https://kcn-kkt.com/kcn/kcn-tien-lu-kim-dong-an-thi","2026-09-10","Huyện Tiên Lữ, huyện Kim Động, huyện Ân Thị",,,"tien lu kim dong an thi","https://kcn-kkt.com/kcn/kcn-tien-lu-kim-dong-an-thi","discovery_reported_unverified",,"unresolved",FALSE,"not_verified","needs_identity_or_location_review",,,,,,"not_reported"
"kcn-kkt-kcn-tra-xuyen","KCN Trà Xuyên","industrial_park","33","KCN-KKT discovery (unverified)","https://kcn-kkt.com/kcn/kcn-tra-xuyen","2026-09-10","Huyện Tiền Hải",,,"tra xuyen","https://kcn-kkt.com/kcn/kcn-tra-xuyen","discovery_reported_unverified",,"unresolved",FALSE,"not_verified","needs_identity_or_location_review",,,,,,"not_reported"
"kcn-kkt-kcn-trieu-viet-vuong","KCN Triệu Việt Vương","industrial_park","33","KCN-KKT discovery (unverified)","https://kcn-kkt.com/kcn/kcn-trieu-viet-vuong","2026-09-10","Triệu Việt Vương",,,"trieu viet vuong","https://kcn-kkt.com/kcn/kcn-trieu-viet-vuong","discovery_reported_unverified",,"unresolved",FALSE,"not_verified","needs_identity_or_location_review",,,,,,"not_reported"
"kcn-kkt-kcn-van-giang","KCN Văn Giang","industrial_park","33","KCN-KKT discovery (unverified)","https://kcn-kkt.com/kcn/kcn-van-giang","2026-09-10","Huyện Văn Giang",,,"van giang","https://kcn-kkt.com/kcn/kcn-van-giang","discovery_reported_unverified",,"unresolved",FALSE,"not_verified","needs_identity_or_location_review",,,,,,"not_reported"
"kcn-kkt-kcn-van-nhue-hoang-hoa-tham-hung-yen","KCN Văn Nhuệ - Hoàng Hoa Thám (mở rộng)","industrial_park","33","KCN-KKT discovery (unverified)","https://kcn-kkt.com/kcn/kcn-van-nhue-hoang-hoa-tham-hung-yen","2026-09-10","Nguyễn Trãi, Ân Thi",,,"van nhue hoang hoa tham mo rong","https://kcn-kkt.com/kcn/kcn-van-nhue-hoang-hoa-tham-hung-yen","discovery_reported_unverified",,"unresolved",FALSE,"not_verified","needs_identity_or_location_review",,,,,,"not_reported"
"kcn-kkt-kcn-van-nhue-hoang-hoa-tham","KCN Văn Nhuệ - Hoàng Hoa Thám (Tân Á Đại Thành)","industrial_park","33","KCN-KKT discovery (unverified)","https://kcn-kkt.com/kcn/kcn-van-nhue-hoang-hoa-tham","2026-09-10","Ân Thi, Nguyễn Trãi",,,"van nhue hoang hoa tham tan a dai thanh","https://kcn-kkt.com/kcn/kcn-van-nhue-hoang-hoa-tham","discovery_reported_unverified",,"unresolved",FALSE,"not_verified","needs_identity_or_location_review",,,,,,"not_reported"
"kcn-kkt-kcn-vsip-thai-binh","KCN VSIP Thái Bình","industrial_park","33","KCN-KKT discovery (unverified)","https://kcn-kkt.com/kcn/kcn-vsip-thai-binh","2026-09-10","Huyện Thái Thuỵ",,,"vsip thai binh","https://kcn-kkt.com/kcn/kcn-vsip-thai-binh","discovery_reported_unverified",,"unresolved",FALSE,"not_verified","needs_identity_or_location_review",,,,,,"not_reported"
"kcn-kkt-kcn-ca-na","KCN Cà Ná","industrial_park","56","KCN-KKT discovery (unverified)","https://kcn-kkt.com/kcn/kcn-ca-na","2026-09-10","Huyện Thuận Nam",,,"ca na","https://kcn-kkt.com/kcn/kcn-ca-na","discovery_reported_unverified",,"unresolved",FALSE,"not_verified","needs_identity_or_location_review",,,,,,"not_reported"
"kcn-kkt-kcn-dien-tho","KCN Diên Thọ","industrial_park","56","KCN-KKT discovery (unverified)","https://kcn-kkt.com/kcn/kcn-dien-tho","2026-09-10","Huyện Diên Khánh",,,"dien tho","https://kcn-kkt.com/kcn/kcn-dien-tho","discovery_reported_unverified",,"unresolved",FALSE,"not_verified","needs_identity_or_location_review",,,,,,"not_reported"
"kcn-kkt-kcn-doc-da-trang","KCN Dốc Đá Trắng","industrial_park","56","KCN-KKT discovery (unverified)","https://kcn-kkt.com/kcn/kcn-doc-da-trang","2026-09-10","Vạn Ninh/Ninh Hòa",,,"doc da trang","https://kcn-kkt.com/kcn/kcn-doc-da-trang","discovery_reported_unverified",,"unresolved",FALSE,"not_verified","needs_identity_or_location_review",,,,,,"not_reported"
"kcn-kkt-kcn-doc-dao-trang","KCN Độc Đạo Trăng","industrial_park","56","KCN-KKT discovery (unverified)","https://kcn-kkt.com/kcn/kcn-doc-dao-trang","2026-09-10","Huyện Vạn Ninh và thị xã Ninh Hòa",,,"doc dao trang","https://kcn-kkt.com/kcn/kcn-doc-dao-trang","discovery_reported_unverified",,"unresolved",FALSE,"not_verified","needs_identity_or_location_review",,,,,,"not_reported"
"kcn-kkt-kcn-nam-cam-ranh","KCN Nam Cam Ranh","industrial_park","56","KCN-KKT discovery (unverified)","https://kcn-kkt.com/kcn/kcn-nam-cam-ranh","2026-09-10","Thành phố Cam Ranh",,,"nam cam ranh","https://kcn-kkt.com/kcn/kcn-nam-cam-ranh","discovery_reported_unverified",,"unresolved",FALSE,"not_verified","needs_identity_or_location_review",,,,,,"not_reported"
"kcn-kkt-kcn-ninh-an","KCN Ninh An","industrial_park","56","KCN-KKT discovery (unverified)","https://kcn-kkt.com/kcn/kcn-ninh-an","2026-09-10","Thị xã Ninh Hòa",,,"ninh an","https://kcn-kkt.com/kcn/kcn-ninh-an","discovery_reported_unverified",,"unresolved",FALSE,"not_verified","needs_identity_or_location_review",,,,,,"not_reported"
"kcn-kkt-kcn-ninh-diem-1","KCN Ninh Diễm 1","industrial_park","56","KCN-KKT discovery (unverified)","https://kcn-kkt.com/kcn/kcn-ninh-diem-1","2026-09-10","Thị xã Ninh Hòa",,,"ninh diem 1","https://kcn-kkt.com/kcn/kcn-ninh-diem-1","discovery_reported_unverified",,"unresolved",FALSE,"not_verified","needs_identity_or_location_review",,,,,,"not_reported"
"kcn-kkt-kcn-ninh-diem-2","KCN Ninh Diễm 2","industrial_park","56","KCN-KKT discovery (unverified)","https://kcn-kkt.com/kcn/kcn-ninh-diem-2","2026-09-10","Thị xã Ninh Hòa",,,"ninh diem 2","https://kcn-kkt.com/kcn/kcn-ninh-diem-2","discovery_reported_unverified",,"unresolved",FALSE,"not_verified","needs_identity_or_location_review",,,,,,"not_reported"
"kcn-kkt-kcn-ninh-diem-3-giai-doan-1","KCN Ninh Diêm 3 (Giai đoạn 1)","industrial_park","56","KCN-KKT discovery (unverified)","https://kcn-kkt.com/kcn/kcn-ninh-diem-3-giai-doan-1","2026-09-10","Thị xã Ninh Hòa",,,"ninh diem 3 giai doan 1","https://kcn-kkt.com/kcn/kcn-ninh-diem-3-giai-doan-1","discovery_reported_unverified",,"unresolved",FALSE,"not_verified","needs_identity_or_location_review",,,,,,"not_reported"
"kcn-kkt-kcn-ninh-diem-3-giai-doan-2","KCN Ninh Diễm 3 (Giai đoạn 2)","industrial_park","56","KCN-KKT discovery (unverified)","https://kcn-kkt.com/kcn/kcn-ninh-diem-3-giai-doan-2","2026-09-10","Thị xã Ninh Hòa",,,"ninh diem 3 giai doan 2","https://kcn-kkt.com/kcn/kcn-ninh-diem-3-giai-doan-2","discovery_reported_unverified",,"unresolved",FALSE,"not_verified","needs_identity_or_location_review",,,,,,"not_reported"
"kcn-kkt-kcn-ninh-son","KCN Ninh Sơn","industrial_park","56","KCN-KKT discovery (unverified)","https://kcn-kkt.com/kcn/kcn-ninh-son","2026-09-10","Thị xã Ninh Hòa",,,"ninh son","https://kcn-kkt.com/kcn/kcn-ninh-son","discovery_reported_unverified",,"unresolved",FALSE,"not_verified","needs_identity_or_location_review",,,,,,"not_reported"
"kcn-kkt-kcn-ninh-tho","KCN Ninh Thọ","industrial_park","56","KCN-KKT discovery (unverified)","https://kcn-kkt.com/kcn/kcn-ninh-tho","2026-09-10","Thị xã Ninh Hòa",,,"ninh tho","https://kcn-kkt.com/kcn/kcn-ninh-tho","discovery_reported_unverified",,"unresolved",FALSE,"not_verified","needs_identity_or_location_review",,,,,,"not_reported"
"kcn-kkt-kcn-ninh-thuy","KCN Ninh Thuỷ","industrial_park","56","KCN-KKT discovery (unverified)","https://kcn-kkt.com/kcn/kcn-ninh-thuy","2026-09-10","Thị xã Ninh Hòa",,,"ninh thuy","https://kcn-kkt.com/kcn/kcn-ninh-thuy","discovery_reported_unverified",,"unresolved",FALSE,"not_verified","needs_identity_or_location_review",,,,,,"not_reported"
"kcn-kkt-kcn-ninh-xuan","KCN Ninh Xuân","industrial_park","56","KCN-KKT discovery (unverified)","https://kcn-kkt.com/kcn/kcn-ninh-xuan","2026-09-10","Thị xã Ninh Hòa",,,"ninh xuan","https://kcn-kkt.com/kcn/kcn-ninh-xuan","discovery_reported_unverified",,"unresolved",FALSE,"not_verified","needs_identity_or_location_review",,,,,,"not_reported"
"kcn-kkt-kcn-phuoc-nam","KCN Phước Nam","industrial_park","56","KCN-KKT discovery (unverified)","https://kcn-kkt.com/kcn/kcn-phuoc-nam","2026-09-10","Huyện Thuận Nam",,,"phuoc nam","https://kcn-kkt.com/kcn/kcn-phuoc-nam","discovery_reported_unverified",,"unresolved",FALSE,"not_verified","needs_identity_or_location_review",,,,,,"not_reported"
"kcn-kkt-kcn-van-luong","KCN Văn Lương","industrial_park","56","KCN-KKT discovery (unverified)","https://kcn-kkt.com/kcn/kcn-van-luong","2026-09-10","Huyện Vạn Ninh",,,"van luong","https://kcn-kkt.com/kcn/kcn-van-luong","discovery_reported_unverified",,"unresolved",FALSE,"not_verified","needs_identity_or_location_review",,,,,,"not_reported"
"kcn-kkt-kcn-xuan-son","KCN Xuân Sơn","industrial_park","56","KCN-KKT discovery (unverified)","https://kcn-kkt.com/kcn/kcn-xuan-son","2026-09-10","Huyện Vạn Ninh",,,"xuan son","https://kcn-kkt.com/kcn/kcn-xuan-son","discovery_reported_unverified",,"unresolved",FALSE,"not_verified","needs_identity_or_location_review",,,,,,"not_reported"
"kcn-kkt-kcn-muong-so","KCN Mường So","industrial_park","12","KCN-KKT discovery (unverified)","https://kcn-kkt.com/kcn/kcn-muong-so","2026-09-10","Huyện Phong Thổ",,,"muong so","https://kcn-kkt.com/kcn/kcn-muong-so","discovery_reported_unverified",,"unresolved",FALSE,"not_verified","needs_identity_or_location_review",,,,,,"not_reported"
"kcn-kkt-kcn-cao-loc","KCN Cao Lộc","industrial_park","20","KCN-KKT discovery (unverified)","https://kcn-kkt.com/kcn/kcn-cao-loc","2026-09-10","Huyện Cao Lộc",,,"cao loc","https://kcn-kkt.com/kcn/kcn-cao-loc","discovery_reported_unverified",,"unresolved",FALSE,"not_verified","needs_identity_or_location_review",,,,,,"not_reported"
"kcn-kkt-kcn-dinh-lap","KCN Định Lập","industrial_park","20","KCN-KKT discovery (unverified)","https://kcn-kkt.com/kcn/kcn-dinh-lap","2026-09-10","Huyện Định Lập",,,"dinh lap","https://kcn-kkt.com/kcn/kcn-dinh-lap","discovery_reported_unverified",,"unresolved",FALSE,"not_verified","needs_identity_or_location_review",,,,,,"not_reported"
"kcn-kkt-kcn-dong-banh","KCN Đông Bành","industrial_park","20","KCN-KKT discovery (unverified)","https://kcn-kkt.com/kcn/kcn-dong-banh","2026-09-10","Huyện Hữu Lũng và huyện Chi Lăng",,,"dong banh","https://kcn-kkt.com/kcn/kcn-dong-banh","discovery_reported_unverified",,"unresolved",FALSE,"not_verified","needs_identity_or_location_review",,,,,,"not_reported"
"kcn-kkt-kcn-hoa-lac","KCN Hòa Lạc","industrial_park","20","KCN-KKT discovery (unverified)","https://kcn-kkt.com/kcn/kcn-hoa-lac","2026-09-10","Huyện Hữu Lũng",,,"hoa lac","https://kcn-kkt.com/kcn/kcn-hoa-lac","discovery_reported_unverified",,"unresolved",FALSE,"not_verified","needs_identity_or_location_review",,,,,,"not_reported"
"kcn-kkt-kcn-huu-lung-2","KCN Hữu Lũng 2","industrial_park","20","KCN-KKT discovery (unverified)","https://kcn-kkt.com/kcn/kcn-huu-lung-2","2026-09-10","Huyện Hữu Lũng",,,"huu lung 2","https://kcn-kkt.com/kcn/kcn-huu-lung-2","discovery_reported_unverified",,"unresolved",FALSE,"not_verified","needs_identity_or_location_review",,,,,,"not_reported"
"kcn-kkt-kcn-huu-lung-3","KCN Hữu Lũng 3","industrial_park","20","KCN-KKT discovery (unverified)","https://kcn-kkt.com/kcn/kcn-huu-lung-3","2026-09-10","Huyện Hữu Lũng",,,"huu lung 3","https://kcn-kkt.com/kcn/kcn-huu-lung-3","discovery_reported_unverified",,"unresolved",FALSE,"not_verified","needs_identity_or_location_review",,,,,,"not_reported"
"kcn-kkt-kcn-huu-lung-4","KCN Hữu Lũng 4","industrial_park","20","KCN-KKT discovery (unverified)","https://kcn-kkt.com/kcn/kcn-huu-lung-4","2026-09-10","Huyện Hữu Lũng",,,"huu lung 4","https://kcn-kkt.com/kcn/kcn-huu-lung-4","discovery_reported_unverified",,"unresolved",FALSE,"not_verified","needs_identity_or_location_review",,,,,,"not_reported"
"kcn-kkt-kcn-huu-lung-5","KCN Hữu Lũng 5","industrial_park","20","KCN-KKT discovery (unverified)","https://kcn-kkt.com/kcn/kcn-huu-lung-5","2026-09-10","Huyện Hữu Lũng",,,"huu lung 5","https://kcn-kkt.com/kcn/kcn-huu-lung-5","discovery_reported_unverified",,"unresolved",FALSE,"not_verified","needs_identity_or_location_review",,,,,,"not_reported"
"kcn-kkt-kcn-huu-lung-6","KCN Hữu Lũng 6","industrial_park","20","KCN-KKT discovery (unverified)","https://kcn-kkt.com/kcn/kcn-huu-lung-6","2026-09-10","Huyện Hữu Lũng",,,"huu lung 6","https://kcn-kkt.com/kcn/kcn-huu-lung-6","discovery_reported_unverified",,"unresolved",FALSE,"not_verified","needs_identity_or_location_review",,,,,,"not_reported"
"kcn-kkt-kcn-huu-lung-7","KCN Hữu Lũng 7","industrial_park","20","KCN-KKT discovery (unverified)","https://kcn-kkt.com/kcn/kcn-huu-lung-7","2026-09-10","Huyện Hữu Lũng",,,"huu lung 7","https://kcn-kkt.com/kcn/kcn-huu-lung-7","discovery_reported_unverified",,"unresolved",FALSE,"not_verified","needs_identity_or_location_review",,,,,,"not_reported"
"kcn-kkt-kcn-khanh-xuan","KCN Khánh Xuân","industrial_park","20","KCN-KKT discovery (unverified)","https://kcn-kkt.com/kcn/kcn-khanh-xuan","2026-09-10","Huyện Lộc Bình",,,"khanh xuan","https://kcn-kkt.com/kcn/kcn-khanh-xuan","discovery_reported_unverified",,"unresolved",FALSE,"not_verified","needs_identity_or_location_review",,,,,,"not_reported"
"kcn-kkt-kcn-na-duong","KCN Na Dương","industrial_park","20","KCN-KKT discovery (unverified)","https://kcn-kkt.com/kcn/kcn-na-duong","2026-09-10","Huyện Lộc Bình",,,"na duong","https://kcn-kkt.com/kcn/kcn-na-duong","discovery_reported_unverified",,"unresolved",FALSE,"not_verified","needs_identity_or_location_review",,,,,,"not_reported"
"kcn-kkt-kcn-va-logistics-dinh-lap","KCN và logistics Định Lập","industrial_park","20","KCN-KKT discovery (unverified)","https://kcn-kkt.com/kcn/kcn-va-logistics-dinh-lap","2026-09-10","Huyện Định Lập",,,"va logistics dinh lap","https://kcn-kkt.com/kcn/kcn-va-logistics-dinh-lap","discovery_reported_unverified",,"unresolved",FALSE,"not_verified","needs_identity_or_location_review",,,,,,"not_reported"
"kcn-kkt-kcn-va-logistics-na-duong","KCN và logistics Na Dương","industrial_park","20","KCN-KKT discovery (unverified)","https://kcn-kkt.com/kcn/kcn-va-logistics-na-duong","2026-09-10","Huyện Lộc Bình",,,"va logistics na duong","https://kcn-kkt.com/kcn/kcn-va-logistics-na-duong","discovery_reported_unverified",,"unresolved",FALSE,"not_verified","needs_identity_or_location_review",,,,,,"not_reported"
"kcn-kkt-kcn-vsip-lang-son","KCN VSIP Lạng Sơn","industrial_park","20","KCN-KKT discovery (unverified)","https://kcn-kkt.com/kcn/kcn-vsip-lang-son","2026-09-10","Huyện Hữu Lũng",,,"vsip lang son","https://kcn-kkt.com/kcn/kcn-vsip-lang-son","discovery_reported_unverified",,"unresolved",FALSE,"not_verified","needs_identity_or_location_review",,,,,,"not_reported"
"kcn-kkt-kcn-au-lau","KCN Âu Lâu","industrial_park","15","KCN-KKT discovery (unverified)","https://kcn-kkt.com/kcn/kcn-au-lau","2026-09-10","Thành phố Yên Bái",,,"au lau","https://kcn-kkt.com/kcn/kcn-au-lau","discovery_reported_unverified",,"unresolved",FALSE,"not_verified","needs_identity_or_location_review",,,,,,"not_reported"
"kcn-kkt-kcn-ban-qua-trong-khu-kinh-te-cua-khau","KCN Bản Qua (trong khu kinh tế cửa khẩu)","industrial_park","15","KCN-KKT discovery (unverified)","https://kcn-kkt.com/kcn/kcn-ban-qua-trong-khu-kinh-te-cua-khau","2026-09-10","Huyện Bát Xát",,,"ban qua trong khu kinh te cua khau","https://kcn-kkt.com/kcn/kcn-ban-qua-trong-khu-kinh-te-cua-khau","discovery_reported_unverified",,"unresolved",FALSE,"not_verified","needs_identity_or_location_review",,,,,,"not_reported"
"kcn-kkt-kcn-bac-duyen-hai","KCN Bắc Duyên Hải","industrial_park","15","KCN-KKT discovery (unverified)","https://kcn-kkt.com/kcn/kcn-bac-duyen-hai","2026-09-10","TP. Lào Cai",,,"bac duyen hai","https://kcn-kkt.com/kcn/kcn-bac-duyen-hai","discovery_reported_unverified",,"unresolved",FALSE,"not_verified","needs_identity_or_location_review",,,,,,"not_reported"
"kcn-kkt-kcn-cam-con","KCN Cam Cọn","industrial_park","15","KCN-KKT discovery (unverified)","https://kcn-kkt.com/kcn/kcn-cam-con","2026-09-10","Huyện Bảo Yên",,,"cam con","https://kcn-kkt.com/kcn/kcn-cam-con","discovery_reported_unverified",,"unresolved",FALSE,"not_verified","needs_identity_or_location_review",,,,,,"not_reported"
"kcn-kkt-kcn-coc-my-trinh-tuong","KCN Cốc Mỹ-Trình Tương","industrial_park","15","KCN-KKT discovery (unverified)","https://kcn-kkt.com/kcn/kcn-coc-my-trinh-tuong","2026-09-10","Huyện Bát Xát",,,"coc my trinh tuong","https://kcn-kkt.com/kcn/kcn-coc-my-trinh-tuong","discovery_reported_unverified",,"unresolved",FALSE,"not_verified","needs_identity_or_location_review",,,,,,"not_reported"
"kcn-kkt-kcn-dong-an","KCN Động An","industrial_park","15","KCN-KKT discovery (unverified)","https://kcn-kkt.com/kcn/kcn-dong-an","2026-09-10","Huyện Văn Yên",,,"dong an","https://kcn-kkt.com/kcn/kcn-dong-an","discovery_reported_unverified",,"unresolved",FALSE,"not_verified","needs_identity_or_location_review",,,,,,"not_reported"
"kcn-kkt-kcn-dong-pho-moi","KCN Đông Phố Mới","industrial_park","15","KCN-KKT discovery (unverified)","https://kcn-kkt.com/kcn/kcn-dong-pho-moi","2026-09-10","TP. Lào Cai",,,"dong pho moi","https://kcn-kkt.com/kcn/kcn-dong-pho-moi","discovery_reported_unverified",,"unresolved",FALSE,"not_verified","needs_identity_or_location_review",,,,,,"not_reported"
"kcn-kkt-kcn-luc-yen","KCN Lục Yên","industrial_park","15","KCN-KKT discovery (unverified)","https://kcn-kkt.com/kcn/kcn-luc-yen","2026-09-10","Huyện Lục Yên",,,"luc yen","https://kcn-kkt.com/kcn/kcn-luc-yen","discovery_reported_unverified",,"unresolved",FALSE,"not_verified","needs_identity_or_location_review",,,,,,"not_reported"
"kcn-kkt-kcn-minh-quan","KCN Minh Quán","industrial_park","15","KCN-KKT discovery (unverified)","https://kcn-kkt.com/kcn/kcn-minh-quan","2026-09-10","Huyện Trấn Yên",,,"minh quan","https://kcn-kkt.com/kcn/kcn-minh-quan","discovery_reported_unverified",,"unresolved",FALSE,"not_verified","needs_identity_or_location_review",,,,,,"not_reported"
"kcn-kkt-kcn-phia-nam","KCN Phía Nam","industrial_park","15","KCN-KKT discovery (unverified)","https://kcn-kkt.com/kcn/kcn-phia-nam","2026-09-10","Thành phố Yên Bái và huyện Yên Bình",,,"phia nam","https://kcn-kkt.com/kcn/kcn-phia-nam","discovery_reported_unverified",,"unresolved",FALSE,"not_verified","needs_identity_or_location_review",,,,,,"not_reported"
"kcn-kkt-kcn-tang-loong","KCN Tăng Loồng","industrial_park","15","KCN-KKT discovery (unverified)","https://kcn-kkt.com/kcn/kcn-tang-loong","2026-09-10","Huyện Bảo Thắng",,,"tang loong","https://kcn-kkt.com/kcn/kcn-tang-loong","discovery_reported_unverified",,"unresolved",FALSE,"not_verified","needs_identity_or_location_review",,,,,,"not_reported"
"kcn-kkt-kcn-thinh-hung","KCN Thịnh Hưng","industrial_park","15","KCN-KKT discovery (unverified)","https://kcn-kkt.com/kcn/kcn-thinh-hung","2026-09-10","Huyện Yên Bình",,,"thinh hung","https://kcn-kkt.com/kcn/kcn-thinh-hung","discovery_reported_unverified",,"unresolved",FALSE,"not_verified","needs_identity_or_location_review",,,,,,"not_reported"
"kcn-kkt-kcn-tran-yen","KCN Trần Yên","industrial_park","15","KCN-KKT discovery (unverified)","https://kcn-kkt.com/kcn/kcn-tran-yen","2026-09-10","Huyện Trần Yên",,,"tran yen","https://kcn-kkt.com/kcn/kcn-tran-yen","discovery_reported_unverified",,"unresolved",FALSE,"not_verified","needs_identity_or_location_review",,,,,,"not_reported"
"kcn-kkt-kcn-vo-lao-giai-doan-1","KCN Võ Lao (giai đoạn 1)","industrial_park","15","KCN-KKT discovery (unverified)","https://kcn-kkt.com/kcn/kcn-vo-lao-giai-doan-1","2026-09-10","Huyện Văn Bàn",,,"vo lao giai doan 1","https://kcn-kkt.com/kcn/kcn-vo-lao-giai-doan-1","discovery_reported_unverified",,"unresolved",FALSE,"not_verified","needs_identity_or_location_review",,,,,,"not_reported"
"kcn-kkt-kcn-y-can","KCN Y Can","industrial_park","15","KCN-KKT discovery (unverified)","https://kcn-kkt.com/kcn/kcn-y-can","2026-09-10","Huyện Trấn Yên",,,"y can","https://kcn-kkt.com/kcn/kcn-y-can","discovery_reported_unverified",,"unresolved",FALSE,"not_verified","needs_identity_or_location_review",,,,,,"not_reported"
"kcn-kkt-kcn-do-thi-dich-vu-ham-tan-la-gi","KCN - Đô thị - Dịch vụ Hàm Tân - La Gí","industrial_park","68","KCN-KKT discovery (unverified)","https://kcn-kkt.com/kcn/kcn-do-thi-dich-vu-ham-tan-la-gi","2026-09-10","Thị xã La Gí và huyện Hàm Tân",,,"do thi dich vu ham tan la gi","https://kcn-kkt.com/kcn/kcn-do-thi-dich-vu-ham-tan-la-gi","discovery_reported_unverified",,"unresolved",FALSE,"not_verified","needs_identity_or_location_review",,,,,,"not_reported"
"kcn-kkt-kcn-da-teh","KCN Dạ Tẻh","industrial_park","68","KCN-KKT discovery (unverified)","https://kcn-kkt.com/kcn/kcn-da-teh","2026-09-10","Huyện Dạ Tẻh",,,"da teh","https://kcn-kkt.com/kcn/kcn-da-teh","discovery_reported_unverified",,"unresolved",FALSE,"not_verified","needs_identity_or_location_review",,,,,,"not_reported"
"kcn-kkt-kcn-dak-ru","KCN Đắk Ru","industrial_park","68","KCN-KKT discovery (unverified)","https://kcn-kkt.com/kcn/kcn-dak-ru","2026-09-10","Đắk R'Lập",,,"dak ru","https://kcn-kkt.com/kcn/kcn-dak-ru","discovery_reported_unverified",,"unresolved",FALSE,"not_verified","needs_identity_or_location_review",,,,,,"not_reported"
"kcn-kkt-kcn-dak-song-i","KCN Đắk Song I","industrial_park","68","KCN-KKT discovery (unverified)","https://kcn-kkt.com/kcn/kcn-dak-song-i","2026-09-10","Đắk Song",,,"dak song 1","https://kcn-kkt.com/kcn/kcn-dak-song-i","discovery_reported_unverified",,"unresolved",FALSE,"not_verified","needs_identity_or_location_review",,,,,,"not_reported"
"kcn-kkt-kcn-dak-song-ii","KCN Đắk Song II","industrial_park","68","KCN-KKT discovery (unverified)","https://kcn-kkt.com/kcn/kcn-dak-song-ii","2026-09-10","Đắk Song",,,"dak song 2","https://kcn-kkt.com/kcn/kcn-dak-song-ii","discovery_reported_unverified",,"unresolved",FALSE,"not_verified","needs_identity_or_location_review",,,,,,"not_reported"
"kcn-kkt-kcn-dong-bac-phan-thiet-mo-rong","KCN Đông Bắc Phan Thiết mở rộng","industrial_park","68","KCN-KKT discovery (unverified)","https://kcn-kkt.com/kcn/kcn-dong-bac-phan-thiet-mo-rong","2026-09-10","Huyện Hàm Thuận Bắc",,,"dong bac phan thiet mo rong","https://kcn-kkt.com/kcn/kcn-dong-bac-phan-thiet-mo-rong","discovery_reported_unverified",,"unresolved",FALSE,"not_verified","needs_identity_or_location_review",,,,,,"not_reported"
"kcn-kkt-kcn-dong-bac-phan-thiet","KCN Đông Bắc Phân Thiết","industrial_park","68","KCN-KKT discovery (unverified)","https://kcn-kkt.com/kcn/kcn-dong-bac-phan-thiet","2026-09-10","Huyện Hàm Thuận Bắc",,,"dong bac phan thiet","https://kcn-kkt.com/kcn/kcn-dong-bac-phan-thiet","discovery_reported_unverified",,"unresolved",FALSE,"not_verified","needs_identity_or_location_review",,,,,,"not_reported"
"kcn-kkt-kcn-gia-huynh","KCN Gia Huynh","industrial_park","68","KCN-KKT discovery (unverified)","https://kcn-kkt.com/kcn/kcn-gia-huynh","2026-09-10","Trà Tân / Suối Kiết; Bình Thuận (cũ)",,,"gia huynh","https://kcn-kkt.com/kcn/kcn-gia-huynh","discovery_reported_unverified",,"unresolved",FALSE,"not_verified","needs_identity_or_location_review",,,,,,"not_reported"
"kcn-kkt-kcn-gia-huynh-1","KCN Gia Huynh 1","industrial_park","68","KCN-KKT discovery (unverified)","https://kcn-kkt.com/kcn/kcn-gia-huynh-1","2026-09-10","Trà Tân / Suối Kiết; Bình Thuận (cũ)",,,"gia huynh 1","https://kcn-kkt.com/kcn/kcn-gia-huynh-1","discovery_reported_unverified",,"unresolved",FALSE,"not_verified","needs_identity_or_location_review",,,,,,"not_reported"
"kcn-kkt-kcn-gia-huynh-2","KCN Gia Huynh 2","industrial_park","68","KCN-KKT discovery (unverified)","https://kcn-kkt.com/kcn/kcn-gia-huynh-2","2026-09-10","Trà Tân / Suối Kiết; Bình Thuận (cũ)",,,"gia huynh 2","https://kcn-kkt.com/kcn/kcn-gia-huynh-2","discovery_reported_unverified",,"unresolved",FALSE,"not_verified","needs_identity_or_location_review",,,,,,"not_reported"
"kcn-kkt-kcn-gia-huynh-3","KCN Gia Huynh 3","industrial_park","68","KCN-KKT discovery (unverified)","https://kcn-kkt.com/kcn/kcn-gia-huynh-3","2026-09-10","Trà Tân / Suối Kiết; Bình Thuận (cũ)",,,"gia huynh 3","https://kcn-kkt.com/kcn/kcn-gia-huynh-3","discovery_reported_unverified",,"unresolved",FALSE,"not_verified","needs_identity_or_location_review",,,,,,"not_reported"
"kcn-kkt-kcn-gia-huynh-4","KCN Gia Huynh 4","industrial_park","68","KCN-KKT discovery (unverified)","https://kcn-kkt.com/kcn/kcn-gia-huynh-4","2026-09-10","Trà Tân / Suối Kiết; Bình Thuận (cũ)",,,"gia huynh 4","https://kcn-kkt.com/kcn/kcn-gia-huynh-4","discovery_reported_unverified",,"unresolved",FALSE,"not_verified","needs_identity_or_location_review",,,,,,"not_reported"
"kcn-kkt-kcn-ham-kiem-ii","KCN Hàm Kiệm II","industrial_park","68","KCN-KKT discovery (unverified)","https://kcn-kkt.com/kcn/kcn-ham-kiem-ii","2026-09-10","Hàm Kiệm; Hàm Thuận Nam, Bình Thuận (cũ)",,,"ham kiem 2","https://kcn-kkt.com/kcn/kcn-ham-kiem-ii","discovery_reported_unverified",,"unresolved",FALSE,"not_verified","needs_identity_or_location_review",,,,,,"not_reported"
"kcn-kkt-kcn-ham-kiem-mo-rong","KCN Hàm Kiệm mở rộng","industrial_park","68","KCN-KKT discovery (unverified)","https://kcn-kkt.com/kcn/kcn-ham-kiem-mo-rong","2026-09-10","Hàm Kiệm; Bình Thuận (cũ)",,,"ham kiem mo rong","https://kcn-kkt.com/kcn/kcn-ham-kiem-mo-rong","discovery_reported_unverified",,"unresolved",FALSE,"not_verified","needs_identity_or_location_review",,,,,,"not_reported"
"kcn-kkt-kcn-loc-chau-dai-lao","KCN Lộc Châu - Đại Lào","industrial_park","68","KCN-KKT discovery (unverified)","https://kcn-kkt.com/kcn/kcn-loc-chau-dai-lao","2026-09-10","Thành phố Báo Lộc",,,"loc chau dai lao","https://kcn-kkt.com/kcn/kcn-loc-chau-dai-lao","discovery_reported_unverified",,"unresolved",FALSE,"not_verified","needs_identity_or_location_review",,,,,,"not_reported"
"kcn-kkt-kcn-nam-lam-dong","KCN Nam Lâm Đồng (Đạ Tẻh)","industrial_park","68","KCN-KKT discovery (unverified)","https://kcn-kkt.com/kcn/kcn-nam-lam-dong","2026-09-10","Đạ Tẻh, Lâm Đồng (cũ)",,,"nam lam dong da teh","https://kcn-kkt.com/kcn/kcn-nam-lam-dong","discovery_reported_unverified",,"unresolved",FALSE,"not_verified","needs_identity_or_location_review",,,,,,"not_reported"
"kcn-kkt-kcn-nhan-co-2","KCN Nhân Cơ 2","industrial_park","68","KCN-KKT discovery (unverified)","https://kcn-kkt.com/kcn/kcn-nhan-co-2","2026-09-10","Đắk R'Lập",,,"nhan co 2","https://kcn-kkt.com/kcn/kcn-nhan-co-2","discovery_reported_unverified",,"unresolved",FALSE,"not_verified","needs_identity_or_location_review",,,,,,"not_reported"
"kcn-kkt-kcn-phan-thiet-giai-doan-1","KCN Phan Thiết giai đoạn 1","industrial_park","68","KCN-KKT discovery (unverified)","https://kcn-kkt.com/kcn/kcn-phan-thiet-giai-doan-1","2026-09-10","Phan Thiết, Bình Thuận (cũ)",,,"phan thiet giai doan 1","https://kcn-kkt.com/kcn/kcn-phan-thiet-giai-doan-1","discovery_reported_unverified",,"unresolved",FALSE,"not_verified","needs_identity_or_location_review",,,,,,"not_reported"
"kcn-kkt-kcn-phan-thiet-giai-doan-2","KCN Phan Thiết giai đoạn 2","industrial_park","68","KCN-KKT discovery (unverified)","https://kcn-kkt.com/kcn/kcn-phan-thiet-giai-doan-2","2026-09-10","Phan Thiết, Bình Thuận (cũ)",,,"phan thiet giai doan 2","https://kcn-kkt.com/kcn/kcn-phan-thiet-giai-doan-2","discovery_reported_unverified",,"unresolved",FALSE,"not_verified","needs_identity_or_location_review",,,,,,"not_reported"
"kcn-kkt-kcn-phia-nam-giai-doan-2","KCN phía Nam giai đoạn 2","industrial_park","68","KCN-KKT discovery (unverified)","https://kcn-kkt.com/kcn/kcn-phia-nam-giai-doan-2","2026-09-10","Trà Tân / Suối Kiết; Bình Thuận (cũ)",,,"phia nam giai doan 2","https://kcn-kkt.com/kcn/kcn-phia-nam-giai-doan-2","discovery_reported_unverified",,"unresolved",FALSE,"not_verified","needs_identity_or_location_review",,,,,,"not_reported"
"kcn-kkt-kcn-phia-nam-tinh","KCN phía Nam tính","industrial_park","68","KCN-KKT discovery (unverified)","https://kcn-kkt.com/kcn/kcn-phia-nam-tinh","2026-09-10","Huyện Độc Lịnh, huyện Tành Lịnh",,,"phia nam tinh","https://kcn-kkt.com/kcn/kcn-phia-nam-tinh","discovery_reported_unverified",,"unresolved",FALSE,"not_verified","needs_identity_or_location_review",,,,,,"not_reported"
"kcn-kkt-kcn-phia-tay-bac-tinh","KCN phía Tây Bắc tính","industrial_park","68","KCN-KKT discovery (unverified)","https://kcn-kkt.com/kcn/kcn-phia-tay-bac-tinh","2026-09-10","Huyện Tuy Phong",,,"phia tay bac tinh","https://kcn-kkt.com/kcn/kcn-phia-tay-bac-tinh","discovery_reported_unverified",,"unresolved",FALSE,"not_verified","needs_identity_or_location_review",,,,,,"not_reported"
"kcn-kkt-kcn-phu-binh","KCN Phú Bình","industrial_park","68","KCN-KKT discovery (unverified)","https://kcn-kkt.com/kcn/kcn-phu-binh","2026-09-10","Huyện Đức Trọng",,,"phu binh","https://kcn-kkt.com/kcn/kcn-phu-binh","discovery_reported_unverified",,"unresolved",FALSE,"not_verified","needs_identity_or_location_review",,,,,,"not_reported"
"kcn-kkt-kcn-quang-son","KCN Quảng Sơn","industrial_park","68","KCN-KKT discovery (unverified)","https://kcn-kkt.com/kcn/kcn-quang-son","2026-09-10","Đắk Glong",,,"quang son","https://kcn-kkt.com/kcn/kcn-quang-son","discovery_reported_unverified",,"unresolved",FALSE,"not_verified","needs_identity_or_location_review",,,,,,"not_reported"
"kcn-kkt-kcn-song-binh-mo-rong","KCN Sông Bình mở rộng","industrial_park","68","KCN-KKT discovery (unverified)","https://kcn-kkt.com/kcn/kcn-song-binh-mo-rong","2026-09-10","Huyện Bắc Bình",,,"song binh mo rong","https://kcn-kkt.com/kcn/kcn-song-binh-mo-rong","discovery_reported_unverified",,"unresolved",FALSE,"not_verified","needs_identity_or_location_review",,,,,,"not_reported"
"kcn-kkt-kcn-son-my-1","KCN Sơn Mỹ 1","industrial_park","68","KCN-KKT discovery (unverified)","https://kcn-kkt.com/kcn/kcn-son-my-1","2026-09-10","Sơn Mỹ; Hàm Tân, Bình Thuận (cũ)",,,"son my 1","https://kcn-kkt.com/kcn/kcn-son-my-1","discovery_reported_unverified",,"unresolved",FALSE,"not_verified","needs_identity_or_location_review",,,,,,"not_reported"
"kcn-kkt-kcn-son-my-2","KCN Sơn Mỹ 2","industrial_park","68","KCN-KKT discovery (unverified)","https://kcn-kkt.com/kcn/kcn-son-my-2","2026-09-10","Sơn Mỹ; Hàm Tân, Bình Thuận (cũ)",,,"son my 2","https://kcn-kkt.com/kcn/kcn-son-my-2","discovery_reported_unverified",,"unresolved",FALSE,"not_verified","needs_identity_or_location_review",,,,,,"not_reported"
"kcn-kkt-kcn-son-my-i","KCN Sơn Mỹ I","industrial_park","68","KCN-KKT discovery (unverified)","https://kcn-kkt.com/kcn/kcn-son-my-i","2026-09-10","Huyện Hàm Tân",,,"son my 1","https://kcn-kkt.com/kcn/kcn-son-my-i","discovery_reported_unverified",,"unresolved",FALSE,"not_verified","needs_identity_or_location_review",,,,,,"not_reported"
"kcn-kkt-kcn-son-my-ii","KCN Sơn Mỹ II","industrial_park","68","KCN-KKT discovery (unverified)","https://kcn-kkt.com/kcn/kcn-son-my-ii","2026-09-10","Huyện Hàm Tân",,,"son my 2","https://kcn-kkt.com/kcn/kcn-son-my-ii","discovery_reported_unverified",,"unresolved",FALSE,"not_verified","needs_identity_or_location_review",,,,,,"not_reported"
"kcn-kkt-kcn-suoi-gieng","KCN Suối Giêng","industrial_park","68","KCN-KKT discovery (unverified)","https://kcn-kkt.com/kcn/kcn-suoi-gieng","2026-09-10","Tân Minh / Hàm Thuận Nam; Bình Thuận (cũ)",,,"suoi gieng","https://kcn-kkt.com/kcn/kcn-suoi-gieng","discovery_reported_unverified",,"unresolved",FALSE,"not_verified","needs_identity_or_location_review",,,,,,"not_reported"
"kcn-kkt-kcn-suoi-kiet","KCN Suối Kiết","industrial_park","68","KCN-KKT discovery (unverified)","https://kcn-kkt.com/kcn/kcn-suoi-kiet","2026-09-10","Suối Kiết; Bình Thuận (cũ)",,,"suoi kiet","https://kcn-kkt.com/kcn/kcn-suoi-kiet","discovery_reported_unverified",,"unresolved",FALSE,"not_verified","needs_identity_or_location_review",,,,,,"not_reported"
"kcn-kkt-kcn-tanh-linh","KCN Tánh Linh","industrial_park","68","KCN-KKT discovery (unverified)","https://kcn-kkt.com/kcn/kcn-tanh-linh","2026-09-10","Trà Tân / Suối Kiết; Bình Thuận (cũ)",,,"tanh linh","https://kcn-kkt.com/kcn/kcn-tanh-linh","discovery_reported_unverified",,"unresolved",FALSE,"not_verified","needs_identity_or_location_review",,,,,,"not_reported"
"kcn-kkt-kcn-tan-duc-mo-rong","KCN Tân Đức mở rộng","industrial_park","68","KCN-KKT discovery (unverified)","https://kcn-kkt.com/kcn/kcn-tan-duc-mo-rong","2026-09-10","Huyện Hàm Tân",,,"tan duc mo rong","https://kcn-kkt.com/kcn/kcn-tan-duc-mo-rong","discovery_reported_unverified",,"unresolved",FALSE,"not_verified","needs_identity_or_location_review",,,,,,"not_reported"
"kcn-kkt-kcn-tan-minh-1","KCN Tân Minh 1","industrial_park","68","KCN-KKT discovery (unverified)","https://kcn-kkt.com/kcn/kcn-tan-minh-1","2026-09-10","Tân Minh; Bình Thuận (cũ)",,,"tan minh 1","https://kcn-kkt.com/kcn/kcn-tan-minh-1","discovery_reported_unverified",,"unresolved",FALSE,"not_verified","needs_identity_or_location_review",,,,,,"not_reported"
"kcn-kkt-kcn-tan-minh-2","KCN Tân Minh 2","industrial_park","68","KCN-KKT discovery (unverified)","https://kcn-kkt.com/kcn/kcn-tan-minh-2","2026-09-10","Tân Minh; Bình Thuận (cũ)",,,"tan minh 2","https://kcn-kkt.com/kcn/kcn-tan-minh-2","discovery_reported_unverified",,"unresolved",FALSE,"not_verified","needs_identity_or_location_review",,,,,,"not_reported"
"kcn-kkt-kcn-tan-phuc-1","KCN Tân Phúc 1","industrial_park","68","KCN-KKT discovery (unverified)","https://kcn-kkt.com/kcn/kcn-tan-phuc-1","2026-09-10","Tân Minh / Hàm Thuận Nam; Bình Thuận (cũ)",,,"tan phuc 1","https://kcn-kkt.com/kcn/kcn-tan-phuc-1","discovery_reported_unverified",,"unresolved",FALSE,"not_verified","needs_identity_or_location_review",,,,,,"not_reported"
"kcn-kkt-kcn-tan-phuc-2","KCN Tân Phúc 2","industrial_park","68","KCN-KKT discovery (unverified)","https://kcn-kkt.com/kcn/kcn-tan-phuc-2","2026-09-10","Tân Minh / Hàm Thuận Nam; Bình Thuận (cũ)",,,"tan phuc 2","https://kcn-kkt.com/kcn/kcn-tan-phuc-2","discovery_reported_unverified",,"unresolved",FALSE,"not_verified","needs_identity_or_location_review",,,,,,"not_reported"
"kcn-kkt-kcn-tan-rai-bao-lam","KCN Tân Rai - Báo Lâm","industrial_park","68","KCN-KKT discovery (unverified)","https://kcn-kkt.com/kcn/kcn-tan-rai-bao-lam","2026-09-10","Huyện Báo Lâm",,,"tan rai bao lam","https://kcn-kkt.com/kcn/kcn-tan-rai-bao-lam","discovery_reported_unverified",,"unresolved",FALSE,"not_verified","needs_identity_or_location_review",,,,,,"not_reported"
"kcn-kkt-kcn-tan-thang","KCN Tân Thắng","industrial_park","68","KCN-KKT discovery (unverified)","https://kcn-kkt.com/kcn/kcn-tan-thang","2026-09-10","Sơn Mỹ; Bình Thuận (cũ)",,,"tan thang","https://kcn-kkt.com/kcn/kcn-tan-thang","discovery_reported_unverified",,"unresolved",FALSE,"not_verified","needs_identity_or_location_review",,,,,,"not_reported"
"kcn-kkt-kcn-tan-uc","KCN Tân Ức","industrial_park","68","KCN-KKT discovery (unverified)","https://kcn-kkt.com/kcn/kcn-tan-uc","2026-09-10","Huyện Hàm Tân",,,"tan uc","https://kcn-kkt.com/kcn/kcn-tan-uc","discovery_reported_unverified",,"unresolved",FALSE,"not_verified","needs_identity_or_location_review",,,,,,"not_reported"
"kcn-kkt-kcn-thuan-nam","KCN Thuận Nam","industrial_park","68","KCN-KKT discovery (unverified)","https://kcn-kkt.com/kcn/kcn-thuan-nam","2026-09-10","Hàm Thuận Nam; Bình Thuận (cũ)",,,"thuan nam","https://kcn-kkt.com/kcn/kcn-thuan-nam","discovery_reported_unverified",,"unresolved",FALSE,"not_verified","needs_identity_or_location_review",,,,,,"not_reported"
"kcn-kkt-kcn-tuy-phong","KCN Tuy Phong","industrial_park","68","KCN-KKT discovery (unverified)","https://kcn-kkt.com/kcn/kcn-tuy-phong","2026-09-10","Tuy Phong, Bình Thuận (cũ)",,,"tuy phong","https://kcn-kkt.com/kcn/kcn-tuy-phong","discovery_reported_unverified",,"unresolved",FALSE,"not_verified","needs_identity_or_location_review",,,,,,"not_reported"
"kcn-kkt-kcn-vinh-hao","KCN Vĩnh Hảo","industrial_park","68","KCN-KKT discovery (unverified)","https://kcn-kkt.com/kcn/kcn-vinh-hao","2026-09-10","Vĩnh Hảo; Bình Thuận (cũ)",,,"vinh hao","https://kcn-kkt.com/kcn/kcn-vinh-hao","discovery_reported_unverified",,"unresolved",FALSE,"not_verified","needs_identity_or_location_review",,,,,,"not_reported"
"kcn-kkt-khu-cong-nghiep-tan-duc","Khu công nghiệp Tân Đức","industrial_park","68","KCN-KKT discovery (unverified)","https://kcn-kkt.com/kcn/khu-cong-nghiep-tan-duc","2026-09-10","Xã Tân Đức, Huyện Hàm Tân, Tỉnh Bình Thuận",,,"tan duc","https://kcn-kkt.com/kcn/khu-cong-nghiep-tan-duc","discovery_reported_unverified",,"unresolved",FALSE,"not_verified","needs_identity_or_location_review",,,,,,"not_reported"
"kcn-kkt-ben-cang-chuyen-dung-vissai","Bến cảng chuyên dùng Vissai","unclassified","40","KCN-KKT discovery (unverified)","https://kcn-kkt.com/kcn/ben-cang-chuyen-dung-vissai","2026-09-10","Xã Nghi Thiết, Nghi Lộc, Nghệ An",,,"ben cang chuyen dung vissai","https://kcn-kkt.com/kcn/ben-cang-chuyen-dung-vissai","discovery_reported_unverified",,"unresolved",FALSE,"not_verified","needs_identity_or_location_review",,,,,,"not_reported"
"kcn-kkt-ben-cang-cuc-hau-can-quan-khu-iv","Bến cảng Cục Hậu cần Quân khu IV","unclassified","40","KCN-KKT discovery (unverified)","https://kcn-kkt.com/kcn/ben-cang-cuc-hau-can-quan-khu-iv","2026-09-10","Thành phố Vinh, tỉnh Nghệ An",,,"ben cang cuc hau can quan khu 4","https://kcn-kkt.com/kcn/ben-cang-cuc-hau-can-quan-khu-iv","discovery_reported_unverified",,"unresolved",FALSE,"not_verified","needs_identity_or_location_review",,,,,,"not_reported"
"kcn-kkt-ben-cang-cua-lo","Bến cảng Cửa Lò","unclassified","40","KCN-KKT discovery (unverified)","https://kcn-kkt.com/kcn/ben-cang-cua-lo","2026-09-10","Thị Xã Cửa Lò, tỉnh Nghệ An",,,"ben cang cua lo","https://kcn-kkt.com/kcn/ben-cang-cua-lo","discovery_reported_unverified",,"unresolved",FALSE,"not_verified","needs_identity_or_location_review",,,,,,"not_reported"
"kcn-kkt-ben-cang-xang-dau-dkc","Bến cảng xăng dầu DKC","unclassified","40","KCN-KKT discovery (unverified)","https://kcn-kkt.com/kcn/ben-cang-xang-dau-dkc","2026-09-10","Nghi Thiết, Nghi Lộc, Tỉnh Nghệ An",,,"ben cang xang dau dkc","https://kcn-kkt.com/kcn/ben-cang-xang-dau-dkc","discovery_reported_unverified",,"unresolved",FALSE,"not_verified","needs_identity_or_location_review",,,,,,"not_reported"
"kcn-kkt-kcn-dien-quynh","KCN Diễn Quỳnh","industrial_park","40","KCN-KKT discovery (unverified)","https://kcn-kkt.com/kcn/kcn-dien-quynh","2026-09-10","H. Diễn Châu, H. Quỳnh Lưu",,,"dien quynh","https://kcn-kkt.com/kcn/kcn-dien-quynh","discovery_reported_unverified",,"unresolved",FALSE,"not_verified","needs_identity_or_location_review",,,,,,"not_reported"
"kcn-kkt-kcn-dong-hieu-kcn-phu-quy","KCN Đông Hiếu (KCN Phú Quý)","industrial_park","40","KCN-KKT discovery (unverified)","https://kcn-kkt.com/kcn/kcn-dong-hieu-kcn-phu-quy","2026-09-10","Thị xã Thái Hòa",,,"dong hieu kcn phu quy","https://kcn-kkt.com/kcn/kcn-dong-hieu-kcn-phu-quy","discovery_reported_unverified",,"unresolved",FALSE,"not_verified","needs_identity_or_location_review",,,,,,"not_reported"
"kcn-kkt-kcn-dong-hoi","KCN Đông Hội","industrial_park","40","KCN-KKT discovery (unverified)","https://kcn-kkt.com/kcn/kcn-dong-hoi","2026-09-10","Thị xã Hoàng Mai",,,"dong hoi","https://kcn-kkt.com/kcn/kcn-dong-hoi","discovery_reported_unverified",,"unresolved",FALSE,"not_verified","needs_identity_or_location_review",,,,,,"not_reported"
"kcn-kkt-kcn-ho-tro-cang-cua-lo-kcn-yen-quang","KCN hō trợ căng Cửa Lò (KCN Yên Quang)","industrial_park","40","KCN-KKT discovery (unverified)","https://kcn-kkt.com/kcn/kcn-ho-tro-cang-cua-lo-kcn-yen-quang","2026-09-10","H. Nghĩ Lộc",,,"ho tro cang cua lo kcn yen quang","https://kcn-kkt.com/kcn/kcn-ho-tro-cang-cua-lo-kcn-yen-quang","discovery_reported_unverified",,"unresolved",FALSE,"not_verified","needs_identity_or_location_review",,,,,,"not_reported"
"kcn-kkt-kcn-hoang-mai","KCN Hoàng Mai","industrial_park","40","KCN-KKT discovery (unverified)","https://kcn-kkt.com/kcn/kcn-hoang-mai","2026-09-10","Thị xã Hoàng Mai",,,"hoang mai","https://kcn-kkt.com/kcn/kcn-hoang-mai","discovery_reported_unverified",,"unresolved",FALSE,"not_verified","needs_identity_or_location_review",,,,,,"not_reported"
"kcn-kkt-kcn-kim-cuong","KCN Kim Cương","industrial_park","40","KCN-KKT discovery (unverified)","https://kcn-kkt.com/kcn/kcn-kim-cuong","2026-09-10","H. Nam Đàn",,,"kim cuong","https://kcn-kkt.com/kcn/kcn-kim-cuong","discovery_reported_unverified",,"unresolved",FALSE,"not_verified","needs_identity_or_location_review",,,,,,"not_reported"
"kcn-kkt-kcn-nghia-dan","KCN Nghĩa Đàn","industrial_park","40","KCN-KKT discovery (unverified)","https://kcn-kkt.com/kcn/kcn-nghia-dan","2026-09-10","H. Nghĩa Đàn",,,"nghia dan","https://kcn-kkt.com/kcn/kcn-nghia-dan","discovery_reported_unverified",,"unresolved",FALSE,"not_verified","needs_identity_or_location_review",,,,,,"not_reported"
"kcn-kkt-kcn-ngoc-chau","KCN Ngọc Châu","industrial_park","40","KCN-KKT discovery (unverified)","https://kcn-kkt.com/kcn/kcn-ngoc-chau","2026-09-10","H. Quỳnh Lưu",,,"ngoc chau","https://kcn-kkt.com/kcn/kcn-ngoc-chau","discovery_reported_unverified",,"unresolved",FALSE,"not_verified","needs_identity_or_location_review",,,,,,"not_reported"
"kcn-kkt-kcn-so-1-nghe-an","KCN Số 1","industrial_park","40","KCN-KKT discovery (unverified)","https://kcn-kkt.com/kcn/kcn-so-1-nghe-an","2026-09-10","H. Diễn Châu",,,"so 1","https://kcn-kkt.com/kcn/kcn-so-1-nghe-an","discovery_reported_unverified",,"unresolved",FALSE,"not_verified","needs_identity_or_location_review",,,,,,"not_reported"
"kcn-kkt-kcn-so-2","KCN Số 2","industrial_park","40","KCN-KKT discovery (unverified)","https://kcn-kkt.com/kcn/kcn-so-2","2026-09-10","H. Nghĩ Lộc",,,"so 2","https://kcn-kkt.com/kcn/kcn-so-2","discovery_reported_unverified",,"unresolved",FALSE,"not_verified","needs_identity_or_location_review",,,,,,"not_reported"
"kcn-kkt-kcn-so-3-khu-lam-nghiep","KCN Số 3 (Khu lâm nghiệp)","industrial_park","40","KCN-KKT discovery (unverified)","https://kcn-kkt.com/kcn/kcn-so-3-khu-lam-nghiep","2026-09-10","H. Nghĩ Lộc, H. Độ Lương",,,"so 3 khu lam nghiep","https://kcn-kkt.com/kcn/kcn-so-3-khu-lam-nghiep","discovery_reported_unverified",,"unresolved",FALSE,"not_verified","needs_identity_or_location_review",,,,,,"not_reported"
"kcn-kkt-kcn-so-5-nghe-an","KCN Số 5","industrial_park","40","KCN-KKT discovery (unverified)","https://kcn-kkt.com/kcn/kcn-so-5-nghe-an","2026-09-10","H. Độ Lương",,,"so 5","https://kcn-kkt.com/kcn/kcn-so-5-nghe-an","discovery_reported_unverified",,"unresolved",FALSE,"not_verified","needs_identity_or_location_review",,,,,,"not_reported"
"kcn-kkt-kcn-so-8","KCN Số 8","industrial_park","40","KCN-KKT discovery (unverified)","https://kcn-kkt.com/kcn/kcn-so-8","2026-09-10","H. Hưng Nguyên",,,"so 8","https://kcn-kkt.com/kcn/kcn-so-8","discovery_reported_unverified",,"unresolved",FALSE,"not_verified","needs_identity_or_location_review",,,,,,"not_reported"
"kcn-kkt-kcn-tan-ky","KCN Tân Kỳ","industrial_park","40","KCN-KKT discovery (unverified)","https://kcn-kkt.com/kcn/kcn-tan-ky","2026-09-10","H. Tân Kỳ",,,"tan ky","https://kcn-kkt.com/kcn/kcn-tan-ky","discovery_reported_unverified",,"unresolved",FALSE,"not_verified","needs_identity_or_location_review",,,,,,"not_reported"
"kcn-kkt-kcn-tho-loc","KCN Thọ Lộc","industrial_park","40","KCN-KKT discovery (unverified)","https://kcn-kkt.com/kcn/kcn-tho-loc","2026-09-10","H. Diễn Châu",,,"tho loc","https://kcn-kkt.com/kcn/kcn-tho-loc","discovery_reported_unverified",,"unresolved",FALSE,"not_verified","needs_identity_or_location_review",,,,,,"not_reported"
"kcn-kkt-kcn-tri-le","KCN Trí Lễ","industrial_park","40","KCN-KKT discovery (unverified)","https://kcn-kkt.com/kcn/kcn-tri-le","2026-09-10","H. Anh Sơn",,,"tri le","https://kcn-kkt.com/kcn/kcn-tri-le","discovery_reported_unverified",,"unresolved",FALSE,"not_verified","needs_identity_or_location_review",,,,,,"not_reported"
"kcn-kkt-kcn-xuan-lam","KCN Xuân Lâm","industrial_park","40","KCN-KKT discovery (unverified)","https://kcn-kkt.com/kcn/kcn-xuan-lam","2026-09-10","H. Thanh Chương",,,"xuan lam","https://kcn-kkt.com/kcn/kcn-xuan-lam","discovery_reported_unverified",,"unresolved",FALSE,"not_verified","needs_identity_or_location_review",,,,,,"not_reported"
"kcn-kkt-kcn-do-thi-va-dich-vu-nam-cam","KCN, Dō thị và Dịch vụ Nam Cấm","industrial_park","40","KCN-KKT discovery (unverified)","https://kcn-kkt.com/kcn/kcn-do-thi-va-dich-vu-nam-cam","2026-09-10","H. Nghĩ Lộc",,,"do thi va dich vu nam cam","https://kcn-kkt.com/kcn/kcn-do-thi-va-dich-vu-nam-cam","discovery_reported_unverified",,"unresolved",FALSE,"not_verified","needs_identity_or_location_review",,,,,,"not_reported"
"kcn-kkt-kcn-do-thi-va-dich-vu-tho-loc","KCN, Dō thị và Dịch vụ Thọ Lộc","industrial_park","40","KCN-KKT discovery (unverified)","https://kcn-kkt.com/kcn/kcn-do-thi-va-dich-vu-tho-loc","2026-09-10","H. Diễn Châu",,,"do thi va dich vu tho loc","https://kcn-kkt.com/kcn/kcn-do-thi-va-dich-vu-tho-loc","discovery_reported_unverified",,"unresolved",FALSE,"not_verified","needs_identity_or_location_review",,,,,,"not_reported"
"kcn-kkt-kcn-do-thi-va-dich-vu-vsip","KCN, Dō thị và Dịch vụ VSIP","industrial_park","40","KCN-KKT discovery (unverified)","https://kcn-kkt.com/kcn/kcn-do-thi-va-dich-vu-vsip","2026-09-10","H. Hưng Nguyên, Thành phố Vinh",,,"do thi va dich vu vsip","https://kcn-kkt.com/kcn/kcn-do-thi-va-dich-vu-vsip","discovery_reported_unverified",,"unresolved",FALSE,"not_verified","needs_identity_or_location_review",,,,,,"not_reported"
"kcn-kkt-kcn-do-thi-va-dich-vu-tan-thang","KCN, Đô thị và Dịch vụ Tân Thắng","industrial_park","40","KCN-KKT discovery (unverified)","https://kcn-kkt.com/kcn/kcn-do-thi-va-dich-vu-tan-thang","2026-09-10","H. Quỳnh Lưu",,,"do thi va dich vu tan thang","https://kcn-kkt.com/kcn/kcn-do-thi-va-dich-vu-tan-thang","discovery_reported_unverified",,"unresolved",FALSE,"not_verified","needs_identity_or_location_review",,,,,,"not_reported"
"kcn-kkt-ben-cang-hai-thinh","Bến cảng Hải Thịnh","unclassified","37","KCN-KKT discovery (unverified)","https://kcn-kkt.com/kcn/ben-cang-hai-thinh","2026-09-10","Thị trấn Thịnh Long",,,"ben cang hai thinh","https://kcn-kkt.com/kcn/ben-cang-hai-thinh","discovery_reported_unverified",,"unresolved",FALSE,"not_verified","needs_identity_or_location_review",,,,,,"not_reported"
"kcn-kkt-ben-cang-nha-may-dong-tau-thinh-long","Bến cảng nhà máy động tâu Thịnh Long","unclassified","37","KCN-KKT discovery (unverified)","https://kcn-kkt.com/kcn/ben-cang-nha-may-dong-tau-thinh-long","2026-09-10","Thị trấn Thịnh Long",,,"ben cang nha may dong tau thinh long","https://kcn-kkt.com/kcn/ben-cang-nha-may-dong-tau-thinh-long","discovery_reported_unverified",,"unresolved",FALSE,"not_verified","needs_identity_or_location_review",,,,,,"not_reported"
"kcn-kkt-ben-cang-thinh-long","Bến cảng Thịnh Long","unclassified","37","KCN-KKT discovery (unverified)","https://kcn-kkt.com/kcn/ben-cang-thinh-long","2026-09-10","Thị trấn Thịnh Long",,,"ben cang thinh long","https://kcn-kkt.com/kcn/ben-cang-thinh-long","discovery_reported_unverified",,"unresolved",FALSE,"not_verified","needs_identity_or_location_review",,,,,,"not_reported"
"kcn-kkt-kcn-do-thi-dich-vu-gia-vien-ii","KCN - Đô thị - dịch vụ Gia Viễn II","industrial_park","37","KCN-KKT discovery (unverified)","https://kcn-kkt.com/kcn/kcn-do-thi-dich-vu-gia-vien-ii","2026-09-10","Huyện Gia Viễn",,,"do thi dich vu gia vien 2","https://kcn-kkt.com/kcn/kcn-do-thi-dich-vu-gia-vien-ii","discovery_reported_unverified",,"unresolved",FALSE,"not_verified","needs_identity_or_location_review",,,,,,"not_reported"
"kcn-kkt-kcn-do-thi-dich-vu-liem-son","KCN - Đô thị - Dịch vụ Liêm Sơn","industrial_park","37","KCN-KKT discovery (unverified)","https://kcn-kkt.com/kcn/kcn-do-thi-dich-vu-liem-son","2026-09-10","Thanh Bình; Hà Nam",,,"do thi dich vu liem son","https://kcn-kkt.com/kcn/kcn-do-thi-dich-vu-liem-son","discovery_reported_unverified",,"unresolved",FALSE,"not_verified","needs_identity_or_location_review",,,,,,"not_reported"
"kcn-kkt-kcn-do-thi-dich-vu-phu-long","KCN - Đô thị - dịch vụ Phủ Long","industrial_park","37","KCN-KKT discovery (unverified)","https://kcn-kkt.com/kcn/kcn-do-thi-dich-vu-phu-long","2026-09-10","Huyện Nho Quan",,,"do thi dich vu phu long","https://kcn-kkt.com/kcn/kcn-do-thi-dich-vu-phu-long","discovery_reported_unverified",,"unresolved",FALSE,"not_verified","needs_identity_or_location_review",,,,,,"not_reported"
"kcn-kkt-kcn-do-thi-dich-vu-song-sat","KCN - Đô thị - Dịch vụ Sông Sắt","industrial_park","37","KCN-KKT discovery (unverified)","https://kcn-kkt.com/kcn/kcn-do-thi-dich-vu-song-sat","2026-09-10","Vũ Dương, Tân Minh; Nam Định / Hà Nam",,,"do thi dich vu song sat","https://kcn-kkt.com/kcn/kcn-do-thi-dich-vu-song-sat","discovery_reported_unverified",,"unresolved",FALSE,"not_verified","needs_identity_or_location_review",,,,,,"not_reported"
"kcn-kkt-kcn-do-thi-dich-vu-tan-son","KCN - Đô thị - Dịch vụ Tân Sơn","industrial_park","37","KCN-KKT discovery (unverified)","https://kcn-kkt.com/kcn/kcn-do-thi-dich-vu-tan-son","2026-09-10","Tân Minh, Thanh Bình, Bình Sơn; Hà Nam",,,"do thi dich vu tan son","https://kcn-kkt.com/kcn/kcn-do-thi-dich-vu-tan-son","discovery_reported_unverified",,"unresolved",FALSE,"not_verified","needs_identity_or_location_review",,,,,,"not_reported"
"kcn-kkt-kcn-do-thi-dich-vu-yen-khanh","KCN - Đô thị - Dịch vụ Yên Khánh","industrial_park","37","KCN-KKT discovery (unverified)","https://kcn-kkt.com/kcn/kcn-do-thi-dich-vu-yen-khanh","2026-09-10","Khánh Nhạc, Kim Sơn, Chất Bình; Ninh Bình (Yên Khánh)",,,"do thi dich vu yen khanh","https://kcn-kkt.com/kcn/kcn-do-thi-dich-vu-yen-khanh","discovery_reported_unverified",,"unresolved",FALSE,"not_verified","needs_identity_or_location_review",,,,,,"not_reported"
"kcn-kkt-kcn-do-thi-dich-vu-yen-mo","KCN - Đô thị - Dịch vụ Yên Mô","industrial_park","37","KCN-KKT discovery (unverified)","https://kcn-kkt.com/kcn/kcn-do-thi-dich-vu-yen-mo","2026-09-10","Yên Mô, Yên Từ; Ninh Bình (Yên Mô)",,,"do thi dich vu yen mo","https://kcn-kkt.com/kcn/kcn-do-thi-dich-vu-yen-mo","discovery_reported_unverified",,"unresolved",FALSE,"not_verified","needs_identity_or_location_review",,,,,,"not_reported"
"kcn-kkt-kcn-bao-minh-mo-rong","KCN Bảo Minh mở rộng","industrial_park","37","KCN-KKT discovery (unverified)","https://kcn-kkt.com/kcn/kcn-bao-minh-mo-rong","2026-09-10","Huyện Vụ Bản",,,"bao minh mo rong","https://kcn-kkt.com/kcn/kcn-bao-minh-mo-rong","discovery_reported_unverified",,"unresolved",FALSE,"not_verified","needs_identity_or_location_review",,,,,,"not_reported"
"kcn-kkt-kcn-binh-an-ninh-binh","KCN Bình An","industrial_park","37","KCN-KKT discovery (unverified)","https://kcn-kkt.com/kcn/kcn-binh-an-ninh-binh","2026-09-10","Bình An, Bình Sơn; Hà Nam",,,"binh an","https://kcn-kkt.com/kcn/kcn-binh-an-ninh-binh","discovery_reported_unverified",,"unresolved",FALSE,"not_verified","needs_identity_or_location_review",,,,,,"not_reported"
"kcn-kkt-kcn-binh-giang-ninh-binh","KCN Bình Giang","industrial_park","37","KCN-KKT discovery (unverified)","https://kcn-kkt.com/kcn/kcn-binh-giang-ninh-binh","2026-09-10","Bình Giang, phường Mỹ Lộc; Nam Định",,,"binh giang","https://kcn-kkt.com/kcn/kcn-binh-giang-ninh-binh","discovery_reported_unverified",,"unresolved",FALSE,"not_verified","needs_identity_or_location_review",,,,,,"not_reported"
"kcn-kkt-kcn-binh-luc-3","KCN Bình Lục (3)","industrial_park","37","KCN-KKT discovery (unverified)","https://kcn-kkt.com/kcn/kcn-binh-luc-3","2026-09-10","Huyện Bình Lục",,,"binh luc 3","https://kcn-kkt.com/kcn/kcn-binh-luc-3","discovery_reported_unverified",,"unresolved",FALSE,"not_verified","needs_identity_or_location_review",,,,,,"not_reported"
"kcn-kkt-kcn-binh-luc-mo-rong","KCN Bình Lục (Mở rộng)","industrial_park","37","KCN-KKT discovery (unverified)","https://kcn-kkt.com/kcn/kcn-binh-luc-mo-rong","2026-09-10","Huyện Bình Lục",,,"binh luc mo rong","https://kcn-kkt.com/kcn/kcn-binh-luc-mo-rong","discovery_reported_unverified",,"unresolved",FALSE,"not_verified","needs_identity_or_location_review",,,,,,"not_reported"
"kcn-kkt-kcn-chau-giang-i","KCN Châu Giang I","industrial_park","37","KCN-KKT discovery (unverified)","https://kcn-kkt.com/kcn/kcn-chau-giang-i","2026-09-10","Thị xã Duy Tiên",,,"chau giang 1","https://kcn-kkt.com/kcn/kcn-chau-giang-i","discovery_reported_unverified",,"unresolved",FALSE,"not_verified","needs_identity_or_location_review",,,,,,"not_reported"
"kcn-kkt-kcn-chau-giang-ii","KCN Châu Giang II","industrial_park","37","KCN-KKT discovery (unverified)","https://kcn-kkt.com/kcn/kcn-chau-giang-ii","2026-09-10","Thị xã Duy Tiên",,,"chau giang 2","https://kcn-kkt.com/kcn/kcn-chau-giang-ii","discovery_reported_unverified",,"unresolved",FALSE,"not_verified","needs_identity_or_location_review",,,,,,"not_reported"
"kcn-kkt-kcn-chau-son","KCN Châu Sơn","industrial_park","37","KCN-KKT discovery (unverified)","https://kcn-kkt.com/kcn/kcn-chau-son","2026-09-10","TP Phủ Lý và huyện Thanh Liêm",,,"chau son","https://kcn-kkt.com/kcn/kcn-chau-son","discovery_reported_unverified",,"unresolved",FALSE,"not_verified","needs_identity_or_location_review",,,,,,"not_reported"
"kcn-kkt-kcn-dai-thang-ninh-binh","KCN Đại Thắng","industrial_park","37","KCN-KKT discovery (unverified)","https://kcn-kkt.com/kcn/kcn-dai-thang-ninh-binh","2026-09-10","Liên Minh; Nam Định",,,"dai thang","https://kcn-kkt.com/kcn/kcn-dai-thang-ninh-binh","discovery_reported_unverified",,"unresolved",FALSE,"not_verified","needs_identity_or_location_review",,,,,,"not_reported"
"kcn-kkt-kcn-dao-ly","KCN Đạo Lý","industrial_park","37","KCN-KKT discovery (unverified)","https://kcn-kkt.com/kcn/kcn-dao-ly","2026-09-10","Huyện Lý Nhân",,,"dao ly","https://kcn-kkt.com/kcn/kcn-dao-ly","discovery_reported_unverified",,"unresolved",FALSE,"not_verified","needs_identity_or_location_review",,,,,,"not_reported"
"kcn-kkt-kcn-dien-nang-hai-hau-trong-kkt-ninh-co","KCN điện năng Hải Hậu (trong KKT Ninh Cơ)","industrial_park","37","KCN-KKT discovery (unverified)","https://kcn-kkt.com/kcn/kcn-dien-nang-hai-hau-trong-kkt-ninh-co","2026-09-10","Huyện Hải Hậu",,,"dien nang hai hau trong kkt ninh co","https://kcn-kkt.com/kcn/kcn-dien-nang-hai-hau-trong-kkt-ninh-co","discovery_reported_unverified",,"unresolved",FALSE,"not_verified","needs_identity_or_location_review",,,,,,"not_reported"
"kcn-kkt-kcn-dong-minh-ninh-binh","KCN Đồng Minh","industrial_park","37","KCN-KKT discovery (unverified)","https://kcn-kkt.com/kcn/kcn-dong-minh-ninh-binh","2026-09-10","Nam Đồng, Nam Minh; Nam Định",,,"dong minh","https://kcn-kkt.com/kcn/kcn-dong-minh-ninh-binh","discovery_reported_unverified",,"unresolved",FALSE,"not_verified","needs_identity_or_location_review",,,,,,"not_reported"
"kcn-kkt-kcn-dong-van-v","KCN Đông Văn V","industrial_park","37","KCN-KKT discovery (unverified)","https://kcn-kkt.com/kcn/kcn-dong-van-v","2026-09-10","Thị xã Duy Tiên",,,"dong van 5","https://kcn-kkt.com/kcn/kcn-dong-van-v","discovery_reported_unverified",,"unresolved",FALSE,"not_verified","needs_identity_or_location_review",,,,,,"not_reported"
"kcn-kkt-kcn-dong-van-vi","KCN Đông Văn VI","industrial_park","37","KCN-KKT discovery (unverified)","https://kcn-kkt.com/kcn/kcn-dong-van-vi","2026-09-10","Thị xã Duy Tiên",,,"dong van 6","https://kcn-kkt.com/kcn/kcn-dong-van-vi","discovery_reported_unverified",,"unresolved",FALSE,"not_verified","needs_identity_or_location_review",,,,,,"not_reported"
"kcn-kkt-kcn-giao-thinh","KCN Giao Thịnh","industrial_park","37","KCN-KKT discovery (unverified)","https://kcn-kkt.com/kcn/kcn-giao-thinh","2026-09-10","Huyện Giao Thủy",,,"giao thinh","https://kcn-kkt.com/kcn/kcn-giao-thinh","discovery_reported_unverified",,"unresolved",FALSE,"not_verified","needs_identity_or_location_review",,,,,,"not_reported"
"kcn-kkt-kcn-hai-cuong","KCN Hải Cường","industrial_park","37","KCN-KKT discovery (unverified)","https://kcn-kkt.com/kcn/kcn-hai-cuong","2026-09-10","Hải An, Ninh Cường; Nam Định",,,"hai cuong","https://kcn-kkt.com/kcn/kcn-hai-cuong","discovery_reported_unverified",,"unresolved",FALSE,"not_verified","needs_identity_or_location_review",,,,,,"not_reported"
"kcn-kkt-kcn-hai-long-giai-doan-1","KCN Hải Long (giai đoạn 1)","industrial_park","37","KCN-KKT discovery (unverified)","https://kcn-kkt.com/kcn/kcn-hai-long-giai-doan-1","2026-09-10","Huyện Giao Thủy",,,"hai long giai doan 1","https://kcn-kkt.com/kcn/kcn-hai-long-giai-doan-1","discovery_reported_unverified",,"unresolved",FALSE,"not_verified","needs_identity_or_location_review",,,,,,"not_reported"
"kcn-kkt-kcn-hong-phu","KCN Hồng Phú","industrial_park","37","KCN-KKT discovery (unverified)","https://kcn-kkt.com/kcn/kcn-hong-phu","2026-09-10","Hồng Phong; Nam Định",,,"hong phu","https://kcn-kkt.com/kcn/kcn-hong-phu","discovery_reported_unverified",,"unresolved",FALSE,"not_verified","needs_identity_or_location_review",,,,,,"not_reported"
"kcn-kkt-kcn-hong-tien","KCN Hồng Tiến","industrial_park","37","KCN-KKT discovery (unverified)","https://kcn-kkt.com/kcn/kcn-hong-tien","2026-09-10","Huyện Ý Yên",,,"hong tien","https://kcn-kkt.com/kcn/kcn-hong-tien","discovery_reported_unverified",,"unresolved",FALSE,"not_verified","needs_identity_or_location_review",,,,,,"not_reported"
"kcn-kkt-kcn-itahan-tan-tao","KCN Itahan (Tân Tạo)","industrial_park","37","KCN-KKT discovery (unverified)","https://kcn-kkt.com/kcn/kcn-itahan-tan-tao","2026-09-10","Huyện Duy Tiên",,,"itahan tan tao","https://kcn-kkt.com/kcn/kcn-itahan-tan-tao","discovery_reported_unverified",,"unresolved",FALSE,"not_verified","needs_identity_or_location_review",,,,,,"not_reported"
"kcn-kkt-kcn-kim-bang-i","KCN Kim Bảng I","industrial_park","37","KCN-KKT discovery (unverified)","https://kcn-kkt.com/kcn/kcn-kim-bang-i","2026-09-10","Huyện Kim Bảng",,,"kim bang 1","https://kcn-kkt.com/kcn/kcn-kim-bang-i","discovery_reported_unverified",,"unresolved",FALSE,"not_verified","needs_identity_or_location_review",,,,,,"not_reported"
"kcn-kkt-kcn-kim-bang-ii","KCN Kim Bảng II","industrial_park","37","KCN-KKT discovery (unverified)","https://kcn-kkt.com/kcn/kcn-kim-bang-ii","2026-09-10","Huyện Kim Bảng",,,"kim bang 2","https://kcn-kkt.com/kcn/kcn-kim-bang-ii","discovery_reported_unverified",,"unresolved",FALSE,"not_verified","needs_identity_or_location_review",,,,,,"not_reported"
"kcn-kkt-kcn-kim-bang-iii","KCN Kim Bảng III","industrial_park","37","KCN-KKT discovery (unverified)","https://kcn-kkt.com/kcn/kcn-kim-bang-iii","2026-09-10","Huyện Kim Bảng",,,"kim bang 3","https://kcn-kkt.com/kcn/kcn-kim-bang-iii","discovery_reported_unverified",,"unresolved",FALSE,"not_verified","needs_identity_or_location_review",,,,,,"not_reported"
"kcn-kkt-kcn-kim-bang-iv","KCN Kim Bảng IV","industrial_park","37","KCN-KKT discovery (unverified)","https://kcn-kkt.com/kcn/kcn-kim-bang-iv","2026-09-10","Huyện Kim Bảng",,,"kim bang 4","https://kcn-kkt.com/kcn/kcn-kim-bang-iv","discovery_reported_unverified",,"unresolved",FALSE,"not_verified","needs_identity_or_location_review",,,,,,"not_reported"
"kcn-kkt-kcn-kim-son","KCN Kim Sơn","industrial_park","37","KCN-KKT discovery (unverified)","https://kcn-kkt.com/kcn/kcn-kim-son","2026-09-10","Huyện Kim Sơn",,,"kim son","https://kcn-kkt.com/kcn/kcn-kim-son","discovery_reported_unverified",,"unresolved",FALSE,"not_verified","needs_identity_or_location_review",,,,,,"not_reported"
"kcn-kkt-kcn-lac-xuan-giai-doan-1","KCN Lạc Xuân (giai đoạn 1)","industrial_park","37","KCN-KKT discovery (unverified)","https://kcn-kkt.com/kcn/kcn-lac-xuan-giai-doan-1","2026-09-10","Huyện Giao Thủy",,,"lac xuan giai doan 1","https://kcn-kkt.com/kcn/kcn-lac-xuan-giai-doan-1","discovery_reported_unverified",,"unresolved",FALSE,"not_verified","needs_identity_or_location_review",,,,,,"not_reported"
"kcn-kkt-kcn-minh-chau-giai-doan-1","KCN Minh Châu (giai đoạn 1)","industrial_park","37","KCN-KKT discovery (unverified)","https://kcn-kkt.com/kcn/kcn-minh-chau-giai-doan-1","2026-09-10","Huyện Nghĩa Hưng",,,"minh chau giai doan 1","https://kcn-kkt.com/kcn/kcn-minh-chau-giai-doan-1","discovery_reported_unverified",,"unresolved",FALSE,"not_verified","needs_identity_or_location_review",,,,,,"not_reported"
"kcn-kkt-kcn-minh-cuong","KCN Minh Cường","industrial_park","37","KCN-KKT discovery (unverified)","https://kcn-kkt.com/kcn/kcn-minh-cuong","2026-09-10","Yên Cường; Hà Nam",,,"minh cuong","https://kcn-kkt.com/kcn/kcn-minh-cuong","discovery_reported_unverified",,"unresolved",FALSE,"not_verified","needs_identity_or_location_review",,,,,,"not_reported"
"kcn-kkt-kcn-my-thuan","KCN Mỹ Thuận","industrial_park","37","KCN-KKT discovery (unverified)","https://kcn-kkt.com/kcn/kcn-my-thuan","2026-09-10","Huyện Mỹ Lộc, Huyện Vụ Bản",,,"my thuan","https://kcn-kkt.com/kcn/kcn-my-thuan","discovery_reported_unverified",,"unresolved",FALSE,"not_verified","needs_identity_or_location_review",,,,,,"not_reported"
"kcn-kkt-kcn-nam-hai-hau","KCN Nam Hải Hậu","industrial_park","37","KCN-KKT discovery (unverified)","https://kcn-kkt.com/kcn/kcn-nam-hai-hau","2026-09-10","Hải Quang, Hải Tiến; Nam Định (Hải Hậu)",,,"nam hai hau","https://kcn-kkt.com/kcn/kcn-nam-hai-hau","discovery_reported_unverified",,"unresolved",FALSE,"not_verified","needs_identity_or_location_review",,,,,,"not_reported"
"kcn-kkt-kcn-nam-hong-giai-doan-1","KCN Nam Hồng (giai đoạn 1)","industrial_park","37","KCN-KKT discovery (unverified)","https://kcn-kkt.com/kcn/kcn-nam-hong-giai-doan-1","2026-09-10","Huyện Nam Trực",,,"nam hong giai doan 1","https://kcn-kkt.com/kcn/kcn-nam-hong-giai-doan-1","discovery_reported_unverified",,"unresolved",FALSE,"not_verified","needs_identity_or_location_review",,,,,,"not_reported"
"kcn-kkt-kcn-nam-quang","KCN Nam Quang","industrial_park","37","KCN-KKT discovery (unverified)","https://kcn-kkt.com/kcn/kcn-nam-quang","2026-09-10","Nam Trực, phường Hồng Quang, Nam Ninh, Nam Hồng; Nam Định",,,"nam quang","https://kcn-kkt.com/kcn/kcn-nam-quang","discovery_reported_unverified",,"unresolved",FALSE,"not_verified","needs_identity_or_location_review",,,,,,"not_reported"
"kcn-kkt-kcn-nghia-hung","KCN Nghĩa Hưng","industrial_park","37","KCN-KKT discovery (unverified)","https://kcn-kkt.com/kcn/kcn-nghia-hung","2026-09-10","Nghĩa Hưng; Nam Định",,,"nghia hung","https://kcn-kkt.com/kcn/kcn-nghia-hung","discovery_reported_unverified",,"unresolved",FALSE,"not_verified","needs_identity_or_location_review",,,,,,"not_reported"
"kcn-kkt-kcn-nghia-lam","KCN Nghĩa Lâm","industrial_park","37","KCN-KKT discovery (unverified)","https://kcn-kkt.com/kcn/kcn-nghia-lam","2026-09-10","Nghĩa Lâm; Nam Định",,,"nghia lam","https://kcn-kkt.com/kcn/kcn-nghia-lam","discovery_reported_unverified",,"unresolved",FALSE,"not_verified","needs_identity_or_location_review",,,,,,"not_reported"
"kcn-kkt-kcn-nghia-son","KCN Nghĩa Sơn","industrial_park","37","KCN-KKT discovery (unverified)","https://kcn-kkt.com/kcn/kcn-nghia-son","2026-09-10","Huyện Nghĩa Hưng",,,"nghia son","https://kcn-kkt.com/kcn/kcn-nghia-son","discovery_reported_unverified",,"unresolved",FALSE,"not_verified","needs_identity_or_location_review",,,,,,"not_reported"
"kcn-kkt-kcn-phong-doanh","KCN Phong Doanh","industrial_park","37","KCN-KKT discovery (unverified)","https://kcn-kkt.com/kcn/kcn-phong-doanh","2026-09-10","Phong Doanh; Nam Định (Ý Yên)",,,"phong doanh","https://kcn-kkt.com/kcn/kcn-phong-doanh","discovery_reported_unverified",,"unresolved",FALSE,"not_verified","needs_identity_or_location_review",,,,,,"not_reported"
"kcn-kkt-kcn-phong-hung-khanh","KCN Phong Hưng Khánh","industrial_park","37","KCN-KKT discovery (unverified)","https://kcn-kkt.com/kcn/kcn-phong-hung-khanh","2026-09-10","Huyện Ý Yên",,,"phong hung khanh","https://kcn-kkt.com/kcn/kcn-phong-hung-khanh","discovery_reported_unverified",,"unresolved",FALSE,"not_verified","needs_identity_or_location_review",,,,,,"not_reported"
"kcn-kkt-kcn-phu-cuong","KCN Phú Cường","industrial_park","37","KCN-KKT discovery (unverified)","https://kcn-kkt.com/kcn/kcn-phu-cuong","2026-09-10","Hải Xuân; Nam Định (Hải Hậu)",,,"phu cuong","https://kcn-kkt.com/kcn/kcn-phu-cuong","discovery_reported_unverified",,"unresolved",FALSE,"not_verified","needs_identity_or_location_review",,,,,,"not_reported"
"kcn-kkt-kcn-phuc-ha","KCN Phúc Hà","industrial_park","37","KCN-KKT discovery (unverified)","https://kcn-kkt.com/kcn/kcn-phuc-ha","2026-09-10","Hải Hưng; Nam Định (Hải Hậu)",,,"phuc ha","https://kcn-kkt.com/kcn/kcn-phuc-ha","discovery_reported_unverified",,"unresolved",FALSE,"not_verified","needs_identity_or_location_review",,,,,,"not_reported"
"kcn-kkt-kcn-tam-diep-i","KCN Tam Điệp I","industrial_park","37","KCN-KKT discovery (unverified)","https://kcn-kkt.com/kcn/kcn-tam-diep-i","2026-09-10","Huyện Tam Điệp",,,"tam diep 1","https://kcn-kkt.com/kcn/kcn-tam-diep-i","discovery_reported_unverified",,"unresolved",FALSE,"not_verified","needs_identity_or_location_review",,,,,,"not_reported"
"kcn-kkt-kcn-tam-diep-ii","KCN Tam Điệp II","industrial_park","37","KCN-KKT discovery (unverified)","https://kcn-kkt.com/kcn/kcn-tam-diep-ii","2026-09-10","Thành phố Tam Điệp",,,"tam diep 2","https://kcn-kkt.com/kcn/kcn-tam-diep-ii","discovery_reported_unverified",,"unresolved",FALSE,"not_verified","needs_identity_or_location_review",,,,,,"not_reported"
"kcn-kkt-kcn-thai-ha-ii","KCN Thái Hà II","industrial_park","37","KCN-KKT discovery (unverified)","https://kcn-kkt.com/kcn/kcn-thai-ha-ii","2026-09-10","Huyện Lý Nhân",,,"thai ha 2","https://kcn-kkt.com/kcn/kcn-thai-ha-ii","discovery_reported_unverified",,"unresolved",FALSE,"not_verified","needs_identity_or_location_review",,,,,,"not_reported"
"kcn-kkt-kcn-thai-ha-iii","KCN Thái Hà III","industrial_park","37","KCN-KKT discovery (unverified)","https://kcn-kkt.com/kcn/kcn-thai-ha-iii","2026-09-10","Huyện Lý Nhân",,,"thai ha 3","https://kcn-kkt.com/kcn/kcn-thai-ha-iii","discovery_reported_unverified",,"unresolved",FALSE,"not_verified","needs_identity_or_location_review",,,,,,"not_reported"
"kcn-kkt-kcn-thanh-binh-1a","KCN Thanh Bình 1A (KCN Thanh Liêm mở rộng)","industrial_park","37","KCN-KKT discovery (unverified)","https://kcn-kkt.com/kcn/kcn-thanh-binh-1a","2026-09-10","Thanh Liêm, Thanh Lâm, Tân Thanh, phường Châu Sơn; Hà Nam",,,"thanh binh 1a kcn thanh liem mo rong","https://kcn-kkt.com/kcn/kcn-thanh-binh-1a","discovery_reported_unverified",,"unresolved",FALSE,"not_verified","needs_identity_or_location_review",,,,,,"not_reported"
"kcn-kkt-kcn-thanh-binh-1b","KCN Thanh Bình 1B","industrial_park","37","KCN-KKT discovery (unverified)","https://kcn-kkt.com/kcn/kcn-thanh-binh-1b","2026-09-10","Thanh Liêm, Thanh Lâm, Tân Thanh, phường Châu Sơn; Hà Nam",,,"thanh binh 1b","https://kcn-kkt.com/kcn/kcn-thanh-binh-1b","discovery_reported_unverified",,"unresolved",FALSE,"not_verified","needs_identity_or_location_review",,,,,,"not_reported"
"kcn-kkt-kcn-thanh-binh-1c","KCN Thanh Bình 1C","industrial_park","37","KCN-KKT discovery (unverified)","https://kcn-kkt.com/kcn/kcn-thanh-binh-1c","2026-09-10","Thanh Liêm, Thanh Lâm, Tân Thanh, phường Châu Sơn; Hà Nam",,,"thanh binh 1c","https://kcn-kkt.com/kcn/kcn-thanh-binh-1c","discovery_reported_unverified",,"unresolved",FALSE,"not_verified","needs_identity_or_location_review",,,,,,"not_reported"
"kcn-kkt-kcn-thanh-binh-i","KCN Thanh Bình I","industrial_park","37","KCN-KKT discovery (unverified)","https://kcn-kkt.com/kcn/kcn-thanh-binh-i","2026-09-10","Huyện Thanh Liêm",,,"thanh binh 1","https://kcn-kkt.com/kcn/kcn-thanh-binh-i","discovery_reported_unverified",,"unresolved",FALSE,"not_verified","needs_identity_or_location_review",,,,,,"not_reported"
"kcn-kkt-kcn-thanh-binh-ii-mo-rong","KCN Thanh Bình II (Mở rộng)","industrial_park","37","KCN-KKT discovery (unverified)","https://kcn-kkt.com/kcn/kcn-thanh-binh-ii-mo-rong","2026-09-10","Huyện Thanh Liêm",,,"thanh binh 2 mo rong","https://kcn-kkt.com/kcn/kcn-thanh-binh-ii-mo-rong","discovery_reported_unverified",,"unresolved",FALSE,"not_verified","needs_identity_or_location_review",,,,,,"not_reported"
"kcn-kkt-kcn-thanh-binh-ii-2","KCN Thanh Bình II(2)","industrial_park","37","KCN-KKT discovery (unverified)","https://kcn-kkt.com/kcn/kcn-thanh-binh-ii-2","2026-09-10","Huyện Thanh Liêm",,,"thanh binh 2 2","https://kcn-kkt.com/kcn/kcn-thanh-binh-ii-2","discovery_reported_unverified",,"unresolved",FALSE,"not_verified","needs_identity_or_location_review",,,,,,"not_reported"
"kcn-kkt-kcn-thanh-huong","KCN Thanh Hương","industrial_park","37","KCN-KKT discovery (unverified)","https://kcn-kkt.com/kcn/kcn-thanh-huong","2026-09-10","Giao Minh; Nam Định",,,"thanh huong","https://kcn-kkt.com/kcn/kcn-thanh-huong","discovery_reported_unverified",,"unresolved",FALSE,"not_verified","needs_identity_or_location_review",,,,,,"not_reported"
"kcn-kkt-kcn-thanh-nam","KCN Thành Nam","industrial_park","37","KCN-KKT discovery (unverified)","https://kcn-kkt.com/kcn/kcn-thanh-nam","2026-09-10","Phường Thành Nam; Nam Định",,,"thanh nam","https://kcn-kkt.com/kcn/kcn-thanh-nam","discovery_reported_unverified",,"unresolved",FALSE,"not_verified","needs_identity_or_location_review",,,,,,"not_reported"
"kcn-kkt-kcn-thang-loi-giai-doan-1","KCN Thắng Lợi (giai đoạn 1)","industrial_park","37","KCN-KKT discovery (unverified)","https://kcn-kkt.com/kcn/kcn-thang-loi-giai-doan-1","2026-09-10","Huyện Vụ Bản",,,"thang loi giai doan 1","https://kcn-kkt.com/kcn/kcn-thang-loi-giai-doan-1","discovery_reported_unverified",,"unresolved",FALSE,"not_verified","needs_identity_or_location_review",,,,,,"not_reported"
"kcn-kkt-kcn-thinh-tan-giai-doan-1","KCN Thịnh Tân (giai đoạn 1)","industrial_park","37","KCN-KKT discovery (unverified)","https://kcn-kkt.com/kcn/kcn-thinh-tan-giai-doan-1","2026-09-10","Huyện Giao Thủy",,,"thinh tan giai doan 1","https://kcn-kkt.com/kcn/kcn-thinh-tan-giai-doan-1","discovery_reported_unverified",,"unresolved",FALSE,"not_verified","needs_identity_or_location_review",,,,,,"not_reported"
"kcn-kkt-kcn-thuong-thanh-giai-doan-1","KCN Thương Thành (giai đoạn 1)","industrial_park","37","KCN-KKT discovery (unverified)","https://kcn-kkt.com/kcn/kcn-thuong-thanh-giai-doan-1","2026-09-10","Huyện Xuân Trường",,,"thuong thanh giai doan 1","https://kcn-kkt.com/kcn/kcn-thuong-thanh-giai-doan-1","discovery_reported_unverified",,"unresolved",FALSE,"not_verified","needs_identity_or_location_review",,,,,,"not_reported"
"kcn-kkt-kcn-trung-thanh","KCN Trung Thành","industrial_park","37","KCN-KKT discovery (unverified)","https://kcn-kkt.com/kcn/kcn-trung-thanh","2026-09-10","Huyện Ý Yên",,,"trung thanh","https://kcn-kkt.com/kcn/kcn-trung-thanh","discovery_reported_unverified",,"unresolved",FALSE,"not_verified","needs_identity_or_location_review",,,,,,"not_reported"
"kcn-kkt-kcn-truc-ninh","KCN Trực Ninh","industrial_park","37","KCN-KKT discovery (unverified)","https://kcn-kkt.com/kcn/kcn-truc-ninh","2026-09-10","Cổ Lễ; Nam Định (Trực Ninh)",,,"truc ninh","https://kcn-kkt.com/kcn/kcn-truc-ninh","discovery_reported_unverified",,"unresolved",FALSE,"not_verified","needs_identity_or_location_review",,,,,,"not_reported"
"kcn-kkt-kcn-vu-duong","KCN Vũ Dương","industrial_park","37","KCN-KKT discovery (unverified)","https://kcn-kkt.com/kcn/kcn-vu-duong","2026-09-10","Vũ Dương; Nam Định",,,"vu duong","https://kcn-kkt.com/kcn/kcn-vu-duong","discovery_reported_unverified",,"unresolved",FALSE,"not_verified","needs_identity_or_location_review",,,,,,"not_reported"
"kcn-kkt-kcn-xich-tho","KCN Xích Thổ","industrial_park","37","KCN-KKT discovery (unverified)","https://kcn-kkt.com/kcn/kcn-xich-tho","2026-09-10","Huyện Nho Quan",,,"xich tho","https://kcn-kkt.com/kcn/kcn-xich-tho","discovery_reported_unverified",,"unresolved",FALSE,"not_verified","needs_identity_or_location_review",,,,,,"not_reported"
"kcn-kkt-kcn-xuan-hai","KCN Xuân Hải","industrial_park","37","KCN-KKT discovery (unverified)","https://kcn-kkt.com/kcn/kcn-xuan-hai","2026-09-10","Giao Phúc; Nam Định",,,"xuan hai","https://kcn-kkt.com/kcn/kcn-xuan-hai","discovery_reported_unverified",,"unresolved",FALSE,"not_verified","needs_identity_or_location_review",,,,,,"not_reported"
"kcn-kkt-kcn-xuan-kien-giai-doan-1","KCN Xuân Kiên (giai đoạn 1)","industrial_park","37","KCN-KKT discovery (unverified)","https://kcn-kkt.com/kcn/kcn-xuan-kien-giai-doan-1","2026-09-10","Huyện Xuân Trường",,,"xuan kien giai doan 1","https://kcn-kkt.com/kcn/kcn-xuan-kien-giai-doan-1","discovery_reported_unverified",,"unresolved",FALSE,"not_verified","needs_identity_or_location_review",,,,,,"not_reported"
"kcn-kkt-kcn-yen-binh","KCN Yên Bình","industrial_park","37","KCN-KKT discovery (unverified)","https://kcn-kkt.com/kcn/kcn-yen-binh","2026-09-10","Huyện Yên Mô",,,"yen binh","https://kcn-kkt.com/kcn/kcn-yen-binh","discovery_reported_unverified",,"unresolved",FALSE,"not_verified","needs_identity_or_location_review",,,,,,"not_reported"
"kcn-kkt-kcn-yen-nghia","KCN Yên Nghĩa","industrial_park","37","KCN-KKT discovery (unverified)","https://kcn-kkt.com/kcn/kcn-yen-nghia","2026-09-10","Tân Minh; Hà Nam",,,"yen nghia","https://kcn-kkt.com/kcn/kcn-yen-nghia","discovery_reported_unverified",,"unresolved",FALSE,"not_verified","needs_identity_or_location_review",,,,,,"not_reported"
"kcn-kkt-kcn-yen-phu","KCN Yên Phú","industrial_park","37","KCN-KKT discovery (unverified)","https://kcn-kkt.com/kcn/kcn-yen-phu","2026-09-10","Phú Long; Ninh Bình (Nho Quan)",,,"yen phu","https://kcn-kkt.com/kcn/kcn-yen-phu","discovery_reported_unverified",,"unresolved",FALSE,"not_verified","needs_identity_or_location_review",,,,,,"not_reported"
"kcn-kkt-taseco-dong-van-3","TASECO DONG VAN 3","unclassified","37","KCN-KKT discovery (unverified)","https://kcn-kkt.com/kcn/taseco-dong-van-3","2026-09-10","Phường Yên Bắc, Thị xã Duy Tiên, Hà Nam",,,"taseco dong van 3","https://kcn-kkt.com/kcn/taseco-dong-van-3","discovery_reported_unverified",,"unresolved",FALSE,"not_verified","needs_identity_or_location_review",,,,,,"not_reported"
"kcn-kkt-kcn-do-thi-dich-vu-bao-hieu","KCN - đô thị - dịch vụ Báo Hiệu","industrial_park","25","KCN-KKT discovery (unverified)","https://kcn-kkt.com/kcn/kcn-do-thi-dich-vu-bao-hieu","2026-09-10","Huyện Yên Thủy",,,"do thi dich vu bao hieu","https://kcn-kkt.com/kcn/kcn-do-thi-dich-vu-bao-hieu","discovery_reported_unverified",,"unresolved",FALSE,"not_verified","needs_identity_or_location_review",,,,,,"not_reported"
"kcn-kkt-kcn-do-thi-dich-vu-tan-vinh","KCN - đô thị - dịch vụ Tân Vĩnh","industrial_park","25","KCN-KKT discovery (unverified)","https://kcn-kkt.com/kcn/kcn-do-thi-dich-vu-tan-vinh","2026-09-10","Huyện Lương Sơn",,,"do thi dich vu tan vinh","https://kcn-kkt.com/kcn/kcn-do-thi-dich-vu-tan-vinh","discovery_reported_unverified",,"unresolved",FALSE,"not_verified","needs_identity_or_location_review",,,,,,"not_reported"
"kcn-kkt-kcn-bac-son","KCN Bắc Sơn","industrial_park","25","KCN-KKT discovery (unverified)","https://kcn-kkt.com/kcn/kcn-bac-son","2026-09-10","Huyện Tam Nông",,,"bac son","https://kcn-kkt.com/kcn/kcn-bac-son","discovery_reported_unverified",,"unresolved",FALSE,"not_verified","needs_identity_or_location_review",,,,,,"not_reported"
"kcn-kkt-kcn-binh-phu","KCN Bình Phú","industrial_park","25","KCN-KKT discovery (unverified)","https://kcn-kkt.com/kcn/kcn-binh-phu","2026-09-10","Thành phố Hòa Bình",,,"binh phu","https://kcn-kkt.com/kcn/kcn-binh-phu","discovery_reported_unverified",,"unresolved",FALSE,"not_verified","needs_identity_or_location_review",,,,,,"not_reported"
"kcn-kkt-kcn-binh-xuyen-yen-lac-i","KCN Bình Xuyên - Yên Lạc I","industrial_park","25","KCN-KKT discovery (unverified)","https://kcn-kkt.com/kcn/kcn-binh-xuyen-yen-lac-i","2026-09-10","Huyện Bình Xuyên, huyện Yên Lạc",,,"binh xuyen yen lac 1","https://kcn-kkt.com/kcn/kcn-binh-xuyen-yen-lac-i","discovery_reported_unverified",,"unresolved",FALSE,"not_verified","needs_identity_or_location_review",,,,,,"not_reported"
"kcn-kkt-kcn-binh-xuyen-yen-lac-ii","KCN Bình Xuyên - Yên Lạc II","industrial_park","25","KCN-KKT discovery (unverified)","https://kcn-kkt.com/kcn/kcn-binh-xuyen-yen-lac-ii","2026-09-10","Huyện Bình Xuyên, huyện Yên Lạc",,,"binh xuyen yen lac 2","https://kcn-kkt.com/kcn/kcn-binh-xuyen-yen-lac-ii","discovery_reported_unverified",,"unresolved",FALSE,"not_verified","needs_identity_or_location_review",,,,,,"not_reported"
"kcn-kkt-kcn-binh-xuyen-ii-giai-doan-ii","KCN Bình Xuyên II - giai đoạn II","industrial_park","25","KCN-KKT discovery (unverified)","https://kcn-kkt.com/kcn/kcn-binh-xuyen-ii-giai-doan-ii","2026-09-10","Huyện Bình Xuyên",,,"binh xuyen 2 giai doan 2","https://kcn-kkt.com/kcn/kcn-binh-xuyen-ii-giai-doan-ii","discovery_reported_unverified",,"unresolved",FALSE,"not_verified","needs_identity_or_location_review",,,,,,"not_reported"
"kcn-kkt-kcn-binh-xuyen-ii-giai-doan-i","KCN Bình Xuyên II, giai đoạn I","industrial_park","25","KCN-KKT discovery (unverified)","https://kcn-kkt.com/kcn/kcn-binh-xuyen-ii-giai-doan-i","2026-09-10","Huyện Bình Xuyên",,,"binh xuyen 2 giai doan 1","https://kcn-kkt.com/kcn/kcn-binh-xuyen-ii-giai-doan-i","discovery_reported_unverified",,"unresolved",FALSE,"not_verified","needs_identity_or_location_review",,,,,,"not_reported"
"kcn-kkt-kcn-cao-son","KCN Cao Sơn","industrial_park","25","KCN-KKT discovery (unverified)","https://kcn-kkt.com/kcn/kcn-cao-son","2026-09-10","Huyện Đà Bắc",,,"cao son","https://kcn-kkt.com/kcn/kcn-cao-son","discovery_reported_unverified",,"unresolved",FALSE,"not_verified","needs_identity_or_location_review",,,,,,"not_reported"
"kcn-kkt-kcn-chan-hung","KCN Chân Hùng","industrial_park","25","KCN-KKT discovery (unverified)","https://kcn-kkt.com/kcn/kcn-chan-hung","2026-09-10","Huyện Vĩnh Tường",,,"chan hung","https://kcn-kkt.com/kcn/kcn-chan-hung","discovery_reported_unverified",,"unresolved",FALSE,"not_verified","needs_identity_or_location_review",,,,,,"not_reported"
"kcn-kkt-kcn-doan-hung","KCN Đoàn Hùng","industrial_park","25","KCN-KKT discovery (unverified)","https://kcn-kkt.com/kcn/kcn-doan-hung","2026-09-10","Huyện Đoàn Hùng",,,"doan hung","https://kcn-kkt.com/kcn/kcn-doan-hung","discovery_reported_unverified",,"unresolved",FALSE,"not_verified","needs_identity_or_location_review",,,,,,"not_reported"
"kcn-kkt-kcn-dong-luong","KCN Đông Lương","industrial_park","25","KCN-KKT discovery (unverified)","https://kcn-kkt.com/kcn/kcn-dong-luong","2026-09-10","Huyện Cẩm Khê",,,"dong luong","https://kcn-kkt.com/kcn/kcn-dong-luong","discovery_reported_unverified",,"unresolved",FALSE,"not_verified","needs_identity_or_location_review",,,,,,"not_reported"
"kcn-kkt-kcn-dong-soc","KCN Đông Sóc","industrial_park","25","KCN-KKT discovery (unverified)","https://kcn-kkt.com/kcn/kcn-dong-soc","2026-09-10","Huyện Vĩnh Tường",,,"dong soc","https://kcn-kkt.com/kcn/kcn-dong-soc","discovery_reported_unverified",,"unresolved",FALSE,"not_verified","needs_identity_or_location_review",,,,,,"not_reported"
"kcn-kkt-kcn-dong-soc-yen-lac","KCN Đông Sóc - Yên Lạc","industrial_park","25","KCN-KKT discovery (unverified)","https://kcn-kkt.com/kcn/kcn-dong-soc-yen-lac","2026-09-10","Huyện Yên Lạc",,,"dong soc yen lac","https://kcn-kkt.com/kcn/kcn-dong-soc-yen-lac","discovery_reported_unverified",,"unresolved",FALSE,"not_verified","needs_identity_or_location_review",,,,,,"not_reported"
"kcn-kkt-kcn-ha-hoa","KCN Hạ Hòa","industrial_park","25","KCN-KKT discovery (unverified)","https://kcn-kkt.com/kcn/kcn-ha-hoa","2026-09-10","Huyện Hạ Hòa",,,"ha hoa","https://kcn-kkt.com/kcn/kcn-ha-hoa","discovery_reported_unverified",,"unresolved",FALSE,"not_verified","needs_identity_or_location_review",,,,,,"not_reported"
"kcn-kkt-kcn-lac-thinh","KCN Lạc Thịnh","industrial_park","25","KCN-KKT discovery (unverified)","https://kcn-kkt.com/kcn/kcn-lac-thinh","2026-09-10","Huyện Yên Thủy",,,"lac thinh","https://kcn-kkt.com/kcn/kcn-lac-thinh","discovery_reported_unverified",,"unresolved",FALSE,"not_verified","needs_identity_or_location_review",,,,,,"not_reported"
"kcn-kkt-kcn-lap-thach-i","KCN Lập Thạch I","industrial_park","25","KCN-KKT discovery (unverified)","https://kcn-kkt.com/kcn/kcn-lap-thach-i","2026-09-10","Huyện Lập Thạch",,,"lap thach 1","https://kcn-kkt.com/kcn/kcn-lap-thach-i","discovery_reported_unverified",,"unresolved",FALSE,"not_verified","needs_identity_or_location_review",,,,,,"not_reported"
"kcn-kkt-kcn-lap-thach-ii","KCN Lập Thạch II","industrial_park","25","KCN-KKT discovery (unverified)","https://kcn-kkt.com/kcn/kcn-lap-thach-ii","2026-09-10","Huyện Lập Thạch",,,"lap thach 2","https://kcn-kkt.com/kcn/kcn-lap-thach-ii","discovery_reported_unverified",,"unresolved",FALSE,"not_verified","needs_identity_or_location_review",,,,,,"not_reported"
"kcn-kkt-kcn-nam-binh-xuyen","KCN Nam Bình Xuyên","industrial_park","25","KCN-KKT discovery (unverified)","https://kcn-kkt.com/kcn/kcn-nam-binh-xuyen","2026-09-10","Huyện Bình Xuyên",,,"nam binh xuyen","https://kcn-kkt.com/kcn/kcn-nam-binh-xuyen","discovery_reported_unverified",,"unresolved",FALSE,"not_verified","needs_identity_or_location_review",,,,,,"not_reported"
"kcn-kkt-kcn-nam-luong-son","KCN Nam Lương Sơn","industrial_park","25","KCN-KKT discovery (unverified)","https://kcn-kkt.com/kcn/kcn-nam-luong-son","2026-09-10","Huyện Lương Sơn",,,"nam luong son","https://kcn-kkt.com/kcn/kcn-nam-luong-son","discovery_reported_unverified",,"unresolved",FALSE,"not_verified","needs_identity_or_location_review",,,,,,"not_reported"
"kcn-kkt-kcn-nhuan-trach","KCN Nhuận Trạch","industrial_park","25","KCN-KKT discovery (unverified)","https://kcn-kkt.com/kcn/kcn-nhuan-trach","2026-09-10","Huyện Lương Sơn",,,"nhuan trach","https://kcn-kkt.com/kcn/kcn-nhuan-trach","discovery_reported_unverified",,"unresolved",FALSE,"not_verified","needs_identity_or_location_review",,,,,,"not_reported"
"kcn-kkt-kcn-phu-ha","KCN Phú Hà","industrial_park","25","KCN-KKT discovery (unverified)","https://kcn-kkt.com/kcn/kcn-phu-ha","2026-09-10","Thị xã Phú Thọ",,,"phu ha","https://kcn-kkt.com/kcn/kcn-phu-ha","discovery_reported_unverified",,"unresolved",FALSE,"not_verified","needs_identity_or_location_review",,,,,,"not_reported"
"kcn-kkt-kcn-phu-ninh","KCN Phú Ninh","industrial_park","25","KCN-KKT discovery (unverified)","https://kcn-kkt.com/kcn/kcn-phu-ninh","2026-09-10","Huyện Phú Ninh",,,"phu ninh","https://kcn-kkt.com/kcn/kcn-phu-ninh","discovery_reported_unverified",,"unresolved",FALSE,"not_verified","needs_identity_or_location_review",,,,,,"not_reported"
"kcn-kkt-kcn-phuc-yen","KCN Phúc Yên","industrial_park","25","KCN-KKT discovery (unverified)","https://kcn-kkt.com/kcn/kcn-phuc-yen","2026-09-10","Thành phố Phúc Yên",,,"phuc yen","https://kcn-kkt.com/kcn/kcn-phuc-yen","discovery_reported_unverified",,"unresolved",FALSE,"not_verified","needs_identity_or_location_review",,,,,,"not_reported"
"kcn-kkt-kcn-song-lo-i","KCN Sông Lô I","industrial_park","25","KCN-KKT discovery (unverified)","https://kcn-kkt.com/kcn/kcn-song-lo-i","2026-09-10","Huyện Sông Lô",,,"song lo 1","https://kcn-kkt.com/kcn/kcn-song-lo-i","discovery_reported_unverified",,"unresolved",FALSE,"not_verified","needs_identity_or_location_review",,,,,,"not_reported"
"kcn-kkt-kcn-song-lo-ii","KCN Sông Lô II","industrial_park","25","KCN-KKT discovery (unverified)","https://kcn-kkt.com/kcn/kcn-song-lo-ii","2026-09-10","Huyện Sông Lô",,,"song lo 2","https://kcn-kkt.com/kcn/kcn-song-lo-ii","discovery_reported_unverified",,"unresolved",FALSE,"not_verified","needs_identity_or_location_review",,,,,,"not_reported"
"kcn-kkt-kcn-song-lo-iii","KCN Sông Lô III","industrial_park","25","KCN-KKT discovery (unverified)","https://kcn-kkt.com/kcn/kcn-song-lo-iii","2026-09-10","Huyện Sông Lô",,,"song lo 3","https://kcn-kkt.com/kcn/kcn-song-lo-iii","discovery_reported_unverified",,"unresolved",FALSE,"not_verified","needs_identity_or_location_review",,,,,,"not_reported"
"kcn-kkt-kcn-son-loi","KCN Sơn Lôi","industrial_park","25","KCN-KKT discovery (unverified)","https://kcn-kkt.com/kcn/kcn-son-loi","2026-09-10","Huyện Bình Xuyên",,,"son loi","https://kcn-kkt.com/kcn/kcn-son-loi","discovery_reported_unverified",,"unresolved",FALSE,"not_verified","needs_identity_or_location_review",,,,,,"not_reported"
"kcn-kkt-kcn-tam-duong-i-khu-vuc-2","KCN Tam Dương I khu vực 2","industrial_park","25","KCN-KKT discovery (unverified)","https://kcn-kkt.com/kcn/kcn-tam-duong-i-khu-vuc-2","2026-09-10","Huyện Tam Dương",,,"tam duong 1 khu vuc 2","https://kcn-kkt.com/kcn/kcn-tam-duong-i-khu-vuc-2","discovery_reported_unverified",,"unresolved",FALSE,"not_verified","needs_identity_or_location_review",,,,,,"not_reported"
"kcn-kkt-kcn-tam-duong-i-khu-vuc-3","KCN Tam Dương I khu vực 3","industrial_park","25","KCN-KKT discovery (unverified)","https://kcn-kkt.com/kcn/kcn-tam-duong-i-khu-vuc-3","2026-09-10","Huyện Tam Dương",,,"tam duong 1 khu vuc 3","https://kcn-kkt.com/kcn/kcn-tam-duong-i-khu-vuc-3","discovery_reported_unverified",,"unresolved",FALSE,"not_verified","needs_identity_or_location_review",,,,,,"not_reported"
"kcn-kkt-kcn-tam-duong-ii-khu-a","KCN Tam Dương II, khu A","industrial_park","25","KCN-KKT discovery (unverified)","https://kcn-kkt.com/kcn/kcn-tam-duong-ii-khu-a","2026-09-10","Huyện Tam Dương",,,"tam duong 2 khu a","https://kcn-kkt.com/kcn/kcn-tam-duong-ii-khu-a","discovery_reported_unverified",,"unresolved",FALSE,"not_verified","needs_identity_or_location_review",,,,,,"not_reported"
"kcn-kkt-kcn-tam-duong-ii-khu-b","KCN Tam Dương II, khu B","industrial_park","25","KCN-KKT discovery (unverified)","https://kcn-kkt.com/kcn/kcn-tam-duong-ii-khu-b","2026-09-10","Huyện Tam Dương",,,"tam duong 2 khu b","https://kcn-kkt.com/kcn/kcn-tam-duong-ii-khu-b","discovery_reported_unverified",,"unresolved",FALSE,"not_verified","needs_identity_or_location_review",,,,,,"not_reported"
"kcn-kkt-kcn-tam-nong","KCN Tam Nông","industrial_park","25","KCN-KKT discovery (unverified)","https://kcn-kkt.com/kcn/kcn-tam-nong","2026-09-10","Huyện Tam Nông",,,"tam nong","https://kcn-kkt.com/kcn/kcn-tam-nong","discovery_reported_unverified",,"unresolved",FALSE,"not_verified","needs_identity_or_location_review",,,,,,"not_reported"
"kcn-kkt-kcn-thai-hoa-lien-son-lien-hoa-khu-vuc-i","KCN Thái Hòa - Liên Sơn - Liên Hòa khu vực I","industrial_park","25","KCN-KKT discovery (unverified)","https://kcn-kkt.com/kcn/kcn-thai-hoa-lien-son-lien-hoa-khu-vuc-i","2026-09-10","Huyện Lập Thạch",,,"thai hoa lien son lien hoa khu vuc 1","https://kcn-kkt.com/kcn/kcn-thai-hoa-lien-son-lien-hoa-khu-vuc-i","discovery_reported_unverified",,"unresolved",FALSE,"not_verified","needs_identity_or_location_review",,,,,,"not_reported"
"kcn-kkt-kcn-thai-hoa-lien-son-lien-hoa-khu-vuc-ii-giai-doan-1","KCN Thái Hòa - Liên Sơn - Liên Hòa khu vực II - giai đoạn 1","industrial_park","25","KCN-KKT discovery (unverified)","https://kcn-kkt.com/kcn/kcn-thai-hoa-lien-son-lien-hoa-khu-vuc-ii-giai-doan-1","2026-09-10","Huyện Lập Thạch",,,"thai hoa lien son lien hoa khu vuc 2 giai doan 1","https://kcn-kkt.com/kcn/kcn-thai-hoa-lien-son-lien-hoa-khu-vuc-ii-giai-doan-1","discovery_reported_unverified",,"unresolved",FALSE,"not_verified","needs_identity_or_location_review",,,,,,"not_reported"
"kcn-kkt-kcn-thanh-ba","KCN Thanh Ba","industrial_park","25","KCN-KKT discovery (unverified)","https://kcn-kkt.com/kcn/kcn-thanh-ba","2026-09-10","Huyện Thanh Ba",,,"thanh ba","https://kcn-kkt.com/kcn/kcn-thanh-ba","discovery_reported_unverified",,"unresolved",FALSE,"not_verified","needs_identity_or_location_review",,,,,,"not_reported"
"kcn-kkt-kcn-thanh-cao","KCN Thanh Cao","industrial_park","25","KCN-KKT discovery (unverified)","https://kcn-kkt.com/kcn/kcn-thanh-cao","2026-09-10","Huyện Lương Sơn",,,"thanh cao","https://kcn-kkt.com/kcn/kcn-thanh-cao","discovery_reported_unverified",,"unresolved",FALSE,"not_verified","needs_identity_or_location_review",,,,,,"not_reported"
"kcn-kkt-kcn-thanh-ha-phu-tho","KCN Thanh Hà","industrial_park","25","KCN-KKT discovery (unverified)","https://kcn-kkt.com/kcn/kcn-thanh-ha-phu-tho","2026-09-10","Huyện Lạc Thủy",,,"thanh ha","https://kcn-kkt.com/kcn/kcn-thanh-ha-phu-tho","discovery_reported_unverified",,"unresolved",FALSE,"not_verified","needs_identity_or_location_review",,,,,,"not_reported"
"kcn-kkt-kcn-thanh-hoi","KCN Thanh Hội","industrial_park","25","KCN-KKT discovery (unverified)","https://kcn-kkt.com/kcn/kcn-thanh-hoi","2026-09-10","Huyện Tân Lạc",,,"thanh hoi","https://kcn-kkt.com/kcn/kcn-thanh-hoi","discovery_reported_unverified",,"unresolved",FALSE,"not_verified","needs_identity_or_location_review",,,,,,"not_reported"
"kcn-kkt-kcn-thinh-minh","KCN Thịnh Minh","industrial_park","25","KCN-KKT discovery (unverified)","https://kcn-kkt.com/kcn/kcn-thinh-minh","2026-09-10","Thành phố Hòa Bình",,,"thinh minh","https://kcn-kkt.com/kcn/kcn-thinh-minh","discovery_reported_unverified",,"unresolved",FALSE,"not_verified","needs_identity_or_location_review",,,,,,"not_reported"
"kcn-kkt-kcn-vo-mieu","KCN Võ Miếu","industrial_park","25","KCN-KKT discovery (unverified)","https://kcn-kkt.com/kcn/kcn-vo-mieu","2026-09-10","Huyện Thanh Sơn",,,"vo mieu","https://kcn-kkt.com/kcn/kcn-vo-mieu","discovery_reported_unverified",,"unresolved",FALSE,"not_verified","needs_identity_or_location_review",,,,,,"not_reported"
"kcn-kkt-kcn-yen-lac","KCN Yên Lạc","industrial_park","25","KCN-KKT discovery (unverified)","https://kcn-kkt.com/kcn/kcn-yen-lac","2026-09-10","Huyện Yên Lạc",,,"yen lac","https://kcn-kkt.com/kcn/kcn-yen-lac","discovery_reported_unverified",,"unresolved",FALSE,"not_verified","needs_identity_or_location_review",,,,,,"not_reported"
"kcn-kkt-kcn-yen-quang","KCN Yên Quang","industrial_park","25","KCN-KKT discovery (unverified)","https://kcn-kkt.com/kcn/kcn-yen-quang","2026-09-10","Thành phố Hòa Bình",,,"yen quang","https://kcn-kkt.com/kcn/kcn-yen-quang","discovery_reported_unverified",,"unresolved",FALSE,"not_verified","needs_identity_or_location_review",,,,,,"not_reported"
"kcn-kkt-kcn-yen-thinh","KCN Yên Thịnh","industrial_park","25","KCN-KKT discovery (unverified)","https://kcn-kkt.com/kcn/kcn-yen-thinh","2026-09-10","Huyện Yên Thủy",,,"yen thinh","https://kcn-kkt.com/kcn/kcn-yen-thinh","discovery_reported_unverified",,"unresolved",FALSE,"not_verified","needs_identity_or_location_review",,,,,,"not_reported"
"kcn-kkt-kcn-do-thi-dich-vu-tan-phong","KCN- đô thị - dịch vụ Tân Phong","industrial_park","25","KCN-KKT discovery (unverified)","https://kcn-kkt.com/kcn/kcn-do-thi-dich-vu-tan-phong","2026-09-10","Huyện Lạc Sơn",,,"do thi dich vu tan phong","https://kcn-kkt.com/kcn/kcn-do-thi-dich-vu-tan-phong","discovery_reported_unverified",,"unresolved",FALSE,"not_verified","needs_identity_or_location_review",,,,,,"not_reported"
"kcn-kkt-kcn-an-phu-thuoc-kcn-do-thi-va-dich-vu-an-phu","KCN An Phú (thuộc KCN, đô thị và dịch vụ An Phú)","industrial_park","51","KCN-KKT discovery (unverified)","https://kcn-kkt.com/kcn/kcn-an-phu-thuoc-kcn-do-thi-va-dich-vu-an-phu","2026-09-10","Huyện Tư Nghĩa",,,"an phu thuoc kcn do thi va dich vu an phu","https://kcn-kkt.com/kcn/kcn-an-phu-thuoc-kcn-do-thi-va-dich-vu-an-phu","discovery_reported_unverified",,"unresolved",FALSE,"not_verified","needs_identity_or_location_review",,,,,,"not_reported"
"kcn-kkt-kcn-binh-hoa-binh-phuoc-kcn-binh-hoa-binh-phuoc-i-kcn-binh-hoa-binh-phuoc-ii","KCN Bình Hòa - Bình Phước (KCN Bình Hòa - Bình Phước I; KCN Bình Hòa - Bình Phước II)","industrial_park","51","KCN-KKT discovery (unverified)","https://kcn-kkt.com/kcn/kcn-binh-hoa-binh-phuoc-kcn-binh-hoa-binh-phuoc-i-kcn-binh-hoa-binh-phuoc-ii","2026-09-10","Huyện Bình Sơn",,,"binh hoa binh phuoc kcn binh hoa binh phuoc 1 kcn binh hoa binh phuoc 2","https://kcn-kkt.com/kcn/kcn-binh-hoa-binh-phuoc-kcn-binh-hoa-binh-phuoc-i-kcn-binh-hoa-binh-phuoc-ii","discovery_reported_unverified",,"unresolved",FALSE,"not_verified","needs_identity_or_location_review",,,,,,"not_reported"
"kcn-kkt-kcn-binh-long","KCN Bình Long","industrial_park","51","KCN-KKT discovery (unverified)","https://kcn-kkt.com/kcn/kcn-binh-long","2026-09-10","Huyện Bình Sơn",,,"binh long","https://kcn-kkt.com/kcn/kcn-binh-long","discovery_reported_unverified",,"unresolved",FALSE,"not_verified","needs_identity_or_location_review",,,,,,"not_reported"
"kcn-kkt-kcn-binh-thanh-thuoc-kcn-dt-dv-binh-thanh","KCN Bình Thanh (thuộc KCN - ĐT- DV Bình Thanh)","industrial_park","51","KCN-KKT discovery (unverified)","https://kcn-kkt.com/kcn/kcn-binh-thanh-thuoc-kcn-dt-dv-binh-thanh","2026-09-10","Huyện Bình Sơn",,,"binh thanh thuoc kcn dt dv binh thanh","https://kcn-kkt.com/kcn/kcn-binh-thanh-thuoc-kcn-dt-dv-binh-thanh","discovery_reported_unverified",,"unresolved",FALSE,"not_verified","needs_identity_or_location_review",,,,,,"not_reported"
"kcn-kkt-kcn-dung-quat-ii-thuoc-kcn-do-thi-dich-vu-dung-quat-ii","KCN Dung Quất II (thuộc KCN - đô thị - dịch vụ Dung Quất II)","industrial_park","51","KCN-KKT discovery (unverified)","https://kcn-kkt.com/kcn/kcn-dung-quat-ii-thuoc-kcn-do-thi-dich-vu-dung-quat-ii","2026-09-10","Các huyện: Bình Sơn, Sơn Tịnh",,,"dung quat 2 thuoc kcn do thi dich vu dung quat 2","https://kcn-kkt.com/kcn/kcn-dung-quat-ii-thuoc-kcn-do-thi-dich-vu-dung-quat-ii","discovery_reported_unverified",,"unresolved",FALSE,"not_verified","needs_identity_or_location_review",,,,,,"not_reported"
"kcn-kkt-kcn-dak-to","KCN Đắk Tó","industrial_park","51","KCN-KKT discovery (unverified)","https://kcn-kkt.com/kcn/kcn-dak-to","2026-09-10","Huyện Đắk Tó",,,"dak to","https://kcn-kkt.com/kcn/kcn-dak-to","discovery_reported_unverified",,"unresolved",FALSE,"not_verified","needs_identity_or_location_review",,,,,,"not_reported"
"kcn-kkt-kcn-dong-dung-quat","KCN Đông Dung Quất","industrial_park","51","KCN-KKT discovery (unverified)","https://kcn-kkt.com/kcn/kcn-dong-dung-quat","2026-09-10","Huyện Bình Son",,,"dong dung quat","https://kcn-kkt.com/kcn/kcn-dong-dung-quat","discovery_reported_unverified",,"unresolved",FALSE,"not_verified","needs_identity_or_location_review",,,,,,"not_reported"
"kcn-kkt-kcn-hoa-binh","KCN Hòa Bình","industrial_park","51","KCN-KKT discovery (unverified)","https://kcn-kkt.com/kcn/kcn-hoa-binh","2026-09-10","Thành phố Kon Tum",,,"hoa binh","https://kcn-kkt.com/kcn/kcn-hoa-binh","discovery_reported_unverified",,"unresolved",FALSE,"not_verified","needs_identity_or_location_review",,,,,,"not_reported"
"kcn-kkt-kcn-phia-tay-kcn-tay-dung-quet-kcn-dtd-dv-dung-quat-i","KCN phía Tây (KCN Tây Dung Quét, KCN-ĐTĐ-ĐV Dung Quất I)","industrial_park","51","KCN-KKT discovery (unverified)","https://kcn-kkt.com/kcn/kcn-phia-tay-kcn-tay-dung-quet-kcn-dtd-dv-dung-quat-i","2026-09-10","Huyện Bình Son",,,"phia tay kcn tay dung quet kcn dtd dv dung quat 1","https://kcn-kkt.com/kcn/kcn-phia-tay-kcn-tay-dung-quet-kcn-dtd-dv-dung-quat-i","discovery_reported_unverified",,"unresolved",FALSE,"not_verified","needs_identity_or_location_review",,,,,,"not_reported"
"kcn-kkt-kcn-pho-phong","KCN Phố Phong","industrial_park","51","KCN-KKT discovery (unverified)","https://kcn-kkt.com/kcn/kcn-pho-phong","2026-09-10","TX. Độc Phố",,,"pho phong","https://kcn-kkt.com/kcn/kcn-pho-phong","discovery_reported_unverified",,"unresolved",FALSE,"not_verified","needs_identity_or_location_review",,,,,,"not_reported"
"kcn-kkt-kcn-quang-phu","KCN Quảng Phú","industrial_park","51","KCN-KKT discovery (unverified)","https://kcn-kkt.com/kcn/kcn-quang-phu","2026-09-10","TP. Quảng Ngãi",,,"quang phu","https://kcn-kkt.com/kcn/kcn-quang-phu","discovery_reported_unverified",,"unresolved",FALSE,"not_verified","needs_identity_or_location_review",,,,,,"not_reported"
"kcn-kkt-kcn-san-xuat-che-bien-duoc-lieu-tap-trung","KCN sản xuất, chế biến được liệu tập trung","industrial_park","51","KCN-KKT discovery (unverified)","https://kcn-kkt.com/kcn/kcn-san-xuat-che-bien-duoc-lieu-tap-trung","2026-09-10","Huyện Đắk Tô",,,"san xuat che bien duoc lieu tap trung","https://kcn-kkt.com/kcn/kcn-san-xuat-che-bien-duoc-lieu-tap-trung","discovery_reported_unverified",,"unresolved",FALSE,"not_verified","needs_identity_or_location_review",,,,,,"not_reported"
"kcn-kkt-kcn-sao-mai","KCN Sao Mai","industrial_park","51","KCN-KKT discovery (unverified)","https://kcn-kkt.com/kcn/kcn-sao-mai","2026-09-10","Thành phố Kon Tum",,,"sao mai","https://kcn-kkt.com/kcn/kcn-sao-mai","discovery_reported_unverified",,"unresolved",FALSE,"not_verified","needs_identity_or_location_review",,,,,,"not_reported"
"kcn-kkt-kcn-tinh-phong-kcn-tinh-phong-hien-huu-kcn-vsip","KCN Tính Phong (KCN Tính Phong hiện hữu; KCN VSIP)","industrial_park","51","KCN-KKT discovery (unverified)","https://kcn-kkt.com/kcn/kcn-tinh-phong-kcn-tinh-phong-hien-huu-kcn-vsip","2026-09-10","TP. Quảng Ngãi; Huyện Sơn Tĩnh",,,"tinh phong kcn tinh phong hien huu kcn vsip","https://kcn-kkt.com/kcn/kcn-tinh-phong-kcn-tinh-phong-hien-huu-kcn-vsip","discovery_reported_unverified",,"unresolved",FALSE,"not_verified","needs_identity_or_location_review",,,,,,"not_reported"
"kcn-kkt-kcn-bach-dang","KCN Bạch Đằng","industrial_park","22","KCN-KKT discovery (unverified)","https://kcn-kkt.com/kcn/kcn-bach-dang","2026-09-10","TX Quảng Yên",,,"bach dang","https://kcn-kkt.com/kcn/kcn-bach-dang","discovery_reported_unverified",,"unresolved",FALSE,"not_verified","needs_identity_or_location_review",,,,,,"not_reported"
"kcn-kkt-kcn-bac-cai-bau","KCN Bắc Cái Bầu","industrial_park","22","KCN-KKT discovery (unverified)","https://kcn-kkt.com/kcn/kcn-bac-cai-bau","2026-09-10","Huyện Vân Đồn, KKT ven biển Vân Đồn",,,"bac cai bau","https://kcn-kkt.com/kcn/kcn-bac-cai-bau","discovery_reported_unverified",,"unresolved",FALSE,"not_verified","needs_identity_or_location_review",,,,,,"not_reported"
"kcn-kkt-kcn-bac-tien-phong","KCN Bắc Tiền Phong (DEEP C II)","industrial_park","22","KCN-KKT discovery (unverified)","https://kcn-kkt.com/kcn/kcn-bac-tien-phong","2026-09-10","TX Quảng Yên",,,"bac tien phong deep c 2","https://kcn-kkt.com/kcn/kcn-bac-tien-phong","discovery_reported_unverified",,"unresolved",FALSE,"not_verified","needs_identity_or_location_review",,,,,,"not_reported"
"kcn-kkt-kcn-cam-pha-1","KCN Cẩm Phả 1","industrial_park","22","KCN-KKT discovery (unverified)","https://kcn-kkt.com/kcn/kcn-cam-pha-1","2026-09-10","Thành phố Cẩm Phả",,,"cam pha 1","https://kcn-kkt.com/kcn/kcn-cam-pha-1","discovery_reported_unverified",,"unresolved",FALSE,"not_verified","needs_identity_or_location_review",,,,,,"not_reported"
"kcn-kkt-kcn-cam-pha-2","KCN Cẩm Phả 2","industrial_park","22","KCN-KKT discovery (unverified)","https://kcn-kkt.com/kcn/kcn-cam-pha-2","2026-09-10","Thành phố Cẩm Phả",,,"cam pha 2","https://kcn-kkt.com/kcn/kcn-cam-pha-2","discovery_reported_unverified",,"unresolved",FALSE,"not_verified","needs_identity_or_location_review",,,,,,"not_reported"
"kcn-kkt-kcn-dich-vu-dam-nha-mac-bao-gom-kcn-nam-tien-phong-kcn-bac-tien-phong-kcn-bach-dang","KCN Dịch vụ đầm nhà Mạc (Bao gồm KCN Nam Tiền Phong, KCN Bắc Tiền Phong, KCN Bạch Đằng)","industrial_park","22","KCN-KKT discovery (unverified)","https://kcn-kkt.com/kcn/kcn-dich-vu-dam-nha-mac-bao-gom-kcn-nam-tien-phong-kcn-bac-tien-phong-kcn-bach-dang","2026-09-10","Thị xã Quảng Yên, KKT ven biển Quảng Yên",,,"dich vu dam nha mac bao gom kcn nam tien phong kcn bac tien phong kcn bach dang","https://kcn-kkt.com/kcn/kcn-dich-vu-dam-nha-mac-bao-gom-kcn-nam-tien-phong-kcn-bac-tien-phong-kcn-bach-dang","discovery_reported_unverified",,"unresolved",FALSE,"not_verified","needs_identity_or_location_review",,,,,,"not_reported"
"kcn-kkt-kcn-dong-mai-bao-gom-quy-hoach-mo-rong","KCN Đông Mai (Bao gồm quy hoạch mở rộng)","industrial_park","22","KCN-KKT discovery (unverified)","https://kcn-kkt.com/kcn/kcn-dong-mai-bao-gom-quy-hoach-mo-rong","2026-09-10","Thị xã Quảng Yên",,,"dong mai bao gom quy hoach mo rong","https://kcn-kkt.com/kcn/kcn-dong-mai-bao-gom-quy-hoach-mo-rong","discovery_reported_unverified",,"unresolved",FALSE,"not_verified","needs_identity_or_location_review",,,,,,"not_reported"
"kcn-kkt-kcn-dong-trieu","KCN Đông Triều","industrial_park","22","KCN-KKT discovery (unverified)","https://kcn-kkt.com/kcn/kcn-dong-trieu","2026-09-10","Thị xã Đông Triều",,,"dong trieu","https://kcn-kkt.com/kcn/kcn-dong-trieu","discovery_reported_unverified",,"unresolved",FALSE,"not_verified","needs_identity_or_location_review",,,,,,"not_reported"
"kcn-kkt-kcn-dong-trieu-2","KCN Đông Triều 2","industrial_park","22","KCN-KKT discovery (unverified)","https://kcn-kkt.com/kcn/kcn-dong-trieu-2","2026-09-10","Thị xã Đông Triều",,,"dong trieu 2","https://kcn-kkt.com/kcn/kcn-dong-trieu-2","discovery_reported_unverified",,"unresolved",FALSE,"not_verified","needs_identity_or_location_review",,,,,,"not_reported"
"kcn-kkt-kcn-hai-ha","KCN Hải Hà","industrial_park","22","KCN-KKT discovery (unverified)","https://kcn-kkt.com/kcn/kcn-hai-ha","2026-09-10","Huyện Hải Hà, KKTCK Móng Cái",,,"hai ha","https://kcn-kkt.com/kcn/kcn-hai-ha","discovery_reported_unverified",,"unresolved",FALSE,"not_verified","needs_identity_or_location_review",,,,,,"not_reported"
"kcn-kkt-kcn-hai-ha-1","KCN Hải Hà 1","industrial_park","22","KCN-KKT discovery (unverified)","https://kcn-kkt.com/kcn/kcn-hai-ha-1","2026-09-10","Huyện Hải Hà, KKTCK Móng Cái",,,"hai ha 1","https://kcn-kkt.com/kcn/kcn-hai-ha-1","discovery_reported_unverified",,"unresolved",FALSE,"not_verified","needs_identity_or_location_review",,,,,,"not_reported"
"kcn-kkt-kcn-hai-ha-2","KCN Hải Hà 2","industrial_park","22","KCN-KKT discovery (unverified)","https://kcn-kkt.com/kcn/kcn-hai-ha-2","2026-09-10","Huyện Hải Hà, KKTCK Móng Cái",,,"hai ha 2","https://kcn-kkt.com/kcn/kcn-hai-ha-2","discovery_reported_unverified",,"unresolved",FALSE,"not_verified","needs_identity_or_location_review",,,,,,"not_reported"
"kcn-kkt-kcn-nam-tien-phong","KCN Nam Tiền Phong (DEEP C I)","industrial_park","22","KCN-KKT discovery (unverified)","https://kcn-kkt.com/kcn/kcn-nam-tien-phong","2026-09-10","TX Quảng Yên",,,"nam tien phong deep c 1","https://kcn-kkt.com/kcn/kcn-nam-tien-phong","discovery_reported_unverified",,"unresolved",FALSE,"not_verified","needs_identity_or_location_review",,,,,,"not_reported"
"kcn-kkt-kcn-phia-bac-dam-nha-mac","KCN phía Bắc Dầm Nhà Mạc","industrial_park","22","KCN-KKT discovery (unverified)","https://kcn-kkt.com/kcn/kcn-phia-bac-dam-nha-mac","2026-09-10","Thị xã Quảng Yên, KKT ven biển Quảng Yên",,,"phia bac dam nha mac","https://kcn-kkt.com/kcn/kcn-phia-bac-dam-nha-mac","discovery_reported_unverified",,"unresolved",FALSE,"not_verified","needs_identity_or_location_review",,,,,,"not_reported"
"kcn-kkt-kcn-phia-bac-san-bay","KCN phía Bắc sân bay","industrial_park","22","KCN-KKT discovery (unverified)","https://kcn-kkt.com/kcn/kcn-phia-bac-san-bay","2026-09-10","Huyện Vân Đồn, KKT ven biển Vân Đồn",,,"phia bac san bay","https://kcn-kkt.com/kcn/kcn-phia-bac-san-bay","discovery_reported_unverified",,"unresolved",FALSE,"not_verified","needs_identity_or_location_review",,,,,,"not_reported"
"kcn-kkt-kcn-phia-dong-song-rut","KCN phía Đông sông Rút","industrial_park","22","KCN-KKT discovery (unverified)","https://kcn-kkt.com/kcn/kcn-phia-dong-song-rut","2026-09-10","Thị xã Quảng Yên, KKT ven biển Quảng Yên",,,"phia dong song rut","https://kcn-kkt.com/kcn/kcn-phia-dong-song-rut","discovery_reported_unverified",,"unresolved",FALSE,"not_verified","needs_identity_or_location_review",,,,,,"not_reported"
"kcn-kkt-kcn-phia-nam-dam-nha-mac","KCN phía Nam Dầm Nhà Mạc","industrial_park","22","KCN-KKT discovery (unverified)","https://kcn-kkt.com/kcn/kcn-phia-nam-dam-nha-mac","2026-09-10","Thị xã Quảng Yên, KKT ven biển Quảng Yên",,,"phia nam dam nha mac","https://kcn-kkt.com/kcn/kcn-phia-nam-dam-nha-mac","discovery_reported_unverified",,"unresolved",FALSE,"not_verified","needs_identity_or_location_review",,,,,,"not_reported"
"kcn-kkt-kcn-phia-tay-song-khoai","KCN phía Tây Sông Khoai","industrial_park","22","KCN-KKT discovery (unverified)","https://kcn-kkt.com/kcn/kcn-phia-tay-song-khoai","2026-09-10","Thị xã Quảng Yên, KKT ven biển Quảng Yên",,,"phia tay song khoai","https://kcn-kkt.com/kcn/kcn-phia-tay-song-khoai","discovery_reported_unverified",,"unresolved",FALSE,"not_verified","needs_identity_or_location_review",,,,,,"not_reported"
"kcn-kkt-kcn-tien-yen","KCN Tiên Yên","industrial_park","22","KCN-KKT discovery (unverified)","https://kcn-kkt.com/kcn/kcn-tien-yen","2026-09-10","Huyện Tiên Yên",,,"tien yen","https://kcn-kkt.com/kcn/kcn-tien-yen","discovery_reported_unverified",,"unresolved",FALSE,"not_verified","needs_identity_or_location_review",,,,,,"not_reported"
"kcn-kkt-kcn-uong-bi","KCN Uông Bí","industrial_park","22","KCN-KKT discovery (unverified)","https://kcn-kkt.com/kcn/kcn-uong-bi","2026-09-10","Thành phố Uông Bí, KKT ven biển Quảng Yên",,,"uong bi","https://kcn-kkt.com/kcn/kcn-uong-bi","discovery_reported_unverified",,"unresolved",FALSE,"not_verified","needs_identity_or_location_review",,,,,,"not_reported"
"kcn-kkt-kcn-va-dich-vu-logistics-van-ninh","KCN và dịch vụ logistics Vân Ninh","industrial_park","22","KCN-KKT discovery (unverified)","https://kcn-kkt.com/kcn/kcn-va-dich-vu-logistics-van-ninh","2026-09-10","Thành phố Móng Cái, KKTCK Móng Cái",,,"va dich vu logistics van ninh","https://kcn-kkt.com/kcn/kcn-va-dich-vu-logistics-van-ninh","discovery_reported_unverified",,"unresolved",FALSE,"not_verified","needs_identity_or_location_review",,,,,,"not_reported"
"kcn-kkt-kcn-viet-hung-2","KCN Việt Hưng 2","industrial_park","22","KCN-KKT discovery (unverified)","https://kcn-kkt.com/kcn/kcn-viet-hung-2","2026-09-10","Thành phố Hạ Long",,,"viet hung 2","https://kcn-kkt.com/kcn/kcn-viet-hung-2","discovery_reported_unverified",,"unresolved",FALSE,"not_verified","needs_identity_or_location_review",,,,,,"not_reported"
"kcn-kkt-kcn-bang","KCN Bang","industrial_park","44","KCN-KKT discovery (unverified)","https://kcn-kkt.com/kcn/kcn-bang","2026-09-10","Huyện Lệ Thủy",,,"bang","https://kcn-kkt.com/kcn/kcn-bang","discovery_reported_unverified",,"unresolved",FALSE,"not_verified","needs_identity_or_location_review",,,,,,"not_reported"
"kcn-kkt-kcn-ben-quan","KCN Bến Quan","industrial_park","44","KCN-KKT discovery (unverified)","https://kcn-kkt.com/kcn/kcn-ben-quan","2026-09-10","Vĩnh Linh (Quảng Trị cũ)",,,"ben quan","https://kcn-kkt.com/kcn/kcn-ben-quan","discovery_reported_unverified",,"unresolved",FALSE,"not_verified","needs_identity_or_location_review",,,,,,"not_reported"
"kcn-kkt-kcn-bo-trach","KCN Bố Trạch","industrial_park","44","KCN-KKT discovery (unverified)","https://kcn-kkt.com/kcn/kcn-bo-trach","2026-09-10","Huyện Bố Trạch",,,"bo trach","https://kcn-kkt.com/kcn/kcn-bo-trach","discovery_reported_unverified",,"unresolved",FALSE,"not_verified","needs_identity_or_location_review",,,,,,"not_reported"
"kcn-kkt-kcn-cam-lien","KCN Cam Liên","industrial_park","44","KCN-KKT discovery (unverified)","https://kcn-kkt.com/kcn/kcn-cam-lien","2026-09-10","Huyện Lệ Thủy",,,"cam lien","https://kcn-kkt.com/kcn/kcn-cam-lien","discovery_reported_unverified",,"unresolved",FALSE,"not_verified","needs_identity_or_location_review",,,,,,"not_reported"
"kcn-kkt-kcn-cam-tuyen","KCN Cam Tuyền","industrial_park","44","KCN-KKT discovery (unverified)","https://kcn-kkt.com/kcn/kcn-cam-tuyen","2026-09-10","Cam Lộ (Quảng Trị cũ)",,,"cam tuyen","https://kcn-kkt.com/kcn/kcn-cam-tuyen","discovery_reported_unverified",,"unresolved",FALSE,"not_verified","needs_identity_or_location_review",,,,,,"not_reported"
"kcn-kkt-kcn-co-thi-dich-vu-phia-tay","KCN có thị dịch vụ phía Tây","industrial_park","44","KCN-KKT discovery (unverified)","https://kcn-kkt.com/kcn/kcn-co-thi-dich-vu-phia-tay","2026-09-10","Huyện Vĩnh Linh, Cam Lộ, Triệu Phong, Hải Lăng",,,"co thi dich vu phia tay","https://kcn-kkt.com/kcn/kcn-co-thi-dich-vu-phia-tay","discovery_reported_unverified",,"unresolved",FALSE,"not_verified","needs_identity_or_location_review",,,,,,"not_reported"
"kcn-kkt-kcn-cua-ngo-phia-tay","KCN cửa ngõ phía Tây","industrial_park","44","KCN-KKT discovery (unverified)","https://kcn-kkt.com/kcn/kcn-cua-ngo-phia-tay","2026-09-10","Huyện Quảng Trạch",,,"cua ngo phia tay","https://kcn-kkt.com/kcn/kcn-cua-ngo-phia-tay","discovery_reported_unverified",,"unresolved",FALSE,"not_verified","needs_identity_or_location_review",,,,,,"not_reported"
"kcn-kkt-kcn-da-nganh-trieu-phu","KCN đa ngành Triều Phú","industrial_park","44","KCN-KKT discovery (unverified)","https://kcn-kkt.com/kcn/kcn-da-nganh-trieu-phu","2026-09-10","Huyện Triều Phong",,,"da nganh trieu phu","https://kcn-kkt.com/kcn/kcn-da-nganh-trieu-phu","discovery_reported_unverified",,"unresolved",FALSE,"not_verified","needs_identity_or_location_review",,,,,,"not_reported"
"kcn-kkt-kcn-da-nganh-da-linh-vuc-thuoc-khu-kinh-te-dong-nam-theo-giai-doan-2","KCN đa ngành, đa lĩnh vực thuộc Khu kinh tế Đông Nam (theo giai đoạn 2)","industrial_park","44","KCN-KKT discovery (unverified)","https://kcn-kkt.com/kcn/kcn-da-nganh-da-linh-vuc-thuoc-khu-kinh-te-dong-nam-theo-giai-doan-2","2026-09-10","Huyện Triều Phong",,,"da nganh da linh vuc thuoc khu kinh te dong nam theo giai doan 2","https://kcn-kkt.com/kcn/kcn-da-nganh-da-linh-vuc-thuoc-khu-kinh-te-dong-nam-theo-giai-doan-2","discovery_reported_unverified",,"unresolved",FALSE,"not_verified","needs_identity_or_location_review",,,,,,"not_reported"
"kcn-kkt-kcn-do-thi-dich-vu-dien-sanh","KCN độ thị dịch vụ Diễn Sanh","industrial_park","44","KCN-KKT discovery (unverified)","https://kcn-kkt.com/kcn/kcn-do-thi-dich-vu-dien-sanh","2026-09-10","Huyện Hải Lăng",,,"do thi dich vu dien sanh","https://kcn-kkt.com/kcn/kcn-do-thi-dich-vu-dien-sanh","discovery_reported_unverified",,"unresolved",FALSE,"not_verified","needs_identity_or_location_review",,,,,,"not_reported"
"kcn-kkt-kcn-hon-la-ii","KCN Hòn La II","industrial_park","44","KCN-KKT discovery (unverified)","https://kcn-kkt.com/kcn/kcn-hon-la-ii","2026-09-10","Huyện Quảng Trạch",,,"hon la 2","https://kcn-kkt.com/kcn/kcn-hon-la-ii","discovery_reported_unverified",,"unresolved",FALSE,"not_verified","needs_identity_or_location_review",,,,,,"not_reported"
"kcn-kkt-kcn-ho-tro-phat-trien-khu-phuc-hop-nang-luong","KCN hỗ trợ phát triển khu phức hợp năng lượng","industrial_park","44","KCN-KKT discovery (unverified)","https://kcn-kkt.com/kcn/kcn-ho-tro-phat-trien-khu-phuc-hop-nang-luong","2026-09-10","Huyện Hải Lăng (Khu kinh tế Đông Nam)",,,"ho tro phat trien khu phuc hop nang luong","https://kcn-kkt.com/kcn/kcn-ho-tro-phat-trien-khu-phuc-hop-nang-luong","discovery_reported_unverified",,"unresolved",FALSE,"not_verified","needs_identity_or_location_review",,,,,,"not_reported"
"kcn-kkt-kcn-ho-tro-phat-trien-nha-may-nhiet-dien","KCN hỗ trợ phát triển nhà máy nhiệt điện","industrial_park","44","KCN-KKT discovery (unverified)","https://kcn-kkt.com/kcn/kcn-ho-tro-phat-trien-nha-may-nhiet-dien","2026-09-10","Huyện Hải Lăng (Khu kinh tế Đông Nam)",,,"ho tro phat trien nha may nhiet dien","https://kcn-kkt.com/kcn/kcn-ho-tro-phat-trien-nha-may-nhiet-dien","discovery_reported_unverified",,"unresolved",FALSE,"not_verified","needs_identity_or_location_review",,,,,,"not_reported"
"kcn-kkt-kcn-hon-hop-chuc-nang","KCN hỗn hợp chức năng","industrial_park","44","KCN-KKT discovery (unverified)","https://kcn-kkt.com/kcn/kcn-hon-hop-chuc-nang","2026-09-10","Huyện Hải Lăng (Khu kinh tế Đông Nam)",,,"hon hop chuc nang","https://kcn-kkt.com/kcn/kcn-hon-hop-chuc-nang","discovery_reported_unverified",,"unresolved",FALSE,"not_verified","needs_identity_or_location_review",,,,,,"not_reported"
"kcn-kkt-kcn-quan-ngang","KCN Quán Ngang","industrial_park","44","KCN-KKT discovery (unverified)","https://kcn-kkt.com/kcn/kcn-quan-ngang","2026-09-10","Huyện Gio Linh",,,"quan ngang","https://kcn-kkt.com/kcn/kcn-quan-ngang","discovery_reported_unverified",,"unresolved",FALSE,"not_verified","needs_identity_or_location_review",,,,,,"not_reported"
"kcn-kkt-kcn-quang-trach","KCN Quảng Trạch","industrial_park","44","KCN-KKT discovery (unverified)","https://kcn-kkt.com/kcn/kcn-quang-trach","2026-09-10","Huyện Quảng Trạch",,,"quang trach","https://kcn-kkt.com/kcn/kcn-quang-trach","discovery_reported_unverified",,"unresolved",FALSE,"not_verified","needs_identity_or_location_review",,,,,,"not_reported"
"kcn-kkt-kcn-quang-tri","KCN Quảng Trị","industrial_park","44","KCN-KKT discovery (unverified)","https://kcn-kkt.com/kcn/kcn-quang-tri","2026-09-10","Huyện Hải Lăng (Khu kinh tế Đông Nam)",,,"quang tri","https://kcn-kkt.com/kcn/kcn-quang-tri","discovery_reported_unverified",,"unresolved",FALSE,"not_verified","needs_identity_or_location_review",,,,,,"not_reported"
"kcn-kkt-kcn-sinh-thai","KCN sinh thái","industrial_park","44","KCN-KKT discovery (unverified)","https://kcn-kkt.com/kcn/kcn-sinh-thai","2026-09-10","Huyện Triều Phong (Khu kinh tế Đông Nam)",,,"sinh thai","https://kcn-kkt.com/kcn/kcn-sinh-thai","discovery_reported_unverified",,"unresolved",FALSE,"not_verified","needs_identity_or_location_review",,,,,,"not_reported"
"kcn-kkt-kcn-tay-bac-ho-xa-khu-a","KCN Tây Bắc Hộ Xá khu A","industrial_park","44","KCN-KKT discovery (unverified)","https://kcn-kkt.com/kcn/kcn-tay-bac-ho-xa-khu-a","2026-09-10","Huyện Vĩnh Linh",,,"tay bac ho xa khu a","https://kcn-kkt.com/kcn/kcn-tay-bac-ho-xa-khu-a","discovery_reported_unverified",,"unresolved",FALSE,"not_verified","needs_identity_or_location_review",,,,,,"not_reported"
"kcn-kkt-kcn-tay-bac-ho-xa-khu-b","KCN Tây Bắc Hộ Xá khu B","industrial_park","44","KCN-KKT discovery (unverified)","https://kcn-kkt.com/kcn/kcn-tay-bac-ho-xa-khu-b","2026-09-10","Huyện Vĩnh Linh",,,"tay bac ho xa khu b","https://kcn-kkt.com/kcn/kcn-tay-bac-ho-xa-khu-b","discovery_reported_unverified",,"unresolved",FALSE,"not_verified","needs_identity_or_location_review",,,,,,"not_reported"
"kcn-kkt-kcn-chieng-khuong","KCN Chiềng Khương (gắn KKT cửa khẩu Chiềng Khương)","industrial_park","14","KCN-KKT discovery (unverified)","https://kcn-kkt.com/kcn/kcn-chieng-khuong","2026-09-10","Chiềng Khương; Sông Mã",,,"chieng khuong gan kkt cua khau chieng khuong","https://kcn-kkt.com/kcn/kcn-chieng-khuong","discovery_reported_unverified",,"unresolved",FALSE,"not_verified","needs_identity_or_location_review",,,,,,"not_reported"
"kcn-kkt-kcn-long-sap","KCN Lóng Sập (gắn KKT cửa khẩu Lóng Sập)","industrial_park","14","KCN-KKT discovery (unverified)","https://kcn-kkt.com/kcn/kcn-long-sap","2026-09-10","Lóng Sập; Mộc Châu",,,"long sap gan kkt cua khau long sap","https://kcn-kkt.com/kcn/kcn-long-sap","discovery_reported_unverified",,"unresolved",FALSE,"not_verified","needs_identity_or_location_review",,,,,,"not_reported"
"kcn-kkt-kcn-mai-son","KCN Mai Sơn","industrial_park","14","KCN-KKT discovery (unverified)","https://kcn-kkt.com/kcn/kcn-mai-son","2026-09-10","Xã Mường Bằng, huyện Mai Sơn",,,"mai son","https://kcn-kkt.com/kcn/kcn-mai-son","discovery_reported_unverified",,"unresolved",FALSE,"not_verified","needs_identity_or_location_review",,,,,,"not_reported"
"kcn-kkt-kcn-van-ho","KCN Văn Hồ","industrial_park","14","KCN-KKT discovery (unverified)","https://kcn-kkt.com/kcn/kcn-van-ho","2026-09-10","Bản Thuộng Cuông, xã Văn Hồ",,,"van ho","https://kcn-kkt.com/kcn/kcn-van-ho","discovery_reported_unverified",,"unresolved",FALSE,"not_verified","needs_identity_or_location_review",,,,,,"not_reported"
"kcn-kkt-cac-kcn-trong-kktck-moc-bai","Các KCN trong KKTCK Móc Bài","industrial_park","80","KCN-KKT discovery (unverified)","https://kcn-kkt.com/kcn/cac-kcn-trong-kktck-moc-bai","2026-09-10","Khu kinh tế cửa khẩu Móc Bài",,,"cac kcn trong kktck moc bai","https://kcn-kkt.com/kcn/cac-kcn-trong-kktck-moc-bai","discovery_reported_unverified",,"unresolved",FALSE,"not_verified","needs_identity_or_location_review",,,,,,"not_reported"
"kcn-kkt-cac-kcn-trong-kktck-xa-mat","Các KCN trong KKTCK Xa Mát","industrial_park","80","KCN-KKT discovery (unverified)","https://kcn-kkt.com/kcn/cac-kcn-trong-kktck-xa-mat","2026-09-10","Khu kinh tế cửa khẩu Xa Mát",,,"cac kcn trong kktck xa mat","https://kcn-kkt.com/kcn/cac-kcn-trong-kktck-xa-mat","discovery_reported_unverified",,"unresolved",FALSE,"not_verified","needs_identity_or_location_review",,,,,,"not_reported"
"kcn-kkt-kcn-an-nhut-tan","KCN An Nhựt Tân","industrial_park","80","KCN-KKT discovery (unverified)","https://kcn-kkt.com/kcn/kcn-an-nhut-tan","2026-09-10","Huyện Tân Trụ",,,"an nhut tan","https://kcn-kkt.com/kcn/kcn-an-nhut-tan","discovery_reported_unverified",,"unresolved",FALSE,"not_verified","needs_identity_or_location_review",,,,,,"not_reported"
"kcn-kkt-kcn-an-ninh-dong","KCN An Ninh Đông","industrial_park","80","KCN-KKT discovery (unverified)","https://kcn-kkt.com/kcn/kcn-an-ninh-dong","2026-09-10","Huyện Độc Hoà",,,"an ninh dong","https://kcn-kkt.com/kcn/kcn-an-ninh-dong","discovery_reported_unverified",,"unresolved",FALSE,"not_verified","needs_identity_or_location_review",,,,,,"not_reported"
"kcn-kkt-kcn-an-thanh","KCN An Thạnh","industrial_park","80","KCN-KKT discovery (unverified)","https://kcn-kkt.com/kcn/kcn-an-thanh","2026-09-10","Huyện Bến Lức",,,"an thanh","https://kcn-kkt.com/kcn/kcn-an-thanh","discovery_reported_unverified",,"unresolved",FALSE,"not_verified","needs_identity_or_location_review",,,,,,"not_reported"
"kcn-kkt-kcn-an-thanh-tay-ninh","KCN An Thạnh","industrial_park","80","KCN-KKT discovery (unverified)","https://kcn-kkt.com/kcn/kcn-an-thanh-tay-ninh","2026-09-10","Huyện Bến Lức",,,"an thanh","https://kcn-kkt.com/kcn/kcn-an-thanh-tay-ninh","discovery_reported_unverified",,"unresolved",FALSE,"not_verified","needs_identity_or_location_review",,,,,,"not_reported"
"kcn-kkt-kcn-anh-hong-2","KCN Anh Hồng 2","industrial_park","80","KCN-KKT discovery (unverified)","https://kcn-kkt.com/kcn/kcn-anh-hong-2","2026-09-10","Huyện Độc Hoà",,,"anh hong 2","https://kcn-kkt.com/kcn/kcn-anh-hong-2","discovery_reported_unverified",,"unresolved",FALSE,"not_verified","needs_identity_or_location_review",,,,,,"not_reported"
"kcn-kkt-kcn-ben-cai","KCN Bến Cái","industrial_park","80","KCN-KKT discovery (unverified)","https://kcn-kkt.com/kcn/kcn-ben-cai","2026-09-10","Huyện Dương Minh Châu",,,"ben cai","https://kcn-kkt.com/kcn/kcn-ben-cai","discovery_reported_unverified",,"unresolved",FALSE,"not_verified","needs_identity_or_location_review",,,,,,"not_reported"
"kcn-kkt-kcn-ben-cui","KCN Bến Củi","industrial_park","80","KCN-KKT discovery (unverified)","https://kcn-kkt.com/kcn/kcn-ben-cui","2026-09-10","Xã Lộc Ninh",,,"ben cui","https://kcn-kkt.com/kcn/kcn-ben-cui","discovery_reported_unverified",,"unresolved",FALSE,"not_verified","needs_identity_or_location_review",,,,,,"not_reported"
"kcn-kkt-kcn-binh-hoa-hung","KCN Bình Hòa Hùng","industrial_park","80","KCN-KKT discovery (unverified)","https://kcn-kkt.com/kcn/kcn-binh-hoa-hung","2026-09-10","Huyện Độc Huệ",,,"binh hoa hung","https://kcn-kkt.com/kcn/kcn-binh-hoa-hung","discovery_reported_unverified",,"unresolved",FALSE,"not_verified","needs_identity_or_location_review",,,,,,"not_reported"
"kcn-kkt-kcn-binh-hoa-nam-1","KCN Bình Hòa Nam 1","industrial_park","80","KCN-KKT discovery (unverified)","https://kcn-kkt.com/kcn/kcn-binh-hoa-nam-1","2026-09-10","Huyện Độc Huệ",,,"binh hoa nam 1","https://kcn-kkt.com/kcn/kcn-binh-hoa-nam-1","discovery_reported_unverified",,"unresolved",FALSE,"not_verified","needs_identity_or_location_review",,,,,,"not_reported"
"kcn-kkt-kcn-binh-hoa-nam-1-tay-ninh","KCN Bình Hòa Nam 1","industrial_park","80","KCN-KKT discovery (unverified)","https://kcn-kkt.com/kcn/kcn-binh-hoa-nam-1-tay-ninh","2026-09-10","Huyện Độc Huệ",,,"binh hoa nam 1","https://kcn-kkt.com/kcn/kcn-binh-hoa-nam-1-tay-ninh","discovery_reported_unverified",,"unresolved",FALSE,"not_verified","needs_identity_or_location_review",,,,,,"not_reported"
"kcn-kkt-kcn-binh-hoa-nam-2","KCN Bình Hòa Nam 2","industrial_park","80","KCN-KKT discovery (unverified)","https://kcn-kkt.com/kcn/kcn-binh-hoa-nam-2","2026-09-10","Huyện Độc Huệ",,,"binh hoa nam 2","https://kcn-kkt.com/kcn/kcn-binh-hoa-nam-2","discovery_reported_unverified",,"unresolved",FALSE,"not_verified","needs_identity_or_location_review",,,,,,"not_reported"
"kcn-kkt-kcn-binh-hoa-nam-2-tay-ninh","KCN Bình Hòa Nam 2","industrial_park","80","KCN-KKT discovery (unverified)","https://kcn-kkt.com/kcn/kcn-binh-hoa-nam-2-tay-ninh","2026-09-10","Huyện Độc Huệ",,,"binh hoa nam 2","https://kcn-kkt.com/kcn/kcn-binh-hoa-nam-2-tay-ninh","discovery_reported_unverified",,"unresolved",FALSE,"not_verified","needs_identity_or_location_review",,,,,,"not_reported"
"kcn-kkt-kcn-binh-hoa-nam-3","KCN Bình Hòa Nam 3","industrial_park","80","KCN-KKT discovery (unverified)","https://kcn-kkt.com/kcn/kcn-binh-hoa-nam-3","2026-09-10","Huyện Độc Huệ",,,"binh hoa nam 3","https://kcn-kkt.com/kcn/kcn-binh-hoa-nam-3","discovery_reported_unverified",,"unresolved",FALSE,"not_verified","needs_identity_or_location_review",,,,,,"not_reported"
"kcn-kkt-kcn-binh-hoa-nam-3-tay-ninh","KCN Bình Hòa Nam 3","industrial_park","80","KCN-KKT discovery (unverified)","https://kcn-kkt.com/kcn/kcn-binh-hoa-nam-3-tay-ninh","2026-09-10","Huyện Độc Huệ",,,"binh hoa nam 3","https://kcn-kkt.com/kcn/kcn-binh-hoa-nam-3-tay-ninh","discovery_reported_unverified",,"unresolved",FALSE,"not_verified","needs_identity_or_location_review",,,,,,"not_reported"
"kcn-kkt-kcn-binh-hoa-nam-4","KCN Bình Hòa Nam 4","industrial_park","80","KCN-KKT discovery (unverified)","https://kcn-kkt.com/kcn/kcn-binh-hoa-nam-4","2026-09-10","Huyện Độc Huệ",,,"binh hoa nam 4","https://kcn-kkt.com/kcn/kcn-binh-hoa-nam-4","discovery_reported_unverified",,"unresolved",FALSE,"not_verified","needs_identity_or_location_review",,,,,,"not_reported"
"kcn-kkt-kcn-binh-hoa-nam-5","KCN Bình Hòa Nam 5","industrial_park","80","KCN-KKT discovery (unverified)","https://kcn-kkt.com/kcn/kcn-binh-hoa-nam-5","2026-09-10","Huyện Độc Huệ",,,"binh hoa nam 5","https://kcn-kkt.com/kcn/kcn-binh-hoa-nam-5","discovery_reported_unverified",,"unresolved",FALSE,"not_verified","needs_identity_or_location_review",,,,,,"not_reported"
"kcn-kkt-kcn-binh-hoa-nam-6","KCN Bình Hòa Nam 6","industrial_park","80","KCN-KKT discovery (unverified)","https://kcn-kkt.com/kcn/kcn-binh-hoa-nam-6","2026-09-10","Xã Đức Huệ",,,"binh hoa nam 6","https://kcn-kkt.com/kcn/kcn-binh-hoa-nam-6","discovery_reported_unverified",,"unresolved",FALSE,"not_verified","needs_identity_or_location_review",,,,,,"not_reported"
"kcn-kkt-kcn-binh-tri-dong","KCN Bình Trị Đông","industrial_park","80","KCN-KKT discovery (unverified)","https://kcn-kkt.com/kcn/kcn-binh-tri-dong","2026-09-10","Huyện Tân Trụ",,,"binh tri dong","https://kcn-kkt.com/kcn/kcn-binh-tri-dong","discovery_reported_unverified",,"unresolved",FALSE,"not_verified","needs_identity_or_location_review",,,,,,"not_reported"
"kcn-kkt-kcn-binh-trinh-dong","KCN Bình Trinh Đông","industrial_park","80","KCN-KKT discovery (unverified)","https://kcn-kkt.com/kcn/kcn-binh-trinh-dong","2026-09-10","Xã Tân Trụ",,,"binh trinh dong","https://kcn-kkt.com/kcn/kcn-binh-trinh-dong","discovery_reported_unverified",,"unresolved",FALSE,"not_verified","needs_identity_or_location_review",,,,,,"not_reported"
"kcn-kkt-kcn-cac-kcn-khac-trong-kktck-moc-bai","KCN Các KCN khác trong KKTCK Mộc Bài","industrial_park","80","KCN-KKT discovery (unverified)","https://kcn-kkt.com/kcn/kcn-cac-kcn-khac-trong-kktck-moc-bai","2026-09-10","Xã Bến Cầu",,,"cac kcn khac trong kktck moc bai","https://kcn-kkt.com/kcn/kcn-cac-kcn-khac-trong-kktck-moc-bai","discovery_reported_unverified",,"unresolved",FALSE,"not_verified","needs_identity_or_location_review",,,,,,"not_reported"
"kcn-kkt-kcn-cac-kcn-trong-kkt-cua-khau-moc-bai","KCN Các KCN trong KKT cửa khẩu Mộc Bài","industrial_park","80","KCN-KKT discovery (unverified)","https://kcn-kkt.com/kcn/kcn-cac-kcn-trong-kkt-cua-khau-moc-bai","2026-09-10","Xã Bến Cầu",,,"cac kcn trong kkt cua khau moc bai","https://kcn-kkt.com/kcn/kcn-cac-kcn-trong-kkt-cua-khau-moc-bai","discovery_reported_unverified",,"unresolved",FALSE,"not_verified","needs_identity_or_location_review",,,,,,"not_reported"
"kcn-kkt-kcn-cau-cang-phuoc-dong","KCN Cầu cẳng Phước Đông","industrial_park","80","KCN-KKT discovery (unverified)","https://kcn-kkt.com/kcn/kcn-cau-cang-phuoc-dong","2026-09-10","Huyện Cần Dước",,,"cau cang phuoc dong","https://kcn-kkt.com/kcn/kcn-cau-cang-phuoc-dong","discovery_reported_unverified",,"unresolved",FALSE,"not_verified","needs_identity_or_location_review",,,,,,"not_reported"
"kcn-kkt-kcn-cau-khoi-giai-doan-1","KCN Cầu Khởi giai đoạn 1","industrial_park","80","KCN-KKT discovery (unverified)","https://kcn-kkt.com/kcn/kcn-cau-khoi-giai-doan-1","2026-09-10","Xã Cầu Khởi",,,"cau khoi giai doan 1","https://kcn-kkt.com/kcn/kcn-cau-khoi-giai-doan-1","discovery_reported_unverified",,"unresolved",FALSE,"not_verified","needs_identity_or_location_review",,,,,,"not_reported"
"kcn-kkt-kcn-cau-khoi-giai-doan-2","KCN Cầu Khởi giai đoạn 2","industrial_park","80","KCN-KKT discovery (unverified)","https://kcn-kkt.com/kcn/kcn-cau-khoi-giai-doan-2","2026-09-10","Xã Cầu Khởi",,,"cau khoi giai doan 2","https://kcn-kkt.com/kcn/kcn-cau-khoi-giai-doan-2","discovery_reported_unverified",,"unresolved",FALSE,"not_verified","needs_identity_or_location_review",,,,,,"not_reported"
"kcn-kkt-kcn-cha-lo","KCN Chà Lò","industrial_park","80","KCN-KKT discovery (unverified)","https://kcn-kkt.com/kcn/kcn-cha-lo","2026-09-10","Huyện Dương Minh Châu",,,"cha lo","https://kcn-kkt.com/kcn/kcn-cha-lo","discovery_reported_unverified",,"unresolved",FALSE,"not_verified","needs_identity_or_location_review",,,,,,"not_reported"
"kcn-kkt-kcn-cong-nghe-cao-tay-ninh","KCN công nghệ cao","industrial_park","80","KCN-KKT discovery (unverified)","https://kcn-kkt.com/kcn/kcn-cong-nghe-cao-tay-ninh","2026-09-10","Xã Hưng Thuận",,,"cong nghe cao","https://kcn-kkt.com/kcn/kcn-cong-nghe-cao-tay-ninh","discovery_reported_unverified",,"unresolved",FALSE,"not_verified","needs_identity_or_location_review",,,,,,"not_reported"
"kcn-kkt-kcn-cong-nghe-cao-tay-ninh-2","KCN công nghệ cao (Khánh Hậu)","industrial_park","80","KCN-KKT discovery (unverified)","https://kcn-kkt.com/kcn/kcn-cong-nghe-cao-tay-ninh-2","2026-09-10","Phường Khánh Hậu",,,"cong nghe cao khanh hau","https://kcn-kkt.com/kcn/kcn-cong-nghe-cao-tay-ninh-2","discovery_reported_unverified",,"unresolved",FALSE,"not_verified","needs_identity_or_location_review",,,,,,"not_reported"
"kcn-kkt-kcn-cua-khau-binh-hiep-2","KCN Cửa khẩu Bình Hiệp 2","industrial_park","80","KCN-KKT discovery (unverified)","https://kcn-kkt.com/kcn/kcn-cua-khau-binh-hiep-2","2026-09-10","Thị xã Kiến Tường",,,"cua khau binh hiep 2","https://kcn-kkt.com/kcn/kcn-cua-khau-binh-hiep-2","discovery_reported_unverified",,"unresolved",FALSE,"not_verified","needs_identity_or_location_review",,,,,,"not_reported"
"kcn-kkt-kcn-cua-khau-binh-hiep-giai-doan-1","KCN Cửa khẩu Bình Hiệp giai đoạn 1","industrial_park","80","KCN-KKT discovery (unverified)","https://kcn-kkt.com/kcn/kcn-cua-khau-binh-hiep-giai-doan-1","2026-09-10","Thị xã Kiến Tường",,,"cua khau binh hiep giai doan 1","https://kcn-kkt.com/kcn/kcn-cua-khau-binh-hiep-giai-doan-1","discovery_reported_unverified",,"unresolved",FALSE,"not_verified","needs_identity_or_location_review",,,,,,"not_reported"
"kcn-kkt-kcn-dai-an-sai-gon","KCN Đại An Sài Gòn","industrial_park","80","KCN-KKT discovery (unverified)","https://kcn-kkt.com/kcn/kcn-dai-an-sai-gon","2026-09-10","Khu kinh tế cửa khẩu Móc Bài",,,"dai an sai gon","https://kcn-kkt.com/kcn/kcn-dai-an-sai-gon","discovery_reported_unverified",,"unresolved",FALSE,"not_verified","needs_identity_or_location_review",,,,,,"not_reported"
"kcn-kkt-kcn-doc-hoa-1","KCN Độc Hòa 1","industrial_park","80","KCN-KKT discovery (unverified)","https://kcn-kkt.com/kcn/kcn-doc-hoa-1","2026-09-10","Huyện Độc Hòa",,,"doc hoa 1","https://kcn-kkt.com/kcn/kcn-doc-hoa-1","discovery_reported_unverified",,"unresolved",FALSE,"not_verified","needs_identity_or_location_review",,,,,,"not_reported"
"kcn-kkt-kcn-doc-hoa-iii","KCN Độc Hòa III","industrial_park","80","KCN-KKT discovery (unverified)","https://kcn-kkt.com/kcn/kcn-doc-hoa-iii","2026-09-10","Huyện Độc Hòa",,,"doc hoa 3","https://kcn-kkt.com/kcn/kcn-doc-hoa-iii","discovery_reported_unverified",,"unresolved",FALSE,"not_verified","needs_identity_or_location_review",,,,,,"not_reported"
"kcn-kkt-kcn-dong-nam-a","KCN Đông Nam Á","industrial_park","80","KCN-KKT discovery (unverified)","https://kcn-kkt.com/kcn/kcn-dong-nam-a","2026-09-10","Huyện Cần Giuộc",,,"dong nam a","https://kcn-kkt.com/kcn/kcn-dong-nam-a","discovery_reported_unverified",,"unresolved",FALSE,"not_verified","needs_identity_or_location_review",,,,,,"not_reported"
"kcn-kkt-kcn-dong-nam-a-giai-doan-2","KCN Đông Nam Á giai đoạn 2","industrial_park","80","KCN-KKT discovery (unverified)","https://kcn-kkt.com/kcn/kcn-dong-nam-a-giai-doan-2","2026-09-10","Huyện Cần Giuộc",,,"dong nam a giai doan 2","https://kcn-kkt.com/kcn/kcn-dong-nam-a-giai-doan-2","discovery_reported_unverified",,"unresolved",FALSE,"not_verified","needs_identity_or_location_review",,,,,,"not_reported"
"kcn-kkt-kcn-dong-song-ro","KCN Đông Sông Rô","industrial_park","80","KCN-KKT discovery (unverified)","https://kcn-kkt.com/kcn/kcn-dong-song-ro","2026-09-10","Thị xã Kiến Tường",,,"dong song ro","https://kcn-kkt.com/kcn/kcn-dong-song-ro","discovery_reported_unverified",,"unresolved",FALSE,"not_verified","needs_identity_or_location_review",,,,,,"not_reported"
"kcn-kkt-kcn-dong-thanh","KCN Đông Thạnh","industrial_park","80","KCN-KKT discovery (unverified)","https://kcn-kkt.com/kcn/kcn-dong-thanh","2026-09-10","Huyện Cần Giuộc",,,"dong thanh","https://kcn-kkt.com/kcn/kcn-dong-thanh","discovery_reported_unverified",,"unresolved",FALSE,"not_verified","needs_identity_or_location_review",,,,,,"not_reported"
"kcn-kkt-kcn-duc-hoa-1","KCN Đức Hòa 1","industrial_park","80","KCN-KKT discovery (unverified)","https://kcn-kkt.com/kcn/kcn-duc-hoa-1","2026-09-10","Xã Mỹ Hạnh",,,"duc hoa 1","https://kcn-kkt.com/kcn/kcn-duc-hoa-1","discovery_reported_unverified",,"unresolved",FALSE,"not_verified","needs_identity_or_location_review",,,,,,"not_reported"
"kcn-kkt-kcn-duc-hue-1","KCN Đức Huệ 1","industrial_park","80","KCN-KKT discovery (unverified)","https://kcn-kkt.com/kcn/kcn-duc-hue-1","2026-09-10","Xã Đức Huệ",,,"duc hue 1","https://kcn-kkt.com/kcn/kcn-duc-hue-1","discovery_reported_unverified",,"unresolved",FALSE,"not_verified","needs_identity_or_location_review",,,,,,"not_reported"
"kcn-kkt-kcn-duc-hue-2","KCN Đức Huệ 2","industrial_park","80","KCN-KKT discovery (unverified)","https://kcn-kkt.com/kcn/kcn-duc-hue-2","2026-09-10","Xã Đức Huệ",,,"duc hue 2","https://kcn-kkt.com/kcn/kcn-duc-hue-2","discovery_reported_unverified",,"unresolved",FALSE,"not_verified","needs_identity_or_location_review",,,,,,"not_reported"
"kcn-kkt-kcn-hai-son-doc-hoa-dong","KCN Hải Sơn Độc Hòa Đông","industrial_park","80","KCN-KKT discovery (unverified)","https://kcn-kkt.com/kcn/kcn-hai-son-doc-hoa-dong","2026-09-10","Huyện Độc Hoà",,,"hai son doc hoa dong","https://kcn-kkt.com/kcn/kcn-hai-son-doc-hoa-dong","discovery_reported_unverified",,"unresolved",FALSE,"not_verified","needs_identity_or_location_review",,,,,,"not_reported"
"kcn-kkt-kcn-hau-nghia","KCN Hậu Nghĩa","industrial_park","80","KCN-KKT discovery (unverified)","https://kcn-kkt.com/kcn/kcn-hau-nghia","2026-09-10","Xã Hậu Nghĩa",,,"hau nghia","https://kcn-kkt.com/kcn/kcn-hau-nghia","discovery_reported_unverified",,"unresolved",FALSE,"not_verified","needs_identity_or_location_review",,,,,,"not_reported"
"kcn-kkt-kcn-hiep-hoa","KCN Hiệp Hòa","industrial_park","80","KCN-KKT discovery (unverified)","https://kcn-kkt.com/kcn/kcn-hiep-hoa","2026-09-10","Xã Hiệp Hòa",,,"hiep hoa","https://kcn-kkt.com/kcn/kcn-hiep-hoa","discovery_reported_unverified",,"unresolved",FALSE,"not_verified","needs_identity_or_location_review",,,,,,"not_reported"
"kcn-kkt-kcn-hiep-thanh","KCN Hiệp Thạnh","industrial_park","80","KCN-KKT discovery (unverified)","https://kcn-kkt.com/kcn/kcn-hiep-thanh","2026-09-10","Huyện Gò Dầu",,,"hiep thanh","https://kcn-kkt.com/kcn/kcn-hiep-thanh","discovery_reported_unverified",,"unresolved",FALSE,"not_verified","needs_identity_or_location_review",,,,,,"not_reported"
"kcn-kkt-kcn-hoa-binh-mo-rong","KCN Hòa Bình mở rộng","industrial_park","80","KCN-KKT discovery (unverified)","https://kcn-kkt.com/kcn/kcn-hoa-binh-mo-rong","2026-09-10","Huyện Thủ Thừa",,,"hoa binh mo rong","https://kcn-kkt.com/kcn/kcn-hoa-binh-mo-rong","discovery_reported_unverified",,"unresolved",FALSE,"not_verified","needs_identity_or_location_review",,,,,,"not_reported"
"kcn-kkt-kcn-hoang-loc","KCN Hoàng Lộc","industrial_park","80","KCN-KKT discovery (unverified)","https://kcn-kkt.com/kcn/kcn-hoang-loc","2026-09-10","Huyện Độc Hoà",,,"hoang loc","https://kcn-kkt.com/kcn/kcn-hoang-loc","discovery_reported_unverified",,"unresolved",FALSE,"not_verified","needs_identity_or_location_review",,,,,,"not_reported"
"kcn-kkt-kcn-hung-thuan","KCN Hưng Thuận","industrial_park","80","KCN-KKT discovery (unverified)","https://kcn-kkt.com/kcn/kcn-hung-thuan","2026-09-10","Xã Hưng Thuận, thị xã Trảng Bàng",,,"hung thuan","https://kcn-kkt.com/kcn/kcn-hung-thuan","discovery_reported_unverified",,"unresolved",FALSE,"not_verified","needs_identity_or_location_review",,,,,,"not_reported"
"kcn-kkt-kcn-long-hau","KCN Long Hậu","industrial_park","80","KCN-KKT discovery (unverified)","https://kcn-kkt.com/kcn/kcn-long-hau","2026-09-10","Huyện Cần Giuộc",,,"long hau","https://kcn-kkt.com/kcn/kcn-long-hau","discovery_reported_unverified",,"unresolved",FALSE,"not_verified","needs_identity_or_location_review",,,,,,"not_reported"
"kcn-kkt-kcn-long-hau-tan-tap","KCN Long Hậu - Tân Tập","industrial_park","80","KCN-KKT discovery (unverified)","https://kcn-kkt.com/kcn/kcn-long-hau-tan-tap","2026-09-10","Huyện Cần Giuộc",,,"long hau tan tap","https://kcn-kkt.com/kcn/kcn-long-hau-tan-tap","discovery_reported_unverified",,"unresolved",FALSE,"not_verified","needs_identity_or_location_review",,,,,,"not_reported"
"kcn-kkt-kcn-long-hau-tan-tap-tay-ninh","KCN Long Hậu - Tân Tập","industrial_park","80","KCN-KKT discovery (unverified)","https://kcn-kkt.com/kcn/kcn-long-hau-tan-tap-tay-ninh","2026-09-10","Huyện Cần Giuộc",,,"long hau tan tap","https://kcn-kkt.com/kcn/kcn-long-hau-tan-tap-tay-ninh","discovery_reported_unverified",,"unresolved",FALSE,"not_verified","needs_identity_or_location_review",,,,,,"not_reported"
"kcn-kkt-kcn-long-hau-3-giai-doan-1","KCN Long Hậu 3 giai đoạn 1","industrial_park","80","KCN-KKT discovery (unverified)","https://kcn-kkt.com/kcn/kcn-long-hau-3-giai-doan-1","2026-09-10","Huyện Cần Giuộc",,,"long hau 3 giai doan 1","https://kcn-kkt.com/kcn/kcn-long-hau-3-giai-doan-1","discovery_reported_unverified",,"unresolved",FALSE,"not_verified","needs_identity_or_location_review",,,,,,"not_reported"
"kcn-kkt-kcn-long-hau-giai-doan-2-mo-rong","KCN Long Hậu giai đoạn 2 mở rộng","industrial_park","80","KCN-KKT discovery (unverified)","https://kcn-kkt.com/kcn/kcn-long-hau-giai-doan-2-mo-rong","2026-09-10","Huyện Cần Giuộc",,,"long hau giai doan 2 mo rong","https://kcn-kkt.com/kcn/kcn-long-hau-giai-doan-2-mo-rong","discovery_reported_unverified",,"unresolved",FALSE,"not_verified","needs_identity_or_location_review",,,,,,"not_reported"
"kcn-kkt-kcn-loc-giang","KCN Lộc Giang","industrial_park","80","KCN-KKT discovery (unverified)","https://kcn-kkt.com/kcn/kcn-loc-giang","2026-09-10","Huyện Độc Hòa",,,"loc giang","https://kcn-kkt.com/kcn/kcn-loc-giang","discovery_reported_unverified",,"unresolved",FALSE,"not_verified","needs_identity_or_location_review",,,,,,"not_reported"
"kcn-kkt-kcn-luong-binh","KCN Lương Bình","industrial_park","80","KCN-KKT discovery (unverified)","https://kcn-kkt.com/kcn/kcn-luong-binh","2026-09-10","Huyện Bến Lức",,,"luong binh","https://kcn-kkt.com/kcn/kcn-luong-binh","discovery_reported_unverified",,"unresolved",FALSE,"not_verified","needs_identity_or_location_review",,,,,,"not_reported"
"kcn-kkt-kcn-luong-hoa-tan-hoa-tan-buu","KCN Lương Hòa - Tân Hòa - Tân Bưu","industrial_park","80","KCN-KKT discovery (unverified)","https://kcn-kkt.com/kcn/kcn-luong-hoa-tan-hoa-tan-buu","2026-09-10","Huyện Bến Lức",,,"luong hoa tan hoa tan buu","https://kcn-kkt.com/kcn/kcn-luong-hoa-tan-hoa-tan-buu","discovery_reported_unverified",,"unresolved",FALSE,"not_verified","needs_identity_or_location_review",,,,,,"not_reported"
"kcn-kkt-kcn-my-an","KCN Mỹ An","industrial_park","80","KCN-KKT discovery (unverified)","https://kcn-kkt.com/kcn/kcn-my-an","2026-09-10","Huyện Thủ Thừa",,,"my an","https://kcn-kkt.com/kcn/kcn-my-an","discovery_reported_unverified",,"unresolved",FALSE,"not_verified","needs_identity_or_location_review",,,,,,"not_reported"
"kcn-kkt-kcn-my-an-giai-doan-2","KCN Mỹ An giai đoạn 2","industrial_park","80","KCN-KKT discovery (unverified)","https://kcn-kkt.com/kcn/kcn-my-an-giai-doan-2","2026-09-10","Huyện Thủ Thừa",,,"my an giai doan 2","https://kcn-kkt.com/kcn/kcn-my-an-giai-doan-2","discovery_reported_unverified",,"unresolved",FALSE,"not_verified","needs_identity_or_location_review",,,,,,"not_reported"
"kcn-kkt-kcn-my-quy-dong-my-thanh-bac","KCN Mỹ Quý Đông - Mỹ Thạnh Bắc","industrial_park","80","KCN-KKT discovery (unverified)","https://kcn-kkt.com/kcn/kcn-my-quy-dong-my-thanh-bac","2026-09-10","Huyện Độc Huệ",,,"my quy dong my thanh bac","https://kcn-kkt.com/kcn/kcn-my-quy-dong-my-thanh-bac","discovery_reported_unverified",,"unresolved",FALSE,"not_verified","needs_identity_or_location_review",,,,,,"not_reported"
"kcn-kkt-kcn-my-quy-tay","KCN Mỹ Quý Tây","industrial_park","80","KCN-KKT discovery (unverified)","https://kcn-kkt.com/kcn/kcn-my-quy-tay","2026-09-10","Huyện Độc Huệ",,,"my quy tay","https://kcn-kkt.com/kcn/kcn-my-quy-tay","discovery_reported_unverified",,"unresolved",FALSE,"not_verified","needs_identity_or_location_review",,,,,,"not_reported"
"kcn-kkt-kcn-nam-tan-tap","KCN Nam Tân Tập","industrial_park","80","KCN-KKT discovery (unverified)","https://kcn-kkt.com/kcn/kcn-nam-tan-tap","2026-09-10","Huyện Cần Giuộc",,,"nam tan tap","https://kcn-kkt.com/kcn/kcn-nam-tan-tap","discovery_reported_unverified",,"unresolved",FALSE,"not_verified","needs_identity_or_location_review",,,,,,"not_reported"
"kcn-kkt-kcn-nhat-ninh","KCN Nhật Ninh","industrial_park","80","KCN-KKT discovery (unverified)","https://kcn-kkt.com/kcn/kcn-nhat-ninh","2026-09-10","Huyện Tân Trụ",,,"nhat ninh","https://kcn-kkt.com/kcn/kcn-nhat-ninh","discovery_reported_unverified",,"unresolved",FALSE,"not_verified","needs_identity_or_location_review",,,,,,"not_reported"
"kcn-kkt-kcn-nhut-ninh","KCN Nhựt Ninh","industrial_park","80","KCN-KKT discovery (unverified)","https://kcn-kkt.com/kcn/kcn-nhut-ninh","2026-09-10","Xã Vàm Cỏ",,,"nhut ninh","https://kcn-kkt.com/kcn/kcn-nhut-ninh","discovery_reported_unverified",,"unresolved",FALSE,"not_verified","needs_identity_or_location_review",,,,,,"not_reported"
"kcn-kkt-kcn-phu-an-thanh-giai-doan-2","KCN Phú An Thạnh giai đoạn 2","industrial_park","80","KCN-KKT discovery (unverified)","https://kcn-kkt.com/kcn/kcn-phu-an-thanh-giai-doan-2","2026-09-10","Huyện Bến Lức",,,"phu an thanh giai doan 2","https://kcn-kkt.com/kcn/kcn-phu-an-thanh-giai-doan-2","discovery_reported_unverified",,"unresolved",FALSE,"not_verified","needs_identity_or_location_review",,,,,,"not_reported"
"kcn-kkt-kcn-phu-ngai-tri","KCN Phủ Ngái Trị","industrial_park","80","KCN-KKT discovery (unverified)","https://kcn-kkt.com/kcn/kcn-phu-ngai-tri","2026-09-10","Huyện Châu Thành",,,"phu ngai tri","https://kcn-kkt.com/kcn/kcn-phu-ngai-tri","discovery_reported_unverified",,"unresolved",FALSE,"not_verified","needs_identity_or_location_review",,,,,,"not_reported"
"kcn-kkt-kcn-phuc-long","KCN Phúc Long","industrial_park","80","KCN-KKT discovery (unverified)","https://kcn-kkt.com/kcn/kcn-phuc-long","2026-09-10","Huyện Bến Lức",,,"phuc long","https://kcn-kkt.com/kcn/kcn-phuc-long","discovery_reported_unverified",,"unresolved",FALSE,"not_verified","needs_identity_or_location_review",,,,,,"not_reported"
"kcn-kkt-kcn-phuc-long-mo-rong","KCN Phúc Long mở rộng","industrial_park","80","KCN-KKT discovery (unverified)","https://kcn-kkt.com/kcn/kcn-phuc-long-mo-rong","2026-09-10","Huyện Bến Lức, Huyện Cần Dước",,,"phuc long mo rong","https://kcn-kkt.com/kcn/kcn-phuc-long-mo-rong","discovery_reported_unverified",,"unresolved",FALSE,"not_verified","needs_identity_or_location_review",,,,,,"not_reported"
"kcn-kkt-kcn-phuoc-tan-hung","KCN Phước Tân Hưng","industrial_park","80","KCN-KKT discovery (unverified)","https://kcn-kkt.com/kcn/kcn-phuoc-tan-hung","2026-09-10","Huyện Châu Thành",,,"phuoc tan hung","https://kcn-kkt.com/kcn/kcn-phuoc-tan-hung","discovery_reported_unverified",,"unresolved",FALSE,"not_verified","needs_identity_or_location_review",,,,,,"not_reported"
"kcn-kkt-kcn-phuoc-vinh-dong","KCN Phước Vĩnh Đông","industrial_park","80","KCN-KKT discovery (unverified)","https://kcn-kkt.com/kcn/kcn-phuoc-vinh-dong","2026-09-10","Huyện Cần Giuộc",,,"phuoc vinh dong","https://kcn-kkt.com/kcn/kcn-phuoc-vinh-dong","discovery_reported_unverified",,"unresolved",FALSE,"not_verified","needs_identity_or_location_review",,,,,,"not_reported"
"kcn-kkt-kcn-prodezi","KCN Prodezi","industrial_park","80","KCN-KKT discovery (unverified)","https://kcn-kkt.com/kcn/kcn-prodezi","2026-09-10","Huyện Bến Lức",,,"prodezi","https://kcn-kkt.com/kcn/kcn-prodezi","discovery_reported_unverified",,"unresolved",FALSE,"not_verified","needs_identity_or_location_review",,,,,,"not_reported"
"kcn-kkt-kcn-quoc-te-truong-hai","KCN Quốc tế Trường Hải","industrial_park","80","KCN-KKT discovery (unverified)","https://kcn-kkt.com/kcn/kcn-quoc-te-truong-hai","2026-09-10","Huyện Độc Huệ",,,"quoc te truong hai","https://kcn-kkt.com/kcn/kcn-quoc-te-truong-hai","discovery_reported_unverified",,"unresolved",FALSE,"not_verified","needs_identity_or_location_review",,,,,,"not_reported"
"kcn-kkt-kcn-sai-gon-huu-thanh","KCN Sài Gòn - Hưu Thạnh","industrial_park","80","KCN-KKT discovery (unverified)","https://kcn-kkt.com/kcn/kcn-sai-gon-huu-thanh","2026-09-10","Huyện Độc Hoà",,,"sai gon huu thanh","https://kcn-kkt.com/kcn/kcn-sai-gon-huu-thanh","discovery_reported_unverified",,"unresolved",FALSE,"not_verified","needs_identity_or_location_review",,,,,,"not_reported"
"kcn-kkt-kcn-suntec-giai-doan-1","KCN Suntec giai đoạn 1","industrial_park","80","KCN-KKT discovery (unverified)","https://kcn-kkt.com/kcn/kcn-suntec-giai-doan-1","2026-09-10","Huyện Thủ Thừa",,,"suntec giai doan 1","https://kcn-kkt.com/kcn/kcn-suntec-giai-doan-1","discovery_reported_unverified",,"unresolved",FALSE,"not_verified","needs_identity_or_location_review",,,,,,"not_reported"
"kcn-kkt-kcn-suntec-giai-doan-2","KCN Suntec giai đoạn 2","industrial_park","80","KCN-KKT discovery (unverified)","https://kcn-kkt.com/kcn/kcn-suntec-giai-doan-2","2026-09-10","Huyện Thủ Thừa",,,"suntec giai doan 2","https://kcn-kkt.com/kcn/kcn-suntec-giai-doan-2","discovery_reported_unverified",,"unresolved",FALSE,"not_verified","needs_identity_or_location_review",,,,,,"not_reported"
"kcn-kkt-kcn-tandoland","KCN Tandoland","industrial_park","80","KCN-KKT discovery (unverified)","https://kcn-kkt.com/kcn/kcn-tandoland","2026-09-10","Huyện Bến Lức",,,"tandoland","https://kcn-kkt.com/kcn/kcn-tandoland","discovery_reported_unverified",,"unresolved",FALSE,"not_verified","needs_identity_or_location_review",,,,,,"not_reported"
"kcn-kkt-kcn-tan-doc","KCN Tân Độc","industrial_park","80","KCN-KKT discovery (unverified)","https://kcn-kkt.com/kcn/kcn-tan-doc","2026-09-10","Huyện Độc Hòa",,,"tan doc","https://kcn-kkt.com/kcn/kcn-tan-doc","discovery_reported_unverified",,"unresolved",FALSE,"not_verified","needs_identity_or_location_review",,,,,,"not_reported"
"kcn-kkt-kcn-tan-hoa-2","KCN Tân Hòa 2","industrial_park","80","KCN-KKT discovery (unverified)","https://kcn-kkt.com/kcn/kcn-tan-hoa-2","2026-09-10","Xã Lương Hòa",,,"tan hoa 2","https://kcn-kkt.com/kcn/kcn-tan-hoa-2","discovery_reported_unverified",,"unresolved",FALSE,"not_verified","needs_identity_or_location_review",,,,,,"not_reported"
"kcn-kkt-kcn-tan-lan-1","KCN Tân Lân 1","industrial_park","80","KCN-KKT discovery (unverified)","https://kcn-kkt.com/kcn/kcn-tan-lan-1","2026-09-10","Huyện Cần Dước",,,"tan lan 1","https://kcn-kkt.com/kcn/kcn-tan-lan-1","discovery_reported_unverified",,"unresolved",FALSE,"not_verified","needs_identity_or_location_review",,,,,,"not_reported"
"kcn-kkt-kcn-tan-lan-2","KCN Tân Lân 2","industrial_park","80","KCN-KKT discovery (unverified)","https://kcn-kkt.com/kcn/kcn-tan-lan-2","2026-09-10","Huyện Cần Dước",,,"tan lan 2","https://kcn-kkt.com/kcn/kcn-tan-lan-2","discovery_reported_unverified",,"unresolved",FALSE,"not_verified","needs_identity_or_location_review",,,,,,"not_reported"
"kcn-kkt-kcn-tan-lan-3","KCN Tân Lân 3","industrial_park","80","KCN-KKT discovery (unverified)","https://kcn-kkt.com/kcn/kcn-tan-lan-3","2026-09-10","Huyện Cần Dước",,,"tan lan 3","https://kcn-kkt.com/kcn/kcn-tan-lan-3","discovery_reported_unverified",,"unresolved",FALSE,"not_verified","needs_identity_or_location_review",,,,,,"not_reported"
"kcn-kkt-kcn-tan-long-tay-ninh","KCN Tân Long","industrial_park","80","KCN-KKT discovery (unverified)","https://kcn-kkt.com/kcn/kcn-tan-long-tay-ninh","2026-09-10","Huyện Thủ Thừa",,,"tan long","https://kcn-kkt.com/kcn/kcn-tan-long-tay-ninh","discovery_reported_unverified",,"unresolved",FALSE,"not_verified","needs_identity_or_location_review",,,,,,"not_reported"
"kcn-kkt-kcn-tan-phuoc-tay","KCN Tân Phước Tây","industrial_park","80","KCN-KKT discovery (unverified)","https://kcn-kkt.com/kcn/kcn-tan-phuoc-tay","2026-09-10","Huyện Tân Trụ",,,"tan phuoc tay","https://kcn-kkt.com/kcn/kcn-tan-phuoc-tay","discovery_reported_unverified",,"unresolved",FALSE,"not_verified","needs_identity_or_location_review",,,,,,"not_reported"
"kcn-kkt-kcn-tan-tap","KCN Tân Tập","industrial_park","80","KCN-KKT discovery (unverified)","https://kcn-kkt.com/kcn/kcn-tan-tap","2026-09-10","Huyện Cần Giuộc",,,"tan tap","https://kcn-kkt.com/kcn/kcn-tan-tap","discovery_reported_unverified",,"unresolved",FALSE,"not_verified","needs_identity_or_location_review",,,,,,"not_reported"
"kcn-kkt-kcn-tan-tap-2","KCN Tân Tập 2","industrial_park","80","KCN-KKT discovery (unverified)","https://kcn-kkt.com/kcn/kcn-tan-tap-2","2026-09-10","Huyện Cần Giuộc",,,"tan tap 2","https://kcn-kkt.com/kcn/kcn-tan-tap-2","discovery_reported_unverified",,"unresolved",FALSE,"not_verified","needs_identity_or_location_review",,,,,,"not_reported"
"kcn-kkt-kcn-thanh-duc","KCN Thạnh Đức","industrial_park","80","KCN-KKT discovery (unverified)","https://kcn-kkt.com/kcn/kcn-thanh-duc","2026-09-10","Huyện Gò Dầu và Dương Minh Châu",,,"thanh duc","https://kcn-kkt.com/kcn/kcn-thanh-duc","discovery_reported_unverified",,"unresolved",FALSE,"not_verified","needs_identity_or_location_review",,,,,,"not_reported"
"kcn-kkt-kcn-thanh-loi-thanh-hoa","KCN Thạnh Lợi - Thạnh Hóa","industrial_park","80","KCN-KKT discovery (unverified)","https://kcn-kkt.com/kcn/kcn-thanh-loi-thanh-hoa","2026-09-10","Huyện Bến Lức",,,"thanh loi thanh hoa","https://kcn-kkt.com/kcn/kcn-thanh-loi-thanh-hoa","discovery_reported_unverified",,"unresolved",FALSE,"not_verified","needs_identity_or_location_review",,,,,,"not_reported"
"kcn-kkt-kcn-thanh-loi-1","KCN Thạnh Lợi 1","industrial_park","80","KCN-KKT discovery (unverified)","https://kcn-kkt.com/kcn/kcn-thanh-loi-1","2026-09-10","Xã Thạnh Lợi",,,"thanh loi 1","https://kcn-kkt.com/kcn/kcn-thanh-loi-1","discovery_reported_unverified",,"unresolved",FALSE,"not_verified","needs_identity_or_location_review",,,,,,"not_reported"
"kcn-kkt-kcn-thanh-loi-2","KCN Thạnh Lợi 2","industrial_park","80","KCN-KKT discovery (unverified)","https://kcn-kkt.com/kcn/kcn-thanh-loi-2","2026-09-10","Xã Thạnh Lợi",,,"thanh loi 2","https://kcn-kkt.com/kcn/kcn-thanh-loi-2","discovery_reported_unverified",,"unresolved",FALSE,"not_verified","needs_identity_or_location_review",,,,,,"not_reported"
"kcn-kkt-kcn-thanh-loi-3-giai-doan-1","KCN Thạnh Lợi 3 giai đoạn 1","industrial_park","80","KCN-KKT discovery (unverified)","https://kcn-kkt.com/kcn/kcn-thanh-loi-3-giai-doan-1","2026-09-10","Xã Thạnh Lợi",,,"thanh loi 3 giai doan 1","https://kcn-kkt.com/kcn/kcn-thanh-loi-3-giai-doan-1","discovery_reported_unverified",,"unresolved",FALSE,"not_verified","needs_identity_or_location_review",,,,,,"not_reported"
"kcn-kkt-kcn-thanh-loi-3-giai-doan-2","KCN Thạnh Lợi 3 giai đoạn 2","industrial_park","80","KCN-KKT discovery (unverified)","https://kcn-kkt.com/kcn/kcn-thanh-loi-3-giai-doan-2","2026-09-10","Xã Thạnh Lợi",,,"thanh loi 3 giai doan 2","https://kcn-kkt.com/kcn/kcn-thanh-loi-3-giai-doan-2","discovery_reported_unverified",,"unresolved",FALSE,"not_verified","needs_identity_or_location_review",,,,,,"not_reported"
"kcn-kkt-kcn-thanh-loi-4-giai-doan-1","KCN Thạnh Lợi 4 giai đoạn 1","industrial_park","80","KCN-KKT discovery (unverified)","https://kcn-kkt.com/kcn/kcn-thanh-loi-4-giai-doan-1","2026-09-10","Xã Thạnh Lợi",,,"thanh loi 4 giai doan 1","https://kcn-kkt.com/kcn/kcn-thanh-loi-4-giai-doan-1","discovery_reported_unverified",,"unresolved",FALSE,"not_verified","needs_identity_or_location_review",,,,,,"not_reported"
"kcn-kkt-kcn-thanh-loi-4-giai-doan-2","KCN Thạnh Lợi 4 giai đoạn 2","industrial_park","80","KCN-KKT discovery (unverified)","https://kcn-kkt.com/kcn/kcn-thanh-loi-4-giai-doan-2","2026-09-10","Xã Thạnh Lợi",,,"thanh loi 4 giai doan 2","https://kcn-kkt.com/kcn/kcn-thanh-loi-4-giai-doan-2","discovery_reported_unverified",,"unresolved",FALSE,"not_verified","needs_identity_or_location_review",,,,,,"not_reported"
"kcn-kkt-kcn-thanh-loi-5","KCN Thạnh Lợi 5","industrial_park","80","KCN-KKT discovery (unverified)","https://kcn-kkt.com/kcn/kcn-thanh-loi-5","2026-09-10","Xã Thạnh Lợi",,,"thanh loi 5","https://kcn-kkt.com/kcn/kcn-thanh-loi-5","discovery_reported_unverified",,"unresolved",FALSE,"not_verified","needs_identity_or_location_review",,,,,,"not_reported"
"kcn-kkt-kcn-thanh-loi-6","KCN Thạnh Lợi 6","industrial_park","80","KCN-KKT discovery (unverified)","https://kcn-kkt.com/kcn/kcn-thanh-loi-6","2026-09-10","Xã Thạnh Lợi",,,"thanh loi 6","https://kcn-kkt.com/kcn/kcn-thanh-loi-6","discovery_reported_unverified",,"unresolved",FALSE,"not_verified","needs_identity_or_location_review",,,,,,"not_reported"
"kcn-kkt-kcn-thanh-thanh-cong-mo-rong","KCN Thạnh Thành Công mở rộng","industrial_park","80","KCN-KKT discovery (unverified)","https://kcn-kkt.com/kcn/kcn-thanh-thanh-cong-mo-rong","2026-09-10","Thị xã Trảng Bàng",,,"thanh thanh cong mo rong","https://kcn-kkt.com/kcn/kcn-thanh-thanh-cong-mo-rong","discovery_reported_unverified",,"unresolved",FALSE,"not_verified","needs_identity_or_location_review",,,,,,"not_reported"
"kcn-kkt-kcn-the-ky","KCN Thế Kỷ","industrial_park","80","KCN-KKT discovery (unverified)","https://kcn-kkt.com/kcn/kcn-the-ky","2026-09-10","Huyện Độc Hòa",,,"the ky","https://kcn-kkt.com/kcn/kcn-the-ky","discovery_reported_unverified",,"unresolved",FALSE,"not_verified","needs_identity_or_location_review",,,,,,"not_reported"
"kcn-kkt-kcn-thinh-phat","KCN Thịnh Phát","industrial_park","80","KCN-KKT discovery (unverified)","https://kcn-kkt.com/kcn/kcn-thinh-phat","2026-09-10","Huyện Bến Lức",,,"thinh phat","https://kcn-kkt.com/kcn/kcn-thinh-phat","discovery_reported_unverified",,"unresolved",FALSE,"not_verified","needs_identity_or_location_review",,,,,,"not_reported"
"kcn-kkt-kcn-thinh-phat-mo-rong","KCN Thịnh Phát mở rộng","industrial_park","80","KCN-KKT discovery (unverified)","https://kcn-kkt.com/kcn/kcn-thinh-phat-mo-rong","2026-09-10","Huyện Bến Lức",,,"thinh phat mo rong","https://kcn-kkt.com/kcn/kcn-thinh-phat-mo-rong","discovery_reported_unverified",,"unresolved",FALSE,"not_verified","needs_identity_or_location_review",,,,,,"not_reported"
"kcn-kkt-kcn-thu-thua","KCN Thủ Thừa","industrial_park","80","KCN-KKT discovery (unverified)","https://kcn-kkt.com/kcn/kcn-thu-thua","2026-09-10","Huyện Thủ Thừa",,,"thu thua","https://kcn-kkt.com/kcn/kcn-thu-thua","discovery_reported_unverified",,"unresolved",FALSE,"not_verified","needs_identity_or_location_review",,,,,,"not_reported"
"kcn-kkt-kcn-thu-thua-1","KCN Thủ Thừa 1","industrial_park","80","KCN-KKT discovery (unverified)","https://kcn-kkt.com/kcn/kcn-thu-thua-1","2026-09-10","Huyện Thủ Thừa",,,"thu thua 1","https://kcn-kkt.com/kcn/kcn-thu-thua-1","discovery_reported_unverified",,"unresolved",FALSE,"not_verified","needs_identity_or_location_review",,,,,,"not_reported"
"kcn-kkt-kcn-thu-thua-2","KCN Thủ Thừa 2","industrial_park","80","KCN-KKT discovery (unverified)","https://kcn-kkt.com/kcn/kcn-thu-thua-2","2026-09-10","Huyện Thủ Thừa",,,"thu thua 2","https://kcn-kkt.com/kcn/kcn-thu-thua-2","discovery_reported_unverified",,"unresolved",FALSE,"not_verified","needs_identity_or_location_review",,,,,,"not_reported"
"kcn-kkt-kcn-thuan-binh","KCN Thuận Bình","industrial_park","80","KCN-KKT discovery (unverified)","https://kcn-kkt.com/kcn/kcn-thuan-binh","2026-09-10","Huyện Thạnh Hoá",,,"thuan binh","https://kcn-kkt.com/kcn/kcn-thuan-binh","discovery_reported_unverified",,"unresolved",FALSE,"not_verified","needs_identity_or_location_review",,,,,,"not_reported"
"kcn-kkt-kcn-thuan-dao-2","KCN Thuận Đạo 2","industrial_park","80","KCN-KKT discovery (unverified)","https://kcn-kkt.com/kcn/kcn-thuan-dao-2","2026-09-10","Huyện Cần Dước",,,"thuan dao 2","https://kcn-kkt.com/kcn/kcn-thuan-dao-2","discovery_reported_unverified",,"unresolved",FALSE,"not_verified","needs_identity_or_location_review",,,,,,"not_reported"
"kcn-kkt-kcn-thuan-dao-mo-rong","KCN Thuận Đạo mở rộng","industrial_park","80","KCN-KKT discovery (unverified)","https://kcn-kkt.com/kcn/kcn-thuan-dao-mo-rong","2026-09-10","Huyện Cần Dước",,,"thuan dao mo rong","https://kcn-kkt.com/kcn/kcn-thuan-dao-mo-rong","discovery_reported_unverified",,"unresolved",FALSE,"not_verified","needs_identity_or_location_review",,,,,,"not_reported"
"kcn-kkt-kcn-thuan-my","KCN Thuận Mỹ","industrial_park","80","KCN-KKT discovery (unverified)","https://kcn-kkt.com/kcn/kcn-thuan-my","2026-09-10","Huyện Châu Thành",,,"thuan my","https://kcn-kkt.com/kcn/kcn-thuan-my","discovery_reported_unverified",,"unresolved",FALSE,"not_verified","needs_identity_or_location_review",,,,,,"not_reported"
"kcn-kkt-kcn-tmtc","KCN TMTC","industrial_park","80","KCN-KKT discovery (unverified)","https://kcn-kkt.com/kcn/kcn-tmtc","2026-09-10","Khu kinh tế cửa khẩu Mộc Bài",,,"tmtc","https://kcn-kkt.com/kcn/kcn-tmtc","discovery_reported_unverified",,"unresolved",FALSE,"not_verified","needs_identity_or_location_review",,,,,,"not_reported"
"kcn-kkt-kcn-tran-anh-tan-phu-giai-doan-1","KCN Trần Anh - Tân Phú giai đoạn 1","industrial_park","80","KCN-KKT discovery (unverified)","https://kcn-kkt.com/kcn/kcn-tran-anh-tan-phu-giai-doan-1","2026-09-10","Huyện Độc Hoà",,,"tran anh tan phu giai doan 1","https://kcn-kkt.com/kcn/kcn-tran-anh-tan-phu-giai-doan-1","discovery_reported_unverified",,"unresolved",FALSE,"not_verified","needs_identity_or_location_review",,,,,,"not_reported"
"kcn-kkt-kcn-tran-anh-tan-phu-giai-doan-2","KCN Trần Anh - Tân Phú giai đoạn 2","industrial_park","80","KCN-KKT discovery (unverified)","https://kcn-kkt.com/kcn/kcn-tran-anh-tan-phu-giai-doan-2","2026-09-10","Huyện Độc Hoà",,,"tran anh tan phu giai doan 2","https://kcn-kkt.com/kcn/kcn-tran-anh-tan-phu-giai-doan-2","discovery_reported_unverified",,"unresolved",FALSE,"not_verified","needs_identity_or_location_review",,,,,,"not_reported"
"kcn-kkt-kcn-vam-co","KCN Vàm Cỏ","industrial_park","80","KCN-KKT discovery (unverified)","https://kcn-kkt.com/kcn/kcn-vam-co","2026-09-10","Xã Vàm Cỏ và xã Tân Trụ",,,"vam co","https://kcn-kkt.com/kcn/kcn-vam-co","discovery_reported_unverified",,"unresolved",FALSE,"not_verified","needs_identity_or_location_review",,,,,,"not_reported"
"kcn-kkt-kcn-xuyen-a-giai-doan-1-va-2","KCN Xuyên Á giai đoạn 1 và 2","industrial_park","80","KCN-KKT discovery (unverified)","https://kcn-kkt.com/kcn/kcn-xuyen-a-giai-doan-1-va-2","2026-09-10","Huyện Độc Hoà",,,"xuyen a giai doan 1 va 2","https://kcn-kkt.com/kcn/kcn-xuyen-a-giai-doan-1-va-2","discovery_reported_unverified",,"unresolved",FALSE,"not_verified","needs_identity_or_location_review",,,,,,"not_reported"
"kcn-kkt-kcn-xuyen-a-giai-doan-3","KCN Xuyên Á giai đoạn 3","industrial_park","80","KCN-KKT discovery (unverified)","https://kcn-kkt.com/kcn/kcn-xuyen-a-giai-doan-3","2026-09-10","Huyện Độc Hoà",,,"xuyen a giai doan 3","https://kcn-kkt.com/kcn/kcn-xuyen-a-giai-doan-3","discovery_reported_unverified",,"unresolved",FALSE,"not_verified","needs_identity_or_location_review",,,,,,"not_reported"
"kcn-kkt-kcx-cn-linh-trung-iii","KCX & CN Lình Trung III","export_processing_zone","80","KCN-KKT discovery (unverified)","https://kcn-kkt.com/kcn/kcx-cn-linh-trung-iii","2026-09-10","Thị xã Trảng Bàng",,,"cn linh trung 3","https://kcn-kkt.com/kcn/kcx-cn-linh-trung-iii","discovery_reported_unverified",,"unresolved",FALSE,"not_verified","needs_identity_or_location_review",,,,,,"not_reported"
"kcn-kkt-khu-cong-nghiep-hoa-binh-long-an","KHU CÔNG NGHIỆP HÒA BÌNH - LONG AN","industrial_park","80","KCN-KKT discovery (unverified)","https://kcn-kkt.com/kcn/khu-cong-nghiep-hoa-binh-long-an","2026-09-10","Ap 7, xã Nhị Thành, huyện Thủ Thừa, tỉnh Long An",,,"hoa binh long an","https://kcn-kkt.com/kcn/khu-cong-nghiep-hoa-binh-long-an","discovery_reported_unverified",,"unresolved",FALSE,"not_verified","needs_identity_or_location_review",,,,,,"not_reported"
"kcn-kkt-kcn-do-thi-dich-vu-phu-binh-tong-dien-tich-900ha-trong-do-dat-kcn-la-675ha","KCN - độ thi - dịch vụ Phú Bình (tổng diện tích 900ha, trong đó đất KCN là 675ha)","industrial_park","19","KCN-KKT discovery (unverified)","https://kcn-kkt.com/kcn/kcn-do-thi-dich-vu-phu-binh-tong-dien-tich-900ha-trong-do-dat-kcn-la-675ha","2026-09-10","Huyện Phú Bình",,,"do thi dich vu phu binh tong dien tich 900ha trong do dat kcn la 675ha","https://kcn-kkt.com/kcn/kcn-do-thi-dich-vu-phu-binh-tong-dien-tich-900ha-trong-do-dat-kcn-la-675ha","discovery_reported_unverified",,"unresolved",FALSE,"not_verified","needs_identity_or_location_review",,,,,,"not_reported"
"kcn-kkt-kcn-do-thi-dich-vu-tay-pho-yen-quy-hoach-toan-khu-la-1-128ha-trong-do-co-868-ha-dat-kcn-260ha-dat-do-thi-dich-vu","KCN - đô thị - dịch vụ Tây Phổ Yên (Quy hoạch toàn khu là 1.128ha, trong đó có 868 ha đất KCN, 260ha đất đô thị - dịch vụ)","industrial_park","19","KCN-KKT discovery (unverified)","https://kcn-kkt.com/kcn/kcn-do-thi-dich-vu-tay-pho-yen-quy-hoach-toan-khu-la-1-128ha-trong-do-co-868-ha-dat-kcn-260ha-dat-do-thi-dich-vu","2026-09-10","Thành phố Phổ Yên",,,"do thi dich vu tay pho yen quy hoach toan khu la 1 128ha trong do co 868 ha dat kcn 260ha dat do thi dich vu","https://kcn-kkt.com/kcn/kcn-do-thi-dich-vu-tay-pho-yen-quy-hoach-toan-khu-la-1-128ha-trong-do-co-868-ha-dat-kcn-260ha-dat-do-thi-dich-vu","discovery_reported_unverified",,"unresolved",FALSE,"not_verified","needs_identity_or_location_review",,,,,,"not_reported"
"kcn-kkt-kcn-bach-thong","KCN Bạch Thông","industrial_park","19","KCN-KKT discovery (unverified)","https://kcn-kkt.com/kcn/kcn-bach-thong","2026-09-10","Huyện Bạch Thông",,,"bach thong","https://kcn-kkt.com/kcn/kcn-bach-thong","discovery_reported_unverified",,"unresolved",FALSE,"not_verified","needs_identity_or_location_review",,,,,,"not_reported"
"kcn-kkt-kcn-cho-moi-1","KCN Chợ Mới 1","industrial_park","19","KCN-KKT discovery (unverified)","https://kcn-kkt.com/kcn/kcn-cho-moi-1","2026-09-10","Huyện Chợ Mới",,,"cho moi 1","https://kcn-kkt.com/kcn/kcn-cho-moi-1","discovery_reported_unverified",,"unresolved",FALSE,"not_verified","needs_identity_or_location_review",,,,,,"not_reported"
"kcn-kkt-kcn-cho-moi-2","KCN Chợ Mới 2","industrial_park","19","KCN-KKT discovery (unverified)","https://kcn-kkt.com/kcn/kcn-cho-moi-2","2026-09-10","Huyện Chợ Mới",,,"cho moi 2","https://kcn-kkt.com/kcn/kcn-cho-moi-2","discovery_reported_unverified",,"unresolved",FALSE,"not_verified","needs_identity_or_location_review",,,,,,"not_reported"
"kcn-kkt-kcn-cho-moi-3","KCN Chợ Mới 3","industrial_park","19","KCN-KKT discovery (unverified)","https://kcn-kkt.com/kcn/kcn-cho-moi-3","2026-09-10","Huyện Chợ Mới",,,"cho moi 3","https://kcn-kkt.com/kcn/kcn-cho-moi-3","discovery_reported_unverified",,"unresolved",FALSE,"not_verified","needs_identity_or_location_review",,,,,,"not_reported"
"kcn-kkt-kcn-cho-moi-4","KCN Chợ Mới 4","industrial_park","19","KCN-KKT discovery (unverified)","https://kcn-kkt.com/kcn/kcn-cho-moi-4","2026-09-10","Huyện Chợ Mới",,,"cho moi 4","https://kcn-kkt.com/kcn/kcn-cho-moi-4","discovery_reported_unverified",,"unresolved",FALSE,"not_verified","needs_identity_or_location_review",,,,,,"not_reported"
"kcn-kkt-kcn-cho-moi-5","KCN Chợ Mới 5","industrial_park","19","KCN-KKT discovery (unverified)","https://kcn-kkt.com/kcn/kcn-cho-moi-5","2026-09-10","Huyện Chợ Mới",,,"cho moi 5","https://kcn-kkt.com/kcn/kcn-cho-moi-5","discovery_reported_unverified",,"unresolved",FALSE,"not_verified","needs_identity_or_location_review",,,,,,"not_reported"
"kcn-kkt-kcn-nam-pho-yen","KCN Nam Phổ Yên","industrial_park","19","KCN-KKT discovery (unverified)","https://kcn-kkt.com/kcn/kcn-nam-pho-yen","2026-09-10","Thành phố Phổ Yên",,,"nam pho yen","https://kcn-kkt.com/kcn/kcn-nam-pho-yen","discovery_reported_unverified",,"unresolved",FALSE,"not_verified","needs_identity_or_location_review",,,,,,"not_reported"
"kcn-kkt-kcn-quyet-thang","KCN Quyết Thắng","industrial_park","19","KCN-KKT discovery (unverified)","https://kcn-kkt.com/kcn/kcn-quyet-thang","2026-09-10","TP Thái Nguyên",,,"quyet thang","https://kcn-kkt.com/kcn/kcn-quyet-thang","discovery_reported_unverified",,"unresolved",FALSE,"not_verified","needs_identity_or_location_review",,,,,,"not_reported"
"kcn-kkt-kcn-song-cong-ii-giai-doan-2","KCN Sông Công II giai đoạn 2","industrial_park","19","KCN-KKT discovery (unverified)","https://kcn-kkt.com/kcn/kcn-song-cong-ii-giai-doan-2","2026-09-10","Thành phố Sông Công",,,"song cong 2 giai doan 2","https://kcn-kkt.com/kcn/kcn-song-cong-ii-giai-doan-2","discovery_reported_unverified",,"unresolved",FALSE,"not_verified","needs_identity_or_location_review",,,,,,"not_reported"
"kcn-kkt-kcn-thanh-binh-giai-doan-i","KCN Thanh Bình - Giai đoạn I","industrial_park","19","KCN-KKT discovery (unverified)","https://kcn-kkt.com/kcn/kcn-thanh-binh-giai-doan-i","2026-09-10","Huyện Chợ Mới",,,"thanh binh giai doan 1","https://kcn-kkt.com/kcn/kcn-thanh-binh-giai-doan-i","discovery_reported_unverified",,"unresolved",FALSE,"not_verified","needs_identity_or_location_review",,,,,,"not_reported"
"kcn-kkt-kcn-thanh-binh-giai-doan-ii","KCN Thanh Bình - Giai đoạn II","industrial_park","19","KCN-KKT discovery (unverified)","https://kcn-kkt.com/kcn/kcn-thanh-binh-giai-doan-ii","2026-09-10","Huyện Chợ Mới",,,"thanh binh giai doan 2","https://kcn-kkt.com/kcn/kcn-thanh-binh-giai-doan-ii","discovery_reported_unverified",,"unresolved",FALSE,"not_verified","needs_identity_or_location_review",,,,,,"not_reported"
"kcn-kkt-kcn-thuong-dinh","KCN Thương Định","industrial_park","19","KCN-KKT discovery (unverified)","https://kcn-kkt.com/kcn/kcn-thuong-dinh","2026-09-10","Huyện Phú Bình",,,"thuong dinh","https://kcn-kkt.com/kcn/kcn-thuong-dinh","discovery_reported_unverified",,"unresolved",FALSE,"not_verified","needs_identity_or_location_review",,,,,,"not_reported"
"kcn-kkt-kcn-yen-binh-2","KCN Yên Bình 2","industrial_park","19","KCN-KKT discovery (unverified)","https://kcn-kkt.com/kcn/kcn-yen-binh-2","2026-09-10","Thành phố Phổ Yên và Phú Bình",,,"yen binh 2","https://kcn-kkt.com/kcn/kcn-yen-binh-2","discovery_reported_unverified",,"unresolved",FALSE,"not_verified","needs_identity_or_location_review",,,,,,"not_reported"
"kcn-kkt-kcn-yen-binh-3","KCN Yên Bình 3","industrial_park","19","KCN-KKT discovery (unverified)","https://kcn-kkt.com/kcn/kcn-yen-binh-3","2026-09-10","Huyện Phú Bình",,,"yen binh 3","https://kcn-kkt.com/kcn/kcn-yen-binh-3","discovery_reported_unverified",,"unresolved",FALSE,"not_verified","needs_identity_or_location_review",,,,,,"not_reported"
"kcn-kkt-ben-cang-chuyen-dung-nha-may-nhiet-dien-nghi-son-2","Bến cảng chuyên dùng Nhà máy Nhiệt điện Nghi Sơn 2","unclassified","38","KCN-KKT discovery (unverified)","https://kcn-kkt.com/kcn/ben-cang-chuyen-dung-nha-may-nhiet-dien-nghi-son-2","2026-09-10","Xã Hải Hà, khu Kinh tế Nghi Sơn, thị xã Nghi Sơn, tỉnh Thanh Hóa",,,"ben cang chuyen dung nha may nhiet dien nghi son 2","https://kcn-kkt.com/kcn/ben-cang-chuyen-dung-nha-may-nhiet-dien-nghi-son-2","discovery_reported_unverified",,"unresolved",FALSE,"not_verified","needs_identity_or_location_review",,,,,,"not_reported"
"kcn-kkt-ben-cang-chuyen-dung-nha-may-xi-mang-nghi-son","Bến cảng chuyên dùng Nhà máy xi măng Nghi Sơn","unclassified","38","KCN-KKT discovery (unverified)","https://kcn-kkt.com/kcn/ben-cang-chuyen-dung-nha-may-xi-mang-nghi-son","2026-09-10","Xã Hải Thương, huyện Tịnh Gia, Thanh Hóa",,,"ben cang chuyen dung nha may xi mang nghi son","https://kcn-kkt.com/kcn/ben-cang-chuyen-dung-nha-may-xi-mang-nghi-son","discovery_reported_unverified",,"unresolved",FALSE,"not_verified","needs_identity_or_location_review",,,,,,"not_reported"
"kcn-kkt-ben-cang-lo-mon","Bến cảng Lộ Môn","unclassified","38","KCN-KKT discovery (unverified)","https://kcn-kkt.com/kcn/ben-cang-lo-mon","2026-09-10","Phương Quảng Hưng, TP Thanh Hóa, Thanh Hóa",,,"ben cang lo mon","https://kcn-kkt.com/kcn/ben-cang-lo-mon","discovery_reported_unverified",,"unresolved",FALSE,"not_verified","needs_identity_or_location_review",,,,,,"not_reported"
"kcn-kkt-ben-cang-nha-may-loc-hoa-dau-nghi-son","Bến cảng Nhà máy Lọc hóa dầu Nghi Sơn","unclassified","38","KCN-KKT discovery (unverified)","https://kcn-kkt.com/kcn/ben-cang-nha-may-loc-hoa-dau-nghi-son","2026-09-10","Xã Hải Yên, huyện Tịnh Gia, Thanh Hóa",,,"ben cang nha may loc hoa dau nghi son","https://kcn-kkt.com/kcn/ben-cang-nha-may-loc-hoa-dau-nghi-son","discovery_reported_unverified",,"unresolved",FALSE,"not_verified","needs_identity_or_location_review",,,,,,"not_reported"
"kcn-kkt-ben-cang-nhiet-dien-nghi-son-1","Bến cảng Nhiệt điện Nghi Sơn 1","unclassified","38","KCN-KKT discovery (unverified)","https://kcn-kkt.com/kcn/ben-cang-nhiet-dien-nghi-son-1","2026-09-10","Xã Hải Hà, huyện Tịnh Gia, Thanh Hóa",,,"ben cang nhiet dien nghi son 1","https://kcn-kkt.com/kcn/ben-cang-nhiet-dien-nghi-son-1","discovery_reported_unverified",,"unresolved",FALSE,"not_verified","needs_identity_or_location_review",,,,,,"not_reported"
"kcn-kkt-ben-cang-quoc-te-nghi-son","Bến cảng quốc tế Nghi Sơn","unclassified","38","KCN-KKT discovery (unverified)","https://kcn-kkt.com/kcn/ben-cang-quoc-te-nghi-son","2026-09-10","Xã Hải Hà, huyện Tịnh Gia, Thanh Hóa",,,"ben cang quoc te nghi son","https://kcn-kkt.com/kcn/ben-cang-quoc-te-nghi-son","discovery_reported_unverified",,"unresolved",FALSE,"not_verified","needs_identity_or_location_review",,,,,,"not_reported"
"kcn-kkt-ben-cang-thuoc-du-an-khu-phat-trien-gaslng-va-cac-loai-hinh-phu-tro-loc-hoa-dau-nghi-son","Bến cảng thuộc Dự án Khu phát triển GasLNG và các loại hình phụ trợ lọc hoá dầu Nghi Sơn","unclassified","38","KCN-KKT discovery (unverified)","https://kcn-kkt.com/kcn/ben-cang-thuoc-du-an-khu-phat-trien-gaslng-va-cac-loai-hinh-phu-tro-loc-hoa-dau-nghi-son","2026-09-10","Khu Kinh tế Nghi Sơn, tỉnh Thanh Hóa",,,"ben cang thuoc du an khu phat trien gaslng va cac loai hinh phu tro loc hoa dau nghi son","https://kcn-kkt.com/kcn/ben-cang-thuoc-du-an-khu-phat-trien-gaslng-va-cac-loai-hinh-phu-tro-loc-hoa-dau-nghi-son","discovery_reported_unverified",,"unresolved",FALSE,"not_verified","needs_identity_or_location_review",,,,,,"not_reported"
"kcn-kkt-ben-cang-tong-hop-long-son","Bến cảng tổng hợp Long Sơn","unclassified","38","KCN-KKT discovery (unverified)","https://kcn-kkt.com/kcn/ben-cang-tong-hop-long-son","2026-09-10","Tịnh Gia, Thanh Hoá",,,"ben cang tong hop long son","https://kcn-kkt.com/kcn/ben-cang-tong-hop-long-son","discovery_reported_unverified",,"unresolved",FALSE,"not_verified","needs_identity_or_location_review",,,,,,"not_reported"
"kcn-kkt-ben-cang-tong-hop-nghi-son","Bến cảng tổng hợp Nghi Sơn","unclassified","38","KCN-KKT discovery (unverified)","https://kcn-kkt.com/kcn/ben-cang-tong-hop-nghi-son","2026-09-10","Xã Nghi Sơn, huyện Tịnh Gia, Thanh Hóa",,,"ben cang tong hop nghi son","https://kcn-kkt.com/kcn/ben-cang-tong-hop-nghi-son","discovery_reported_unverified",,"unresolved",FALSE,"not_verified","needs_identity_or_location_review",,,,,,"not_reported"
"kcn-kkt-ben-cang-xang-dau-quang-hung","Bến cảng xăng dầu Quảng Hưng","unclassified","38","KCN-KKT discovery (unverified)","https://kcn-kkt.com/kcn/ben-cang-xang-dau-quang-hung","2026-09-10","Phương Quảng Hưng, TP Thanh Hóa, Thanh Hóa",,,"ben cang xang dau quang hung","https://kcn-kkt.com/kcn/ben-cang-xang-dau-quang-hung","discovery_reported_unverified",,"unresolved",FALSE,"not_verified","needs_identity_or_location_review",,,,,,"not_reported"
"kcn-kkt-kcn-bai-tranh","KCN Bái Trạnh","industrial_park","38","KCN-KKT discovery (unverified)","https://kcn-kkt.com/kcn/kcn-bai-tranh","2026-09-10","xã Xuân Bình, huyện Như Xuân",,,"bai tranh","https://kcn-kkt.com/kcn/kcn-bai-tranh","discovery_reported_unverified",,"unresolved",FALSE,"not_verified","needs_identity_or_location_review",,,,,,"not_reported"
"kcn-kkt-kcn-bac-hoang-hoa","KCN Bắc Hoàng Hóa","industrial_park","38","KCN-KKT discovery (unverified)","https://kcn-kkt.com/kcn/kcn-bac-hoang-hoa","2026-09-10","huyện Hoàng Hóa",,,"bac hoang hoa","https://kcn-kkt.com/kcn/kcn-bac-hoang-hoa","discovery_reported_unverified",,"unresolved",FALSE,"not_verified","needs_identity_or_location_review",,,,,,"not_reported"
"kcn-kkt-kcn-bim-son","KCN Bìm Sơn","industrial_park","38","KCN-KKT discovery (unverified)","https://kcn-kkt.com/kcn/kcn-bim-son","2026-09-10","Thị xã Bìm Sơn",,,"bim son","https://kcn-kkt.com/kcn/kcn-bim-son","discovery_reported_unverified",,"unresolved",FALSE,"not_verified","needs_identity_or_location_review",,,,,,"not_reported"
"kcn-kkt-kcn-da-loc","KCN Đa Lộc","industrial_park","38","KCN-KKT discovery (unverified)","https://kcn-kkt.com/kcn/kcn-da-loc","2026-09-10","huyện Hầu Lộc",,,"da loc","https://kcn-kkt.com/kcn/kcn-da-loc","discovery_reported_unverified",,"unresolved",FALSE,"not_verified","needs_identity_or_location_review",,,,,,"not_reported"
"kcn-kkt-kcn-dinh-huong-tay-bac-ga","KCN Định Hương - Tây Bắc Ga","industrial_park","38","KCN-KKT discovery (unverified)","https://kcn-kkt.com/kcn/kcn-dinh-huong-tay-bac-ga","2026-09-10","xã Đông Cương, phường Đông Tho, thành phố Thanh Hóa",,,"dinh huong tay bac ga","https://kcn-kkt.com/kcn/kcn-dinh-huong-tay-bac-ga","discovery_reported_unverified",,"unresolved",FALSE,"not_verified","needs_identity_or_location_review",,,,,,"not_reported"
"kcn-kkt-kcn-giang-quang-thinh","KCN Giang Quang Thịnh","industrial_park","38","KCN-KKT discovery (unverified)","https://kcn-kkt.com/kcn/kcn-giang-quang-thinh","2026-09-10","huyện Thiệu Hóa",,,"giang quang thinh","https://kcn-kkt.com/kcn/kcn-giang-quang-thinh","discovery_reported_unverified",,"unresolved",FALSE,"not_verified","needs_identity_or_location_review",,,,,,"not_reported"
"kcn-kkt-kcn-ha-linh","KCN Hà Lĩnh","industrial_park","38","KCN-KKT discovery (unverified)","https://kcn-kkt.com/kcn/kcn-ha-linh","2026-09-10","huyện Hà Trung",,,"ha linh","https://kcn-kkt.com/kcn/kcn-ha-linh","discovery_reported_unverified",,"unresolved",FALSE,"not_verified","needs_identity_or_location_review",,,,,,"not_reported"
"kcn-kkt-kcn-ha-long","KCN Hà Long","industrial_park","38","KCN-KKT discovery (unverified)","https://kcn-kkt.com/kcn/kcn-ha-long","2026-09-10","huyện Hà Trung",,,"ha long","https://kcn-kkt.com/kcn/kcn-ha-long","discovery_reported_unverified",,"unresolved",FALSE,"not_verified","needs_identity_or_location_review",,,,,,"not_reported"
"kcn-kkt-kcn-lam-son-sao-vang","KCN Lam Sơn - Sao Vàng","industrial_park","38","KCN-KKT discovery (unverified)","https://kcn-kkt.com/kcn/kcn-lam-son-sao-vang","2026-09-10","Thị trấn Sao vàng, Thọ Xuân",,,"lam son sao vang","https://kcn-kkt.com/kcn/kcn-lam-son-sao-vang","discovery_reported_unverified",,"unresolved",FALSE,"not_verified","needs_identity_or_location_review",,,,,,"not_reported"
"kcn-kkt-kcn-luu-binh","KCN Lưu Bình","industrial_park","38","KCN-KKT discovery (unverified)","https://kcn-kkt.com/kcn/kcn-luu-binh","2026-09-10","huyện Quảng Xương",,,"luu binh","https://kcn-kkt.com/kcn/kcn-luu-binh","discovery_reported_unverified",,"unresolved",FALSE,"not_verified","needs_identity_or_location_review",,,,,,"not_reported"
"kcn-kkt-kcn-nga-tan","KCN Nga Tân","industrial_park","38","KCN-KKT discovery (unverified)","https://kcn-kkt.com/kcn/kcn-nga-tan","2026-09-10","huyện Nga Sơn",,,"nga tan","https://kcn-kkt.com/kcn/kcn-nga-tan","discovery_reported_unverified",,"unresolved",FALSE,"not_verified","needs_identity_or_location_review",,,,,,"not_reported"
"kcn-kkt-kcn-ngoc-lac","KCN Ngọc Lặc","industrial_park","38","KCN-KKT discovery (unverified)","https://kcn-kkt.com/kcn/kcn-ngoc-lac","2026-09-10","huyện Ngọc Lặc",,,"ngoc lac","https://kcn-kkt.com/kcn/kcn-ngoc-lac","discovery_reported_unverified",,"unresolved",FALSE,"not_verified","needs_identity_or_location_review",,,,,,"not_reported"
"kcn-kkt-kcn-phia-tay","KCN phía Tây","industrial_park","38","KCN-KKT discovery (unverified)","https://kcn-kkt.com/kcn/kcn-phia-tay","2026-09-10","TP.Thanh Hóa",,,"phia tay","https://kcn-kkt.com/kcn/kcn-phia-tay","discovery_reported_unverified",,"unresolved",FALSE,"not_verified","needs_identity_or_location_review",,,,,,"not_reported"
"kcn-kkt-kcn-phong-ninh","KCN Phong Ninh","industrial_park","38","KCN-KKT discovery (unverified)","https://kcn-kkt.com/kcn/kcn-phong-ninh","2026-09-10","huyện Yên Định",,,"phong ninh","https://kcn-kkt.com/kcn/kcn-phong-ninh","discovery_reported_unverified",,"unresolved",FALSE,"not_verified","needs_identity_or_location_review",,,,,,"not_reported"
"kcn-kkt-kcn-phu-quy","KCN Phủ Quý","industrial_park","38","KCN-KKT discovery (unverified)","https://kcn-kkt.com/kcn/kcn-phu-quy","2026-09-10","huyện Hoàng Hóa",,,"phu quy","https://kcn-kkt.com/kcn/kcn-phu-quy","discovery_reported_unverified",,"unresolved",FALSE,"not_verified","needs_identity_or_location_review",,,,,,"not_reported"
"kcn-kkt-kcn-thach-quang","KCN Thạch Quảng","industrial_park","38","KCN-KKT discovery (unverified)","https://kcn-kkt.com/kcn/kcn-thach-quang","2026-09-10","xã Thạch Quảng, huyện Thạch Thành",,,"thach quang","https://kcn-kkt.com/kcn/kcn-thach-quang","discovery_reported_unverified",,"unresolved",FALSE,"not_verified","needs_identity_or_location_review",,,,,,"not_reported"
"kcn-kkt-kcn-tuong-linh","KCN Tương Linh","industrial_park","38","KCN-KKT discovery (unverified)","https://kcn-kkt.com/kcn/kcn-tuong-linh","2026-09-10","huyện Nông Công",,,"tuong linh","https://kcn-kkt.com/kcn/kcn-tuong-linh","discovery_reported_unverified",,"unresolved",FALSE,"not_verified","needs_identity_or_location_review",,,,,,"not_reported"
"kcn-kkt-kcn-va-do-thi-hoang-long","KCN và đô thị Hoàng Long","industrial_park","38","KCN-KKT discovery (unverified)","https://kcn-kkt.com/kcn/kcn-va-do-thi-hoang-long","2026-09-10","TP. Thanh Hóa",,,"va do thi hoang long","https://kcn-kkt.com/kcn/kcn-va-do-thi-hoang-long","discovery_reported_unverified",,"unresolved",FALSE,"not_verified","needs_identity_or_location_review",,,,,,"not_reported"
"kcn-kkt-kcn-an-ha","KCN An Hạ","industrial_park",,"KCN-KKT discovery (unverified)","https://kcn-kkt.com/kcn/kcn-an-ha","2026-09-10","Huyện Bình Chánh",,,"an ha","https://kcn-kkt.com/kcn/kcn-an-ha","discovery_reported_unverified",,"review_ambiguous",FALSE,"not_verified","needs_identity_or_location_review","osm_way_516578020","exact_name_needs_province_or_identity_review",,,,"not_reported"
"kcn-kkt-kcn-an-phu-ho-chi-minh","KCN An Phú","industrial_park",,"KCN-KKT discovery (unverified)","https://kcn-kkt.com/kcn/kcn-an-phu-ho-chi-minh","2026-09-10","Huyện Củ Chi",,,"an phu","https://kcn-kkt.com/kcn/kcn-an-phu-ho-chi-minh","discovery_reported_unverified",,"review_ambiguous",FALSE,"not_verified","needs_identity_or_location_review","osm_way_693435724","exact_name_needs_province_or_identity_review",,,,"not_reported"
"kcn-kkt-kcn-bau-bang-3","KCN Bàu Bàng 3","industrial_park",,"KCN-KKT discovery (unverified)","https://kcn-kkt.com/kcn/kcn-bau-bang-3","2026-09-10","Huyện Bàu Bàng",,,"bau bang 3","https://kcn-kkt.com/kcn/kcn-bau-bang-3","discovery_reported_unverified",,"unresolved",FALSE,"not_verified","needs_identity_or_location_review",,,,,,"not_reported"
"kcn-kkt-kcn-bau-bang-4","KCN Bàu Bàng 4","industrial_park",,"KCN-KKT discovery (unverified)","https://kcn-kkt.com/kcn/kcn-bau-bang-4","2026-09-10","Huyện Bàu Bàng",,,"bau bang 4","https://kcn-kkt.com/kcn/kcn-bau-bang-4","discovery_reported_unverified",,"unresolved",FALSE,"not_verified","needs_identity_or_location_review",,,,,,"not_reported"
"kcn-kkt-kcn-bau-bang-5","KCN Bàu Bàng 5","industrial_park",,"KCN-KKT discovery (unverified)","https://kcn-kkt.com/kcn/kcn-bau-bang-5","2026-09-10","Huyện Bàu Bàng",,,"bau bang 5","https://kcn-kkt.com/kcn/kcn-bau-bang-5","discovery_reported_unverified",,"unresolved",FALSE,"not_verified","needs_identity_or_location_review",,,,,,"not_reported"
"kcn-kkt-kcn-bau-bang-va-mo-rong","KCN Bàu Bàng và mở rộng","industrial_park",,"KCN-KKT discovery (unverified)","https://kcn-kkt.com/kcn/kcn-bau-bang-va-mo-rong","2026-09-10","Bàu Bàng, Dầu Tiếng",,,"bau bang va mo rong","https://kcn-kkt.com/kcn/kcn-bau-bang-va-mo-rong","discovery_reported_unverified",,"unresolved",FALSE,"not_verified","needs_identity_or_location_review",,,,,,"not_reported"
"kcn-kkt-kcn-bac-chau-doc-1","KCN Bắc Châu Độc 1","industrial_park",,"KCN-KKT discovery (unverified)","https://kcn-kkt.com/kcn/kcn-bac-chau-doc-1","2026-09-10","Huyện Châu Độc",,,"bac chau doc 1","https://kcn-kkt.com/kcn/kcn-bac-chau-doc-1","discovery_reported_unverified",,"unresolved",FALSE,"not_verified","needs_identity_or_location_review",,,,,,"not_reported"
"kcn-kkt-kcn-bac-chau-doc-2","KCN Bắc Châu Độc 2","industrial_park",,"KCN-KKT discovery (unverified)","https://kcn-kkt.com/kcn/kcn-bac-chau-doc-2","2026-09-10","Huyện Châu Độc",,,"bac chau doc 2","https://kcn-kkt.com/kcn/kcn-bac-chau-doc-2","discovery_reported_unverified",,"unresolved",FALSE,"not_verified","needs_identity_or_location_review",,,,,,"not_reported"
"kcn-kkt-kcn-bac-chau-doc-3","KCN Bắc Châu Độc 3","industrial_park",,"KCN-KKT discovery (unverified)","https://kcn-kkt.com/kcn/kcn-bac-chau-doc-3","2026-09-10","Huyện Châu Độc",,,"bac chau doc 3","https://kcn-kkt.com/kcn/kcn-bac-chau-doc-3","discovery_reported_unverified",,"unresolved",FALSE,"not_verified","needs_identity_or_location_review",,,,,,"not_reported"
"kcn-kkt-kcn-bac-tan-uyen-1","KCN Bắc Tân Uyên 1","industrial_park",,"KCN-KKT discovery (unverified)","https://kcn-kkt.com/kcn/kcn-bac-tan-uyen-1","2026-09-10","Huyện Bắc Tân Uyên",,,"bac tan uyen 1","https://kcn-kkt.com/kcn/kcn-bac-tan-uyen-1","discovery_reported_unverified",,"unresolved",FALSE,"not_verified","needs_identity_or_location_review",,,,,,"not_reported"
"kcn-kkt-kcn-bac-tan-uyen-2","KCN Bắc Tân Uyên 2","industrial_park",,"KCN-KKT discovery (unverified)","https://kcn-kkt.com/kcn/kcn-bac-tan-uyen-2","2026-09-10","Huyện Bắc Tân Uyên",,,"bac tan uyen 2","https://kcn-kkt.com/kcn/kcn-bac-tan-uyen-2","discovery_reported_unverified",,"unresolved",FALSE,"not_verified","needs_identity_or_location_review",,,,,,"not_reported"
"kcn-kkt-kcn-bac-tan-uyen-3","KCN Bắc Tân Uyên 3","industrial_park",,"KCN-KKT discovery (unverified)","https://kcn-kkt.com/kcn/kcn-bac-tan-uyen-3","2026-09-10","Huyện Bắc Tân Uyên",,,"bac tan uyen 3","https://kcn-kkt.com/kcn/kcn-bac-tan-uyen-3","discovery_reported_unverified",,"unresolved",FALSE,"not_verified","needs_identity_or_location_review",,,,,,"not_reported"
"kcn-kkt-kcn-bac-tan-uyen-4","KCN Bắc Tân Uyên 4","industrial_park",,"KCN-KKT discovery (unverified)","https://kcn-kkt.com/kcn/kcn-bac-tan-uyen-4","2026-09-10","Huyện Bắc Tân Uyên",,,"bac tan uyen 4","https://kcn-kkt.com/kcn/kcn-bac-tan-uyen-4","discovery_reported_unverified",,"unresolved",FALSE,"not_verified","needs_identity_or_location_review",,,,,,"not_reported"
"kcn-kkt-kcn-bac-tan-uyen-5","KCN Bắc Tân Uyên 5","industrial_park",,"KCN-KKT discovery (unverified)","https://kcn-kkt.com/kcn/kcn-bac-tan-uyen-5","2026-09-10","Huyện Bắc Tân Uyên",,,"bac tan uyen 5","https://kcn-kkt.com/kcn/kcn-bac-tan-uyen-5","discovery_reported_unverified",,"unresolved",FALSE,"not_verified","needs_identity_or_location_review",,,,,,"not_reported"
"kcn-kkt-kcn-binh-an","KCN Bình An","industrial_park",,"KCN-KKT discovery (unverified)","https://kcn-kkt.com/kcn/kcn-binh-an","2026-09-10","Thành phố Dĩ An",,,"binh an","https://kcn-kkt.com/kcn/kcn-binh-an","discovery_reported_unverified",,"unresolved",FALSE,"not_verified","needs_identity_or_location_review",,,,,,"not_reported"
"kcn-kkt-kcn-binh-chieu","KCN Bình Chiểu","industrial_park",,"KCN-KKT discovery (unverified)","https://kcn-kkt.com/kcn/kcn-binh-chieu","2026-09-10","Quận Thủ Đức",,,"binh chieu","https://kcn-kkt.com/kcn/kcn-binh-chieu","discovery_reported_unverified",,"review_ambiguous",FALSE,"not_verified","needs_identity_or_location_review","osm_way_503373077","exact_name_needs_province_or_identity_review",,,,"not_reported"
"kcn-kkt-kcn-binh-duong","KCN Bình Dương","industrial_park",,"KCN-KKT discovery (unverified)","https://kcn-kkt.com/kcn/kcn-binh-duong","2026-09-10","Thành phố Dĩ An.",,,"binh duong","https://kcn-kkt.com/kcn/kcn-binh-duong","discovery_reported_unverified",,"review_ambiguous",FALSE,"not_verified","needs_identity_or_location_review","osm_way_291853380","exact_name_needs_province_or_identity_review",,,,"not_reported"
"kcn-kkt-kcn-binh-duong-riverside-isc","KCN Bình Dương Riverside ISC","industrial_park",,"KCN-KKT discovery (unverified)","https://kcn-kkt.com/kcn/kcn-binh-duong-riverside-isc","2026-09-10","Thành phố Bến Cát",,,"binh duong riverside isc","https://kcn-kkt.com/kcn/kcn-binh-duong-riverside-isc","discovery_reported_unverified",,"unresolved",FALSE,"not_verified","needs_identity_or_location_review",,,,,,"not_reported"
"kcn-kkt-kcn-binh-khanh-1","KCN Bình Khánh 1","industrial_park",,"KCN-KKT discovery (unverified)","https://kcn-kkt.com/kcn/kcn-binh-khanh-1","2026-09-10","Huyện Cần Giờ",,,"binh khanh 1","https://kcn-kkt.com/kcn/kcn-binh-khanh-1","discovery_reported_unverified",,"unresolved",FALSE,"not_verified","needs_identity_or_location_review",,,,,,"not_reported"
"kcn-kkt-kcn-binh-khanh-2","KCN Bình Khánh 2","industrial_park",,"KCN-KKT discovery (unverified)","https://kcn-kkt.com/kcn/kcn-binh-khanh-2","2026-09-10","Huyện Cần Giờ",,,"binh khanh 2","https://kcn-kkt.com/kcn/kcn-binh-khanh-2","discovery_reported_unverified",,"unresolved",FALSE,"not_verified","needs_identity_or_location_review",,,,,,"not_reported"
"kcn-kkt-kcn-bo-sung-1-3-kcn-du-kien","KCN Bổ sung 1+3 KCN dự kiến","industrial_park",,"KCN-KKT discovery (unverified)","https://kcn-kkt.com/kcn/kcn-bo-sung-1-3-kcn-du-kien","2026-09-10","Huyện Bắc Tân Uyên, Dầu Tiếng và Phú Giáo",,,"bo sung 1 3 kcn du kien","https://kcn-kkt.com/kcn/kcn-bo-sung-1-3-kcn-du-kien","discovery_reported_unverified",,"unresolved",FALSE,"not_verified","needs_identity_or_location_review",,,,,,"not_reported"
"kcn-kkt-kcn-bw-supply-chain-city-mapletree","KCN BW Supply Chain City (Mapletree)","industrial_park",,"KCN-KKT discovery (unverified)","https://kcn-kkt.com/kcn/kcn-bw-supply-chain-city-mapletree","2026-09-10","Thành phố Thủ Dầu Một",,,"bw supply chain city mapletree","https://kcn-kkt.com/kcn/kcn-bw-supply-chain-city-mapletree","discovery_reported_unverified",,"unresolved",FALSE,"not_verified","needs_identity_or_location_review",,,,,,"not_reported"
"kcn-kkt-kcn-cai-mep","KCN Cái Mép","industrial_park",,"KCN-KKT discovery (unverified)","https://kcn-kkt.com/kcn/kcn-cai-mep","2026-09-10","Thị xã Phú Mỹ",,,"cai mep","https://kcn-kkt.com/kcn/kcn-cai-mep","discovery_reported_unverified",,"unresolved",FALSE,"not_verified","needs_identity_or_location_review",,,,,,"not_reported"
"kcn-kkt-kcn-cat-lai-cum-2","KCN Cát Lái - Cụm 2","industrial_park",,"KCN-KKT discovery (unverified)","https://kcn-kkt.com/kcn/kcn-cat-lai-cum-2","2026-09-10","Phường Thanh Mỹ Lợi - Quận 2.",,,"cat lai cum 2","https://kcn-kkt.com/kcn/kcn-cat-lai-cum-2","discovery_reported_unverified",,"unresolved",FALSE,"not_verified","needs_identity_or_location_review",,,,,,"not_reported"
"kcn-kkt-kcn-cay-truong","KCN Cây Trường","industrial_park",,"KCN-KKT discovery (unverified)","https://kcn-kkt.com/kcn/kcn-cay-truong","2026-09-10","Xã Cây Trường 2, huyện Bàu Bàng",,,"cay truong","https://kcn-kkt.com/kcn/kcn-cay-truong","discovery_reported_unverified",,"unresolved",FALSE,"not_verified","needs_identity_or_location_review",,,,,,"not_reported"
"kcn-kkt-kcn-chau-duc","KCN Châu Đức","industrial_park",,"KCN-KKT discovery (unverified)","https://kcn-kkt.com/kcn/kcn-chau-duc","2026-09-10","Huyện Châu Đức",,,"chau duc","https://kcn-kkt.com/kcn/kcn-chau-duc","discovery_reported_unverified",,"unresolved",FALSE,"not_verified","needs_identity_or_location_review",,,,,,"not_reported"
"kcn-kkt-kcn-co-khi-o-to","KCN Cơ khí Ô tô","industrial_park",,"KCN-KKT discovery (unverified)","https://kcn-kkt.com/kcn/kcn-co-khi-o-to","2026-09-10","Huyện Củ Chi",,,"co khi o to","https://kcn-kkt.com/kcn/kcn-co-khi-o-to","discovery_reported_unverified",,"unresolved",FALSE,"not_verified","needs_identity_or_location_review",,,,,,"not_reported"
"kcn-kkt-kcn-da-bac","KCN Dá Bạc","industrial_park",,"KCN-KKT discovery (unverified)","https://kcn-kkt.com/kcn/kcn-da-bac","2026-09-10","Huyện Châu Đức",,,"da bac","https://kcn-kkt.com/kcn/kcn-da-bac","discovery_reported_unverified",,"review_ambiguous",FALSE,"not_verified","needs_identity_or_location_review","osm_way_566356404","exact_name_needs_province_or_identity_review",,,,"not_reported"
"kcn-kkt-kcn-da-dang","KCN Dạ Đằng","industrial_park",,"KCN-KKT discovery (unverified)","https://kcn-kkt.com/kcn/kcn-da-dang","2026-09-10","Thành phố Thủ Dầu Một",,,"da dang","https://kcn-kkt.com/kcn/kcn-da-dang","discovery_reported_unverified",,"unresolved",FALSE,"not_verified","needs_identity_or_location_review",,,,,,"not_reported"
"kcn-kkt-kcn-dau-khi-long-son","KCN dầu khí Long Sơn","industrial_park",,"KCN-KKT discovery (unverified)","https://kcn-kkt.com/kcn/kcn-dau-khi-long-son","2026-09-10","Thành phố Vũng Tàu",,,"dau khi long son","https://kcn-kkt.com/kcn/kcn-dau-khi-long-son","discovery_reported_unverified",,"unresolved",FALSE,"not_verified","needs_identity_or_location_review",,,,,,"not_reported"
"kcn-kkt-kcn-dau-tieng-1a","KCN Dầu Tiếng 1A","industrial_park",,"KCN-KKT discovery (unverified)","https://kcn-kkt.com/kcn/kcn-dau-tieng-1a","2026-09-10","Huyện Dầu Tiếng",,,"dau tieng 1a","https://kcn-kkt.com/kcn/kcn-dau-tieng-1a","discovery_reported_unverified",,"unresolved",FALSE,"not_verified","needs_identity_or_location_review",,,,,,"not_reported"
"kcn-kkt-kcn-dau-tieng-4-trong-kcn-do-thi-dich-vu-co-dien-tich-1-041-51-ha","KCN Dầu Tiếng 4 (trong KCN-đó thị-dịch vụ có diện tích 1.041,51 ha)","industrial_park",,"KCN-KKT discovery (unverified)","https://kcn-kkt.com/kcn/kcn-dau-tieng-4-trong-kcn-do-thi-dich-vu-co-dien-tich-1-041-51-ha","2026-09-10","Thành phố Bàu Bàng và Huyện Bàu Bàng",,,"dau tieng 4 trong kcn do thi dich vu co dien tich 1 041 51 ha","https://kcn-kkt.com/kcn/kcn-dau-tieng-4-trong-kcn-do-thi-dich-vu-co-dien-tich-1-041-51-ha","discovery_reported_unverified",,"unresolved",FALSE,"not_verified","needs_identity_or_location_review",,,,,,"not_reported"
"kcn-kkt-kcn-dau-tieng-5","KCN Dầu Tiếng 5","industrial_park",,"KCN-KKT discovery (unverified)","https://kcn-kkt.com/kcn/kcn-dau-tieng-5","2026-09-10","Huyện Dầu Tiếng",,,"dau tieng 5","https://kcn-kkt.com/kcn/kcn-dau-tieng-5","discovery_reported_unverified",,"unresolved",FALSE,"not_verified","needs_identity_or_location_review",,,,,,"not_reported"
"kcn-kkt-kcn-dai-dang","KCN Đại Đăng","industrial_park",,"KCN-KKT discovery (unverified)","https://kcn-kkt.com/kcn/kcn-dai-dang","2026-09-10","Thủ Dầu Một",,,"dai dang","https://kcn-kkt.com/kcn/kcn-dai-dang","discovery_reported_unverified",,"review_ambiguous",FALSE,"not_verified","needs_identity_or_location_review","osm_way_783792019","exact_name_needs_province_or_identity_review",,,,"not_reported"
"kcn-kkt-kcn-dat-do-1","KCN Đất Đỏ 1","industrial_park",,"KCN-KKT discovery (unverified)","https://kcn-kkt.com/kcn/kcn-dat-do-1","2026-09-10","Huyện Đất Đỏ",,,"dat do 1","https://kcn-kkt.com/kcn/kcn-dat-do-1","discovery_reported_unverified",,"unresolved",FALSE,"not_verified","needs_identity_or_location_review",,,,,,"not_reported"
"kcn-kkt-kcn-dong-an-ho-chi-minh","KCN Đông An","industrial_park",,"KCN-KKT discovery (unverified)","https://kcn-kkt.com/kcn/kcn-dong-an-ho-chi-minh","2026-09-10","Thành phố Thuận An",,,"dong an","https://kcn-kkt.com/kcn/kcn-dong-an-ho-chi-minh","discovery_reported_unverified",,"unresolved",FALSE,"not_verified","needs_identity_or_location_review",,,,,,"not_reported"
"kcn-kkt-kcn-dong-an-2","KCN Đông An 2","industrial_park",,"KCN-KKT discovery (unverified)","https://kcn-kkt.com/kcn/kcn-dong-an-2","2026-09-10","Thành phố Thủ Dầu Một",,,"dong an 2","https://kcn-kkt.com/kcn/kcn-dong-an-2","discovery_reported_unverified",,"review_ambiguous",FALSE,"not_verified","needs_identity_or_location_review","osm_way_497979359","exact_name_needs_province_or_identity_review",,,,"not_reported"
"kcn-kkt-kcn-dong-nam","KCN Đông Nam","industrial_park",,"KCN-KKT discovery (unverified)","https://kcn-kkt.com/kcn/kcn-dong-nam","2026-09-10","Xã Hòa Phú & xã Bình Mỹ - huyện Củ Chi.",,,"dong nam","https://kcn-kkt.com/kcn/kcn-dong-nam","discovery_reported_unverified",,"unresolved",FALSE,"not_verified","needs_identity_or_location_review",,,,,,"not_reported"
"kcn-kkt-kcn-dong-xuyen","KCN Đông Xuyên","industrial_park",,"KCN-KKT discovery (unverified)","https://kcn-kkt.com/kcn/kcn-dong-xuyen","2026-09-10","TP Vũng Tàu",,,"dong xuyen","https://kcn-kkt.com/kcn/kcn-dong-xuyen","discovery_reported_unverified",,"review_ambiguous",FALSE,"not_verified","needs_identity_or_location_review","osm_way_743811856","exact_name_needs_province_or_identity_review",,,,"not_reported"
"kcn-kkt-kcn-hd","KCN HD","industrial_park",,"KCN-KKT discovery (unverified)","https://kcn-kkt.com/kcn/kcn-hd","2026-09-10","Thị xã Phú Mỹ",,,"hd","https://kcn-kkt.com/kcn/kcn-hd","discovery_reported_unverified",,"unresolved",FALSE,"not_verified","needs_identity_or_location_review",,,,,,"not_reported"
"kcn-kkt-kcn-hiep-phuoc","KCN Hiệp Phước","industrial_park",,"KCN-KKT discovery (unverified)","https://kcn-kkt.com/kcn/kcn-hiep-phuoc","2026-09-10","Khu B, Đường số 1, KCN Hiệp Phước, Huyện Nhà Bè.",,,"hiep phuoc","https://kcn-kkt.com/kcn/kcn-hiep-phuoc","discovery_reported_unverified",,"review_ambiguous",FALSE,"not_verified","needs_identity_or_location_review","osm_way_1357939694","exact_name_needs_province_or_identity_review",,,,"not_reported"
"kcn-kkt-kcn-hiep-phuoc-gd1","KCN Hiệp Phước (gđ1)","industrial_park",,"KCN-KKT discovery (unverified)","https://kcn-kkt.com/kcn/kcn-hiep-phuoc-gd1","2026-09-10","Khu B, Đường số 1, KCN Hiệp Phước, Huyện Nhà Bè",,,"hiep phuoc gd1","https://kcn-kkt.com/kcn/kcn-hiep-phuoc-gd1","discovery_reported_unverified",,"unresolved",FALSE,"not_verified","needs_identity_or_location_review",,,,,,"not_reported"
"kcn-kkt-kcn-hiep-phuoc-giai-doan-3","KCN Hiệp Phước (Giai đoạn 3)","industrial_park",,"KCN-KKT discovery (unverified)","https://kcn-kkt.com/kcn/kcn-hiep-phuoc-giai-doan-3","2026-09-10","Khu B, Đường số 1, KCN Hiệp Phước, Huyện Nhà Bè",,,"hiep phuoc giai doan 3","https://kcn-kkt.com/kcn/kcn-hiep-phuoc-giai-doan-3","discovery_reported_unverified",,"unresolved",FALSE,"not_verified","needs_identity_or_location_review",,,,,,"not_reported"
"kcn-kkt-kcn-kcx-linh-trung-i","KCN KCX Linh Trung I","export_processing_zone",,"KCN-KKT discovery (unverified)","https://kcn-kkt.com/kcn/kcn-kcx-linh-trung-i","2026-09-10","TP Thủ Đức",,,"kcx linh trung 1","https://kcn-kkt.com/kcn/kcn-kcx-linh-trung-i","discovery_reported_unverified",,"unresolved",FALSE,"not_verified","needs_identity_or_location_review",,,,,,"not_reported"
"kcn-kkt-kcn-kcx-linh-trung-ii","KCN KCX Linh Trung II","export_processing_zone",,"KCN-KKT discovery (unverified)","https://kcn-kkt.com/kcn/kcn-kcx-linh-trung-ii","2026-09-10","TP Thủ Đức",,,"kcx linh trung 2","https://kcn-kkt.com/kcn/kcn-kcx-linh-trung-ii","discovery_reported_unverified",,"unresolved",FALSE,"not_verified","needs_identity_or_location_review",,,,,,"not_reported"
"kcn-kkt-kcn-kcx-tan-thuan","KCN KCX Tân Thuận","export_processing_zone",,"KCN-KKT discovery (unverified)","https://kcn-kkt.com/kcn/kcn-kcx-tan-thuan","2026-09-10","Quận 7",,,"kcx tan thuan","https://kcn-kkt.com/kcn/kcn-kcx-tan-thuan","discovery_reported_unverified",,"unresolved",FALSE,"not_verified","needs_identity_or_location_review",,,,,,"not_reported"
"kcn-kkt-kcn-kim-huy","KCN Kim Huy","industrial_park",,"KCN-KKT discovery (unverified)","https://kcn-kkt.com/kcn/kcn-kim-huy","2026-09-10","Thành phố Thủ Dầu Một",,,"kim huy","https://kcn-kkt.com/kcn/kcn-kim-huy","discovery_reported_unverified",,"review_ambiguous",FALSE,"not_verified","needs_identity_or_location_review","osm_way_597925817","exact_name_needs_province_or_identity_review",,,,"not_reported"
"kcn-kkt-kcn-ksb-dat-quoc","KCN KSB (Đất Quốc)","industrial_park",,"KCN-KKT discovery (unverified)","https://kcn-kkt.com/kcn/kcn-ksb-dat-quoc","2026-09-10","Thành phố Tân Uyên",,,"ksb dat quoc","https://kcn-kkt.com/kcn/kcn-ksb-dat-quoc","discovery_reported_unverified",,"unresolved",FALSE,"not_verified","needs_identity_or_location_review",,,,,,"not_reported"
"kcn-kkt-kcn-lai-hung","KCN Lai Hưng","industrial_park",,"KCN-KKT discovery (unverified)","https://kcn-kkt.com/kcn/kcn-lai-hung","2026-09-10","Huyện Bàu Bàng",,,"lai hung","https://kcn-kkt.com/kcn/kcn-lai-hung","discovery_reported_unverified",,"unresolved",FALSE,"not_verified","needs_identity_or_location_review",,,,,,"not_reported"
"kcn-kkt-kcn-le-minh-xuan","KCN Lê Minh Xuân","industrial_park",,"KCN-KKT discovery (unverified)","https://kcn-kkt.com/kcn/kcn-le-minh-xuan","2026-09-10","Huyện Bình Chánh.",,,"le minh xuan","https://kcn-kkt.com/kcn/kcn-le-minh-xuan","discovery_reported_unverified",,"review_ambiguous",FALSE,"not_verified","needs_identity_or_location_review","osm_way_514726183","exact_name_needs_province_or_identity_review",,,,"not_reported"
"kcn-kkt-kcn-le-minh-xuan-mo-rong","KCN Lê Minh Xuân (mở rộng)","industrial_park",,"KCN-KKT discovery (unverified)","https://kcn-kkt.com/kcn/kcn-le-minh-xuan-mo-rong","2026-09-10","Xã Tân Nhựt, xã Lê Minh Xuân, huyện Bình Chánh",,,"le minh xuan mo rong","https://kcn-kkt.com/kcn/kcn-le-minh-xuan-mo-rong","discovery_reported_unverified",,"unresolved",FALSE,"not_verified","needs_identity_or_location_review",,,,,,"not_reported"
"kcn-kkt-kcn-le-minh-xuan-2","KCN Lê Minh Xuân 2","industrial_park",,"KCN-KKT discovery (unverified)","https://kcn-kkt.com/kcn/kcn-le-minh-xuan-2","2026-09-10","Huyện Bình Chánh",,,"le minh xuan 2","https://kcn-kkt.com/kcn/kcn-le-minh-xuan-2","discovery_reported_unverified",,"unresolved",FALSE,"not_verified","needs_identity_or_location_review",,,,,,"not_reported"
"kcn-kkt-kcn-le-minh-xuan-3","KCN Lê Minh Xuân 3","industrial_park",,"KCN-KKT discovery (unverified)","https://kcn-kkt.com/kcn/kcn-le-minh-xuan-3","2026-09-10","Xã Lê Minh Xuân, huyện Bình Chánh.",,,"le minh xuan 3","https://kcn-kkt.com/kcn/kcn-le-minh-xuan-3","discovery_reported_unverified",,"unresolved",FALSE,"not_verified","needs_identity_or_location_review",,,,,,"not_reported"
"kcn-kkt-kcn-le-minh-xuan-4","KCN Lê Minh Xuân 4","industrial_park",,"KCN-KKT discovery (unverified)","https://kcn-kkt.com/kcn/kcn-le-minh-xuan-4","2026-09-10","Huyện Bình Chánh",,,"le minh xuan 4","https://kcn-kkt.com/kcn/kcn-le-minh-xuan-4","discovery_reported_unverified",,"unresolved",FALSE,"not_verified","needs_identity_or_location_review",,,,,,"not_reported"
"kcn-kkt-kcn-my-phuoc","KCN Mỹ Phước","industrial_park",,"KCN-KKT discovery (unverified)","https://kcn-kkt.com/kcn/kcn-my-phuoc","2026-09-10","Thành phố Bến Cát",,,"my phuoc","https://kcn-kkt.com/kcn/kcn-my-phuoc","discovery_reported_unverified",,"unresolved",FALSE,"not_verified","needs_identity_or_location_review",,,,,,"not_reported"
"kcn-kkt-kcn-my-phuoc-2","KCN Mỹ Phước 2","industrial_park",,"KCN-KKT discovery (unverified)","https://kcn-kkt.com/kcn/kcn-my-phuoc-2","2026-09-10","Thành phố Bến Cát",,,"my phuoc 2","https://kcn-kkt.com/kcn/kcn-my-phuoc-2","discovery_reported_unverified",,"unresolved",FALSE,"not_verified","needs_identity_or_location_review",,,,,,"not_reported"
"kcn-kkt-kcn-my-phuoc-3","KCN Mỹ Phước 3","industrial_park",,"KCN-KKT discovery (unverified)","https://kcn-kkt.com/kcn/kcn-my-phuoc-3","2026-09-10","Thành phố Bến Cát",,,"my phuoc 3","https://kcn-kkt.com/kcn/kcn-my-phuoc-3","discovery_reported_unverified",,"review_ambiguous",FALSE,"not_verified","needs_identity_or_location_review","osm_way_654555792","exact_name_needs_province_or_identity_review",,,,"not_reported"
"kcn-kkt-kcn-my-xuan-a","KCN Mỹ Xuân A","industrial_park",,"KCN-KKT discovery (unverified)","https://kcn-kkt.com/kcn/kcn-my-xuan-a","2026-09-10","Thị xã Phú Mỹ",,,"my xuan a","https://kcn-kkt.com/kcn/kcn-my-xuan-a","discovery_reported_unverified",,"review_ambiguous",FALSE,"not_verified","needs_identity_or_location_review","osm_way_317515592","exact_name_needs_province_or_identity_review",,,,"not_reported"
"kcn-kkt-kcn-my-xuan-a2","KCN Mỹ Xuân A2","industrial_park",,"KCN-KKT discovery (unverified)","https://kcn-kkt.com/kcn/kcn-my-xuan-a2","2026-09-10","Thị xã Phú Mỹ",,,"my xuan a2","https://kcn-kkt.com/kcn/kcn-my-xuan-a2","discovery_reported_unverified",,"review_ambiguous",FALSE,"not_verified","needs_identity_or_location_review","osm_way_319538030","exact_name_needs_province_or_identity_review",,,,"not_reported"
"kcn-kkt-kcn-my-xuan-b-1-conac-mo-rong","KCN Mỹ Xuân B 1- Conac Mở Rộng","industrial_park",,"KCN-KKT discovery (unverified)","https://kcn-kkt.com/kcn/kcn-my-xuan-b-1-conac-mo-rong","2026-09-10","Thị xã Phú Mỹ",,,"my xuan b 1 conac mo rong","https://kcn-kkt.com/kcn/kcn-my-xuan-b-1-conac-mo-rong","discovery_reported_unverified",,"unresolved",FALSE,"not_verified","needs_identity_or_location_review",,,,,,"not_reported"
"kcn-kkt-kcn-my-xuan-b1-conac","KCN Mỹ Xuân B1-Conac","industrial_park",,"KCN-KKT discovery (unverified)","https://kcn-kkt.com/kcn/kcn-my-xuan-b1-conac","2026-09-10","Thị xã Phú Mỹ",,,"my xuan b1 conac","https://kcn-kkt.com/kcn/kcn-my-xuan-b1-conac","discovery_reported_unverified",,"review_ambiguous",FALSE,"not_verified","needs_identity_or_location_review","osm_way_566708588","exact_name_needs_province_or_identity_review",,,,"not_reported"
"kcn-kkt-kcn-my-xuan-b1-dai-duong","KCN Mỹ Xuân B1-Đại Dương","industrial_park",,"KCN-KKT discovery (unverified)","https://kcn-kkt.com/kcn/kcn-my-xuan-b1-dai-duong","2026-09-10","Thị xã Phú Mỹ",,,"my xuan b1 dai duong","https://kcn-kkt.com/kcn/kcn-my-xuan-b1-dai-duong","discovery_reported_unverified",,"unresolved",FALSE,"not_verified","needs_identity_or_location_review",,,,,,"not_reported"
"kcn-kkt-kcn-my-xuan-b1-tien-hung","KCN Mỹ Xuân B1-Tiên Hùng","industrial_park",,"KCN-KKT discovery (unverified)","https://kcn-kkt.com/kcn/kcn-my-xuan-b1-tien-hung","2026-09-10","Thị xã Phú Mỹ",,,"my xuan b1 tien hung","https://kcn-kkt.com/kcn/kcn-my-xuan-b1-tien-hung","discovery_reported_unverified",,"review_ambiguous",FALSE,"not_verified","needs_identity_or_location_review","osm_way_319538031","exact_name_needs_province_or_identity_review",,,,"not_reported"
"kcn-kkt-kcn-nam-tan-uyen-va-mo-rong","KCN Nam Tân Uyên và mở rộng","industrial_park",,"KCN-KKT discovery (unverified)","https://kcn-kkt.com/kcn/kcn-nam-tan-uyen-va-mo-rong","2026-09-10","Huyện Tân Uyên",,,"nam tan uyen va mo rong","https://kcn-kkt.com/kcn/kcn-nam-tan-uyen-va-mo-rong","discovery_reported_unverified",,"unresolved",FALSE,"not_verified","needs_identity_or_location_review",,,,,,"not_reported"
"kcn-kkt-kcn-nhi-xuan","KCN Nhi Xuân","industrial_park",,"KCN-KKT discovery (unverified)","https://kcn-kkt.com/kcn/kcn-nhi-xuan","2026-09-10","Huyện Hóc Môn",,,"nhi xuan","https://kcn-kkt.com/kcn/kcn-nhi-xuan","discovery_reported_unverified",,"review_ambiguous",FALSE,"not_verified","needs_identity_or_location_review","osm_way_366287225","exact_name_needs_province_or_identity_review",,,,"not_reported"
"kcn-kkt-kcn-pham-van-hai-i","KCN Phạm Văn Hai I","industrial_park",,"KCN-KKT discovery (unverified)","https://kcn-kkt.com/kcn/kcn-pham-van-hai-i","2026-09-10","Huyện Bình Chánh",,,"pham van hai 1","https://kcn-kkt.com/kcn/kcn-pham-van-hai-i","discovery_reported_unverified",,"unresolved",FALSE,"not_verified","needs_identity_or_location_review",,,,,,"not_reported"
"kcn-kkt-kcn-pham-van-hai-ii","KCN Phạm Văn Hai II","industrial_park",,"KCN-KKT discovery (unverified)","https://kcn-kkt.com/kcn/kcn-pham-van-hai-ii","2026-09-10","Huyện Bình Chánh",,,"pham van hai 2","https://kcn-kkt.com/kcn/kcn-pham-van-hai-ii","discovery_reported_unverified",,"unresolved",FALSE,"not_verified","needs_identity_or_location_review",,,,,,"not_reported"
"kcn-kkt-kcn-pham-van-hai-iii","KCN Phạm Văn Hai III","industrial_park",,"KCN-KKT discovery (unverified)","https://kcn-kkt.com/kcn/kcn-pham-van-hai-iii","2026-09-10","Huyện Bình Chánh",,,"pham van hai 3","https://kcn-kkt.com/kcn/kcn-pham-van-hai-iii","discovery_reported_unverified",,"unresolved",FALSE,"not_verified","needs_identity_or_location_review",,,,,,"not_reported"
"kcn-kkt-kcn-phong-phu","KCN Phong Phú","industrial_park",,"KCN-KKT discovery (unverified)","https://kcn-kkt.com/kcn/kcn-phong-phu","2026-09-10","Xã Phong Phú - Huyện Bình Chánh.",,,"phong phu","https://kcn-kkt.com/kcn/kcn-phong-phu","discovery_reported_unverified",,"unresolved",FALSE,"not_verified","needs_identity_or_location_review",,,,,,"not_reported"
"kcn-kkt-kcn-phu-giao-1","KCN Phú Giáo 1","industrial_park",,"KCN-KKT discovery (unverified)","https://kcn-kkt.com/kcn/kcn-phu-giao-1","2026-09-10","Huyện Phú Giáo",,,"phu giao 1","https://kcn-kkt.com/kcn/kcn-phu-giao-1","discovery_reported_unverified",,"unresolved",FALSE,"not_verified","needs_identity_or_location_review",,,,,,"not_reported"
"kcn-kkt-kcn-phu-giao-3","KCN Phú Giáo 3","industrial_park",,"KCN-KKT discovery (unverified)","https://kcn-kkt.com/kcn/kcn-phu-giao-3","2026-09-10","Huyện Phú Giáo",,,"phu giao 3","https://kcn-kkt.com/kcn/kcn-phu-giao-3","discovery_reported_unverified",,"unresolved",FALSE,"not_verified","needs_identity_or_location_review",,,,,,"not_reported"
"kcn-kkt-kcn-phu-giao-4","KCN Phú Giáo 4","industrial_park",,"KCN-KKT discovery (unverified)","https://kcn-kkt.com/kcn/kcn-phu-giao-4","2026-09-10","Huyện Phú Giáo",,,"phu giao 4","https://kcn-kkt.com/kcn/kcn-phu-giao-4","discovery_reported_unverified",,"unresolved",FALSE,"not_verified","needs_identity_or_location_review",,,,,,"not_reported"
"kcn-kkt-kcn-phu-my","KCN Phú Mỹ","industrial_park",,"KCN-KKT discovery (unverified)","https://kcn-kkt.com/kcn/kcn-phu-my","2026-09-10","Thị xã Phú Mỹ",,,"phu my","https://kcn-kkt.com/kcn/kcn-phu-my","discovery_reported_unverified",,"unresolved",FALSE,"not_verified","needs_identity_or_location_review",,,,,,"not_reported"
"kcn-kkt-kcn-phu-my-i","KCN Phú Mỹ I","industrial_park",,"KCN-KKT discovery (unverified)","https://kcn-kkt.com/kcn/kcn-phu-my-i","2026-09-10","Thị xã Phú Mỹ",,,"phu my 1","https://kcn-kkt.com/kcn/kcn-phu-my-i","discovery_reported_unverified",,"review_ambiguous",FALSE,"not_verified","needs_identity_or_location_review","osm_relation_8191003","exact_name_needs_province_or_identity_review",,,,"not_reported"
"kcn-kkt-kcn-phu-my-ii-va-mo-rong","KCN Phú Mỹ II và mở rộng","industrial_park",,"KCN-KKT discovery (unverified)","https://kcn-kkt.com/kcn/kcn-phu-my-ii-va-mo-rong","2026-09-10","Thị xã Phú Mỹ",,,"phu my 2 va mo rong","https://kcn-kkt.com/kcn/kcn-phu-my-ii-va-mo-rong","discovery_reported_unverified",,"unresolved",FALSE,"not_verified","needs_identity_or_location_review",,,,,,"not_reported"
"kcn-kkt-kcn-phu-my-iii","KCN Phú Mỹ III","industrial_park",,"KCN-KKT discovery (unverified)","https://kcn-kkt.com/kcn/kcn-phu-my-iii","2026-09-10","Thị xã Phú Mỹ",,,"phu my 3","https://kcn-kkt.com/kcn/kcn-phu-my-iii","discovery_reported_unverified",,"unresolved",FALSE,"not_verified","needs_identity_or_location_review",,,,,,"not_reported"
"kcn-kkt-kcn-phu-tan-ho-chi-minh","KCN Phú Tân","industrial_park",,"KCN-KKT discovery (unverified)","https://kcn-kkt.com/kcn/kcn-phu-tan-ho-chi-minh","2026-09-10","Thành phố Thủ Dầu Một",,,"phu tan","https://kcn-kkt.com/kcn/kcn-phu-tan-ho-chi-minh","discovery_reported_unverified",,"review_ambiguous",FALSE,"not_verified","needs_identity_or_location_review","osm_way_1463022980","exact_name_needs_province_or_identity_review",,,,"not_reported"
"kcn-kkt-kcn-quoc-te-protrade","KCN Quốc tế Protrade","industrial_park",,"KCN-KKT discovery (unverified)","https://kcn-kkt.com/kcn/kcn-quoc-te-protrade","2026-09-10","Thành phố Bến Cát",,,"quoc te protrade","https://kcn-kkt.com/kcn/kcn-quoc-te-protrade","discovery_reported_unverified",,"unresolved",FALSE,"not_verified","needs_identity_or_location_review",,,,,,"not_reported"
"kcn-kkt-kcn-rach-bap","KCN Rạch Bắp","industrial_park",,"KCN-KKT discovery (unverified)","https://kcn-kkt.com/kcn/kcn-rach-bap","2026-09-10","Thành phố Bến Cát và Huyện Dầu Tiếng",,,"rach bap","https://kcn-kkt.com/kcn/kcn-rach-bap","discovery_reported_unverified",,"review_ambiguous",FALSE,"not_verified","needs_identity_or_location_review","osm_way_1454596518","exact_name_needs_province_or_identity_review",,,,"not_reported"
"kcn-kkt-kcn-song-than-1","KCN Sông Thần 1","industrial_park",,"KCN-KKT discovery (unverified)","https://kcn-kkt.com/kcn/kcn-song-than-1","2026-09-10","Thành phố Dĩ An.",,,"song than 1","https://kcn-kkt.com/kcn/kcn-song-than-1","discovery_reported_unverified",,"unresolved",FALSE,"not_verified","needs_identity_or_location_review",,,,,,"not_reported"
"kcn-kkt-kcn-song-than-2","KCN Sông Thần 2","industrial_park",,"KCN-KKT discovery (unverified)","https://kcn-kkt.com/kcn/kcn-song-than-2","2026-09-10","Thành phố Dĩ An.",,,"song than 2","https://kcn-kkt.com/kcn/kcn-song-than-2","discovery_reported_unverified",,"review_ambiguous",FALSE,"not_verified","needs_identity_or_location_review","osm_way_496910231","exact_name_needs_province_or_identity_review",,,,"not_reported"
"kcn-kkt-kcn-song-than-3","KCN Sông Thần 3","industrial_park",,"KCN-KKT discovery (unverified)","https://kcn-kkt.com/kcn/kcn-song-than-3","2026-09-10","Thành phố Thủ Dầu Một",,,"song than 3","https://kcn-kkt.com/kcn/kcn-song-than-3","discovery_reported_unverified",,"review_ambiguous",FALSE,"not_verified","needs_identity_or_location_review","osm_way_783794691","exact_name_needs_province_or_identity_review",,,,"not_reported"
"kcn-kkt-kcn-tan-binh","KCN Tân Bình","industrial_park",,"KCN-KKT discovery (unverified)","https://kcn-kkt.com/kcn/kcn-tan-binh","2026-09-10","Huyện Bắc Tân Uyên",,,"tan binh","https://kcn-kkt.com/kcn/kcn-tan-binh","discovery_reported_unverified",,"review_ambiguous",FALSE,"not_verified","needs_identity_or_location_review","osm_way_790553092|osm_way_1052673995","exact_name_needs_province_or_identity_review",,,,"not_reported"
"kcn-kkt-kcn-tan-binh-giai-doan-1","KCN Tân Bình (Giai đoạn 1)","industrial_park",,"KCN-KKT discovery (unverified)","https://kcn-kkt.com/kcn/kcn-tan-binh-giai-doan-1","2026-09-10","Phường Tây Thạnh, quận Tân Phú và phường Bình Hưng Hoà, quận Bình Tân.",,,"tan binh giai doan 1","https://kcn-kkt.com/kcn/kcn-tan-binh-giai-doan-1","discovery_reported_unverified",,"unresolved",FALSE,"not_verified","needs_identity_or_location_review",,,,,,"not_reported"
"kcn-kkt-kcn-tan-binh-mo-rong","KCN Tân Bình (mở rộng)","industrial_park",,"KCN-KKT discovery (unverified)","https://kcn-kkt.com/kcn/kcn-tan-binh-mo-rong","2026-09-10","Phường Tây Thạnh, quận Tân Phú và phường Bình Hưng Hoà, quận Bình Tân.",,,"tan binh mo rong","https://kcn-kkt.com/kcn/kcn-tan-binh-mo-rong","discovery_reported_unverified",,"unresolved",FALSE,"not_verified","needs_identity_or_location_review",,,,,,"not_reported"
"kcn-kkt-kcn-tan-dong-hiep-a","KCN Tân Đông Hiệp A","industrial_park",,"KCN-KKT discovery (unverified)","https://kcn-kkt.com/kcn/kcn-tan-dong-hiep-a","2026-09-10","Thành phố Dĩ An.",,,"tan dong hiep a","https://kcn-kkt.com/kcn/kcn-tan-dong-hiep-a","discovery_reported_unverified",,"unresolved",FALSE,"not_verified","needs_identity_or_location_review",,,,,,"not_reported"
"kcn-kkt-kcn-tan-dong-hiep-b","KCN Tân Đông Hiệp B","industrial_park",,"KCN-KKT discovery (unverified)","https://kcn-kkt.com/kcn/kcn-tan-dong-hiep-b","2026-09-10","Thành phố Dĩ An.",,,"tan dong hiep b","https://kcn-kkt.com/kcn/kcn-tan-dong-hiep-b","discovery_reported_unverified",,"review_ambiguous",FALSE,"not_verified","needs_identity_or_location_review","osm_way_1136987798","exact_name_needs_province_or_identity_review",,,,"not_reported"
"kcn-kkt-kcn-tan-lap-i","KCN Tân Lập I","industrial_park",,"KCN-KKT discovery (unverified)","https://kcn-kkt.com/kcn/kcn-tan-lap-i","2026-09-10","Huyện Bắc Tân Uyên",,,"tan lap 1","https://kcn-kkt.com/kcn/kcn-tan-lap-i","discovery_reported_unverified",,"unresolved",FALSE,"not_verified","needs_identity_or_location_review",,,,,,"not_reported"
"kcn-kkt-kcn-tan-phu-trung","KCN Tân Phú Trung","industrial_park",,"KCN-KKT discovery (unverified)","https://kcn-kkt.com/kcn/kcn-tan-phu-trung","2026-09-10","Xã Tân Phú Trung-Huyện Củ Chi.",,,"tan phu trung","https://kcn-kkt.com/kcn/kcn-tan-phu-trung","discovery_reported_unverified",,"review_ambiguous",FALSE,"not_verified","needs_identity_or_location_review","osm_way_1548525579","exact_name_needs_province_or_identity_review",,,,"not_reported"
"kcn-kkt-kcn-tan-phu-trung-2","KCN Tân Phú Trung 2","industrial_park",,"KCN-KKT discovery (unverified)","https://kcn-kkt.com/kcn/kcn-tan-phu-trung-2","2026-09-10","Huyện Củ Chi",,,"tan phu trung 2","https://kcn-kkt.com/kcn/kcn-tan-phu-trung-2","discovery_reported_unverified",,"unresolved",FALSE,"not_verified","needs_identity_or_location_review",,,,,,"not_reported"
"kcn-kkt-kcn-tan-phu-trung-3","KCN Tân Phú Trung 3","industrial_park",,"KCN-KKT discovery (unverified)","https://kcn-kkt.com/kcn/kcn-tan-phu-trung-3","2026-09-10","Huyện Củ Chi",,,"tan phu trung 3","https://kcn-kkt.com/kcn/kcn-tan-phu-trung-3","discovery_reported_unverified",,"unresolved",FALSE,"not_verified","needs_identity_or_location_review",,,,,,"not_reported"
"kcn-kkt-kcn-tan-phu-trung-4","KCN Tân Phú Trung 4","industrial_park",,"KCN-KKT discovery (unverified)","https://kcn-kkt.com/kcn/kcn-tan-phu-trung-4","2026-09-10","Huyện Củ Chi",,,"tan phu trung 4","https://kcn-kkt.com/kcn/kcn-tan-phu-trung-4","discovery_reported_unverified",,"unresolved",FALSE,"not_verified","needs_identity_or_location_review",,,,,,"not_reported"
"kcn-kkt-kcn-tan-tao-hien-huu","KCN Tân Tạo hiện hữu","industrial_park",,"KCN-KKT discovery (unverified)","https://kcn-kkt.com/kcn/kcn-tan-tao-hien-huu","2026-09-10","Phường Tân Tạo - Quận Bình Tân.",,,"tan tao hien huu","https://kcn-kkt.com/kcn/kcn-tan-tao-hien-huu","discovery_reported_unverified",,"unresolved",FALSE,"not_verified","needs_identity_or_location_review",,,,,,"not_reported"
"kcn-kkt-kcn-tan-tao-mo-rong","KCN Tân Tạo mở rộng","industrial_park",,"KCN-KKT discovery (unverified)","https://kcn-kkt.com/kcn/kcn-tan-tao-mo-rong","2026-09-10","Phường Tân Tạo - Quận Bình Tân.",,,"tan tao mo rong","https://kcn-kkt.com/kcn/kcn-tan-tao-mo-rong","discovery_reported_unverified",,"unresolved",FALSE,"not_verified","needs_identity_or_location_review",,,,,,"not_reported"
"kcn-kkt-kcn-tan-thoi-hiep","KCN Tân Thới Hiệp","industrial_park",,"KCN-KKT discovery (unverified)","https://kcn-kkt.com/kcn/kcn-tan-thoi-hiep","2026-09-10","Phường Tân Chánh Hiệp - Quận 12.",,,"tan thoi hiep","https://kcn-kkt.com/kcn/kcn-tan-thoi-hiep","discovery_reported_unverified",,"review_ambiguous",FALSE,"not_verified","needs_identity_or_location_review","osm_way_208936711","exact_name_needs_province_or_identity_review",,,,"not_reported"
"kcn-kkt-kcn-tay-bac-cu-chi","KCN Tây Bắc Củ Chi","industrial_park",,"KCN-KKT discovery (unverified)","https://kcn-kkt.com/kcn/kcn-tay-bac-cu-chi","2026-09-10","Xã Tân An Hội, huyện Củ Chi.",,,"tay bac cu chi","https://kcn-kkt.com/kcn/kcn-tay-bac-cu-chi","discovery_reported_unverified",,"review_ambiguous",FALSE,"not_verified","needs_identity_or_location_review","osm_way_785527816","exact_name_needs_province_or_identity_review",,,,"not_reported"
"kcn-kkt-kcn-tay-bac-cu-chi-mo-rong","KCN Tây Bắc Củ Chi (mở rộng)","industrial_park",,"KCN-KKT discovery (unverified)","https://kcn-kkt.com/kcn/kcn-tay-bac-cu-chi-mo-rong","2026-09-10","Xã Tân An Hội, huyện Củ Chi.",,,"tay bac cu chi mo rong","https://kcn-kkt.com/kcn/kcn-tay-bac-cu-chi-mo-rong","discovery_reported_unverified",,"unresolved",FALSE,"not_verified","needs_identity_or_location_review",,,,,,"not_reported"
"kcn-kkt-kcn-thoi-hoa","KCN Thới Hòa","industrial_park",,"KCN-KKT discovery (unverified)","https://kcn-kkt.com/kcn/kcn-thoi-hoa","2026-09-10","xã Thới Hòa, huyện Bến Cát, tỉnh Bình Dương",,,"thoi hoa","https://kcn-kkt.com/kcn/kcn-thoi-hoa","discovery_reported_unverified",,"unresolved",FALSE,"not_verified","needs_identity_or_location_review",,,,,,"not_reported"
"kcn-kkt-kcn-trung-an","KCN Trung An","industrial_park",,"KCN-KKT discovery (unverified)","https://kcn-kkt.com/kcn/kcn-trung-an","2026-09-10","Huyện Củ Chi",,,"trung an","https://kcn-kkt.com/kcn/kcn-trung-an","discovery_reported_unverified",,"unresolved",FALSE,"not_verified","needs_identity_or_location_review",,,,,,"not_reported"
"kcn-kkt-kcn-trung-tam-cong-nghe-sinh-hoc-quoc-gia-thanh-pho-ho-chi-minh","KCN Trung tâm công nghệ sinh học Quốc gia Thành phố Hồ Chí Minh","industrial_park",,"KCN-KKT discovery (unverified)","https://kcn-kkt.com/kcn/kcn-trung-tam-cong-nghe-sinh-hoc-quoc-gia-thanh-pho-ho-chi-minh","2026-09-10","Quận 12",,,"trung tam cong nghe sinh hoc quoc gia thanh pho ho chi minh","https://kcn-kkt.com/kcn/kcn-trung-tam-cong-nghe-sinh-hoc-quoc-gia-thanh-pho-ho-chi-minh","discovery_reported_unverified",,"unresolved",FALSE,"not_verified","needs_identity_or_location_review",,,,,,"not_reported"
"kcn-kkt-kcn-van-thuong","KCN Vạn Thương","industrial_park",,"KCN-KKT discovery (unverified)","https://kcn-kkt.com/kcn/kcn-van-thuong","2026-09-10","Thị xã Phú Mỹ",,,"van thuong","https://kcn-kkt.com/kcn/kcn-van-thuong","discovery_reported_unverified",,"unresolved",FALSE,"not_verified","needs_identity_or_location_review",,,,,,"not_reported"
"kcn-kkt-kcn-viet-huong-1","KCN Việt Hương 1","industrial_park",,"KCN-KKT discovery (unverified)","https://kcn-kkt.com/kcn/kcn-viet-huong-1","2026-09-10","Thành phố Thuận An",,,"viet huong 1","https://kcn-kkt.com/kcn/kcn-viet-huong-1","discovery_reported_unverified",,"unresolved",FALSE,"not_verified","needs_identity_or_location_review",,,,,,"not_reported"
"kcn-kkt-kcn-viet-huong-2","KCN Việt Hương 2","industrial_park",,"KCN-KKT discovery (unverified)","https://kcn-kkt.com/kcn/kcn-viet-huong-2","2026-09-10","Thành phố Bến Cát",,,"viet huong 2","https://kcn-kkt.com/kcn/kcn-viet-huong-2","discovery_reported_unverified",,"review_ambiguous",FALSE,"not_verified","needs_identity_or_location_review","osm_node_4122567811","exact_name_needs_province_or_identity_review",,,,"not_reported"
"kcn-kkt-kcn-viet-nam-singapore-vsip-i","KCN Việt Nam - Singapore (VSIP) I","industrial_park",,"KCN-KKT discovery (unverified)","https://kcn-kkt.com/kcn/kcn-viet-nam-singapore-vsip-i","2026-09-10","Thành phố Thuận An",,,"vsip vsip 1","https://kcn-kkt.com/kcn/kcn-viet-nam-singapore-vsip-i","discovery_reported_unverified",,"review_ambiguous",FALSE,"not_verified","needs_identity_or_location_review","osm_way_291267149","exact_name_needs_province_or_identity_review",,,,"not_reported"
"kcn-kkt-kcn-viet-nam-singapore-vsip-ii","KCN Việt Nam - Singapore (VSIP) II","industrial_park",,"KCN-KKT discovery (unverified)","https://kcn-kkt.com/kcn/kcn-viet-nam-singapore-vsip-ii","2026-09-10","Thành phố Thủ Dầu Một, Thành phố Tân Uyên, và Huyện Bắc Tân Uyên",,,"vsip vsip 2","https://kcn-kkt.com/kcn/kcn-viet-nam-singapore-vsip-ii","discovery_reported_unverified",,"unresolved",FALSE,"not_verified","needs_identity_or_location_review",,,,,,"not_reported"
"kcn-kkt-kcn-viet-nam-singapore-vsip-iii","KCN Việt Nam - Singapore (VSIP) III","industrial_park",,"KCN-KKT discovery (unverified)","https://kcn-kkt.com/kcn/kcn-viet-nam-singapore-vsip-iii","2026-09-10","Thành phố Tân Uyên và Huyện Bắc Tân Uyên",,,"vsip vsip 3","https://kcn-kkt.com/kcn/kcn-viet-nam-singapore-vsip-iii","discovery_reported_unverified",,"unresolved",FALSE,"not_verified","needs_identity_or_location_review",,,,,,"not_reported"
"kcn-kkt-kcn-vinh-lap","KCN Vĩnh Lập","industrial_park",,"KCN-KKT discovery (unverified)","https://kcn-kkt.com/kcn/kcn-vinh-lap","2026-09-10","Huyện Phú Giáo",,,"vinh lap","https://kcn-kkt.com/kcn/kcn-vinh-lap","discovery_reported_unverified",,"unresolved",FALSE,"not_verified","needs_identity_or_location_review",,,,,,"not_reported"
"kcn-kkt-kcn-vinh-loc","KCN Vĩnh Lộc","industrial_park",,"KCN-KKT discovery (unverified)","https://kcn-kkt.com/kcn/kcn-vinh-loc","2026-09-10","Quận Bình Tân, Bình Chánh, Hóc Môn",,,"vinh loc","https://kcn-kkt.com/kcn/kcn-vinh-loc","discovery_reported_unverified",,"review_ambiguous",FALSE,"not_verified","needs_identity_or_location_review","osm_way_330871753","exact_name_needs_province_or_identity_review",,,,"not_reported"
"kcn-kkt-kcn-vinh-loc-mo-rong","KCN Vĩnh Lộc (mở rộng)","industrial_park",,"KCN-KKT discovery (unverified)","https://kcn-kkt.com/kcn/kcn-vinh-loc-mo-rong","2026-09-10","Ấp 5 và Ấp 6, xã Vĩnh Lộc A, huyện Bình Chánh.",,,"vinh loc mo rong","https://kcn-kkt.com/kcn/kcn-vinh-loc-mo-rong","discovery_reported_unverified",,"unresolved",FALSE,"not_verified","needs_identity_or_location_review",,,,,,"not_reported"
"kcn-kkt-kcn-vinh-loc-3","KCN Vĩnh Lộc 3","industrial_park",,"KCN-KKT discovery (unverified)","https://kcn-kkt.com/kcn/kcn-vinh-loc-3","2026-09-10","Huyện Bình Chánh",,,"vinh loc 3","https://kcn-kkt.com/kcn/kcn-vinh-loc-3","discovery_reported_unverified",,"unresolved",FALSE,"not_verified","needs_identity_or_location_review",,,,,,"not_reported"
"kcn-kkt-kcn-vsip-i","KCN VSIP I","industrial_park",,"KCN-KKT discovery (unverified)","https://kcn-kkt.com/kcn/kcn-vsip-i","2026-09-10","Thuận An",,,"vsip 1","https://kcn-kkt.com/kcn/kcn-vsip-i","discovery_reported_unverified",,"unresolved",FALSE,"not_verified","needs_identity_or_location_review",,,,,,"not_reported"
"kcn-kkt-kcn-vsip-ii","KCN VSIP II","industrial_park",,"KCN-KKT discovery (unverified)","https://kcn-kkt.com/kcn/kcn-vsip-ii","2026-09-10","Thủ Dầu Một, Tân Uyên, Bắc Tân Uyên",,,"vsip 2","https://kcn-kkt.com/kcn/kcn-vsip-ii","discovery_reported_unverified",,"review_ambiguous",FALSE,"not_verified","needs_identity_or_location_review","osm_way_366658228","exact_name_needs_province_or_identity_review",,,,"not_reported"
"kcn-kkt-kcn-vsip-iii","KCN VSIP III","industrial_park",,"KCN-KKT discovery (unverified)","https://kcn-kkt.com/kcn/kcn-vsip-iii","2026-09-10","Tân Uyên, Bắc Tân Uyên",,,"vsip 3","https://kcn-kkt.com/kcn/kcn-vsip-iii","discovery_reported_unverified",,"review_ambiguous",FALSE,"not_verified","needs_identity_or_location_review","osm_way_1548524683","exact_name_needs_province_or_identity_review",,,,"not_reported"
"kcn-kkt-kcn-bac-quang","KCN Bắc Quang","industrial_park","08","KCN-KKT discovery (unverified)","https://kcn-kkt.com/kcn/kcn-bac-quang","2026-09-10","Huyện Bắc Quang",,,"bac quang","https://kcn-kkt.com/kcn/kcn-bac-quang","discovery_reported_unverified",,"unresolved",FALSE,"not_verified","needs_identity_or_location_review",,,,,,"not_reported"
"kcn-kkt-kcn-long-binh-an","KCN Long Bình An","industrial_park","08","KCN-KKT discovery (unverified)","https://kcn-kkt.com/kcn/kcn-long-binh-an","2026-09-10","Thành phố Tuyên Quang",,,"long binh an","https://kcn-kkt.com/kcn/kcn-long-binh-an","discovery_reported_unverified",,"unresolved",FALSE,"not_verified","needs_identity_or_location_review",,,,,,"not_reported"
"kcn-kkt-kcn-nam-son-duong","KCN Nam Sơn Dương","industrial_park","08","KCN-KKT discovery (unverified)","https://kcn-kkt.com/kcn/kcn-nam-son-duong","2026-09-10","Huyện Sơn Dương",,,"nam son duong","https://kcn-kkt.com/kcn/kcn-nam-son-duong","discovery_reported_unverified",,"unresolved",FALSE,"not_verified","needs_identity_or_location_review",,,,,,"not_reported"
"kcn-kkt-kcn-nhu-khe","KCN Nhữ Khê","industrial_park","08","KCN-KKT discovery (unverified)","https://kcn-kkt.com/kcn/kcn-nhu-khe","2026-09-10","Huyện Yên Sơn",,,"nhu khe","https://kcn-kkt.com/kcn/kcn-nhu-khe","discovery_reported_unverified",,"unresolved",FALSE,"not_verified","needs_identity_or_location_review",,,,,,"not_reported"
"kcn-kkt-kcn-nhu-khe-doi-can-kcn-bam-doc-duong-cao-toc-tq-pt","KCN Nhữ Khê - Đội Cấn (KCN bằm độc đường cao tốc TQ-PT)","industrial_park","08","KCN-KKT discovery (unverified)","https://kcn-kkt.com/kcn/kcn-nhu-khe-doi-can-kcn-bam-doc-duong-cao-toc-tq-pt","2026-09-10","Thành phố Tuyên Quang, huyện Yên Sơn",,,"nhu khe doi can kcn bam doc duong cao toc tq pt","https://kcn-kkt.com/kcn/kcn-nhu-khe-doi-can-kcn-bam-doc-duong-cao-toc-tq-pt","discovery_reported_unverified",,"unresolved",FALSE,"not_verified","needs_identity_or_location_review",,,,,,"not_reported"
"kcn-kkt-kcn-tam-da-tuyen-quang","KCN Tam Đa","industrial_park","08","KCN-KKT discovery (unverified)","https://kcn-kkt.com/kcn/kcn-tam-da-tuyen-quang","2026-09-10","Huyện Sơn Dương",,,"tam da","https://kcn-kkt.com/kcn/kcn-tam-da-tuyen-quang","discovery_reported_unverified",,"unresolved",FALSE,"not_verified","needs_identity_or_location_review",,,,,,"not_reported"
"kcn-kkt-kcn-tan-long","KCN Tân Long","industrial_park","08","KCN-KKT discovery (unverified)","https://kcn-kkt.com/kcn/kcn-tan-long","2026-09-10","Thành phố Tuyên Quang",,,"tan long","https://kcn-kkt.com/kcn/kcn-tan-long","discovery_reported_unverified",,"unresolved",FALSE,"not_verified","needs_identity_or_location_review",,,,,,"not_reported"
"kcn-kkt-kcn-thai-son-thanh-long","KCN Thái Sơn - Thành Long","industrial_park","08","KCN-KKT discovery (unverified)","https://kcn-kkt.com/kcn/kcn-thai-son-thanh-long","2026-09-10","Huyện Hàm Yên",,,"thai son thanh long","https://kcn-kkt.com/kcn/kcn-thai-son-thanh-long","discovery_reported_unverified",,"unresolved",FALSE,"not_verified","needs_identity_or_location_review",,,,,,"not_reported"
"kcn-kkt-kcn-trong-ikt-cua-khau-thanh-thuy","KCN trong IKT cửa khẩu Thanh Thủy","industrial_park","08","KCN-KKT discovery (unverified)","https://kcn-kkt.com/kcn/kcn-trong-ikt-cua-khau-thanh-thuy","2026-09-10","Huyện Vị Xuyên",,,"trong ikt cua khau thanh thuy","https://kcn-kkt.com/kcn/kcn-trong-ikt-cua-khau-thanh-thuy","discovery_reported_unverified",,"unresolved",FALSE,"not_verified","needs_identity_or_location_review",,,,,,"not_reported"
"kcn-kkt-kcn-do-thi-dich-vu","KCN - đô thị - dịch vụ","industrial_park","86","KCN-KKT discovery (unverified)","https://kcn-kkt.com/kcn/kcn-do-thi-dich-vu","2026-09-10","Trong phạm vi KKT Định An",,,"do thi dich vu","https://kcn-kkt.com/kcn/kcn-do-thi-dich-vu","discovery_reported_unverified",,"unresolved",FALSE,"not_verified","needs_identity_or_location_review",,,,,,"not_reported"
"kcn-kkt-kcn-an-dinh","KCN An Định","industrial_park","86","KCN-KKT discovery (unverified)","https://kcn-kkt.com/kcn/kcn-an-dinh","2026-09-10","Huyện Mang Thít",,,"an dinh","https://kcn-kkt.com/kcn/kcn-an-dinh","discovery_reported_unverified",,"unresolved",FALSE,"not_verified","needs_identity_or_location_review",,,,,,"not_reported"
"kcn-kkt-kcn-an-nhon","KCN An Nhơn","industrial_park","86","KCN-KKT discovery (unverified)","https://kcn-kkt.com/kcn/kcn-an-nhon","2026-09-10","Huyện Thạnh Phú",,,"an nhon","https://kcn-kkt.com/kcn/kcn-an-nhon","discovery_reported_unverified",,"unresolved",FALSE,"not_verified","needs_identity_or_location_review",,,,,,"not_reported"
"kcn-kkt-kcn-bao-thanh","KCN Bảo Thành","industrial_park","86","KCN-KKT discovery (unverified)","https://kcn-kkt.com/kcn/kcn-bao-thanh","2026-09-10","Huyện Ba Tri",,,"bao thanh","https://kcn-kkt.com/kcn/kcn-bao-thanh","discovery_reported_unverified",,"unresolved",FALSE,"not_verified","needs_identity_or_location_review",,,,,,"not_reported"
"kcn-kkt-kcn-binh-tan","KCN Bình Tân","industrial_park","86","KCN-KKT discovery (unverified)","https://kcn-kkt.com/kcn/kcn-binh-tan","2026-09-10","Huyện Bình Tân",,,"binh tan","https://kcn-kkt.com/kcn/kcn-binh-tan","discovery_reported_unverified",,"unresolved",FALSE,"not_verified","needs_identity_or_location_review",,,,,,"not_reported"
"kcn-kkt-kcn-cau-quan","KCN Cầu Quan","industrial_park","86","KCN-KKT discovery (unverified)","https://kcn-kkt.com/kcn/kcn-cau-quan","2026-09-10","Huyện Tiểu Cần, Huyện Cầu Kè",,,"cau quan","https://kcn-kkt.com/kcn/kcn-cau-quan","discovery_reported_unverified",,"unresolved",FALSE,"not_verified","needs_identity_or_location_review",,,,,,"not_reported"
"kcn-kkt-kcn-co-chien","KCN Cổ Chiên","industrial_park","86","KCN-KKT discovery (unverified)","https://kcn-kkt.com/kcn/kcn-co-chien","2026-09-10","Huyện Cảng Long",,,"co chien","https://kcn-kkt.com/kcn/kcn-co-chien","discovery_reported_unverified",,"unresolved",FALSE,"not_verified","needs_identity_or_location_review",,,,,,"not_reported"
"kcn-kkt-kcn-dinh-an","KCN Định An","industrial_park","86","KCN-KKT discovery (unverified)","https://kcn-kkt.com/kcn/kcn-dinh-an","2026-09-10","Trong phạm vi KKT Định An",,,"dinh an","https://kcn-kkt.com/kcn/kcn-dinh-an","discovery_reported_unverified",,"unresolved",FALSE,"not_verified","needs_identity_or_location_review",,,,,,"not_reported"
"kcn-kkt-kcn-don-xuan-don-chau","KCN Đốn Xuân - Đốn Châu","industrial_park","86","KCN-KKT discovery (unverified)","https://kcn-kkt.com/kcn/kcn-don-xuan-don-chau","2026-09-10","Trong phạm vi KKT Định An",,,"don xuan don chau","https://kcn-kkt.com/kcn/kcn-don-xuan-don-chau","discovery_reported_unverified",,"unresolved",FALSE,"not_verified","needs_identity_or_location_review",,,,,,"not_reported"
"kcn-kkt-kcn-dong-binh","KCN Đông Bình","industrial_park","86","KCN-KKT discovery (unverified)","https://kcn-kkt.com/kcn/kcn-dong-binh","2026-09-10","Thị xã Bình Minh",,,"dong binh","https://kcn-kkt.com/kcn/kcn-dong-binh","discovery_reported_unverified",,"unresolved",FALSE,"not_verified","needs_identity_or_location_review",,,,,,"not_reported"
"kcn-kkt-kcn-giao-hoa","KCN Giao Hòa","industrial_park","86","KCN-KKT discovery (unverified)","https://kcn-kkt.com/kcn/kcn-giao-hoa","2026-09-10","Huyện Châu Thành",,,"giao hoa","https://kcn-kkt.com/kcn/kcn-giao-hoa","discovery_reported_unverified",,"unresolved",FALSE,"not_verified","needs_identity_or_location_review",,,,,,"not_reported"
"kcn-kkt-kcn-giao-long-i-ii","KCN Giao Long (I, II)","industrial_park","86","KCN-KKT discovery (unverified)","https://kcn-kkt.com/kcn/kcn-giao-long-i-ii","2026-09-10","Huyện Châu Thành",,,"giao long 1 2","https://kcn-kkt.com/kcn/kcn-giao-long-i-ii","discovery_reported_unverified",,"unresolved",FALSE,"not_verified","needs_identity_or_location_review",,,,,,"not_reported"
"kcn-kkt-kcn-giao-long-iii","KCN Giao Long (III)","industrial_park","86","KCN-KKT discovery (unverified)","https://kcn-kkt.com/kcn/kcn-giao-long-iii","2026-09-10","Huyện Châu Thành",,,"giao long 3","https://kcn-kkt.com/kcn/kcn-giao-long-iii","discovery_reported_unverified",,"unresolved",FALSE,"not_verified","needs_identity_or_location_review",,,,,,"not_reported"
"kcn-kkt-kcn-hoa-phu-giai-doan-1-2","KCN Hòa Phú (giai đoạn 1 + 2)","industrial_park","86","KCN-KKT discovery (unverified)","https://kcn-kkt.com/kcn/kcn-hoa-phu-giai-doan-1-2","2026-09-10","Huyện Long Hồ",,,"hoa phu giai doan 1 2","https://kcn-kkt.com/kcn/kcn-hoa-phu-giai-doan-1-2","discovery_reported_unverified",,"unresolved",FALSE,"not_verified","needs_identity_or_location_review",,,,,,"not_reported"
"kcn-kkt-kcn-hoa-phu-giai-doan-3","KCN Hòa Phú (giai đoạn 3)","industrial_park","86","KCN-KKT discovery (unverified)","https://kcn-kkt.com/kcn/kcn-hoa-phu-giai-doan-3","2026-09-10","Huyện Long Hồ",,,"hoa phu giai doan 3","https://kcn-kkt.com/kcn/kcn-hoa-phu-giai-doan-3","discovery_reported_unverified",,"unresolved",FALSE,"not_verified","needs_identity_or_location_review",,,,,,"not_reported"
"kcn-kkt-kcn-long-doc","KCN Long Độc","industrial_park","86","KCN-KKT discovery (unverified)","https://kcn-kkt.com/kcn/kcn-long-doc","2026-09-10","Thành phố Trà Vinh",,,"long doc","https://kcn-kkt.com/kcn/kcn-long-doc","discovery_reported_unverified",,"unresolved",FALSE,"not_verified","needs_identity_or_location_review",,,,,,"not_reported"
"kcn-kkt-kcn-phu-thuan","KCN Phú Thuận","industrial_park","86","KCN-KKT discovery (unverified)","https://kcn-kkt.com/kcn/kcn-phu-thuan","2026-09-10","Huyện Bình Đại",,,"phu thuan","https://kcn-kkt.com/kcn/kcn-phu-thuan","discovery_reported_unverified",,"unresolved",FALSE,"not_verified","needs_identity_or_location_review",,,,,,"not_reported"
"kcn-kkt-kcn-phuoc-long","KCN Phước Long","industrial_park","86","KCN-KKT discovery (unverified)","https://kcn-kkt.com/kcn/kcn-phuoc-long","2026-09-10","Huyện Giồng Trôm",,,"phuoc long","https://kcn-kkt.com/kcn/kcn-phuoc-long","discovery_reported_unverified",,"unresolved",FALSE,"not_verified","needs_identity_or_location_review",,,,,,"not_reported"
"kcn-kkt-kcn-thuoc-cang-tra-cu","KCN thuộc Cảng Trà Cú","industrial_park","86","KCN-KKT discovery (unverified)","https://kcn-kkt.com/kcn/kcn-thuoc-cang-tra-cu","2026-09-10","Trong phạm vi KKT Định An",,,"thuoc cang tra cu","https://kcn-kkt.com/kcn/kcn-thuoc-cang-tra-cu","discovery_reported_unverified",,"unresolved",FALSE,"not_verified","needs_identity_or_location_review",,,,,,"not_reported"
"kcn-kkt-kcn-trong-kkt-dinh-an","KCN trong KKT Định An","industrial_park","86","KCN-KKT discovery (unverified)","https://kcn-kkt.com/kcn/kcn-trong-kkt-dinh-an","2026-09-10","Trong phạm vi KKT Định An",,,"trong kkt dinh an","https://kcn-kkt.com/kcn/kcn-trong-kkt-dinh-an","discovery_reported_unverified",,"unresolved",FALSE,"not_verified","needs_identity_or_location_review",,,,,,"not_reported"
"kcn-kkt-khu-du-tru-phat-trien-kcn-long-khanh","Khu dự trữ phát triển KCN Long Khánh","industrial_park","86","KCN-KKT discovery (unverified)","https://kcn-kkt.com/kcn/khu-du-tru-phat-trien-kcn-long-khanh","2026-09-10","Trong phạm vi KKT Định An",,,"khu du tru phat trien kcn long khanh","https://kcn-kkt.com/kcn/khu-du-tru-phat-trien-kcn-long-khanh","discovery_reported_unverified",,"unresolved",FALSE,"not_verified","needs_identity_or_location_review",,,,,,"not_reported"
"kcn-kkt-khu-du-tru-phat-trien-kcn-long-vinh","Khu dự trữ phát triển KCN Long Vĩnh","industrial_park","86","KCN-KKT discovery (unverified)","https://kcn-kkt.com/kcn/khu-du-tru-phat-trien-kcn-long-vinh","2026-09-10","Trong phạm vi KKT Định An",,,"khu du tru phat trien kcn long vinh","https://kcn-kkt.com/kcn/khu-du-tru-phat-trien-kcn-long-vinh","discovery_reported_unverified",,"unresolved",FALSE,"not_verified","needs_identity_or_location_review",,,,,,"not_reported"
