{
"type": "FeatureCollection",
"name": "vietnam-provinces-34",
"features": [
{ "type": "Feature", "properties": { "code": "01", "iso": null, "name_vi": "Hà Nội", "name_en": "Ha Noi", "type": "municipality" }, "geometry": { "type": "Polygon", "coordinates": [ [ [ 105.968919, 21.349581 ], [ 105.968896, 21.349526 ], [ 105.933527, 21.363594 ], [ 105.926895, 21.371486 ], [ 105.917685, 21.389669 ], [ 105.903316, 21.391041 ], [ 105.891895, 21.395843 ], [ 105.887474, 21.400989 ], [ 105.87421, 21.404762 ], [ 105.869052, 21.404419 ], [ 105.85321, 21.398931 ], [ 105.853578, 21.388639 ], [ 105.856526, 21.373887 ], [ 105.852841, 21.358791 ], [ 105.846578, 21.349869 ], [ 105.84142, 21.337515 ], [ 105.82963, 21.323445 ], [ 105.817104, 21.317267 ], [ 105.792419, 21.289463 ], [ 105.787629, 21.274015 ], [ 105.796472, 21.260624 ], [ 105.804577, 21.251697 ], [ 105.820051, 21.241739 ], [ 105.82963, 21.23075 ], [ 105.859105, 21.211173 ], [ 105.86242, 21.206365 ], [ 105.856894, 21.191594 ], [ 105.852104, 21.163767 ], [ 105.843262, 21.145212 ], [ 105.835157, 21.140058 ], [ 105.800893, 21.142807 ], [ 105.793893, 21.144869 ], [ 105.757787, 21.16411 ], [ 105.704733, 21.175105 ], [ 105.691101, 21.183693 ], [ 105.682627, 21.187128 ], [ 105.667522, 21.187128 ], [ 105.656837, 21.181288 ], [ 105.647995, 21.172013 ], [ 105.628468, 21.162049 ], [ 105.583888, 21.156552 ], [ 105.566572, 21.162393 ], [ 105.548519, 21.174074 ], [ 105.536361, 21.17854 ], [ 105.526414, 21.185067 ], [ 105.519782, 21.195373 ], [ 105.516098, 21.20396 ], [ 105.510394, 21.257466 ], [ 105.500255, 21.275484 ], [ 105.499887, 21.280194 ], [ 105.491044, 21.284657 ], [ 105.475939, 21.288433 ], [ 105.460096, 21.295986 ], [ 105.444622, 21.297359 ], [ 105.433201, 21.295642 ], [ 105.423254, 21.285 ], [ 105.399674, 21.270238 ], [ 105.398937, 21.258221 ], [ 105.405937, 21.248263 ], [ 105.409253, 21.236931 ], [ 105.410727, 21.221477 ], [ 105.400779, 21.20396 ], [ 105.392306, 21.195716 ], [ 105.382358, 21.190907 ], [ 105.368726, 21.188846 ], [ 105.362094, 21.185067 ], [ 105.358779, 21.166172 ], [ 105.359515, 21.142463 ], [ 105.363937, 21.123563 ], [ 105.378305, 21.104316 ], [ 105.383832, 21.087129 ], [ 105.381253, 21.078535 ], [ 105.373516, 21.063408 ], [ 105.359515, 21.040027 ], [ 105.360252, 21.02524 ], [ 105.363568, 21.021113 ], [ 105.369831, 21.016986 ], [ 105.376095, 21.01561 ], [ 105.381621, 21.020769 ], [ 105.389727, 21.01733 ], [ 105.394516, 21.011139 ], [ 105.39962, 21.003312 ], [ 105.416651, 21.009567 ], [ 105.443479, 21.01683 ], [ 105.45582, 21.024593 ], [ 105.479429, 21.027849 ], [ 105.502501, 21.026597 ], [ 105.5135, 21.023592 ], [ 105.524232, 21.014827 ], [ 105.540597, 21.010569 ], [ 105.555352, 20.9998 ], [ 105.565547, 20.987025 ], [ 105.584327, 20.969992 ], [ 105.588888, 20.956213 ], [ 105.590766, 20.926396 ], [ 105.595058, 20.920382 ], [ 105.605253, 20.917375 ], [ 105.622423, 20.91562 ], [ 105.638251, 20.920632 ], [ 105.642007, 20.919379 ], [ 105.640934, 20.908603 ], [ 105.633691, 20.90334 ], [ 105.627788, 20.894067 ], [ 105.62752, 20.880281 ], [ 105.624032, 20.860477 ], [ 105.635569, 20.835155 ], [ 105.635032, 20.829889 ], [ 105.621081, 20.815345 ], [ 105.620545, 20.804311 ], [ 105.62913, 20.798292 ], [ 105.63852, 20.802054 ], [ 105.647105, 20.820862 ], [ 105.657568, 20.827633 ], [ 105.668567, 20.829388 ], [ 105.681981, 20.82663 ], [ 105.685469, 20.823621 ], [ 105.690566, 20.812336 ], [ 105.693786, 20.799295 ], [ 105.695395, 20.784497 ], [ 105.698346, 20.773461 ], [ 105.701029, 20.746619 ], [ 105.71674, 20.724053 ], [ 105.718417, 20.709154 ], [ 105.71716, 20.645227 ], [ 105.711291, 20.633066 ], [ 105.713806, 20.621297 ], [ 105.737281, 20.61345 ], [ 105.750695, 20.605995 ], [ 105.774169, 20.599325 ], [ 105.78423, 20.594616 ], [ 105.791356, 20.585198 ], [ 105.811897, 20.550661 ], [ 105.81433, 20.546104 ], [ 105.836262, 20.556156 ], [ 105.842157, 20.557382 ], [ 105.853947, 20.566581 ], [ 105.857876, 20.572713 ], [ 105.865081, 20.590496 ], [ 105.867701, 20.601532 ], [ 105.867046, 20.616858 ], [ 105.871631, 20.630958 ], [ 105.876871, 20.636474 ], [ 105.891281, 20.646894 ], [ 105.90045, 20.648733 ], [ 105.91617, 20.649346 ], [ 105.952849, 20.64812 ], [ 105.967914, 20.654862 ], [ 105.991493, 20.67815 ], [ 106.009833, 20.679375 ], [ 106.022932, 20.667732 ], [ 106.028172, 20.658539 ], [ 106.038652, 20.654862 ], [ 106.050442, 20.659152 ], [ 106.058957, 20.667732 ], [ 106.063541, 20.676311 ], [ 106.072213, 20.695037 ], [ 106.073431, 20.697274 ], [ 106.070956, 20.698959 ], [ 106.066345, 20.70288 ], [ 106.044698, 20.713247 ], [ 106.034503, 20.720022 ], [ 106.029137, 20.736834 ], [ 106.022162, 20.778728 ], [ 106.017601, 20.782742 ], [ 106.008212, 20.784247 ], [ 105.99748, 20.791019 ], [ 105.992383, 20.795282 ], [ 105.986212, 20.806067 ], [ 105.978701, 20.811082 ], [ 105.975749, 20.822367 ], [ 105.977627, 20.838916 ], [ 105.983798, 20.845936 ], [ 105.993724, 20.852455 ], [ 105.999895, 20.860477 ], [ 105.999358, 20.871006 ], [ 105.998285, 20.877022 ], [ 105.994529, 20.88379 ], [ 105.98031, 20.892563 ], [ 105.968774, 20.901837 ], [ 105.960457, 20.920131 ], [ 105.958829, 20.923064 ], [ 105.962386, 20.925832 ], [ 105.96532, 20.936012 ], [ 105.966997, 20.965764 ], [ 105.973704, 20.980638 ], [ 105.98628, 20.991988 ], [ 105.999274, 20.992771 ], [ 106.009335, 20.996293 ], [ 106.026941, 21.01312 ], [ 106.030311, 21.018125 ], [ 106.036163, 21.026816 ], [ 106.041613, 21.036206 ], [ 106.047481, 21.051073 ], [ 106.0479, 21.066721 ], [ 106.04287, 21.08002 ], [ 106.028618, 21.094491 ], [ 105.989633, 21.103877 ], [ 105.967416, 21.110917 ], [ 105.963643, 21.118346 ], [ 105.959435, 21.142745 ], [ 105.963677, 21.158758 ], [ 105.965823, 21.185527 ], [ 105.963677, 21.238299 ], [ 105.969579, 21.249801 ], [ 105.973603, 21.253052 ], [ 105.992919, 21.265803 ], [ 106.007675, 21.271803 ], [ 106.011028, 21.272043 ], [ 105.992803, 21.291523 ], [ 105.991729, 21.305534 ], [ 105.974542, 21.327012 ], [ 105.971608, 21.335212 ], [ 105.970769, 21.346145 ], [ 105.969159, 21.348933 ], [ 105.968919, 21.349581 ] ] ] } },
{ "type": "Feature", "properties": { "code": "04", "iso": null, "name_vi": "Cao Bằng", "name_en": "Cao Bang", "type": "province" }, "geometry": { "type": "Polygon", "coordinates": [ [ [ 106.19242, 22.38438 ], [ 106.201433, 22.389142 ], [ 106.211552, 22.397562 ], [ 106.215094, 22.415337 ], [ 106.218635, 22.422821 ], [ 106.225213, 22.427966 ], [ 106.241403, 22.431239 ], [ 106.252535, 22.430772 ], [ 106.271255, 22.423756 ], [ 106.285928, 22.412999 ], [ 106.293517, 22.396627 ], [ 106.322357, 22.380253 ], [ 106.343101, 22.373235 ], [ 106.351703, 22.358262 ], [ 106.362834, 22.347032 ], [ 106.375989, 22.34048 ], [ 106.392685, 22.336736 ], [ 106.404322, 22.3358 ], [ 106.43215, 22.338608 ], [ 106.47971, 22.333928 ], [ 106.492359, 22.336736 ], [ 106.497925, 22.342352 ], [ 106.500455, 22.357327 ], [ 106.507538, 22.364345 ], [ 106.520187, 22.373235 ], [ 106.553075, 22.383996 ], [ 106.564206, 22.390078 ], [ 106.580896, 22.395237 ], [ 106.576855, 22.404111 ], [ 106.568253, 22.41487 ], [ 106.566736, 22.427966 ], [ 106.569771, 22.436851 ], [ 106.584444, 22.451348 ], [ 106.598105, 22.468181 ], [ 106.6062, 22.50558 ], [ 106.612778, 22.522407 ], [ 106.621379, 22.567267 ], [ 106.632004, 22.572406 ], [ 106.673493, 22.562594 ], [ 106.691708, 22.563996 ], [ 106.71397, 22.574275 ], [ 106.727631, 22.58829 ], [ 106.739774, 22.613047 ], [ 106.747869, 22.639667 ], [ 106.75647, 22.64994 ], [ 106.76406, 22.66348 ], [ 106.784804, 22.69009 ], [ 106.785816, 22.708761 ], [ 106.783792, 22.725096 ], [ 106.793405, 22.738162 ], [ 106.81668, 22.758226 ], [ 106.829835, 22.782486 ], [ 106.836412, 22.789483 ], [ 106.838436, 22.803009 ], [ 106.83287, 22.805808 ], [ 106.822245, 22.80814 ], [ 106.81162, 22.807207 ], [ 106.79037, 22.814203 ], [ 106.78025, 22.821665 ], [ 106.757988, 22.830525 ], [ 106.717006, 22.857569 ], [ 106.710934, 22.872954 ], [ 106.707392, 22.887404 ], [ 106.699297, 22.886006 ], [ 106.683106, 22.870623 ], [ 106.668939, 22.86969 ], [ 106.657302, 22.87342 ], [ 106.642124, 22.875285 ], [ 106.627451, 22.907912 ], [ 106.618849, 22.915835 ], [ 106.609236, 22.920029 ], [ 106.600635, 22.919563 ], [ 106.589504, 22.916301 ], [ 106.581914, 22.917233 ], [ 106.557122, 22.931679 ], [ 106.545485, 22.932145 ], [ 106.528283, 22.927485 ], [ 106.514116, 22.917233 ], [ 106.498937, 22.903252 ], [ 106.458966, 22.883675 ], [ 106.439234, 22.878082 ], [ 106.388132, 22.87342 ], [ 106.371435, 22.868292 ], [ 106.364858, 22.861299 ], [ 106.35575, 22.857569 ], [ 106.352209, 22.857569 ], [ 106.337657, 22.863518 ], [ 106.319847, 22.867397 ], [ 106.306247, 22.867695 ], [ 106.295885, 22.874259 ], [ 106.281961, 22.886193 ], [ 106.274837, 22.906775 ], [ 106.269656, 22.91632 ], [ 106.24537, 22.954491 ], [ 106.240513, 22.959262 ], [ 106.222056, 22.967908 ], [ 106.201331, 22.974467 ], [ 106.175103, 22.9852 ], [ 106.153731, 22.987883 ], [ 106.146931, 22.984902 ], [ 106.132359, 22.982517 ], [ 106.114549, 22.982517 ], [ 106.096416, 22.992652 ], [ 106.063063, 22.992354 ], [ 106.051082, 22.990565 ], [ 106.030034, 22.982815 ], [ 106.013519, 22.98192 ], [ 106.014491, 22.974766 ], [ 106.019996, 22.96612 ], [ 106.017729, 22.957771 ], [ 105.995709, 22.941967 ], [ 105.980166, 22.937196 ], [ 105.964947, 22.941967 ], [ 105.923175, 22.939582 ], [ 105.906984, 22.932425 ], [ 105.895651, 22.924671 ], [ 105.883346, 22.924373 ], [ 105.862622, 22.944055 ], [ 105.843517, 22.971486 ], [ 105.819555, 23.000402 ], [ 105.799154, 23.015603 ], [ 105.77584, 23.02961 ], [ 105.756087, 23.039444 ], [ 105.741839, 23.052257 ], [ 105.726296, 23.069239 ], [ 105.712048, 23.074006 ], [ 105.696829, 23.076389 ], [ 105.674729, 23.075588 ], [ 105.653478, 23.077916 ], [ 105.610978, 23.070934 ], [ 105.598329, 23.070934 ], [ 105.583656, 23.073726 ], [ 105.578596, 23.079778 ], [ 105.574549, 23.090017 ], [ 105.572525, 23.104445 ], [ 105.566008, 23.118982 ], [ 105.55597, 23.116302 ], [ 105.530712, 23.113324 ], [ 105.518387, 23.105841 ], [ 105.508268, 23.089087 ], [ 105.502702, 23.066279 ], [ 105.498149, 23.061623 ], [ 105.496631, 23.036948 ], [ 105.494101, 23.028567 ], [ 105.484488, 23.017857 ], [ 105.460708, 23.008077 ], [ 105.434904, 23.005749 ], [ 105.414159, 22.9969 ], [ 105.379248, 22.988982 ], [ 105.373683, 22.982461 ], [ 105.367611, 22.952646 ], [ 105.364575, 22.944726 ], [ 105.338266, 22.935873 ], [ 105.311956, 22.921893 ], [ 105.304872, 22.914437 ], [ 105.304872, 22.900921 ], [ 105.301836, 22.883675 ], [ 105.294247, 22.874818 ], [ 105.283622, 22.876217 ], [ 105.274009, 22.879946 ], [ 105.268443, 22.872021 ], [ 105.276538, 22.858502 ], [ 105.312968, 22.846379 ], [ 105.322075, 22.839385 ], [ 105.333206, 22.833323 ], [ 105.341301, 22.823997 ], [ 105.344843, 22.817468 ], [ 105.399993, 22.804875 ], [ 105.437434, 22.778287 ], [ 105.449577, 22.767557 ], [ 105.471333, 22.736762 ], [ 105.478922, 22.723696 ], [ 105.481958, 22.714362 ], [ 105.476898, 22.688223 ], [ 105.478416, 22.675152 ], [ 105.495619, 22.648072 ], [ 105.501532, 22.636248 ], [ 105.513328, 22.634063 ], [ 105.529012, 22.634063 ], [ 105.531036, 22.632662 ], [ 105.543179, 22.632195 ], [ 105.556334, 22.636398 ], [ 105.568983, 22.647605 ], [ 105.597823, 22.664414 ], [ 105.608448, 22.673751 ], [ 105.614519, 22.683555 ], [ 105.631722, 22.690557 ], [ 105.644371, 22.697559 ], [ 105.669669, 22.716695 ], [ 105.677258, 22.717629 ], [ 105.691425, 22.716229 ], [ 105.714699, 22.718095 ], [ 105.727854, 22.722762 ], [ 105.734938, 22.728363 ], [ 105.74952, 22.730845 ], [ 105.755116, 22.724537 ], [ 105.755945, 22.721096 ], [ 105.754701, 22.706949 ], [ 105.762991, 22.698346 ], [ 105.774182, 22.691845 ], [ 105.776876, 22.673872 ], [ 105.77356, 22.663928 ], [ 105.76755, 22.656469 ], [ 105.741009, 22.633596 ], [ 105.737468, 22.626591 ], [ 105.73848, 22.61725 ], [ 105.757706, 22.582217 ], [ 105.799195, 22.528015 ], [ 105.808302, 22.519135 ], [ 105.827528, 22.506048 ], [ 105.840177, 22.500438 ], [ 105.891279, 22.490622 ], [ 105.916577, 22.474259 ], [ 105.929732, 22.477532 ], [ 105.945923, 22.502308 ], [ 105.96009, 22.50745 ], [ 105.979316, 22.510254 ], [ 105.987918, 22.514461 ], [ 106.002591, 22.524743 ], [ 106.031936, 22.53596 ], [ 106.042561, 22.543437 ], [ 106.061788, 22.553717 ], [ 106.072413, 22.554184 ], [ 106.076461, 22.543904 ], [ 106.08152, 22.53596 ], [ 106.108336, 22.510254 ], [ 106.113902, 22.501841 ], [ 106.121491, 22.463038 ], [ 106.121491, 22.435448 ], [ 106.114914, 22.425627 ], [ 106.111372, 22.424224 ], [ 106.108336, 22.415337 ], [ 106.11289, 22.404579 ], [ 106.124021, 22.391949 ], [ 106.146283, 22.386335 ], [ 106.173099, 22.38306 ], [ 106.190808, 22.383528 ], [ 106.19242, 22.38438 ] ] ] } },
{ "type": "Feature", "properties": { "code": "08", "iso": null, "name_vi": "Tuyên Quang", "name_en": "Tuyen Quang", "type": "province" }, "geometry": { "type": "Polygon", "coordinates": [ [ [ 105.513328, 22.634063 ], [ 105.501532, 22.636248 ], [ 105.495619, 22.648072 ], [ 105.478416, 22.675152 ], [ 105.476898, 22.688223 ], [ 105.481958, 22.714362 ], [ 105.478922, 22.723696 ], [ 105.471333, 22.736762 ], [ 105.449577, 22.767557 ], [ 105.437434, 22.778287 ], [ 105.399993, 22.804875 ], [ 105.344843, 22.817468 ], [ 105.341301, 22.823997 ], [ 105.333206, 22.833323 ], [ 105.322075, 22.839385 ], [ 105.312968, 22.846379 ], [ 105.276538, 22.858502 ], [ 105.268443, 22.872021 ], [ 105.274009, 22.879946 ], [ 105.283622, 22.876217 ], [ 105.294247, 22.874818 ], [ 105.301836, 22.883675 ], [ 105.304872, 22.900921 ], [ 105.304872, 22.914437 ], [ 105.311956, 22.921893 ], [ 105.338266, 22.935873 ], [ 105.364575, 22.944726 ], [ 105.367611, 22.952646 ], [ 105.373683, 22.982461 ], [ 105.379248, 22.988982 ], [ 105.414159, 22.9969 ], [ 105.434904, 23.005749 ], [ 105.460708, 23.008077 ], [ 105.484488, 23.017857 ], [ 105.494101, 23.028567 ], [ 105.496631, 23.036948 ], [ 105.498149, 23.061623 ], [ 105.502702, 23.066279 ], [ 105.508268, 23.089087 ], [ 105.518387, 23.105841 ], [ 105.530712, 23.113324 ], [ 105.55597, 23.116302 ], [ 105.566008, 23.118982 ], [ 105.577989, 23.133277 ], [ 105.579608, 23.149951 ], [ 105.565684, 23.174364 ], [ 105.55584, 23.186199 ], [ 105.540103, 23.194902 ], [ 105.524236, 23.196093 ], [ 105.514198, 23.20026 ], [ 105.503188, 23.209486 ], [ 105.498655, 23.216331 ], [ 105.495417, 23.228234 ], [ 105.491207, 23.235375 ], [ 105.47955, 23.249954 ], [ 105.470483, 23.264532 ], [ 105.452349, 23.280893 ], [ 105.441987, 23.299036 ], [ 105.432597, 23.30201 ], [ 105.417377, 23.289518 ], [ 105.409282, 23.289221 ], [ 105.405396, 23.294277 ], [ 105.395034, 23.301118 ], [ 105.386939, 23.303199 ], [ 105.361358, 23.318366 ], [ 105.343535, 23.372142 ], [ 105.33711, 23.382795 ], [ 105.331722, 23.387931 ], [ 105.323018, 23.390974 ], [ 105.308304, 23.384507 ], [ 105.299807, 23.383176 ], [ 105.298563, 23.379181 ], [ 105.300221, 23.374045 ], [ 105.298771, 23.36986 ], [ 105.290067, 23.359776 ], [ 105.285093, 23.344746 ], [ 105.260431, 23.339608 ], [ 105.254007, 23.332377 ], [ 105.256701, 23.318295 ], [ 105.255043, 23.313917 ], [ 105.244059, 23.295455 ], [ 105.238878, 23.291838 ], [ 105.229138, 23.278703 ], [ 105.21127, 23.269552 ], [ 105.188501, 23.281172 ], [ 105.168263, 23.284425 ], [ 105.160674, 23.275594 ], [ 105.146507, 23.263509 ], [ 105.129304, 23.254213 ], [ 105.116149, 23.250959 ], [ 105.092369, 23.259791 ], [ 105.084274, 23.266298 ], [ 105.065553, 23.26258 ], [ 105.047339, 23.240266 ], [ 105.033172, 23.231433 ], [ 105.021535, 23.226318 ], [ 104.996237, 23.209579 ], [ 104.970939, 23.203534 ], [ 104.956772, 23.186791 ], [ 104.956266, 23.177024 ], [ 104.950194, 23.167256 ], [ 104.936028, 23.170977 ], [ 104.928944, 23.175164 ], [ 104.916801, 23.178885 ], [ 104.899599, 23.17935 ], [ 104.891503, 23.171442 ], [ 104.885432, 23.162139 ], [ 104.883408, 23.143066 ], [ 104.877336, 23.131899 ], [ 104.858616, 23.116544 ], [ 104.844955, 23.119336 ], [ 104.830282, 23.128642 ], [ 104.818139, 23.13283 ], [ 104.811562, 23.130503 ], [ 104.809538, 23.110029 ], [ 104.812573, 23.097929 ], [ 104.818645, 23.086294 ], [ 104.822693, 23.073261 ], [ 104.823199, 23.041139 ], [ 104.827752, 23.025307 ], [ 104.832306, 23.015528 ], [ 104.833318, 22.995968 ], [ 104.837365, 22.981995 ], [ 104.845461, 22.975939 ], [ 104.860134, 22.956839 ], [ 104.864181, 22.939135 ], [ 104.849509, 22.922825 ], [ 104.842931, 22.922825 ], [ 104.812068, 22.90698 ], [ 104.784746, 22.896727 ], [ 104.773109, 22.885074 ], [ 104.771085, 22.878548 ], [ 104.75793, 22.865495 ], [ 104.745787, 22.857103 ], [ 104.738197, 22.827727 ], [ 104.723019, 22.823064 ], [ 104.706322, 22.822597 ], [ 104.685578, 22.819799 ], [ 104.647631, 22.833323 ], [ 104.635994, 22.831458 ], [ 104.627392, 22.831924 ], [ 104.621321, 22.824463 ], [ 104.612719, 22.819799 ], [ 104.599059, 22.821198 ], [ 104.598553, 22.842649 ], [ 104.596529, 22.847312 ], [ 104.585398, 22.85244 ], [ 104.568195, 22.849177 ], [ 104.563641, 22.839385 ], [ 104.546945, 22.825862 ], [ 104.541379, 22.811405 ], [ 104.532272, 22.798345 ], [ 104.520635, 22.786684 ], [ 104.500396, 22.775022 ], [ 104.487241, 22.763358 ], [ 104.437151, 22.730696 ], [ 104.417925, 22.714828 ], [ 104.397181, 22.70036 ], [ 104.387061, 22.699426 ], [ 104.376017, 22.694392 ], [ 104.361763, 22.691957 ], [ 104.359234, 22.675152 ], [ 104.377954, 22.668149 ], [ 104.380484, 22.660679 ], [ 104.413371, 22.656943 ], [ 104.420961, 22.652741 ], [ 104.431586, 22.643402 ], [ 104.433104, 22.631261 ], [ 104.436645, 22.62192 ], [ 104.467003, 22.608376 ], [ 104.470545, 22.592494 ], [ 104.471557, 22.575209 ], [ 104.45486, 22.569603 ], [ 104.439681, 22.569136 ], [ 104.429056, 22.570537 ], [ 104.425514, 22.562127 ], [ 104.425008, 22.546708 ], [ 104.421467, 22.538296 ], [ 104.422985, 22.528015 ], [ 104.43614, 22.522407 ], [ 104.440693, 22.513994 ], [ 104.45992, 22.501373 ], [ 104.463967, 22.493894 ], [ 104.469027, 22.476597 ], [ 104.464979, 22.472389 ], [ 104.453848, 22.465376 ], [ 104.45233, 22.461635 ], [ 104.455872, 22.448542 ], [ 104.472569, 22.422353 ], [ 104.484206, 22.41487 ], [ 104.513045, 22.400369 ], [ 104.540367, 22.382125 ], [ 104.550992, 22.372299 ], [ 104.553522, 22.360602 ], [ 104.567689, 22.351243 ], [ 104.576796, 22.347032 ], [ 104.577302, 22.338608 ], [ 104.570725, 22.332056 ], [ 104.582868, 22.316143 ], [ 104.586915, 22.302568 ], [ 104.584892, 22.29227 ], [ 104.577808, 22.273543 ], [ 104.563641, 22.261837 ], [ 104.5601, 22.25575 ], [ 104.558076, 22.246384 ], [ 104.566171, 22.239828 ], [ 104.58647, 22.250486 ], [ 104.604513, 22.255989 ], [ 104.614875, 22.265387 ], [ 104.623994, 22.270373 ], [ 104.635185, 22.269222 ], [ 104.645754, 22.266154 ], [ 104.658396, 22.265387 ], [ 104.662126, 22.2604 ], [ 104.677048, 22.256372 ], [ 104.711242, 22.257139 ], [ 104.720154, 22.254454 ], [ 104.731137, 22.23086 ], [ 104.723055, 22.209181 ], [ 104.725749, 22.199588 ], [ 104.739634, 22.190185 ], [ 104.75725, 22.183277 ], [ 104.760566, 22.17253 ], [ 104.766269, 22.167287 ], [ 104.791619, 22.169559 ], [ 104.811821, 22.168745 ], [ 104.819033, 22.172845 ], [ 104.840623, 22.179446 ], [ 104.846577, 22.184546 ], [ 104.848866, 22.185508 ], [ 104.85113, 22.181358 ], [ 104.854031, 22.178287 ], [ 104.865844, 22.145659 ], [ 104.867295, 22.125503 ], [ 104.870455, 22.115555 ], [ 104.874989, 22.109255 ], [ 104.875312, 22.098155 ], [ 104.882436, 22.081953 ], [ 104.888913, 22.075051 ], [ 104.931656, 22.060647 ], [ 104.941371, 22.056145 ], [ 104.948494, 22.048042 ], [ 104.953028, 22.039938 ], [ 104.966304, 22.032134 ], [ 104.975047, 22.033935 ], [ 104.980228, 22.038737 ], [ 104.993828, 22.04564 ], [ 105.009048, 22.04444 ], [ 105.017467, 22.039638 ], [ 105.016819, 22.007217 ], [ 105.022, 21.982597 ], [ 105.017143, 21.966982 ], [ 105.010019, 21.954369 ], [ 105.013581, 21.948362 ], [ 105.033334, 21.940853 ], [ 105.047258, 21.930641 ], [ 105.049848, 21.905707 ], [ 105.05341, 21.899698 ], [ 105.061829, 21.897595 ], [ 105.070249, 21.891586 ], [ 105.076077, 21.868148 ], [ 105.10263, 21.844104 ], [ 105.119792, 21.839295 ], [ 105.12983, 21.824566 ], [ 105.131449, 21.820659 ], [ 105.131449, 21.809836 ], [ 105.122059, 21.799313 ], [ 105.120116, 21.793901 ], [ 105.122383, 21.779469 ], [ 105.121411, 21.758719 ], [ 105.108459, 21.74338 ], [ 105.10943, 21.732251 ], [ 105.124649, 21.719316 ], [ 105.134364, 21.7136 ], [ 105.136967, 21.708019 ], [ 105.143248, 21.703908 ], [ 105.162038, 21.705277 ], [ 105.190407, 21.704934 ], [ 105.204775, 21.702538 ], [ 105.214355, 21.696719 ], [ 105.220249, 21.68371 ], [ 105.236092, 21.671042 ], [ 105.26225, 21.659058 ], [ 105.270356, 21.652894 ], [ 105.283251, 21.62584 ], [ 105.293198, 21.586105 ], [ 105.297619, 21.575142 ], [ 105.324146, 21.549786 ], [ 105.349568, 21.534365 ], [ 105.361726, 21.524083 ], [ 105.366318, 21.521413 ], [ 105.367621, 21.520656 ], [ 105.376463, 21.52374 ], [ 105.389358, 21.532308 ], [ 105.405201, 21.537106 ], [ 105.436885, 21.533337 ], [ 105.455675, 21.522027 ], [ 105.483307, 21.525111 ], [ 105.490676, 21.531966 ], [ 105.500624, 21.536421 ], [ 105.512045, 21.538477 ], [ 105.523835, 21.538135 ], [ 105.541519, 21.555954 ], [ 105.556256, 21.557325 ], [ 105.561414, 21.559038 ], [ 105.57873, 21.576512 ], [ 105.582046, 21.585077 ], [ 105.56252, 21.600493 ], [ 105.540414, 21.62858 ], [ 105.51794, 21.66214 ], [ 105.514624, 21.668303 ], [ 105.511308, 21.681998 ], [ 105.513887, 21.691584 ], [ 105.523466, 21.70425 ], [ 105.528256, 21.72684 ], [ 105.528786, 21.739243 ], [ 105.53869, 21.761582 ], [ 105.538454, 21.771874 ], [ 105.536096, 21.782385 ], [ 105.524542, 21.806468 ], [ 105.52242, 21.816538 ], [ 105.523363, 21.825294 ], [ 105.525721, 21.833612 ], [ 105.532087, 21.844555 ], [ 105.547178, 21.856592 ], [ 105.547886, 21.863814 ], [ 105.544098, 21.876328 ], [ 105.54373, 21.888294 ], [ 105.545572, 21.894106 ], [ 105.553309, 21.89855 ], [ 105.558467, 21.899575 ], [ 105.563256, 21.903335 ], [ 105.567309, 21.912565 ], [ 105.568783, 21.927262 ], [ 105.565835, 21.945375 ], [ 105.566204, 21.951867 ], [ 105.573941, 21.95836 ], [ 105.57319, 21.964367 ], [ 105.567456, 21.972314 ], [ 105.543405, 21.984341 ], [ 105.541283, 21.993961 ], [ 105.53869, 21.997677 ], [ 105.521005, 22.011013 ], [ 105.515346, 22.018008 ], [ 105.512281, 22.025222 ], [ 105.511337, 22.034184 ], [ 105.505782, 22.046833 ], [ 105.503203, 22.047516 ], [ 105.493992, 22.061858 ], [ 105.492518, 22.069028 ], [ 105.485518, 22.076881 ], [ 105.473728, 22.094633 ], [ 105.471518, 22.103509 ], [ 105.475202, 22.111701 ], [ 105.477044, 22.122623 ], [ 105.491044, 22.132862 ], [ 105.498045, 22.140711 ], [ 105.497676, 22.153337 ], [ 105.493623, 22.161185 ], [ 105.488097, 22.165962 ], [ 105.479623, 22.167668 ], [ 105.462675, 22.178586 ], [ 105.45936, 22.185068 ], [ 105.444622, 22.199396 ], [ 105.439833, 22.211675 ], [ 105.441675, 22.217474 ], [ 105.44278, 22.234185 ], [ 105.44057, 22.244075 ], [ 105.447938, 22.262829 ], [ 105.45936, 22.274081 ], [ 105.482939, 22.284308 ], [ 105.484413, 22.291808 ], [ 105.481465, 22.302035 ], [ 105.486255, 22.314306 ], [ 105.493623, 22.328961 ], [ 105.506887, 22.342251 ], [ 105.512782, 22.356222 ], [ 105.516834, 22.397105 ], [ 105.521624, 22.402555 ], [ 105.538203, 22.407323 ], [ 105.547414, 22.404599 ], [ 105.553677, 22.41073 ], [ 105.545203, 22.42878 ], [ 105.545203, 22.437975 ], [ 105.566204, 22.469982 ], [ 105.591994, 22.495514 ], [ 105.596415, 22.507087 ], [ 105.59531, 22.521041 ], [ 105.584625, 22.543161 ], [ 105.579836, 22.548945 ], [ 105.552572, 22.573102 ], [ 105.546677, 22.586709 ], [ 105.546677, 22.593513 ], [ 105.550361, 22.606098 ], [ 105.543361, 22.609499 ], [ 105.533414, 22.619022 ], [ 105.531036, 22.632662 ], [ 105.529012, 22.634063 ], [ 105.513328, 22.634063 ] ] ] } },
{ "type": "Feature", "properties": { "code": "11", "iso": null, "name_vi": "Điện Biên", "name_en": "Dien Bien", "type": "province" }, "geometry": { "type": "Polygon", "coordinates": [ [ [ 102.325069, 22.541481 ], [ 102.321761, 22.547018 ], [ 102.316759, 22.543031 ], [ 102.301819, 22.517157 ], [ 102.297659, 22.505786 ], [ 102.286624, 22.495826 ], [ 102.281107, 22.48767 ], [ 102.273382, 22.483042 ], [ 102.268798, 22.477709 ], [ 102.264214, 22.464766 ], [ 102.254453, 22.461863 ], [ 102.255332, 22.455033 ], [ 102.257923, 22.450244 ], [ 102.27217, 22.432287 ], [ 102.276056, 22.423607 ], [ 102.274113, 22.412531 ], [ 102.269256, 22.409238 ], [ 102.260189, 22.410435 ], [ 102.254037, 22.413728 ], [ 102.247884, 22.419416 ], [ 102.230722, 22.4266 ], [ 102.210322, 22.427199 ], [ 102.203522, 22.430192 ], [ 102.195426, 22.43079 ], [ 102.18215, 22.430192 ], [ 102.171788, 22.428097 ], [ 102.163369, 22.42211 ], [ 102.157216, 22.415524 ], [ 102.145883, 22.401454 ], [ 102.14815, 22.388281 ], [ 102.162397, 22.382592 ], [ 102.170169, 22.37361 ], [ 102.171464, 22.36253 ], [ 102.177617, 22.349053 ], [ 102.189274, 22.346358 ], [ 102.198665, 22.340967 ], [ 102.195103, 22.32659 ], [ 102.196722, 22.307718 ], [ 102.206112, 22.299629 ], [ 102.232341, 22.28315 ], [ 102.240437, 22.270265 ], [ 102.24076, 22.253483 ], [ 102.245941, 22.238498 ], [ 102.254684, 22.233402 ], [ 102.281561, 22.22441 ], [ 102.286418, 22.216616 ], [ 102.297428, 22.204624 ], [ 102.318476, 22.200127 ], [ 102.327866, 22.19563 ], [ 102.334019, 22.188734 ], [ 102.338876, 22.175241 ], [ 102.346648, 22.167144 ], [ 102.364134, 22.164445 ], [ 102.374819, 22.160247 ], [ 102.383562, 22.138053 ], [ 102.397486, 22.135653 ], [ 102.420153, 22.124855 ], [ 102.431811, 22.116755 ], [ 102.445735, 22.097855 ], [ 102.446382, 22.082853 ], [ 102.450268, 22.075951 ], [ 102.462897, 22.068749 ], [ 102.482973, 22.042339 ], [ 102.491069, 22.038137 ], [ 102.503374, 22.037236 ], [ 102.518269, 22.031833 ], [ 102.518593, 22.022528 ], [ 102.51406, 22.018325 ], [ 102.496897, 22.011421 ], [ 102.488478, 22.001813 ], [ 102.504021, 21.979294 ], [ 102.528631, 21.962177 ], [ 102.572022, 21.935146 ], [ 102.606347, 21.923732 ], [ 102.617032, 21.915921 ], [ 102.619299, 21.909612 ], [ 102.615413, 21.88137 ], [ 102.616385, 21.873557 ], [ 102.634518, 21.862137 ], [ 102.640347, 21.853121 ], [ 102.638404, 21.849214 ], [ 102.638971, 21.839314 ], [ 102.652632, 21.821466 ], [ 102.665281, 21.782476 ], [ 102.663257, 21.760392 ], [ 102.656174, 21.744884 ], [ 102.651114, 21.728905 ], [ 102.656679, 21.711983 ], [ 102.665787, 21.699291 ], [ 102.67034, 21.669671 ], [ 102.675906, 21.659326 ], [ 102.691591, 21.654154 ], [ 102.72043, 21.659797 ], [ 102.738139, 21.657445 ], [ 102.753824, 21.659797 ], [ 102.769508, 21.673903 ], [ 102.783675, 21.698351 ], [ 102.800878, 21.709163 ], [ 102.819598, 21.725614 ], [ 102.824152, 21.732195 ], [ 102.820104, 21.756162 ], [ 102.82061, 21.79563 ], [ 102.816057, 21.810663 ], [ 102.815045, 21.820527 ], [ 102.816057, 21.832269 ], [ 102.819093, 21.841193 ], [ 102.834271, 21.847768 ], [ 102.849956, 21.838845 ], [ 102.85198, 21.825224 ], [ 102.859063, 21.810193 ], [ 102.864123, 21.776368 ], [ 102.864123, 21.720444 ], [ 102.866653, 21.706812 ], [ 102.873736, 21.702582 ], [ 102.888915, 21.704932 ], [ 102.894481, 21.710103 ], [ 102.918261, 21.719974 ], [ 102.93091, 21.720914 ], [ 102.960255, 21.730785 ], [ 102.976446, 21.733135 ], [ 102.985553, 21.716684 ], [ 102.984541, 21.703522 ], [ 102.990613, 21.684247 ], [ 102.991119, 21.672492 ], [ 102.990613, 21.656505 ], [ 102.987071, 21.641456 ], [ 102.992637, 21.624525 ], [ 102.997696, 21.598653 ], [ 102.969363, 21.544073 ], [ 102.948112, 21.522893 ], [ 102.935969, 21.513009 ], [ 102.921296, 21.503594 ], [ 102.912189, 21.491355 ], [ 102.899034, 21.469226 ], [ 102.892963, 21.456042 ], [ 102.876266, 21.439559 ], [ 102.875254, 21.424017 ], [ 102.883855, 21.420249 ], [ 102.895998, 21.429198 ], [ 102.909153, 21.445682 ], [ 102.926862, 21.453216 ], [ 102.942547, 21.452745 ], [ 102.942041, 21.438617 ], [ 102.934451, 21.424959 ], [ 102.901564, 21.379737 ], [ 102.893469, 21.358534 ], [ 102.89954, 21.338741 ], [ 102.896484, 21.304485 ], [ 102.871874, 21.287288 ], [ 102.857626, 21.27884 ], [ 102.831721, 21.26677 ], [ 102.821359, 21.259829 ], [ 102.818445, 21.251379 ], [ 102.824597, 21.247456 ], [ 102.834636, 21.245343 ], [ 102.864103, 21.250172 ], [ 102.874789, 21.248965 ], [ 102.894865, 21.242627 ], [ 102.897779, 21.238703 ], [ 102.911056, 21.230856 ], [ 102.906522, 21.206103 ], [ 102.908141, 21.182856 ], [ 102.913322, 21.168664 ], [ 102.924656, 21.158699 ], [ 102.935989, 21.155377 ], [ 102.939551, 21.148733 ], [ 102.941818, 21.130914 ], [ 102.947323, 21.12155 ], [ 102.967723, 21.103124 ], [ 102.970638, 21.093456 ], [ 102.968371, 21.084694 ], [ 102.970314, 21.075328 ], [ 102.974847, 21.070191 ], [ 102.981, 21.066263 ], [ 102.992981, 21.062033 ], [ 103.012086, 21.060824 ], [ 103.026981, 21.0575 ], [ 103.033781, 21.053269 ], [ 103.040905, 21.045714 ], [ 103.055477, 21.009746 ], [ 103.076201, 20.967722 ], [ 103.089477, 20.948672 ], [ 103.104697, 20.922057 ], [ 103.107287, 20.912681 ], [ 103.120887, 20.902093 ], [ 103.135459, 20.901791 ], [ 103.16104, 20.904513 ], [ 103.204108, 20.903001 ], [ 103.21706, 20.896043 ], [ 103.217292, 20.896006 ], [ 103.230337, 20.893925 ], [ 103.237137, 20.893623 ], [ 103.2527, 20.898388 ], [ 103.262313, 20.89886 ], [ 103.274962, 20.911622 ], [ 103.277998, 20.94045 ], [ 103.292165, 20.950845 ], [ 103.296212, 20.960768 ], [ 103.297224, 20.983445 ], [ 103.292671, 20.989586 ], [ 103.285081, 21.005174 ], [ 103.290141, 21.019816 ], [ 103.278504, 21.047678 ], [ 103.280528, 21.058539 ], [ 103.295707, 21.061844 ], [ 103.297224, 21.069398 ], [ 103.286599, 21.07648 ], [ 103.283563, 21.090171 ], [ 103.294189, 21.097251 ], [ 103.306838, 21.096779 ], [ 103.330112, 21.092531 ], [ 103.344279, 21.086394 ], [ 103.365529, 21.069398 ], [ 103.383238, 21.058066 ], [ 103.394369, 21.056178 ], [ 103.408535, 21.059955 ], [ 103.418655, 21.067982 ], [ 103.419667, 21.073175 ], [ 103.415619, 21.088754 ], [ 103.407524, 21.10386 ], [ 103.398922, 21.112828 ], [ 103.394369, 21.122268 ], [ 103.40297, 21.133123 ], [ 103.411571, 21.148695 ], [ 103.426244, 21.165682 ], [ 103.437881, 21.185969 ], [ 103.439399, 21.199178 ], [ 103.434339, 21.218517 ], [ 103.439905, 21.25153 ], [ 103.438387, 21.285949 ], [ 103.433833, 21.302449 ], [ 103.42422, 21.314705 ], [ 103.396392, 21.320361 ], [ 103.383238, 21.329787 ], [ 103.387791, 21.344868 ], [ 103.385261, 21.35712 ], [ 103.378178, 21.359005 ], [ 103.359215, 21.372349 ], [ 103.343995, 21.399787 ], [ 103.335252, 21.409736 ], [ 103.337519, 21.416368 ], [ 103.372167, 21.426014 ], [ 103.412968, 21.42511 ], [ 103.432397, 21.421493 ], [ 103.444054, 21.428124 ], [ 103.446968, 21.438373 ], [ 103.45733, 21.452538 ], [ 103.458949, 21.49111 ], [ 103.466397, 21.50045 ], [ 103.486797, 21.513103 ], [ 103.511083, 21.518827 ], [ 103.528569, 21.531177 ], [ 103.53116, 21.539611 ], [ 103.538284, 21.546237 ], [ 103.545084, 21.55708 ], [ 103.548646, 21.57816 ], [ 103.551884, 21.587193 ], [ 103.556741, 21.592312 ], [ 103.563541, 21.604054 ], [ 103.566132, 21.627234 ], [ 103.56937, 21.635361 ], [ 103.596247, 21.661546 ], [ 103.600456, 21.671176 ], [ 103.598189, 21.679602 ], [ 103.598189, 21.693744 ], [ 103.595923, 21.700664 ], [ 103.584609, 21.716214 ], [ 103.566395, 21.735484 ], [ 103.558806, 21.752873 ], [ 103.547168, 21.764621 ], [ 103.544639, 21.773079 ], [ 103.544639, 21.800798 ], [ 103.541603, 21.813012 ], [ 103.529966, 21.840253 ], [ 103.515799, 21.866082 ], [ 103.495055, 21.876881 ], [ 103.486453, 21.897069 ], [ 103.489995, 21.912091 ], [ 103.492043, 21.939159 ], [ 103.505928, 21.953384 ], [ 103.502581, 21.96357 ], [ 103.498455, 21.963379 ], [ 103.491007, 21.963078 ], [ 103.48194, 21.966682 ], [ 103.466721, 21.982597 ], [ 103.462835, 21.992206 ], [ 103.462511, 21.998211 ], [ 103.473845, 22.006617 ], [ 103.478378, 22.018926 ], [ 103.459921, 22.035736 ], [ 103.445349, 22.043239 ], [ 103.437901, 22.049542 ], [ 103.411672, 22.081352 ], [ 103.396129, 22.134454 ], [ 103.380586, 22.144352 ], [ 103.366338, 22.147651 ], [ 103.350795, 22.146751 ], [ 103.32489, 22.135653 ], [ 103.312261, 22.116455 ], [ 103.304814, 22.109255 ], [ 103.289595, 22.099355 ], [ 103.280204, 22.074751 ], [ 103.281499, 22.062447 ], [ 103.289918, 22.054944 ], [ 103.294452, 22.047741 ], [ 103.289271, 22.037837 ], [ 103.279556, 22.036336 ], [ 103.252356, 22.036636 ], [ 103.235194, 22.04384 ], [ 103.209289, 22.065748 ], [ 103.187269, 22.07295 ], [ 103.118944, 22.074151 ], [ 103.108582, 22.069049 ], [ 103.10664, 22.065448 ], [ 103.091239, 22.058678 ], [ 103.074452, 22.057717 ], [ 103.056215, 22.049458 ], [ 103.039843, 22.051187 ], [ 103.012695, 22.04965 ], [ 103.007099, 22.047345 ], [ 102.998188, 22.027751 ], [ 102.991556, 22.022948 ], [ 102.976842, 22.023909 ], [ 102.964822, 22.027367 ], [ 102.960884, 22.029864 ], [ 102.951351, 22.052916 ], [ 102.94117, 22.059146 ], [ 102.930161, 22.069049 ], [ 102.930161, 22.073551 ], [ 102.934694, 22.082553 ], [ 102.933075, 22.088854 ], [ 102.929189, 22.090954 ], [ 102.920446, 22.081953 ], [ 102.90296, 22.07025 ], [ 102.877055, 22.064548 ], [ 102.844674, 22.053744 ], [ 102.832369, 22.054044 ], [ 102.805816, 22.059146 ], [ 102.772463, 22.080152 ], [ 102.765987, 22.087354 ], [ 102.761454, 22.096655 ], [ 102.749149, 22.113455 ], [ 102.738722, 22.137213 ], [ 102.738722, 22.142588 ], [ 102.741209, 22.159671 ], [ 102.749291, 22.180206 ], [ 102.749913, 22.188074 ], [ 102.742659, 22.204193 ], [ 102.741623, 22.213978 ], [ 102.737478, 22.22146 ], [ 102.728567, 22.232011 ], [ 102.681472, 22.247789 ], [ 102.67629, 22.245091 ], [ 102.676938, 22.237898 ], [ 102.685681, 22.214218 ], [ 102.686653, 22.202825 ], [ 102.68471, 22.192932 ], [ 102.67791, 22.174641 ], [ 102.672081, 22.172542 ], [ 102.661395, 22.172242 ], [ 102.651033, 22.173741 ], [ 102.626423, 22.183937 ], [ 102.621566, 22.188734 ], [ 102.621242, 22.201926 ], [ 102.623185, 22.21152 ], [ 102.602772, 22.231052 ], [ 102.596347, 22.239109 ], [ 102.588472, 22.245439 ], [ 102.578939, 22.250618 ], [ 102.568784, 22.251385 ], [ 102.547231, 22.242562 ], [ 102.542465, 22.24237 ], [ 102.528994, 22.246974 ], [ 102.521326, 22.251577 ], [ 102.508684, 22.268839 ], [ 102.495421, 22.294344 ], [ 102.488375, 22.297028 ], [ 102.481536, 22.309491 ], [ 102.472832, 22.319077 ], [ 102.465993, 22.336522 ], [ 102.457081, 22.349557 ], [ 102.439051, 22.358565 ], [ 102.428482, 22.366231 ], [ 102.419363, 22.37773 ], [ 102.393251, 22.404939 ], [ 102.393251, 22.411836 ], [ 102.399054, 22.416243 ], [ 102.398018, 22.426396 ], [ 102.392422, 22.434442 ], [ 102.391386, 22.455512 ], [ 102.387448, 22.463939 ], [ 102.384547, 22.466811 ], [ 102.367346, 22.473897 ], [ 102.357606, 22.48577 ], [ 102.349316, 22.492663 ], [ 102.343099, 22.508172 ], [ 102.339161, 22.513341 ], [ 102.336467, 22.523296 ], [ 102.330042, 22.535547 ], [ 102.325069, 22.541481 ] ] ] } },
{ "type": "Feature", "properties": { "code": "12", "iso": null, "name_vi": "Lai Châu", "name_en": "Lai Chau", "type": "province" }, "geometry": { "type": "Polygon", "coordinates": [ [ [ 103.502581, 21.96357 ], [ 103.504931, 21.963679 ], [ 103.512055, 21.977192 ], [ 103.514322, 21.996409 ], [ 103.519503, 22.007217 ], [ 103.526626, 22.012021 ], [ 103.535046, 22.014423 ], [ 103.560627, 22.015924 ], [ 103.586856, 22.01112 ], [ 103.623123, 21.991905 ], [ 103.651396, 21.985769 ], [ 103.662527, 21.962309 ], [ 103.671129, 21.949639 ], [ 103.688331, 21.939314 ], [ 103.691873, 21.905519 ], [ 103.697438, 21.894252 ], [ 103.70857, 21.878759 ], [ 103.713123, 21.869368 ], [ 103.715653, 21.85716 ], [ 103.715147, 21.839784 ], [ 103.710593, 21.828512 ], [ 103.710087, 21.821466 ], [ 103.719195, 21.813012 ], [ 103.733868, 21.803617 ], [ 103.750058, 21.799858 ], [ 103.786993, 21.761331 ], [ 103.795595, 21.749583 ], [ 103.80369, 21.733605 ], [ 103.814821, 21.727964 ], [ 103.82494, 21.725614 ], [ 103.835059, 21.720914 ], [ 103.845685, 21.711983 ], [ 103.850744, 21.699291 ], [ 103.855298, 21.69365 ], [ 103.876548, 21.686597 ], [ 103.884138, 21.686127 ], [ 103.899316, 21.690359 ], [ 103.90134, 21.69647 ], [ 103.905388, 21.698821 ], [ 103.923901, 21.701026 ], [ 103.92512, 21.701171 ], [ 103.928662, 21.707753 ], [ 103.940805, 21.720444 ], [ 103.951936, 21.724674 ], [ 103.966609, 21.733135 ], [ 103.976222, 21.749113 ], [ 103.97268, 21.760862 ], [ 103.952948, 21.79563 ], [ 103.932204, 21.812072 ], [ 103.924108, 21.822406 ], [ 103.912977, 21.832269 ], [ 103.896281, 21.85622 ], [ 103.893245, 21.875003 ], [ 103.893245, 21.891436 ], [ 103.902352, 21.906927 ], [ 103.922085, 21.91303 ], [ 103.941817, 21.911152 ], [ 103.953454, 21.907866 ], [ 103.967115, 21.918663 ], [ 103.971163, 21.92805 ], [ 103.981282, 21.940253 ], [ 103.978246, 21.951516 ], [ 103.980776, 21.961839 ], [ 103.984318, 21.968878 ], [ 103.984309, 21.968931 ], [ 103.982997, 21.97664 ], [ 103.980303, 21.985672 ], [ 103.978023, 22.011613 ], [ 103.962895, 22.052339 ], [ 103.961237, 22.065208 ], [ 103.956678, 22.080956 ], [ 103.953569, 22.104959 ], [ 103.941432, 22.125155 ], [ 103.93528, 22.133254 ], [ 103.92848, 22.138953 ], [ 103.918442, 22.141952 ], [ 103.900956, 22.155448 ], [ 103.881851, 22.179739 ], [ 103.873108, 22.186035 ], [ 103.872784, 22.193531 ], [ 103.869546, 22.201326 ], [ 103.860479, 22.209421 ], [ 103.856269, 22.217815 ], [ 103.851412, 22.220213 ], [ 103.841374, 22.234601 ], [ 103.837164, 22.248988 ], [ 103.820326, 22.272662 ], [ 103.803488, 22.289442 ], [ 103.788268, 22.294535 ], [ 103.780497, 22.300527 ], [ 103.770782, 22.309815 ], [ 103.768839, 22.313409 ], [ 103.768192, 22.321797 ], [ 103.783631, 22.344765 ], [ 103.782802, 22.357607 ], [ 103.777829, 22.38252 ], [ 103.773476, 22.389802 ], [ 103.768503, 22.394401 ], [ 103.751302, 22.399766 ], [ 103.743841, 22.404173 ], [ 103.735966, 22.406472 ], [ 103.725604, 22.407238 ], [ 103.694932, 22.404748 ], [ 103.647267, 22.403981 ], [ 103.635454, 22.390377 ], [ 103.629237, 22.39076 ], [ 103.620533, 22.39785 ], [ 103.614523, 22.403215 ], [ 103.602088, 22.424289 ], [ 103.600016, 22.431185 ], [ 103.585094, 22.445935 ], [ 103.567064, 22.455512 ], [ 103.561262, 22.460491 ], [ 103.554423, 22.471599 ], [ 103.568101, 22.48194 ], [ 103.579084, 22.493812 ], [ 103.586131, 22.505491 ], [ 103.593475, 22.52665 ], [ 103.584456, 22.543188 ], [ 103.576896, 22.549558 ], [ 103.570529, 22.565359 ], [ 103.568399, 22.581264 ], [ 103.552855, 22.587543 ], [ 103.542493, 22.587543 ], [ 103.537312, 22.589336 ], [ 103.530512, 22.594419 ], [ 103.516588, 22.600398 ], [ 103.506226, 22.61385 ], [ 103.496188, 22.620426 ], [ 103.483235, 22.632382 ], [ 103.441787, 22.69304 ], [ 103.425596, 22.711263 ], [ 103.421387, 22.721418 ], [ 103.439905, 22.747961 ], [ 103.434845, 22.762892 ], [ 103.412583, 22.775955 ], [ 103.399934, 22.780153 ], [ 103.37666, 22.793214 ], [ 103.369071, 22.80161 ], [ 103.345291, 22.815602 ], [ 103.336689, 22.81327 ], [ 103.32404, 22.798812 ], [ 103.32151, 22.786684 ], [ 103.314427, 22.77129 ], [ 103.290141, 22.733496 ], [ 103.286093, 22.706894 ], [ 103.272938, 22.679353 ], [ 103.258265, 22.666748 ], [ 103.245111, 22.659278 ], [ 103.192491, 22.640133 ], [ 103.174782, 22.630794 ], [ 103.163651, 22.615382 ], [ 103.160615, 22.592494 ], [ 103.167699, 22.575676 ], [ 103.18136, 22.559791 ], [ 103.174782, 22.548577 ], [ 103.156062, 22.543437 ], [ 103.142401, 22.533623 ], [ 103.114573, 22.523809 ], [ 103.087757, 22.502776 ], [ 103.08118, 22.487349 ], [ 103.078144, 22.473792 ], [ 103.077132, 22.456959 ], [ 103.063977, 22.442931 ], [ 103.036655, 22.448542 ], [ 102.990613, 22.465843 ], [ 102.948112, 22.486882 ], [ 102.918261, 22.498101 ], [ 102.877784, 22.558389 ], [ 102.868171, 22.580815 ], [ 102.862281, 22.600267 ], [ 102.839695, 22.62093 ], [ 102.793187, 22.630887 ], [ 102.777968, 22.636566 ], [ 102.76113, 22.647026 ], [ 102.741053, 22.663461 ], [ 102.725186, 22.672425 ], [ 102.697662, 22.696924 ], [ 102.679852, 22.702003 ], [ 102.667224, 22.694833 ], [ 102.651681, 22.696327 ], [ 102.614118, 22.709769 ], [ 102.591775, 22.708873 ], [ 102.567165, 22.712159 ], [ 102.546117, 22.723509 ], [ 102.536727, 22.735456 ], [ 102.530574, 22.746207 ], [ 102.519241, 22.75845 ], [ 102.495926, 22.771588 ], [ 102.489126, 22.771887 ], [ 102.469049, 22.762929 ], [ 102.464516, 22.758152 ], [ 102.459659, 22.751881 ], [ 102.457392, 22.745012 ], [ 102.454802, 22.724704 ], [ 102.441201, 22.709769 ], [ 102.428573, 22.699314 ], [ 102.421773, 22.689754 ], [ 102.411734, 22.68348 ], [ 102.397163, 22.685572 ], [ 102.390039, 22.684675 ], [ 102.392305, 22.671828 ], [ 102.398782, 22.662266 ], [ 102.406877, 22.64583 ], [ 102.415944, 22.642842 ], [ 102.420477, 22.638359 ], [ 102.41983, 22.630289 ], [ 102.407525, 22.627599 ], [ 102.399106, 22.620725 ], [ 102.382915, 22.596512 ], [ 102.359924, 22.589635 ], [ 102.354911, 22.590281 ], [ 102.350145, 22.589133 ], [ 102.349109, 22.584541 ], [ 102.353668, 22.573442 ], [ 102.354497, 22.566553 ], [ 102.347865, 22.565405 ], [ 102.335016, 22.557941 ], [ 102.330664, 22.557558 ], [ 102.326934, 22.550859 ], [ 102.321753, 22.547031 ], [ 102.325069, 22.541481 ], [ 102.330042, 22.535547 ], [ 102.336467, 22.523296 ], [ 102.339161, 22.513341 ], [ 102.343099, 22.508172 ], [ 102.349316, 22.492663 ], [ 102.357606, 22.48577 ], [ 102.367346, 22.473897 ], [ 102.384547, 22.466811 ], [ 102.387448, 22.463939 ], [ 102.391386, 22.455512 ], [ 102.392422, 22.434442 ], [ 102.398018, 22.426396 ], [ 102.399054, 22.416243 ], [ 102.393251, 22.411836 ], [ 102.393251, 22.404939 ], [ 102.419363, 22.37773 ], [ 102.428482, 22.366231 ], [ 102.439051, 22.358565 ], [ 102.457081, 22.349557 ], [ 102.465993, 22.336522 ], [ 102.472832, 22.319077 ], [ 102.481536, 22.309491 ], [ 102.488375, 22.297028 ], [ 102.495421, 22.294344 ], [ 102.508684, 22.268839 ], [ 102.521326, 22.251577 ], [ 102.528994, 22.246974 ], [ 102.542465, 22.24237 ], [ 102.547231, 22.242562 ], [ 102.568784, 22.251385 ], [ 102.578939, 22.250618 ], [ 102.588472, 22.245439 ], [ 102.596347, 22.239109 ], [ 102.602772, 22.231052 ], [ 102.623185, 22.21152 ], [ 102.621242, 22.201926 ], [ 102.621566, 22.188734 ], [ 102.626423, 22.183937 ], [ 102.651033, 22.173741 ], [ 102.661395, 22.172242 ], [ 102.672081, 22.172542 ], [ 102.67791, 22.174641 ], [ 102.68471, 22.192932 ], [ 102.686653, 22.202825 ], [ 102.685681, 22.214218 ], [ 102.676938, 22.237898 ], [ 102.67629, 22.245091 ], [ 102.681472, 22.247789 ], [ 102.728567, 22.232011 ], [ 102.737478, 22.22146 ], [ 102.741623, 22.213978 ], [ 102.742659, 22.204193 ], [ 102.749913, 22.188074 ], [ 102.749291, 22.180206 ], [ 102.741209, 22.159671 ], [ 102.738722, 22.142588 ], [ 102.738722, 22.137213 ], [ 102.749149, 22.113455 ], [ 102.761454, 22.096655 ], [ 102.765987, 22.087354 ], [ 102.772463, 22.080152 ], [ 102.805816, 22.059146 ], [ 102.832369, 22.054044 ], [ 102.844674, 22.053744 ], [ 102.877055, 22.064548 ], [ 102.90296, 22.07025 ], [ 102.920446, 22.081953 ], [ 102.929189, 22.090954 ], [ 102.933075, 22.088854 ], [ 102.934694, 22.082553 ], [ 102.930161, 22.073551 ], [ 102.930161, 22.069049 ], [ 102.94117, 22.059146 ], [ 102.951351, 22.052916 ], [ 102.960884, 22.029864 ], [ 102.964822, 22.027367 ], [ 102.976842, 22.023909 ], [ 102.991556, 22.022948 ], [ 102.998188, 22.027751 ], [ 103.007099, 22.047345 ], [ 103.012695, 22.04965 ], [ 103.039843, 22.051187 ], [ 103.056215, 22.049458 ], [ 103.074452, 22.057717 ], [ 103.091239, 22.058678 ], [ 103.10664, 22.065448 ], [ 103.108582, 22.069049 ], [ 103.118944, 22.074151 ], [ 103.187269, 22.07295 ], [ 103.209289, 22.065748 ], [ 103.235194, 22.04384 ], [ 103.252356, 22.036636 ], [ 103.279556, 22.036336 ], [ 103.289271, 22.037837 ], [ 103.294452, 22.047741 ], [ 103.289918, 22.054944 ], [ 103.281499, 22.062447 ], [ 103.280204, 22.074751 ], [ 103.289595, 22.099355 ], [ 103.304814, 22.109255 ], [ 103.312261, 22.116455 ], [ 103.32489, 22.135653 ], [ 103.350795, 22.146751 ], [ 103.366338, 22.147651 ], [ 103.380586, 22.144352 ], [ 103.396129, 22.134454 ], [ 103.411672, 22.081352 ], [ 103.437901, 22.049542 ], [ 103.445349, 22.043239 ], [ 103.459921, 22.035736 ], [ 103.478378, 22.018926 ], [ 103.473845, 22.006617 ], [ 103.462511, 21.998211 ], [ 103.462835, 21.992206 ], [ 103.466721, 21.982597 ], [ 103.48194, 21.966682 ], [ 103.491007, 21.963078 ], [ 103.498455, 21.963379 ], [ 103.502581, 21.96357 ] ] ] } },
{ "type": "Feature", "properties": { "code": "14", "iso": null, "name_vi": "Sơn La", "name_en": "Son La", "type": "province" }, "geometry": { "type": "Polygon", "coordinates": [ [ [ 103.217292, 20.896006 ], [ 103.216777, 20.895552 ], [ 103.212223, 20.889407 ], [ 103.224872, 20.884679 ], [ 103.235497, 20.872388 ], [ 103.234991, 20.859623 ], [ 103.22892, 20.85395 ], [ 103.236003, 20.84071 ], [ 103.252032, 20.834922 ], [ 103.261746, 20.834922 ], [ 103.269194, 20.836738 ], [ 103.288299, 20.836738 ], [ 103.298661, 20.833712 ], [ 103.305138, 20.824935 ], [ 103.316471, 20.822514 ], [ 103.350795, 20.80405 ], [ 103.363748, 20.807682 ], [ 103.387386, 20.789217 ], [ 103.396777, 20.786492 ], [ 103.407139, 20.791033 ], [ 103.409406, 20.795877 ], [ 103.418149, 20.797693 ], [ 103.430454, 20.793758 ], [ 103.441463, 20.796482 ], [ 103.443406, 20.809498 ], [ 103.456035, 20.822816 ], [ 103.463483, 20.826751 ], [ 103.468016, 20.827053 ], [ 103.468661, 20.823068 ], [ 103.483521, 20.812669 ], [ 103.484185, 20.808082 ], [ 103.481532, 20.799651 ], [ 103.497183, 20.778571 ], [ 103.501692, 20.764929 ], [ 103.504743, 20.760093 ], [ 103.510282, 20.755568 ], [ 103.522922, 20.751698 ], [ 103.56893, 20.74976 ], [ 103.592762, 20.746271 ], [ 103.605197, 20.738713 ], [ 103.607062, 20.734643 ], [ 103.615352, 20.72844 ], [ 103.63048, 20.722238 ], [ 103.639806, 20.716616 ], [ 103.644158, 20.709638 ], [ 103.653691, 20.703822 ], [ 103.665918, 20.698976 ], [ 103.672343, 20.693354 ], [ 103.676073, 20.686568 ], [ 103.676695, 20.679588 ], [ 103.681047, 20.670863 ], [ 103.6883, 20.665434 ], [ 103.716071, 20.666209 ], [ 103.735344, 20.671445 ], [ 103.741147, 20.678231 ], [ 103.743012, 20.685405 ], [ 103.735137, 20.693935 ], [ 103.732236, 20.707893 ], [ 103.727883, 20.719524 ], [ 103.728505, 20.728053 ], [ 103.733686, 20.735418 ], [ 103.755032, 20.739876 ], [ 103.774513, 20.740263 ], [ 103.784253, 20.744527 ], [ 103.789434, 20.752667 ], [ 103.785911, 20.772626 ], [ 103.781352, 20.786771 ], [ 103.780937, 20.796845 ], [ 103.778243, 20.808082 ], [ 103.781352, 20.814668 ], [ 103.786118, 20.817961 ], [ 103.795651, 20.820673 ], [ 103.800003, 20.824935 ], [ 103.806221, 20.836944 ], [ 103.801869, 20.844304 ], [ 103.802905, 20.852051 ], [ 103.8085, 20.857473 ], [ 103.811609, 20.863089 ], [ 103.819484, 20.864058 ], [ 103.844975, 20.863089 ], [ 103.85886, 20.865788 ], [ 103.887355, 20.883639 ], [ 103.927508, 20.899976 ], [ 103.940137, 20.900278 ], [ 103.95568, 20.897858 ], [ 103.964423, 20.902396 ], [ 103.970252, 20.907538 ], [ 103.986766, 20.911168 ], [ 104.008462, 20.912076 ], [ 104.026919, 20.910261 ], [ 104.040196, 20.911773 ], [ 104.050234, 20.922057 ], [ 104.053472, 20.932643 ], [ 104.054767, 20.947765 ], [ 104.062215, 20.954417 ], [ 104.093099, 20.972107 ], [ 104.106254, 20.972579 ], [ 104.118903, 20.969272 ], [ 104.128516, 20.960295 ], [ 104.138129, 20.956043 ], [ 104.171523, 20.94801 ], [ 104.199856, 20.944703 ], [ 104.231732, 20.933834 ], [ 104.246911, 20.907841 ], [ 104.258042, 20.905478 ], [ 104.267655, 20.913985 ], [ 104.282328, 20.91304 ], [ 104.304084, 20.904532 ], [ 104.317745, 20.890825 ], [ 104.322299, 20.878534 ], [ 104.344055, 20.856786 ], [ 104.354174, 20.84071 ], [ 104.385038, 20.806661 ], [ 104.403252, 20.794363 ], [ 104.419443, 20.786322 ], [ 104.475098, 20.767873 ], [ 104.483194, 20.729075 ], [ 104.49989, 20.715351 ], [ 104.523165, 20.710145 ], [ 104.549474, 20.699733 ], [ 104.55757, 20.69216 ], [ 104.564653, 20.681747 ], [ 104.57882, 20.678907 ], [ 104.616261, 20.678433 ], [ 104.625874, 20.67654 ], [ 104.634476, 20.671333 ], [ 104.637511, 20.659971 ], [ 104.629922, 20.63251 ], [ 104.634982, 20.612148 ], [ 104.647125, 20.611674 ], [ 104.697721, 20.593677 ], [ 104.714923, 20.584205 ], [ 104.725042, 20.571889 ], [ 104.734656, 20.565257 ], [ 104.752364, 20.564783 ], [ 104.775132, 20.570942 ], [ 104.795877, 20.588467 ], [ 104.802454, 20.598887 ], [ 104.812068, 20.608359 ], [ 104.817633, 20.61641 ], [ 104.819657, 20.62446 ], [ 104.83433, 20.632037 ], [ 104.837871, 20.640086 ], [ 104.847991, 20.644821 ], [ 104.85558, 20.655237 ], [ 104.851532, 20.667072 ], [ 104.85052, 20.68222 ], [ 104.855074, 20.693107 ], [ 104.870253, 20.70068 ], [ 104.875818, 20.706359 ], [ 104.88189, 20.742324 ], [ 104.88442, 20.75226 ], [ 104.888973, 20.758884 ], [ 104.913259, 20.766453 ], [ 104.940075, 20.762669 ], [ 104.973975, 20.748475 ], [ 105.026088, 20.737119 ], [ 105.042785, 20.746109 ], [ 105.05088, 20.769765 ], [ 105.071119, 20.791998 ], [ 105.070613, 20.800512 ], [ 105.046833, 20.856786 ], [ 105.048857, 20.872861 ], [ 105.047339, 20.896497 ], [ 105.038231, 20.909259 ], [ 105.026594, 20.91493 ], [ 105.002308, 20.922965 ], [ 104.999273, 20.930526 ], [ 104.990671, 20.94045 ], [ 104.982576, 20.944703 ], [ 104.97701, 20.954153 ], [ 104.948677, 20.979193 ], [ 104.940581, 20.991948 ], [ 104.93704, 21.001868 ], [ 104.915789, 21.019816 ], [ 104.910224, 21.032095 ], [ 104.909212, 21.048151 ], [ 104.912248, 21.057594 ], [ 104.924391, 21.075064 ], [ 104.933498, 21.081201 ], [ 104.938051, 21.086394 ], [ 104.939025, 21.091165 ], [ 104.940075, 21.096307 ], [ 104.932486, 21.110468 ], [ 104.920343, 21.120852 ], [ 104.909718, 21.127459 ], [ 104.90314, 21.139729 ], [ 104.906176, 21.159076 ], [ 104.907694, 21.19682 ], [ 104.904152, 21.232195 ], [ 104.897069, 21.256245 ], [ 104.889479, 21.268505 ], [ 104.881384, 21.287364 ], [ 104.877842, 21.298206 ], [ 104.87683, 21.312348 ], [ 104.872681, 21.316213 ], [ 104.870759, 21.318004 ], [ 104.827752, 21.319889 ], [ 104.795877, 21.325074 ], [ 104.789805, 21.329787 ], [ 104.775638, 21.349109 ], [ 104.766531, 21.3689 ], [ 104.761472, 21.374554 ], [ 104.745787, 21.376439 ], [ 104.732126, 21.366544 ], [ 104.714417, 21.359476 ], [ 104.688613, 21.362303 ], [ 104.65522, 21.374554 ], [ 104.637511, 21.383977 ], [ 104.622839, 21.397639 ], [ 104.605636, 21.40706 ], [ 104.585398, 21.415068 ], [ 104.575784, 21.413184 ], [ 104.563135, 21.404234 ], [ 104.543403, 21.378794 ], [ 104.532272, 21.367015 ], [ 104.513551, 21.350523 ], [ 104.504444, 21.345339 ], [ 104.486735, 21.342983 ], [ 104.467509, 21.348638 ], [ 104.441199, 21.352879 ], [ 104.43108, 21.358062 ], [ 104.414383, 21.375967 ], [ 104.400722, 21.387746 ], [ 104.371377, 21.400936 ], [ 104.35721, 21.401879 ], [ 104.341019, 21.407531 ], [ 104.327358, 21.414126 ], [ 104.326346, 21.42543 ], [ 104.320275, 21.442385 ], [ 104.308132, 21.455571 ], [ 104.302566, 21.464047 ], [ 104.29953, 21.472993 ], [ 104.304084, 21.484293 ], [ 104.310156, 21.493708 ], [ 104.311673, 21.501711 ], [ 104.30965, 21.507831 ], [ 104.311673, 21.52054 ], [ 104.319263, 21.546426 ], [ 104.326346, 21.557249 ], [ 104.326346, 21.563837 ], [ 104.331406, 21.584069 ], [ 104.337477, 21.589715 ], [ 104.351644, 21.598183 ], [ 104.35468, 21.607121 ], [ 104.357716, 21.624995 ], [ 104.347597, 21.63205 ], [ 104.315215, 21.645219 ], [ 104.310662, 21.653213 ], [ 104.268667, 21.663558 ], [ 104.253488, 21.662618 ], [ 104.210482, 21.633931 ], [ 104.195303, 21.630639 ], [ 104.177594, 21.63252 ], [ 104.154826, 21.640986 ], [ 104.122445, 21.644391 ], [ 104.102692, 21.642886 ], [ 104.087149, 21.64409 ], [ 104.075815, 21.646799 ], [ 104.044082, 21.662449 ], [ 104.016557, 21.66937 ], [ 103.983852, 21.662449 ], [ 103.960537, 21.667866 ], [ 103.945642, 21.677194 ], [ 103.940785, 21.688929 ], [ 103.923901, 21.701026 ], [ 103.905388, 21.698821 ], [ 103.90134, 21.69647 ], [ 103.899316, 21.690359 ], [ 103.884138, 21.686127 ], [ 103.876548, 21.686597 ], [ 103.855298, 21.69365 ], [ 103.850744, 21.699291 ], [ 103.845685, 21.711983 ], [ 103.835059, 21.720914 ], [ 103.82494, 21.725614 ], [ 103.814821, 21.727964 ], [ 103.80369, 21.733605 ], [ 103.795595, 21.749583 ], [ 103.786993, 21.761331 ], [ 103.750058, 21.799858 ], [ 103.733868, 21.803617 ], [ 103.719195, 21.813012 ], [ 103.710087, 21.821466 ], [ 103.710593, 21.828512 ], [ 103.715147, 21.839784 ], [ 103.715653, 21.85716 ], [ 103.713123, 21.869368 ], [ 103.70857, 21.878759 ], [ 103.697438, 21.894252 ], [ 103.691873, 21.905519 ], [ 103.688331, 21.939314 ], [ 103.671129, 21.949639 ], [ 103.662527, 21.962309 ], [ 103.651396, 21.985769 ], [ 103.623123, 21.991905 ], [ 103.586856, 22.01112 ], [ 103.560627, 22.015924 ], [ 103.535046, 22.014423 ], [ 103.526626, 22.012021 ], [ 103.519503, 22.007217 ], [ 103.514322, 21.996409 ], [ 103.512055, 21.977192 ], [ 103.504931, 21.963679 ], [ 103.502581, 21.96357 ], [ 103.505928, 21.953384 ], [ 103.492043, 21.939159 ], [ 103.489995, 21.912091 ], [ 103.486453, 21.897069 ], [ 103.495055, 21.876881 ], [ 103.515799, 21.866082 ], [ 103.529966, 21.840253 ], [ 103.541603, 21.813012 ], [ 103.544639, 21.800798 ], [ 103.544639, 21.773079 ], [ 103.547168, 21.764621 ], [ 103.558806, 21.752873 ], [ 103.566395, 21.735484 ], [ 103.584609, 21.716214 ], [ 103.595923, 21.700664 ], [ 103.598189, 21.693744 ], [ 103.598189, 21.679602 ], [ 103.600456, 21.671176 ], [ 103.596247, 21.661546 ], [ 103.56937, 21.635361 ], [ 103.566132, 21.627234 ], [ 103.563541, 21.604054 ], [ 103.556741, 21.592312 ], [ 103.551884, 21.587193 ], [ 103.548646, 21.57816 ], [ 103.545084, 21.55708 ], [ 103.538284, 21.546237 ], [ 103.53116, 21.539611 ], [ 103.528569, 21.531177 ], [ 103.511083, 21.518827 ], [ 103.486797, 21.513103 ], [ 103.466397, 21.50045 ], [ 103.458949, 21.49111 ], [ 103.45733, 21.452538 ], [ 103.446968, 21.438373 ], [ 103.444054, 21.428124 ], [ 103.432397, 21.421493 ], [ 103.412968, 21.42511 ], [ 103.372167, 21.426014 ], [ 103.337519, 21.416368 ], [ 103.335252, 21.409736 ], [ 103.343995, 21.399787 ], [ 103.359215, 21.372349 ], [ 103.378178, 21.359005 ], [ 103.385261, 21.35712 ], [ 103.387791, 21.344868 ], [ 103.383238, 21.329787 ], [ 103.396392, 21.320361 ], [ 103.42422, 21.314705 ], [ 103.433833, 21.302449 ], [ 103.438387, 21.285949 ], [ 103.439905, 21.25153 ], [ 103.434339, 21.218517 ], [ 103.439399, 21.199178 ], [ 103.437881, 21.185969 ], [ 103.426244, 21.165682 ], [ 103.411571, 21.148695 ], [ 103.40297, 21.133123 ], [ 103.394369, 21.122268 ], [ 103.398922, 21.112828 ], [ 103.407524, 21.10386 ], [ 103.415619, 21.088754 ], [ 103.419667, 21.073175 ], [ 103.418655, 21.067982 ], [ 103.408535, 21.059955 ], [ 103.394369, 21.056178 ], [ 103.383238, 21.058066 ], [ 103.365529, 21.069398 ], [ 103.344279, 21.086394 ], [ 103.330112, 21.092531 ], [ 103.306838, 21.096779 ], [ 103.294189, 21.097251 ], [ 103.283563, 21.090171 ], [ 103.286599, 21.07648 ], [ 103.297224, 21.069398 ], [ 103.295707, 21.061844 ], [ 103.280528, 21.058539 ], [ 103.278504, 21.047678 ], [ 103.290141, 21.019816 ], [ 103.285081, 21.005174 ], [ 103.292671, 20.989586 ], [ 103.297224, 20.983445 ], [ 103.296212, 20.960768 ], [ 103.292165, 20.950845 ], [ 103.277998, 20.94045 ], [ 103.274962, 20.911622 ], [ 103.262313, 20.89886 ], [ 103.2527, 20.898388 ], [ 103.237137, 20.893623 ], [ 103.230337, 20.893925 ], [ 103.217292, 20.896006 ] ] ] } },
{ "type": "Feature", "properties": { "code": "15", "iso": null, "name_vi": "Lào Cai", "name_en": "Lao Cai", "type": "province" }, "geometry": { "type": "Polygon", "coordinates": [ [ [ 104.604513, 22.255989 ], [ 104.58647, 22.250486 ], [ 104.566171, 22.239828 ], [ 104.558076, 22.246384 ], [ 104.5601, 22.25575 ], [ 104.563641, 22.261837 ], [ 104.577808, 22.273543 ], [ 104.584892, 22.29227 ], [ 104.586915, 22.302568 ], [ 104.582868, 22.316143 ], [ 104.570725, 22.332056 ], [ 104.577302, 22.338608 ], [ 104.576796, 22.347032 ], [ 104.567689, 22.351243 ], [ 104.553522, 22.360602 ], [ 104.550992, 22.372299 ], [ 104.540367, 22.382125 ], [ 104.513045, 22.400369 ], [ 104.484206, 22.41487 ], [ 104.472569, 22.422353 ], [ 104.455872, 22.448542 ], [ 104.45233, 22.461635 ], [ 104.453848, 22.465376 ], [ 104.464979, 22.472389 ], [ 104.469027, 22.476597 ], [ 104.463967, 22.493894 ], [ 104.45992, 22.501373 ], [ 104.440693, 22.513994 ], [ 104.43614, 22.522407 ], [ 104.422985, 22.528015 ], [ 104.421467, 22.538296 ], [ 104.425008, 22.546708 ], [ 104.425514, 22.562127 ], [ 104.429056, 22.570537 ], [ 104.439681, 22.569136 ], [ 104.45486, 22.569603 ], [ 104.471557, 22.575209 ], [ 104.470545, 22.592494 ], [ 104.467003, 22.608376 ], [ 104.436645, 22.62192 ], [ 104.433104, 22.631261 ], [ 104.431586, 22.643402 ], [ 104.420961, 22.652741 ], [ 104.413371, 22.656943 ], [ 104.380484, 22.660679 ], [ 104.377954, 22.668149 ], [ 104.359234, 22.675152 ], [ 104.361763, 22.691957 ], [ 104.353648, 22.694833 ], [ 104.343286, 22.708873 ], [ 104.339724, 22.720224 ], [ 104.332276, 22.7256 ], [ 104.317704, 22.731573 ], [ 104.309933, 22.729781 ], [ 104.297304, 22.736053 ], [ 104.287266, 22.737845 ], [ 104.27237, 22.74561 ], [ 104.265247, 22.753374 ], [ 104.258123, 22.777261 ], [ 104.25877, 22.785322 ], [ 104.262332, 22.796368 ], [ 104.267189, 22.80383 ], [ 104.273018, 22.82353 ], [ 104.28338, 22.839945 ], [ 104.274313, 22.839348 ], [ 104.263628, 22.842929 ], [ 104.253913, 22.843227 ], [ 104.235456, 22.836662 ], [ 104.226672, 22.829593 ], [ 104.217059, 22.827261 ], [ 104.199856, 22.825862 ], [ 104.173546, 22.819333 ], [ 104.15179, 22.810006 ], [ 104.139141, 22.807207 ], [ 104.132564, 22.810006 ], [ 104.119915, 22.810938 ], [ 104.108278, 22.797412 ], [ 104.092593, 22.773622 ], [ 104.074884, 22.761026 ], [ 104.065271, 22.748428 ], [ 104.049586, 22.736296 ], [ 104.041491, 22.717629 ], [ 104.040985, 22.699426 ], [ 104.031878, 22.685422 ], [ 104.026818, 22.670016 ], [ 104.028336, 22.66348 ], [ 104.031878, 22.65741 ], [ 104.037443, 22.653675 ], [ 104.041491, 22.6406 ], [ 104.038961, 22.627525 ], [ 104.030866, 22.611645 ], [ 104.029348, 22.601369 ], [ 104.021253, 22.578947 ], [ 104.019229, 22.567734 ], [ 104.012651, 22.557922 ], [ 104.016699, 22.543904 ], [ 104.016193, 22.523341 ], [ 103.987353, 22.50745 ], [ 103.978246, 22.506048 ], [ 103.953454, 22.514928 ], [ 103.941817, 22.530819 ], [ 103.934228, 22.53409 ], [ 103.915001, 22.535492 ], [ 103.907412, 22.555586 ], [ 103.871995, 22.572873 ], [ 103.861369, 22.584086 ], [ 103.852262, 22.591093 ], [ 103.841131, 22.603705 ], [ 103.82494, 22.616316 ], [ 103.814821, 22.632195 ], [ 103.791547, 22.661146 ], [ 103.780416, 22.672818 ], [ 103.77099, 22.687639 ], [ 103.763736, 22.693375 ], [ 103.751094, 22.696817 ], [ 103.745499, 22.70064 ], [ 103.728505, 22.718802 ], [ 103.717729, 22.721478 ], [ 103.708196, 22.726066 ], [ 103.694932, 22.744797 ], [ 103.683327, 22.753971 ], [ 103.67628, 22.763909 ], [ 103.665089, 22.774992 ], [ 103.66281, 22.779196 ], [ 103.66281, 22.786456 ], [ 103.653898, 22.792188 ], [ 103.642086, 22.795436 ], [ 103.636697, 22.793717 ], [ 103.624418, 22.784426 ], [ 103.608875, 22.753971 ], [ 103.593008, 22.733365 ], [ 103.566132, 22.705288 ], [ 103.564513, 22.694235 ], [ 103.566028, 22.684197 ], [ 103.576597, 22.672915 ], [ 103.579084, 22.659146 ], [ 103.578255, 22.651305 ], [ 103.573489, 22.644611 ], [ 103.561262, 22.637152 ], [ 103.555459, 22.623762 ], [ 103.549034, 22.616684 ], [ 103.547169, 22.611136 ], [ 103.530617, 22.594341 ], [ 103.537312, 22.589336 ], [ 103.542493, 22.587543 ], [ 103.552855, 22.587543 ], [ 103.568399, 22.581264 ], [ 103.570529, 22.565359 ], [ 103.576896, 22.549558 ], [ 103.584456, 22.543188 ], [ 103.593475, 22.52665 ], [ 103.586131, 22.505491 ], [ 103.579084, 22.493812 ], [ 103.568101, 22.48194 ], [ 103.554423, 22.471599 ], [ 103.561262, 22.460491 ], [ 103.567064, 22.455512 ], [ 103.585094, 22.445935 ], [ 103.600016, 22.431185 ], [ 103.602088, 22.424289 ], [ 103.614523, 22.403215 ], [ 103.620533, 22.39785 ], [ 103.629237, 22.39076 ], [ 103.635454, 22.390377 ], [ 103.647267, 22.403981 ], [ 103.694932, 22.404748 ], [ 103.725604, 22.407238 ], [ 103.735966, 22.406472 ], [ 103.743841, 22.404173 ], [ 103.751302, 22.399766 ], [ 103.768503, 22.394401 ], [ 103.773476, 22.389802 ], [ 103.777829, 22.38252 ], [ 103.782802, 22.357607 ], [ 103.783631, 22.344765 ], [ 103.768192, 22.321797 ], [ 103.768839, 22.313409 ], [ 103.770782, 22.309815 ], [ 103.780497, 22.300527 ], [ 103.788268, 22.294535 ], [ 103.803488, 22.289442 ], [ 103.820326, 22.272662 ], [ 103.837164, 22.248988 ], [ 103.841374, 22.234601 ], [ 103.851412, 22.220213 ], [ 103.856269, 22.217815 ], [ 103.860479, 22.209421 ], [ 103.869546, 22.201326 ], [ 103.872784, 22.193531 ], [ 103.873108, 22.186035 ], [ 103.881851, 22.179739 ], [ 103.900956, 22.155448 ], [ 103.918442, 22.141952 ], [ 103.92848, 22.138953 ], [ 103.93528, 22.133254 ], [ 103.941432, 22.125155 ], [ 103.953569, 22.104959 ], [ 103.956678, 22.080956 ], [ 103.961237, 22.065208 ], [ 103.962895, 22.052339 ], [ 103.978023, 22.011613 ], [ 103.980303, 21.985672 ], [ 103.982997, 21.97664 ], [ 103.984309, 21.968931 ], [ 103.984318, 21.968878 ], [ 103.980776, 21.961839 ], [ 103.978246, 21.951516 ], [ 103.981282, 21.940253 ], [ 103.971163, 21.92805 ], [ 103.967115, 21.918663 ], [ 103.953454, 21.907866 ], [ 103.941817, 21.911152 ], [ 103.922085, 21.91303 ], [ 103.902352, 21.906927 ], [ 103.893245, 21.891436 ], [ 103.893245, 21.875003 ], [ 103.896281, 21.85622 ], [ 103.912977, 21.832269 ], [ 103.924108, 21.822406 ], [ 103.932204, 21.812072 ], [ 103.952948, 21.79563 ], [ 103.97268, 21.760862 ], [ 103.976222, 21.749113 ], [ 103.966609, 21.733135 ], [ 103.951936, 21.724674 ], [ 103.940805, 21.720444 ], [ 103.928662, 21.707753 ], [ 103.92512, 21.701171 ], [ 103.923901, 21.701026 ], [ 103.940785, 21.688929 ], [ 103.945642, 21.677194 ], [ 103.960537, 21.667866 ], [ 103.983852, 21.662449 ], [ 104.016557, 21.66937 ], [ 104.044082, 21.662449 ], [ 104.075815, 21.646799 ], [ 104.087149, 21.64409 ], [ 104.102692, 21.642886 ], [ 104.122445, 21.644391 ], [ 104.154826, 21.640986 ], [ 104.177594, 21.63252 ], [ 104.195303, 21.630639 ], [ 104.210482, 21.633931 ], [ 104.253488, 21.662618 ], [ 104.268667, 21.663558 ], [ 104.310662, 21.653213 ], [ 104.315215, 21.645219 ], [ 104.347597, 21.63205 ], [ 104.357716, 21.624995 ], [ 104.35468, 21.607121 ], [ 104.351644, 21.598183 ], [ 104.337477, 21.589715 ], [ 104.331406, 21.584069 ], [ 104.326346, 21.563837 ], [ 104.326346, 21.557249 ], [ 104.319263, 21.546426 ], [ 104.311673, 21.52054 ], [ 104.30965, 21.507831 ], [ 104.311673, 21.501711 ], [ 104.310156, 21.493708 ], [ 104.304084, 21.484293 ], [ 104.29953, 21.472993 ], [ 104.302566, 21.464047 ], [ 104.308132, 21.455571 ], [ 104.320275, 21.442385 ], [ 104.326346, 21.42543 ], [ 104.327358, 21.414126 ], [ 104.341019, 21.407531 ], [ 104.35721, 21.401879 ], [ 104.371377, 21.400936 ], [ 104.400722, 21.387746 ], [ 104.414383, 21.375967 ], [ 104.43108, 21.358062 ], [ 104.441199, 21.352879 ], [ 104.467509, 21.348638 ], [ 104.486735, 21.342983 ], [ 104.504444, 21.345339 ], [ 104.513551, 21.350523 ], [ 104.532272, 21.367015 ], [ 104.543403, 21.378794 ], [ 104.563135, 21.404234 ], [ 104.575784, 21.413184 ], [ 104.585398, 21.415068 ], [ 104.605636, 21.40706 ], [ 104.622839, 21.397639 ], [ 104.637511, 21.383977 ], [ 104.65522, 21.374554 ], [ 104.688613, 21.362303 ], [ 104.714417, 21.359476 ], [ 104.732126, 21.366544 ], [ 104.745787, 21.376439 ], [ 104.761472, 21.374554 ], [ 104.766531, 21.3689 ], [ 104.775638, 21.349109 ], [ 104.789805, 21.329787 ], [ 104.795877, 21.325074 ], [ 104.827752, 21.319889 ], [ 104.870759, 21.318004 ], [ 104.872681, 21.316213 ], [ 104.886394, 21.323088 ], [ 104.900055, 21.342855 ], [ 104.922869, 21.360273 ], [ 104.939104, 21.379284 ], [ 104.949142, 21.398883 ], [ 104.957237, 21.40642 ], [ 104.960152, 21.417574 ], [ 104.960799, 21.430536 ], [ 104.957237, 21.443496 ], [ 104.942018, 21.467606 ], [ 104.931009, 21.475743 ], [ 104.926799, 21.480865 ], [ 104.92518, 21.49352 ], [ 104.928418, 21.518224 ], [ 104.926151, 21.525153 ], [ 104.918056, 21.528466 ], [ 104.907694, 21.535695 ], [ 104.912551, 21.549249 ], [ 104.921294, 21.554971 ], [ 104.941371, 21.560392 ], [ 104.942342, 21.57304 ], [ 104.938456, 21.601645 ], [ 104.94558, 21.616397 ], [ 104.950437, 21.634759 ], [ 104.954647, 21.640177 ], [ 104.972457, 21.648003 ], [ 105.008724, 21.651313 ], [ 105.022, 21.654323 ], [ 105.031391, 21.660342 ], [ 105.041753, 21.675991 ], [ 105.048877, 21.682009 ], [ 105.056648, 21.68592 ], [ 105.067334, 21.687425 ], [ 105.105544, 21.687425 ], [ 105.117525, 21.68923 ], [ 105.138573, 21.704575 ], [ 105.136967, 21.708019 ], [ 105.134364, 21.7136 ], [ 105.124649, 21.719316 ], [ 105.10943, 21.732251 ], [ 105.108459, 21.74338 ], [ 105.121411, 21.758719 ], [ 105.122383, 21.779469 ], [ 105.120116, 21.793901 ], [ 105.122059, 21.799313 ], [ 105.131449, 21.809836 ], [ 105.131449, 21.820659 ], [ 105.12983, 21.824566 ], [ 105.119792, 21.839295 ], [ 105.10263, 21.844104 ], [ 105.076077, 21.868148 ], [ 105.070249, 21.891586 ], [ 105.061829, 21.897595 ], [ 105.05341, 21.899698 ], [ 105.049848, 21.905707 ], [ 105.047258, 21.930641 ], [ 105.033334, 21.940853 ], [ 105.013581, 21.948362 ], [ 105.010019, 21.954369 ], [ 105.017143, 21.966982 ], [ 105.022, 21.982597 ], [ 105.016819, 22.007217 ], [ 105.017467, 22.039638 ], [ 105.009048, 22.04444 ], [ 104.993828, 22.04564 ], [ 104.980228, 22.038737 ], [ 104.975047, 22.033935 ], [ 104.966304, 22.032134 ], [ 104.953028, 22.039938 ], [ 104.948494, 22.048042 ], [ 104.941371, 22.056145 ], [ 104.931656, 22.060647 ], [ 104.888913, 22.075051 ], [ 104.882436, 22.081953 ], [ 104.875312, 22.098155 ], [ 104.874989, 22.109255 ], [ 104.870455, 22.115555 ], [ 104.867295, 22.125503 ], [ 104.865844, 22.145659 ], [ 104.854031, 22.178287 ], [ 104.85113, 22.181358 ], [ 104.848866, 22.185508 ], [ 104.846577, 22.184546 ], [ 104.840623, 22.179446 ], [ 104.819033, 22.172845 ], [ 104.811821, 22.168745 ], [ 104.791619, 22.169559 ], [ 104.766269, 22.167287 ], [ 104.760566, 22.17253 ], [ 104.75725, 22.183277 ], [ 104.739634, 22.190185 ], [ 104.725749, 22.199588 ], [ 104.723055, 22.209181 ], [ 104.731137, 22.23086 ], [ 104.720154, 22.254454 ], [ 104.711242, 22.257139 ], [ 104.677048, 22.256372 ], [ 104.662126, 22.2604 ], [ 104.658396, 22.265387 ], [ 104.645754, 22.266154 ], [ 104.635185, 22.269222 ], [ 104.623994, 22.270373 ], [ 104.614875, 22.265387 ], [ 104.604513, 22.255989 ] ] ] } },
{ "type": "Feature", "properties": { "code": "19", "iso": null, "name_vi": "Thái Nguyên", "name_en": "Thai Nguyen", "type": "province" }, "geometry": { "type": "Polygon", "coordinates": [ [ [ 106.125478, 21.927262 ], [ 106.124399, 21.927971 ], [ 106.130636, 21.934097 ], [ 106.138005, 21.966219 ], [ 106.131373, 21.998333 ], [ 106.131742, 22.016437 ], [ 106.126215, 22.032831 ], [ 106.122163, 22.03932 ], [ 106.122531, 22.059126 ], [ 106.12511, 22.061858 ], [ 106.140584, 22.067321 ], [ 106.170795, 22.066979 ], [ 106.184427, 22.070735 ], [ 106.192901, 22.074832 ], [ 106.198059, 22.08405 ], [ 106.201006, 22.093268 ], [ 106.202848, 22.112042 ], [ 106.212796, 22.120234 ], [ 106.243007, 22.133203 ], [ 106.250744, 22.142076 ], [ 106.252218, 22.149242 ], [ 106.248534, 22.179268 ], [ 106.262902, 22.198031 ], [ 106.265113, 22.2069 ], [ 106.26106, 22.230093 ], [ 106.255534, 22.238619 ], [ 106.24706, 22.246462 ], [ 106.237481, 22.271012 ], [ 106.23306, 22.273399 ], [ 106.224954, 22.28124 ], [ 106.222007, 22.290786 ], [ 106.23527, 22.316691 ], [ 106.236007, 22.327257 ], [ 106.232323, 22.335777 ], [ 106.227533, 22.338162 ], [ 106.216834, 22.354464 ], [ 106.208817, 22.363623 ], [ 106.196791, 22.373217 ], [ 106.192547, 22.380631 ], [ 106.19242, 22.38438 ], [ 106.190808, 22.383528 ], [ 106.173099, 22.38306 ], [ 106.146283, 22.386335 ], [ 106.124021, 22.391949 ], [ 106.11289, 22.404579 ], [ 106.108336, 22.415337 ], [ 106.111372, 22.424224 ], [ 106.114914, 22.425627 ], [ 106.121491, 22.435448 ], [ 106.121491, 22.463038 ], [ 106.113902, 22.501841 ], [ 106.108336, 22.510254 ], [ 106.08152, 22.53596 ], [ 106.076461, 22.543904 ], [ 106.072413, 22.554184 ], [ 106.061788, 22.553717 ], [ 106.042561, 22.543437 ], [ 106.031936, 22.53596 ], [ 106.002591, 22.524743 ], [ 105.987918, 22.514461 ], [ 105.979316, 22.510254 ], [ 105.96009, 22.50745 ], [ 105.945923, 22.502308 ], [ 105.929732, 22.477532 ], [ 105.916577, 22.474259 ], [ 105.891279, 22.490622 ], [ 105.840177, 22.500438 ], [ 105.827528, 22.506048 ], [ 105.808302, 22.519135 ], [ 105.799195, 22.528015 ], [ 105.757706, 22.582217 ], [ 105.73848, 22.61725 ], [ 105.737468, 22.626591 ], [ 105.741009, 22.633596 ], [ 105.76755, 22.656469 ], [ 105.77356, 22.663928 ], [ 105.776876, 22.673872 ], [ 105.774182, 22.691845 ], [ 105.762991, 22.698346 ], [ 105.754701, 22.706949 ], [ 105.755945, 22.721096 ], [ 105.755116, 22.724537 ], [ 105.74952, 22.730845 ], [ 105.734938, 22.728363 ], [ 105.727854, 22.722762 ], [ 105.714699, 22.718095 ], [ 105.691425, 22.716229 ], [ 105.677258, 22.717629 ], [ 105.669669, 22.716695 ], [ 105.644371, 22.697559 ], [ 105.631722, 22.690557 ], [ 105.614519, 22.683555 ], [ 105.608448, 22.673751 ], [ 105.597823, 22.664414 ], [ 105.568983, 22.647605 ], [ 105.556334, 22.636398 ], [ 105.543179, 22.632195 ], [ 105.531036, 22.632662 ], [ 105.533414, 22.619022 ], [ 105.543361, 22.609499 ], [ 105.550361, 22.606098 ], [ 105.546677, 22.593513 ], [ 105.546677, 22.586709 ], [ 105.552572, 22.573102 ], [ 105.579836, 22.548945 ], [ 105.584625, 22.543161 ], [ 105.59531, 22.521041 ], [ 105.596415, 22.507087 ], [ 105.591994, 22.495514 ], [ 105.566204, 22.469982 ], [ 105.545203, 22.437975 ], [ 105.545203, 22.42878 ], [ 105.553677, 22.41073 ], [ 105.547414, 22.404599 ], [ 105.538203, 22.407323 ], [ 105.521624, 22.402555 ], [ 105.516834, 22.397105 ], [ 105.512782, 22.356222 ], [ 105.506887, 22.342251 ], [ 105.493623, 22.328961 ], [ 105.486255, 22.314306 ], [ 105.481465, 22.302035 ], [ 105.484413, 22.291808 ], [ 105.482939, 22.284308 ], [ 105.45936, 22.274081 ], [ 105.447938, 22.262829 ], [ 105.44057, 22.244075 ], [ 105.44278, 22.234185 ], [ 105.441675, 22.217474 ], [ 105.439833, 22.211675 ], [ 105.444622, 22.199396 ], [ 105.45936, 22.185068 ], [ 105.462675, 22.178586 ], [ 105.479623, 22.167668 ], [ 105.488097, 22.165962 ], [ 105.493623, 22.161185 ], [ 105.497676, 22.153337 ], [ 105.498045, 22.140711 ], [ 105.491044, 22.132862 ], [ 105.477044, 22.122623 ], [ 105.475202, 22.111701 ], [ 105.471518, 22.103509 ], [ 105.473728, 22.094633 ], [ 105.485518, 22.076881 ], [ 105.492518, 22.069028 ], [ 105.493992, 22.061858 ], [ 105.503203, 22.047516 ], [ 105.505782, 22.046833 ], [ 105.511337, 22.034184 ], [ 105.512281, 22.025222 ], [ 105.515346, 22.018008 ], [ 105.521005, 22.011013 ], [ 105.53869, 21.997677 ], [ 105.541283, 21.993961 ], [ 105.543405, 21.984341 ], [ 105.567456, 21.972314 ], [ 105.57319, 21.964367 ], [ 105.573941, 21.95836 ], [ 105.566204, 21.951867 ], [ 105.565835, 21.945375 ], [ 105.568783, 21.927262 ], [ 105.567309, 21.912565 ], [ 105.563256, 21.903335 ], [ 105.558467, 21.899575 ], [ 105.553309, 21.89855 ], [ 105.545572, 21.894106 ], [ 105.54373, 21.888294 ], [ 105.544098, 21.876328 ], [ 105.547886, 21.863814 ], [ 105.547178, 21.856592 ], [ 105.532087, 21.844555 ], [ 105.525721, 21.833612 ], [ 105.523363, 21.825294 ], [ 105.52242, 21.816538 ], [ 105.524542, 21.806468 ], [ 105.536096, 21.782385 ], [ 105.538454, 21.771874 ], [ 105.53869, 21.761582 ], [ 105.528786, 21.739243 ], [ 105.528256, 21.72684 ], [ 105.523466, 21.70425 ], [ 105.513887, 21.691584 ], [ 105.511308, 21.681998 ], [ 105.514624, 21.668303 ], [ 105.51794, 21.66214 ], [ 105.540414, 21.62858 ], [ 105.56252, 21.600493 ], [ 105.582046, 21.585077 ], [ 105.593394, 21.586502 ], [ 105.604712, 21.58431 ], [ 105.609428, 21.581679 ], [ 105.623811, 21.564794 ], [ 105.629706, 21.561286 ], [ 105.649277, 21.555365 ], [ 105.659888, 21.54725 ], [ 105.66649, 21.532336 ], [ 105.677838, 21.514143 ], [ 105.68668, 21.504889 ], [ 105.708786, 21.487406 ], [ 105.729786, 21.475406 ], [ 105.740471, 21.472321 ], [ 105.754102, 21.46272 ], [ 105.767734, 21.450719 ], [ 105.788735, 21.438374 ], [ 105.807525, 21.433916 ], [ 105.816367, 21.427057 ], [ 105.82263, 21.407849 ], [ 105.840683, 21.398588 ], [ 105.85321, 21.398931 ], [ 105.869052, 21.404419 ], [ 105.87421, 21.404762 ], [ 105.887474, 21.400989 ], [ 105.891895, 21.395843 ], [ 105.903316, 21.391041 ], [ 105.917685, 21.389669 ], [ 105.926895, 21.371486 ], [ 105.933527, 21.363594 ], [ 105.968896, 21.349526 ], [ 105.968919, 21.349581 ], [ 105.971475, 21.355703 ], [ 105.974423, 21.368741 ], [ 105.981423, 21.378347 ], [ 105.997634, 21.386581 ], [ 106.012002, 21.402018 ], [ 106.016792, 21.411622 ], [ 106.023792, 21.432201 ], [ 106.030424, 21.435973 ], [ 106.03595, 21.435287 ], [ 106.048108, 21.430143 ], [ 106.072425, 21.416081 ], [ 106.084214, 21.411965 ], [ 106.095267, 21.412994 ], [ 106.100794, 21.422598 ], [ 106.103004, 21.43563 ], [ 106.102636, 21.448662 ], [ 106.109268, 21.462378 ], [ 106.112215, 21.476435 ], [ 106.112215, 21.498033 ], [ 106.109636, 21.509345 ], [ 106.11111, 21.529909 ], [ 106.108162, 21.558353 ], [ 106.09932, 21.568632 ], [ 106.097846, 21.575827 ], [ 106.101531, 21.58542 ], [ 106.111478, 21.597067 ], [ 106.140952, 21.617277 ], [ 106.187006, 21.613167 ], [ 106.201375, 21.613167 ], [ 106.220533, 21.615907 ], [ 106.23306, 21.607686 ], [ 106.24006, 21.62447 ], [ 106.25406, 21.649128 ], [ 106.261429, 21.654949 ], [ 106.269902, 21.671384 ], [ 106.269902, 21.682683 ], [ 106.275797, 21.700142 ], [ 106.278376, 21.714519 ], [ 106.268429, 21.723076 ], [ 106.227165, 21.727867 ], [ 106.207638, 21.735054 ], [ 106.187006, 21.756614 ], [ 106.179269, 21.762773 ], [ 106.167479, 21.769274 ], [ 106.154953, 21.7703 ], [ 106.144637, 21.773037 ], [ 106.140216, 21.77817 ], [ 106.132479, 21.790828 ], [ 106.130268, 21.79767 ], [ 106.132847, 21.804511 ], [ 106.149058, 21.816483 ], [ 106.15569, 21.828112 ], [ 106.151637, 21.833242 ], [ 106.149795, 21.868464 ], [ 106.152374, 21.877354 ], [ 106.160111, 21.884875 ], [ 106.169321, 21.904361 ], [ 106.154216, 21.913248 ], [ 106.14611, 21.920426 ], [ 106.125478, 21.927262 ] ] ] } },
{ "type": "Feature", "properties": { "code": "20", "iso": null, "name_vi": "Lạng Sơn", "name_en": "Lang Son", "type": "province" }, "geometry": { "type": "Polygon", "coordinates": [ [ [ 107.101814, 21.372515 ], [ 107.115077, 21.37423 ], [ 107.135341, 21.380749 ], [ 107.160394, 21.385209 ], [ 107.172184, 21.389669 ], [ 107.1825, 21.39653 ], [ 107.197974, 21.40339 ], [ 107.210869, 21.404419 ], [ 107.253238, 21.400303 ], [ 107.265765, 21.401332 ], [ 107.279028, 21.406477 ], [ 107.294134, 21.415395 ], [ 107.325082, 21.410936 ], [ 107.339819, 21.420883 ], [ 107.338714, 21.427057 ], [ 107.334292, 21.43563 ], [ 107.321029, 21.454148 ], [ 107.316239, 21.466492 ], [ 107.310345, 21.495976 ], [ 107.302608, 21.521684 ], [ 107.294134, 21.537792 ], [ 107.285291, 21.544988 ], [ 107.27866, 21.55801 ], [ 107.290818, 21.57103 ], [ 107.294134, 21.576512 ], [ 107.307029, 21.584049 ], [ 107.322871, 21.590559 ], [ 107.340924, 21.594669 ], [ 107.357135, 21.601863 ], [ 107.381083, 21.606316 ], [ 107.391353, 21.611773 ], [ 107.391399, 21.611797 ], [ 107.389925, 21.624812 ], [ 107.385872, 21.633717 ], [ 107.382557, 21.653237 ], [ 107.37482, 21.667961 ], [ 107.359346, 21.680286 ], [ 107.353082, 21.68816 ], [ 107.336503, 21.714519 ], [ 107.329134, 21.729236 ], [ 107.322503, 21.73437 ], [ 107.31366, 21.736423 ], [ 107.297081, 21.731632 ], [ 107.282712, 21.722049 ], [ 107.273133, 21.703223 ], [ 107.265028, 21.701511 ], [ 107.243291, 21.71178 ], [ 107.231501, 21.718968 ], [ 107.221922, 21.727183 ], [ 107.210132, 21.743268 ], [ 107.193184, 21.749085 ], [ 107.158184, 21.765852 ], [ 107.153394, 21.776801 ], [ 107.150078, 21.789459 ], [ 107.141604, 21.796301 ], [ 107.124288, 21.801775 ], [ 107.090393, 21.806564 ], [ 107.056866, 21.814089 ], [ 107.043971, 21.825376 ], [ 107.038813, 21.840766 ], [ 107.042129, 21.856838 ], [ 107.061655, 21.882482 ], [ 107.073077, 21.890345 ], [ 107.081182, 21.900259 ], [ 107.077866, 21.912223 ], [ 107.069392, 21.924186 ], [ 107.049866, 21.938198 ], [ 107.029234, 21.94435 ], [ 107.011181, 21.945375 ], [ 107.001233, 21.929312 ], [ 106.97139, 21.927945 ], [ 106.963285, 21.929654 ], [ 106.955548, 21.937515 ], [ 106.946337, 21.960752 ], [ 106.936021, 21.977152 ], [ 106.929758, 21.980569 ], [ 106.906178, 21.98501 ], [ 106.889231, 21.981935 ], [ 106.859756, 21.981252 ], [ 106.836177, 21.976811 ], [ 106.821071, 21.98296 ], [ 106.813334, 22.003116 ], [ 106.801545, 22.009947 ], [ 106.79086, 22.010972 ], [ 106.779439, 22.008923 ], [ 106.772807, 22.00619 ], [ 106.763597, 21.988768 ], [ 106.761386, 21.976469 ], [ 106.754754, 21.972369 ], [ 106.744438, 21.969636 ], [ 106.736333, 21.969636 ], [ 106.722701, 21.982619 ], [ 106.721596, 21.996284 ], [ 106.728596, 22.010631 ], [ 106.731912, 22.025318 ], [ 106.732649, 22.061858 ], [ 106.743333, 22.077905 ], [ 106.744807, 22.084733 ], [ 106.744438, 22.09395 ], [ 106.728964, 22.108287 ], [ 106.725648, 22.116138 ], [ 106.724543, 22.135251 ], [ 106.727122, 22.142759 ], [ 106.725442, 22.153037 ], [ 106.718604, 22.161117 ], [ 106.701863, 22.193869 ], [ 106.702099, 22.206313 ], [ 106.712709, 22.225741 ], [ 106.717897, 22.240583 ], [ 106.720255, 22.253023 ], [ 106.71349, 22.281581 ], [ 106.709806, 22.289763 ], [ 106.701332, 22.297944 ], [ 106.692121, 22.317032 ], [ 106.683648, 22.327598 ], [ 106.650121, 22.332028 ], [ 106.626541, 22.33305 ], [ 106.600383, 22.34157 ], [ 106.599646, 22.353156 ], [ 106.602593, 22.360652 ], [ 106.604435, 22.374621 ], [ 106.599277, 22.385182 ], [ 106.590067, 22.391654 ], [ 106.580954, 22.395254 ], [ 106.580896, 22.395237 ], [ 106.564206, 22.390078 ], [ 106.553075, 22.383996 ], [ 106.520187, 22.373235 ], [ 106.507538, 22.364345 ], [ 106.500455, 22.357327 ], [ 106.497925, 22.342352 ], [ 106.492359, 22.336736 ], [ 106.47971, 22.333928 ], [ 106.43215, 22.338608 ], [ 106.404322, 22.3358 ], [ 106.392685, 22.336736 ], [ 106.375989, 22.34048 ], [ 106.362834, 22.347032 ], [ 106.351703, 22.358262 ], [ 106.343101, 22.373235 ], [ 106.322357, 22.380253 ], [ 106.293517, 22.396627 ], [ 106.285928, 22.412999 ], [ 106.271255, 22.423756 ], [ 106.252535, 22.430772 ], [ 106.241403, 22.431239 ], [ 106.225213, 22.427966 ], [ 106.218635, 22.422821 ], [ 106.215094, 22.415337 ], [ 106.211552, 22.397562 ], [ 106.201433, 22.389142 ], [ 106.19242, 22.38438 ], [ 106.192547, 22.380631 ], [ 106.196791, 22.373217 ], [ 106.208817, 22.363623 ], [ 106.216834, 22.354464 ], [ 106.227533, 22.338162 ], [ 106.232323, 22.335777 ], [ 106.236007, 22.327257 ], [ 106.23527, 22.316691 ], [ 106.222007, 22.290786 ], [ 106.224954, 22.28124 ], [ 106.23306, 22.273399 ], [ 106.237481, 22.271012 ], [ 106.24706, 22.246462 ], [ 106.255534, 22.238619 ], [ 106.26106, 22.230093 ], [ 106.265113, 22.2069 ], [ 106.262902, 22.198031 ], [ 106.248534, 22.179268 ], [ 106.252218, 22.149242 ], [ 106.250744, 22.142076 ], [ 106.243007, 22.133203 ], [ 106.212796, 22.120234 ], [ 106.202848, 22.112042 ], [ 106.201006, 22.093268 ], [ 106.198059, 22.08405 ], [ 106.192901, 22.074832 ], [ 106.184427, 22.070735 ], [ 106.170795, 22.066979 ], [ 106.140584, 22.067321 ], [ 106.12511, 22.061858 ], [ 106.122531, 22.059126 ], [ 106.122163, 22.03932 ], [ 106.126215, 22.032831 ], [ 106.131742, 22.016437 ], [ 106.131373, 21.998333 ], [ 106.138005, 21.966219 ], [ 106.130636, 21.934097 ], [ 106.124399, 21.927971 ], [ 106.125478, 21.927262 ], [ 106.14611, 21.920426 ], [ 106.154216, 21.913248 ], [ 106.169321, 21.904361 ], [ 106.160111, 21.884875 ], [ 106.152374, 21.877354 ], [ 106.149795, 21.868464 ], [ 106.151637, 21.833242 ], [ 106.15569, 21.828112 ], [ 106.149058, 21.816483 ], [ 106.132847, 21.804511 ], [ 106.130268, 21.79767 ], [ 106.132479, 21.790828 ], [ 106.140216, 21.77817 ], [ 106.144637, 21.773037 ], [ 106.154953, 21.7703 ], [ 106.167479, 21.769274 ], [ 106.179269, 21.762773 ], [ 106.187006, 21.756614 ], [ 106.207638, 21.735054 ], [ 106.227165, 21.727867 ], [ 106.268429, 21.723076 ], [ 106.278376, 21.714519 ], [ 106.275797, 21.700142 ], [ 106.269902, 21.682683 ], [ 106.269902, 21.671384 ], [ 106.261429, 21.654949 ], [ 106.25406, 21.649128 ], [ 106.24006, 21.62447 ], [ 106.23306, 21.607686 ], [ 106.236375, 21.600835 ], [ 106.23527, 21.590216 ], [ 106.226428, 21.584049 ], [ 106.222375, 21.577883 ], [ 106.220901, 21.552527 ], [ 106.228638, 21.514486 ], [ 106.231954, 21.509687 ], [ 106.242639, 21.505574 ], [ 106.277639, 21.502832 ], [ 106.289061, 21.50009 ], [ 106.295324, 21.492205 ], [ 106.303798, 21.490834 ], [ 106.31964, 21.491862 ], [ 106.328851, 21.490491 ], [ 106.338799, 21.482606 ], [ 106.343957, 21.469235 ], [ 106.348746, 21.465121 ], [ 106.370852, 21.46032 ], [ 106.390378, 21.453805 ], [ 106.395905, 21.447976 ], [ 106.396273, 21.430486 ], [ 106.399221, 21.422941 ], [ 106.406589, 21.415395 ], [ 106.434958, 21.407506 ], [ 106.454485, 21.414709 ], [ 106.462222, 21.419511 ], [ 106.48617, 21.453805 ], [ 106.498328, 21.463749 ], [ 106.512328, 21.467178 ], [ 106.526329, 21.468206 ], [ 106.538118, 21.475749 ], [ 106.546961, 21.486034 ], [ 106.555803, 21.500775 ], [ 106.570172, 21.510716 ], [ 106.576066, 21.522369 ], [ 106.579014, 21.551842 ], [ 106.58454, 21.570002 ], [ 106.599277, 21.591929 ], [ 106.609962, 21.602206 ], [ 106.619541, 21.608029 ], [ 106.627646, 21.615907 ], [ 106.637962, 21.619332 ], [ 106.663752, 21.620702 ], [ 106.740754, 21.617962 ], [ 106.745544, 21.613167 ], [ 106.749965, 21.604946 ], [ 106.751807, 21.58679 ], [ 106.759912, 21.578225 ], [ 106.783123, 21.575142 ], [ 106.803755, 21.566919 ], [ 106.815913, 21.56966 ], [ 106.821071, 21.589188 ], [ 106.826598, 21.591929 ], [ 106.838019, 21.591929 ], [ 106.871915, 21.585762 ], [ 106.910968, 21.56966 ], [ 106.914284, 21.56452 ], [ 106.914284, 21.549443 ], [ 106.911336, 21.541904 ], [ 106.910968, 21.535736 ], [ 106.919073, 21.528196 ], [ 106.938969, 21.514486 ], [ 106.947442, 21.503517 ], [ 106.95039, 21.49529 ], [ 106.96918, 21.466835 ], [ 106.990549, 21.459977 ], [ 107.038444, 21.463749 ], [ 107.047655, 21.46272 ], [ 107.052445, 21.459292 ], [ 107.055392, 21.44969 ], [ 107.055392, 21.441803 ], [ 107.050971, 21.432201 ], [ 107.050971, 21.426371 ], [ 107.056497, 21.408192 ], [ 107.061655, 21.39996 ], [ 107.080077, 21.380406 ], [ 107.090393, 21.373887 ], [ 107.101814, 21.372515 ] ] ] } },
{ "type": "Feature", "properties": { "code": "22", "iso": null, "name_vi": "Quảng Ninh", "name_en": "Quang Ninh", "type": "province" }, "geometry": { "type": "MultiPolygon", "coordinates": [ [ [ [ 107.253177, 20.848545 ], [ 107.260518, 20.837273 ], [ 107.281495, 20.82502 ], [ 107.299324, 20.826981 ], [ 107.308764, 20.846585 ], [ 107.309288, 20.868637 ], [ 107.306666, 20.875987 ], [ 107.299849, 20.885296 ], [ 107.292507, 20.889706 ], [ 107.278873, 20.887746 ], [ 107.252652, 20.872067 ], [ 107.250555, 20.857366 ], [ 107.253177, 20.848545 ] ] ], [ [ [ 107.464808, 20.824836 ], [ 107.48857, 20.821773 ], [ 107.515609, 20.839387 ], [ 107.519706, 20.867718 ], [ 107.5279, 20.902168 ], [ 107.543468, 20.932018 ], [ 107.571328, 20.955741 ], [ 107.610658, 21.013884 ], [ 107.626226, 21.058241 ], [ 107.627865, 21.072004 ], [ 107.625407, 21.081943 ], [ 107.627865, 21.106407 ], [ 107.624588, 21.118637 ], [ 107.597548, 21.118637 ], [ 107.588535, 21.106407 ], [ 107.575424, 21.093411 ], [ 107.560676, 21.08806 ], [ 107.507416, 21.047535 ], [ 107.445962, 21.014649 ], [ 107.387785, 20.974104 ], [ 107.318957, 20.917476 ], [ 107.31486, 20.88992 ], [ 107.332067, 20.867718 ], [ 107.366481, 20.863124 ], [ 107.420561, 20.88992 ], [ 107.44842, 20.876906 ], [ 107.445962, 20.845513 ], [ 107.464808, 20.824836 ] ] ], [ [ [ 107.649105, 21.152479 ], [ 107.641802, 21.136652 ], [ 107.641373, 21.128037 ], [ 107.64889, 21.127236 ], [ 107.661134, 21.139657 ], [ 107.683688, 21.176315 ], [ 107.688843, 21.189334 ], [ 107.693568, 21.208559 ], [ 107.684547, 21.212764 ], [ 107.674022, 21.210561 ], [ 107.656838, 21.183726 ], [ 107.651038, 21.1659 ], [ 107.649105, 21.152479 ] ] ], [ [ [ 107.619737, 21.274788 ], [ 107.594565, 21.282606 ], [ 107.574113, 21.279186 ], [ 107.553662, 21.284072 ], [ 107.534783, 21.286516 ], [ 107.521673, 21.283584 ], [ 107.511185, 21.265503 ], [ 107.504892, 21.248886 ], [ 107.486538, 21.178978 ], [ 107.490208, 21.159906 ], [ 107.48916, 21.142299 ], [ 107.482342, 21.12518 ], [ 107.523246, 21.117353 ], [ 107.544222, 21.122245 ], [ 107.555759, 21.133006 ], [ 107.576735, 21.163329 ], [ 107.624981, 21.19658 ], [ 107.645957, 21.216136 ], [ 107.659067, 21.237156 ], [ 107.661165, 21.252796 ], [ 107.657494, 21.263548 ], [ 107.649628, 21.271367 ], [ 107.619737, 21.274788 ] ] ], [ [ [ 107.690991, 21.23519 ], [ 107.684117, 21.22678 ], [ 107.685621, 21.219372 ], [ 107.692065, 21.21757 ], [ 107.707745, 21.22658 ], [ 107.713759, 21.237592 ], [ 107.716981, 21.250405 ], [ 107.708819, 21.252006 ], [ 107.690991, 21.23519 ] ] ], [ [ [ 106.641054, 21.242644 ], [ 106.629736, 21.254755 ], [ 106.617999, 21.260615 ], [ 106.61213, 21.261787 ], [ 106.611399, 21.26184 ], [ 106.610991, 21.260967 ], [ 106.60916, 21.252433 ], [ 106.611296, 21.240199 ], [ 106.608854, 21.21573 ], [ 106.600308, 21.203778 ], [ 106.599087, 21.195809 ], [ 106.607939, 21.183856 ], [ 106.603141, 21.174298 ], [ 106.592707, 21.172908 ], [ 106.572586, 21.167348 ], [ 106.566625, 21.147888 ], [ 106.568115, 21.134682 ], [ 106.578548, 21.126341 ], [ 106.597179, 21.117999 ], [ 106.61879, 21.117999 ], [ 106.629969, 21.108961 ], [ 106.646364, 21.100618 ], [ 106.664994, 21.099228 ], [ 106.687351, 21.103399 ], [ 106.707472, 21.103399 ], [ 106.714925, 21.099923 ], [ 106.725358, 21.089494 ], [ 106.73281, 21.079064 ], [ 106.737057, 21.078225 ], [ 106.762087, 21.071389 ], [ 106.787423, 21.070535 ], [ 106.801159, 21.067401 ], [ 106.810926, 21.063414 ], [ 106.825273, 21.06085 ], [ 106.852745, 21.06028 ], [ 106.876859, 21.051164 ], [ 106.894563, 21.038914 ], [ 106.904331, 21.028373 ], [ 106.913489, 20.996459 ], [ 106.912942, 20.986761 ], [ 106.921024, 20.984632 ], [ 106.989227, 20.953902 ], [ 107.026429, 20.953846 ], [ 107.045805, 20.968461 ], [ 107.056983, 20.979594 ], [ 107.083066, 20.984465 ], [ 107.099461, 20.967765 ], [ 107.095735, 20.946191 ], [ 107.103933, 20.937839 ], [ 107.136723, 20.931575 ], [ 107.165041, 20.919045 ], [ 107.184417, 20.924614 ], [ 107.200067, 20.941319 ], [ 107.206774, 20.958718 ], [ 107.232857, 20.973332 ], [ 107.283532, 20.995597 ], [ 107.295456, 20.99838 ], [ 107.316322, 20.999076 ], [ 107.346131, 20.994902 ], [ 107.369979, 20.99351 ], [ 107.382647, 21.01786 ], [ 107.382647, 21.039423 ], [ 107.422144, 21.050551 ], [ 107.445992, 21.060288 ], [ 107.466113, 21.079064 ], [ 107.469094, 21.105485 ], [ 107.469094, 21.147193 ], [ 107.473565, 21.170128 ], [ 107.475055, 21.194449 ], [ 107.487724, 21.234743 ], [ 107.483253, 21.267387 ], [ 107.462387, 21.282664 ], [ 107.445246, 21.29794 ], [ 107.464622, 21.309743 ], [ 107.500393, 21.315297 ], [ 107.522005, 21.322934 ], [ 107.558521, 21.325017 ], [ 107.583113, 21.31738 ], [ 107.609196, 21.315297 ], [ 107.637515, 21.319463 ], [ 107.660617, 21.339594 ], [ 107.685955, 21.365275 ], [ 107.700859, 21.386788 ], [ 107.73812, 21.405522 ], [ 107.763458, 21.415235 ], [ 107.797738, 21.44992 ], [ 107.8037, 21.466566 ], [ 107.817114, 21.48945 ], [ 107.834255, 21.506785 ], [ 107.860337, 21.520651 ], [ 107.887911, 21.530356 ], [ 107.908032, 21.531743 ], [ 107.934115, 21.523424 ], [ 107.943058, 21.508171 ], [ 107.948274, 21.490144 ], [ 107.937841, 21.468646 ], [ 107.925172, 21.458936 ], [ 107.921446, 21.432579 ], [ 107.926663, 21.419398 ], [ 107.949019, 21.416623 ], [ 107.969141, 21.427029 ], [ 107.990752, 21.449226 ], [ 108.006402, 21.462404 ], [ 108.032485, 21.476968 ], [ 108.051115, 21.482516 ], [ 108.06453, 21.479742 ], [ 108.078689, 21.490837 ], [ 108.072727, 21.498464 ], [ 108.049625, 21.502625 ], [ 108.037701, 21.501238 ], [ 108.022797, 21.505398 ], [ 108.016835, 21.518571 ], [ 108.024287, 21.529663 ], [ 108.028013, 21.542141 ], [ 108.025033, 21.547686 ], [ 107.999695, 21.547686 ], [ 107.984045, 21.540061 ], [ 107.970631, 21.537982 ], [ 107.961688, 21.538675 ], [ 107.943803, 21.553924 ], [ 107.927408, 21.58026 ], [ 107.916229, 21.585804 ], [ 107.901325, 21.600355 ], [ 107.890147, 21.614213 ], [ 107.875242, 21.628068 ], [ 107.835745, 21.643308 ], [ 107.805191, 21.64885 ], [ 107.790286, 21.649542 ], [ 107.776872, 21.647464 ], [ 107.761222, 21.642616 ], [ 107.741101, 21.634996 ], [ 107.715764, 21.616984 ], [ 107.700859, 21.610056 ], [ 107.676267, 21.605206 ], [ 107.650184, 21.60382 ], [ 107.599508, 21.604513 ], [ 107.578642, 21.60867 ], [ 107.545107, 21.607284 ], [ 107.523495, 21.610056 ], [ 107.501884, 21.629454 ], [ 107.495922, 21.64123 ], [ 107.484743, 21.655776 ], [ 107.470584, 21.658547 ], [ 107.454189, 21.652313 ], [ 107.427361, 21.632225 ], [ 107.410221, 21.616291 ], [ 107.399743, 21.612717 ], [ 107.393061, 21.611935 ], [ 107.391353, 21.611773 ], [ 107.381083, 21.606316 ], [ 107.357135, 21.601863 ], [ 107.340924, 21.594669 ], [ 107.322871, 21.590559 ], [ 107.307029, 21.584049 ], [ 107.294134, 21.576512 ], [ 107.290818, 21.57103 ], [ 107.27866, 21.55801 ], [ 107.285291, 21.544988 ], [ 107.294134, 21.537792 ], [ 107.302608, 21.521684 ], [ 107.310345, 21.495976 ], [ 107.316239, 21.466492 ], [ 107.321029, 21.454148 ], [ 107.334292, 21.43563 ], [ 107.338714, 21.427057 ], [ 107.339819, 21.420883 ], [ 107.325082, 21.410936 ], [ 107.294134, 21.415395 ], [ 107.279028, 21.406477 ], [ 107.265765, 21.401332 ], [ 107.253238, 21.400303 ], [ 107.210869, 21.404419 ], [ 107.197974, 21.40339 ], [ 107.1825, 21.39653 ], [ 107.172184, 21.389669 ], [ 107.160394, 21.385209 ], [ 107.135341, 21.380749 ], [ 107.115077, 21.37423 ], [ 107.101814, 21.372515 ], [ 107.102163, 21.363323 ], [ 107.099648, 21.352782 ], [ 107.096713, 21.344974 ], [ 107.090845, 21.339507 ], [ 107.055633, 21.336774 ], [ 107.046411, 21.334822 ], [ 107.042219, 21.32467 ], [ 107.04138, 21.316079 ], [ 107.045153, 21.308659 ], [ 107.058148, 21.296552 ], [ 107.06234, 21.284834 ], [ 107.060663, 21.274288 ], [ 107.052279, 21.262959 ], [ 107.035512, 21.246941 ], [ 107.032577, 21.239127 ], [ 107.017906, 21.225842 ], [ 107.007426, 21.228578 ], [ 106.994431, 21.228968 ], [ 106.962153, 21.227015 ], [ 106.950416, 21.228187 ], [ 106.921911, 21.234439 ], [ 106.910593, 21.231313 ], [ 106.910174, 21.221153 ], [ 106.913947, 21.213338 ], [ 106.915623, 21.20474 ], [ 106.904305, 21.197315 ], [ 106.889214, 21.196533 ], [ 106.872866, 21.200832 ], [ 106.854422, 21.209039 ], [ 106.790705, 21.210993 ], [ 106.765553, 21.223107 ], [ 106.738725, 21.223498 ], [ 106.650695, 21.236392 ], [ 106.641054, 21.242644 ] ] ], [ [ [ 107.944869, 21.36321 ], [ 107.965321, 21.368094 ], [ 107.984724, 21.378349 ], [ 107.999931, 21.39251 ], [ 108.001505, 21.399834 ], [ 107.973187, 21.401299 ], [ 107.928612, 21.389092 ], [ 107.910782, 21.390069 ], [ 107.892428, 21.388604 ], [ 107.878269, 21.382744 ], [ 107.835268, 21.371513 ], [ 107.788071, 21.346605 ], [ 107.773388, 21.341232 ], [ 107.751363, 21.330486 ], [ 107.66536, 21.286027 ], [ 107.664311, 21.274299 ], [ 107.684239, 21.280652 ], [ 107.741924, 21.307037 ], [ 107.780205, 21.331951 ], [ 107.804328, 21.340743 ], [ 107.896623, 21.364187 ], [ 107.918648, 21.364676 ], [ 107.944869, 21.36321 ] ] ], [ [ [ 107.899245, 21.045914 ], [ 107.910782, 21.071851 ], [ 107.906063, 21.077723 ], [ 107.853622, 21.044446 ], [ 107.842085, 21.046403 ], [ 107.835268, 21.052276 ], [ 107.834743, 21.059128 ], [ 107.837365, 21.070872 ], [ 107.836317, 21.082127 ], [ 107.831073, 21.085063 ], [ 107.811145, 21.085063 ], [ 107.80695, 21.078212 ], [ 107.805901, 21.065 ], [ 107.802755, 21.052276 ], [ 107.804328, 21.038572 ], [ 107.81167, 21.02242 ], [ 107.812718, 21.010182 ], [ 107.807999, 21.00039 ], [ 107.808523, 20.98913 ], [ 107.81534, 20.980316 ], [ 107.829499, 20.98913 ], [ 107.865159, 21.021441 ], [ 107.886135, 21.034167 ], [ 107.899245, 21.045914 ] ] ], [ [ [ 107.853622, 21.152081 ], [ 107.852573, 21.145234 ], [ 107.85572, 21.137897 ], [ 107.867781, 21.13643 ], [ 107.873025, 21.139365 ], [ 107.875647, 21.150125 ], [ 107.871976, 21.155016 ], [ 107.869354, 21.156483 ], [ 107.856244, 21.157461 ], [ 107.853622, 21.152081 ] ] ], [ [ [ 107.90449, 21.181423 ], [ 107.901867, 21.177022 ], [ 107.90449, 21.174088 ], [ 107.907636, 21.173599 ], [ 107.911831, 21.176044 ], [ 107.911831, 21.181423 ], [ 107.90449, 21.181423 ] ] ], [ [ [ 108.045513, 21.238681 ], [ 108.043499, 21.238055 ], [ 108.042157, 21.23524 ], [ 108.042828, 21.233363 ], [ 108.044506, 21.233363 ], [ 108.047527, 21.236178 ], [ 108.045513, 21.238681 ] ] ], [ [ [ 107.99819, 21.263705 ], [ 107.991142, 21.262453 ], [ 107.988457, 21.258075 ], [ 107.991142, 21.25307 ], [ 108.001547, 21.254321 ], [ 108.001882, 21.260264 ], [ 107.99819, 21.263705 ] ] ], [ [ [ 107.868305, 21.403252 ], [ 107.885086, 21.401299 ], [ 107.894526, 21.402763 ], [ 107.920746, 21.401787 ], [ 107.924417, 21.407157 ], [ 107.921271, 21.415945 ], [ 107.911831, 21.420827 ], [ 107.898197, 21.422292 ], [ 107.88194, 21.41741 ], [ 107.871976, 21.410575 ], [ 107.868305, 21.403252 ] ] ] ] } },
{ "type": "Feature", "properties": { "code": "24", "iso": null, "name_vi": "Bắc Ninh", "name_en": "Bac Ninh", "type": "province" }, "geometry": { "type": "Polygon", "coordinates": [ [ [ 106.386436, 21.165711 ], [ 106.386442, 21.165757 ], [ 106.405443, 21.176135 ], [ 106.411993, 21.183464 ], [ 106.419198, 21.198731 ], [ 106.421163, 21.212165 ], [ 106.430988, 21.226209 ], [ 106.440812, 21.229261 ], [ 106.461772, 21.232314 ], [ 106.483386, 21.249408 ], [ 106.497141, 21.262837 ], [ 106.507621, 21.268331 ], [ 106.512206, 21.272603 ], [ 106.53644, 21.276876 ], [ 106.57608, 21.26921 ], [ 106.584883, 21.26374 ], [ 106.611399, 21.26184 ], [ 106.61213, 21.261787 ], [ 106.617999, 21.260615 ], [ 106.629736, 21.254755 ], [ 106.641054, 21.242644 ], [ 106.650695, 21.236392 ], [ 106.738725, 21.223498 ], [ 106.765553, 21.223107 ], [ 106.790705, 21.210993 ], [ 106.854422, 21.209039 ], [ 106.872866, 21.200832 ], [ 106.889214, 21.196533 ], [ 106.904305, 21.197315 ], [ 106.915623, 21.20474 ], [ 106.913947, 21.213338 ], [ 106.910174, 21.221153 ], [ 106.910593, 21.231313 ], [ 106.921911, 21.234439 ], [ 106.950416, 21.228187 ], [ 106.962153, 21.227015 ], [ 106.994431, 21.228968 ], [ 107.007426, 21.228578 ], [ 107.017906, 21.225842 ], [ 107.032577, 21.239127 ], [ 107.035512, 21.246941 ], [ 107.052279, 21.262959 ], [ 107.060663, 21.274288 ], [ 107.06234, 21.284834 ], [ 107.058148, 21.296552 ], [ 107.045153, 21.308659 ], [ 107.04138, 21.316079 ], [ 107.042219, 21.32467 ], [ 107.046411, 21.334822 ], [ 107.055633, 21.336774 ], [ 107.090845, 21.339507 ], [ 107.096713, 21.344974 ], [ 107.099648, 21.352782 ], [ 107.102163, 21.363323 ], [ 107.101814, 21.372515 ], [ 107.090393, 21.373887 ], [ 107.080077, 21.380406 ], [ 107.061655, 21.39996 ], [ 107.056497, 21.408192 ], [ 107.050971, 21.426371 ], [ 107.050971, 21.432201 ], [ 107.055392, 21.441803 ], [ 107.055392, 21.44969 ], [ 107.052445, 21.459292 ], [ 107.047655, 21.46272 ], [ 107.038444, 21.463749 ], [ 106.990549, 21.459977 ], [ 106.96918, 21.466835 ], [ 106.95039, 21.49529 ], [ 106.947442, 21.503517 ], [ 106.938969, 21.514486 ], [ 106.919073, 21.528196 ], [ 106.910968, 21.535736 ], [ 106.911336, 21.541904 ], [ 106.914284, 21.549443 ], [ 106.914284, 21.56452 ], [ 106.910968, 21.56966 ], [ 106.871915, 21.585762 ], [ 106.838019, 21.591929 ], [ 106.826598, 21.591929 ], [ 106.821071, 21.589188 ], [ 106.815913, 21.56966 ], [ 106.803755, 21.566919 ], [ 106.783123, 21.575142 ], [ 106.759912, 21.578225 ], [ 106.751807, 21.58679 ], [ 106.749965, 21.604946 ], [ 106.745544, 21.613167 ], [ 106.740754, 21.617962 ], [ 106.663752, 21.620702 ], [ 106.637962, 21.619332 ], [ 106.627646, 21.615907 ], [ 106.619541, 21.608029 ], [ 106.609962, 21.602206 ], [ 106.599277, 21.591929 ], [ 106.58454, 21.570002 ], [ 106.579014, 21.551842 ], [ 106.576066, 21.522369 ], [ 106.570172, 21.510716 ], [ 106.555803, 21.500775 ], [ 106.546961, 21.486034 ], [ 106.538118, 21.475749 ], [ 106.526329, 21.468206 ], [ 106.512328, 21.467178 ], [ 106.498328, 21.463749 ], [ 106.48617, 21.453805 ], [ 106.462222, 21.419511 ], [ 106.454485, 21.414709 ], [ 106.434958, 21.407506 ], [ 106.406589, 21.415395 ], [ 106.399221, 21.422941 ], [ 106.396273, 21.430486 ], [ 106.395905, 21.447976 ], [ 106.390378, 21.453805 ], [ 106.370852, 21.46032 ], [ 106.348746, 21.465121 ], [ 106.343957, 21.469235 ], [ 106.338799, 21.482606 ], [ 106.328851, 21.490491 ], [ 106.31964, 21.491862 ], [ 106.303798, 21.490834 ], [ 106.295324, 21.492205 ], [ 106.289061, 21.50009 ], [ 106.277639, 21.502832 ], [ 106.242639, 21.505574 ], [ 106.231954, 21.509687 ], [ 106.228638, 21.514486 ], [ 106.220901, 21.552527 ], [ 106.222375, 21.577883 ], [ 106.226428, 21.584049 ], [ 106.23527, 21.590216 ], [ 106.236375, 21.600835 ], [ 106.23306, 21.607686 ], [ 106.220533, 21.615907 ], [ 106.201375, 21.613167 ], [ 106.187006, 21.613167 ], [ 106.140952, 21.617277 ], [ 106.111478, 21.597067 ], [ 106.101531, 21.58542 ], [ 106.097846, 21.575827 ], [ 106.09932, 21.568632 ], [ 106.108162, 21.558353 ], [ 106.11111, 21.529909 ], [ 106.109636, 21.509345 ], [ 106.112215, 21.498033 ], [ 106.112215, 21.476435 ], [ 106.109268, 21.462378 ], [ 106.102636, 21.448662 ], [ 106.103004, 21.43563 ], [ 106.100794, 21.422598 ], [ 106.095267, 21.412994 ], [ 106.084214, 21.411965 ], [ 106.072425, 21.416081 ], [ 106.048108, 21.430143 ], [ 106.03595, 21.435287 ], [ 106.030424, 21.435973 ], [ 106.023792, 21.432201 ], [ 106.016792, 21.411622 ], [ 106.012002, 21.402018 ], [ 105.997634, 21.386581 ], [ 105.981423, 21.378347 ], [ 105.974423, 21.368741 ], [ 105.971475, 21.355703 ], [ 105.968919, 21.349581 ], [ 105.969159, 21.348933 ], [ 105.970769, 21.346145 ], [ 105.971608, 21.335212 ], [ 105.974542, 21.327012 ], [ 105.991729, 21.305534 ], [ 105.992803, 21.291523 ], [ 106.011028, 21.272043 ], [ 106.007675, 21.271803 ], [ 105.992919, 21.265803 ], [ 105.973603, 21.253052 ], [ 105.969579, 21.249801 ], [ 105.963677, 21.238299 ], [ 105.965823, 21.185527 ], [ 105.963677, 21.158758 ], [ 105.959435, 21.142745 ], [ 105.963643, 21.118346 ], [ 105.967416, 21.110917 ], [ 105.989633, 21.103877 ], [ 106.028618, 21.094491 ], [ 106.04287, 21.08002 ], [ 106.0479, 21.066721 ], [ 106.047481, 21.051073 ], [ 106.041613, 21.036206 ], [ 106.036163, 21.026816 ], [ 106.030311, 21.018125 ], [ 106.044966, 21.017425 ], [ 106.064249, 21.019381 ], [ 106.117905, 21.017425 ], [ 106.133415, 21.01899 ], [ 106.158147, 21.016642 ], [ 106.168627, 21.002946 ], [ 106.175753, 20.990814 ], [ 106.187071, 20.977507 ], [ 106.198809, 20.977507 ], [ 106.198969, 20.97762 ], [ 106.207612, 20.983769 ], [ 106.215157, 21.000598 ], [ 106.221026, 21.005685 ], [ 106.232344, 21.005685 ], [ 106.28097, 21.011946 ], [ 106.297738, 21.018207 ], [ 106.349298, 21.026033 ], [ 106.366904, 21.050291 ], [ 106.371515, 21.06985 ], [ 106.389959, 21.108179 ], [ 106.390798, 21.11952 ], [ 106.387025, 21.13125 ], [ 106.385767, 21.15549 ], [ 106.386606, 21.163309 ], [ 106.38641, 21.165215 ], [ 106.386426, 21.165624 ], [ 106.386436, 21.165711 ] ] ] } },
{ "type": "Feature", "properties": { "code": "25", "iso": null, "name_vi": "Phú Thọ", "name_en": "Phu Tho", "type": "province" }, "geometry": { "type": "Polygon", "coordinates": [ [ [ 105.416651, 21.009567 ], [ 105.39962, 21.003312 ], [ 105.394516, 21.011139 ], [ 105.389727, 21.01733 ], [ 105.381621, 21.020769 ], [ 105.376095, 21.01561 ], [ 105.369831, 21.016986 ], [ 105.363568, 21.021113 ], [ 105.360252, 21.02524 ], [ 105.359515, 21.040027 ], [ 105.373516, 21.063408 ], [ 105.381253, 21.078535 ], [ 105.383832, 21.087129 ], [ 105.378305, 21.104316 ], [ 105.363937, 21.123563 ], [ 105.359515, 21.142463 ], [ 105.358779, 21.166172 ], [ 105.362094, 21.185067 ], [ 105.368726, 21.188846 ], [ 105.382358, 21.190907 ], [ 105.392306, 21.195716 ], [ 105.400779, 21.20396 ], [ 105.410727, 21.221477 ], [ 105.409253, 21.236931 ], [ 105.405937, 21.248263 ], [ 105.398937, 21.258221 ], [ 105.399674, 21.270238 ], [ 105.423254, 21.285 ], [ 105.433201, 21.295642 ], [ 105.444622, 21.297359 ], [ 105.460096, 21.295986 ], [ 105.475939, 21.288433 ], [ 105.491044, 21.284657 ], [ 105.499887, 21.280194 ], [ 105.500255, 21.275484 ], [ 105.510394, 21.257466 ], [ 105.516098, 21.20396 ], [ 105.519782, 21.195373 ], [ 105.526414, 21.185067 ], [ 105.536361, 21.17854 ], [ 105.548519, 21.174074 ], [ 105.566572, 21.162393 ], [ 105.583888, 21.156552 ], [ 105.628468, 21.162049 ], [ 105.647995, 21.172013 ], [ 105.656837, 21.181288 ], [ 105.667522, 21.187128 ], [ 105.682627, 21.187128 ], [ 105.691101, 21.183693 ], [ 105.704733, 21.175105 ], [ 105.757787, 21.16411 ], [ 105.793893, 21.144869 ], [ 105.800893, 21.142807 ], [ 105.835157, 21.140058 ], [ 105.843262, 21.145212 ], [ 105.852104, 21.163767 ], [ 105.856894, 21.191594 ], [ 105.86242, 21.206365 ], [ 105.859105, 21.211173 ], [ 105.82963, 21.23075 ], [ 105.820051, 21.241739 ], [ 105.804577, 21.251697 ], [ 105.796472, 21.260624 ], [ 105.787629, 21.274015 ], [ 105.792419, 21.289463 ], [ 105.817104, 21.317267 ], [ 105.82963, 21.323445 ], [ 105.84142, 21.337515 ], [ 105.846578, 21.349869 ], [ 105.852841, 21.358791 ], [ 105.856526, 21.373887 ], [ 105.853578, 21.388639 ], [ 105.85321, 21.398931 ], [ 105.840683, 21.398588 ], [ 105.82263, 21.407849 ], [ 105.816367, 21.427057 ], [ 105.807525, 21.433916 ], [ 105.788735, 21.438374 ], [ 105.767734, 21.450719 ], [ 105.754102, 21.46272 ], [ 105.740471, 21.472321 ], [ 105.729786, 21.475406 ], [ 105.708786, 21.487406 ], [ 105.68668, 21.504889 ], [ 105.677838, 21.514143 ], [ 105.66649, 21.532336 ], [ 105.659888, 21.54725 ], [ 105.649277, 21.555365 ], [ 105.629706, 21.561286 ], [ 105.623811, 21.564794 ], [ 105.609428, 21.581679 ], [ 105.604712, 21.58431 ], [ 105.593394, 21.586502 ], [ 105.582046, 21.585077 ], [ 105.57873, 21.576512 ], [ 105.561414, 21.559038 ], [ 105.556256, 21.557325 ], [ 105.541519, 21.555954 ], [ 105.523835, 21.538135 ], [ 105.512045, 21.538477 ], [ 105.500624, 21.536421 ], [ 105.490676, 21.531966 ], [ 105.483307, 21.525111 ], [ 105.455675, 21.522027 ], [ 105.436885, 21.533337 ], [ 105.405201, 21.537106 ], [ 105.389358, 21.532308 ], [ 105.376463, 21.52374 ], [ 105.367621, 21.520656 ], [ 105.366318, 21.521413 ], [ 105.361726, 21.524083 ], [ 105.349568, 21.534365 ], [ 105.324146, 21.549786 ], [ 105.297619, 21.575142 ], [ 105.293198, 21.586105 ], [ 105.283251, 21.62584 ], [ 105.270356, 21.652894 ], [ 105.26225, 21.659058 ], [ 105.236092, 21.671042 ], [ 105.220249, 21.68371 ], [ 105.214355, 21.696719 ], [ 105.204775, 21.702538 ], [ 105.190407, 21.704934 ], [ 105.162038, 21.705277 ], [ 105.143248, 21.703908 ], [ 105.136967, 21.708019 ], [ 105.138573, 21.704575 ], [ 105.117525, 21.68923 ], [ 105.105544, 21.687425 ], [ 105.067334, 21.687425 ], [ 105.056648, 21.68592 ], [ 105.048877, 21.682009 ], [ 105.041753, 21.675991 ], [ 105.031391, 21.660342 ], [ 105.022, 21.654323 ], [ 105.008724, 21.651313 ], [ 104.972457, 21.648003 ], [ 104.954647, 21.640177 ], [ 104.950437, 21.634759 ], [ 104.94558, 21.616397 ], [ 104.938456, 21.601645 ], [ 104.942342, 21.57304 ], [ 104.941371, 21.560392 ], [ 104.921294, 21.554971 ], [ 104.912551, 21.549249 ], [ 104.907694, 21.535695 ], [ 104.918056, 21.528466 ], [ 104.926151, 21.525153 ], [ 104.928418, 21.518224 ], [ 104.92518, 21.49352 ], [ 104.926799, 21.480865 ], [ 104.931009, 21.475743 ], [ 104.942018, 21.467606 ], [ 104.957237, 21.443496 ], [ 104.960799, 21.430536 ], [ 104.960152, 21.417574 ], [ 104.957237, 21.40642 ], [ 104.949142, 21.398883 ], [ 104.939104, 21.379284 ], [ 104.922869, 21.360273 ], [ 104.900055, 21.342855 ], [ 104.886394, 21.323088 ], [ 104.872681, 21.316213 ], [ 104.87683, 21.312348 ], [ 104.877842, 21.298206 ], [ 104.881384, 21.287364 ], [ 104.889479, 21.268505 ], [ 104.897069, 21.256245 ], [ 104.904152, 21.232195 ], [ 104.907694, 21.19682 ], [ 104.906176, 21.159076 ], [ 104.90314, 21.139729 ], [ 104.909718, 21.127459 ], [ 104.920343, 21.120852 ], [ 104.932486, 21.110468 ], [ 104.940075, 21.096307 ], [ 104.939025, 21.091165 ], [ 104.938051, 21.086394 ], [ 104.933498, 21.081201 ], [ 104.924391, 21.075064 ], [ 104.912248, 21.057594 ], [ 104.909212, 21.048151 ], [ 104.910224, 21.032095 ], [ 104.915789, 21.019816 ], [ 104.93704, 21.001868 ], [ 104.940581, 20.991948 ], [ 104.948677, 20.979193 ], [ 104.97701, 20.954153 ], [ 104.982576, 20.944703 ], [ 104.990671, 20.94045 ], [ 104.999273, 20.930526 ], [ 105.002308, 20.922965 ], [ 105.026594, 20.91493 ], [ 105.038231, 20.909259 ], [ 105.047339, 20.896497 ], [ 105.048857, 20.872861 ], [ 105.046833, 20.856786 ], [ 105.070613, 20.800512 ], [ 105.071119, 20.791998 ], [ 105.05088, 20.769765 ], [ 105.042785, 20.746109 ], [ 105.026088, 20.737119 ], [ 104.973975, 20.748475 ], [ 104.940075, 20.762669 ], [ 104.913259, 20.766453 ], [ 104.888973, 20.758884 ], [ 104.88442, 20.75226 ], [ 104.88189, 20.742324 ], [ 104.875818, 20.706359 ], [ 104.870253, 20.70068 ], [ 104.855074, 20.693107 ], [ 104.85052, 20.68222 ], [ 104.851532, 20.667072 ], [ 104.85558, 20.655237 ], [ 104.858486, 20.651704 ], [ 104.863465, 20.646723 ], [ 104.876171, 20.63869 ], [ 104.892654, 20.630495 ], [ 104.899866, 20.628566 ], [ 104.923732, 20.626959 ], [ 104.927509, 20.624067 ], [ 104.938498, 20.614264 ], [ 104.941417, 20.606389 ], [ 104.952792, 20.588227 ], [ 104.958158, 20.568134 ], [ 104.964328, 20.563864 ], [ 104.98284, 20.557836 ], [ 105.00457, 20.547285 ], [ 105.012082, 20.545778 ], [ 105.037301, 20.545275 ], [ 105.047227, 20.54829 ], [ 105.06091, 20.559594 ], [ 105.069226, 20.562608 ], [ 105.077811, 20.562608 ], [ 105.098469, 20.557082 ], [ 105.11081, 20.549797 ], [ 105.133346, 20.52794 ], [ 105.148638, 20.520654 ], [ 105.187002, 20.511357 ], [ 105.199611, 20.500049 ], [ 105.214367, 20.482961 ], [ 105.233146, 20.456067 ], [ 105.245219, 20.448023 ], [ 105.258901, 20.44199 ], [ 105.280632, 20.427409 ], [ 105.325435, 20.40654 ], [ 105.331069, 20.40126 ], [ 105.34958, 20.392459 ], [ 105.370238, 20.387178 ], [ 105.38714, 20.380891 ], [ 105.399749, 20.378628 ], [ 105.422285, 20.378376 ], [ 105.435162, 20.382148 ], [ 105.44482, 20.3824 ], [ 105.470575, 20.373346 ], [ 105.498208, 20.368065 ], [ 105.504379, 20.363537 ], [ 105.508403, 20.358004 ], [ 105.514305, 20.34593 ], [ 105.526915, 20.337126 ], [ 105.540186, 20.330655 ], [ 105.540329, 20.330585 ], [ 105.548645, 20.330082 ], [ 105.576278, 20.336875 ], [ 105.598009, 20.337126 ], [ 105.650592, 20.312471 ], [ 105.661324, 20.301401 ], [ 105.676122, 20.291386 ], [ 105.68196, 20.288326 ], [ 105.691403, 20.28736 ], [ 105.697241, 20.29042 ], [ 105.701362, 20.297184 ], [ 105.707715, 20.302659 ], [ 105.730894, 20.303947 ], [ 105.735702, 20.306524 ], [ 105.740338, 20.319566 ], [ 105.739651, 20.329549 ], [ 105.735101, 20.340899 ], [ 105.722223, 20.363286 ], [ 105.716053, 20.386172 ], [ 105.717931, 20.394219 ], [ 105.733223, 20.387932 ], [ 105.746637, 20.37561 ], [ 105.753344, 20.366556 ], [ 105.762734, 20.369322 ], [ 105.764344, 20.375107 ], [ 105.764075, 20.39271 ], [ 105.765953, 20.407546 ], [ 105.769441, 20.420621 ], [ 105.780977, 20.426906 ], [ 105.795196, 20.426152 ], [ 105.806464, 20.421878 ], [ 105.816659, 20.415341 ], [ 105.82417, 20.40654 ], [ 105.832755, 20.401009 ], [ 105.855559, 20.390699 ], [ 105.8679, 20.389944 ], [ 105.87729, 20.392459 ], [ 105.884265, 20.397488 ], [ 105.884375, 20.398088 ], [ 105.885875, 20.406289 ], [ 105.888, 20.416306 ], [ 105.885081, 20.436258 ], [ 105.872204, 20.468273 ], [ 105.854654, 20.490987 ], [ 105.848366, 20.502374 ], [ 105.832437, 20.515723 ], [ 105.819442, 20.53653 ], [ 105.81433, 20.546104 ], [ 105.811897, 20.550661 ], [ 105.791356, 20.585198 ], [ 105.78423, 20.594616 ], [ 105.774169, 20.599325 ], [ 105.750695, 20.605995 ], [ 105.737281, 20.61345 ], [ 105.713806, 20.621297 ], [ 105.711291, 20.633066 ], [ 105.71716, 20.645227 ], [ 105.718417, 20.709154 ], [ 105.71674, 20.724053 ], [ 105.701029, 20.746619 ], [ 105.698346, 20.773461 ], [ 105.695395, 20.784497 ], [ 105.693786, 20.799295 ], [ 105.690566, 20.812336 ], [ 105.685469, 20.823621 ], [ 105.681981, 20.82663 ], [ 105.668567, 20.829388 ], [ 105.657568, 20.827633 ], [ 105.647105, 20.820862 ], [ 105.63852, 20.802054 ], [ 105.62913, 20.798292 ], [ 105.620545, 20.804311 ], [ 105.621081, 20.815345 ], [ 105.635032, 20.829889 ], [ 105.635569, 20.835155 ], [ 105.624032, 20.860477 ], [ 105.62752, 20.880281 ], [ 105.627788, 20.894067 ], [ 105.633691, 20.90334 ], [ 105.640934, 20.908603 ], [ 105.642007, 20.919379 ], [ 105.638251, 20.920632 ], [ 105.622423, 20.91562 ], [ 105.605253, 20.917375 ], [ 105.595058, 20.920382 ], [ 105.590766, 20.926396 ], [ 105.588888, 20.956213 ], [ 105.584327, 20.969992 ], [ 105.565547, 20.987025 ], [ 105.555352, 20.9998 ], [ 105.540597, 21.010569 ], [ 105.524232, 21.014827 ], [ 105.5135, 21.023592 ], [ 105.502501, 21.026597 ], [ 105.479429, 21.027849 ], [ 105.45582, 21.024593 ], [ 105.443479, 21.01683 ], [ 105.416651, 21.009567 ] ] ] } },
{ "type": "Feature", "properties": { "code": "31", "iso": null, "name_vi": "Hải Phòng", "name_en": "Hai Phong", "type": "municipality" }, "geometry": { "type": "MultiPolygon", "coordinates": [ [ [ [ 107.863607, 20.121509 ], [ 107.860586, 20.118358 ], [ 107.858572, 20.112055 ], [ 107.862264, 20.110479 ], [ 107.87099, 20.110479 ], [ 107.875353, 20.113 ], [ 107.877703, 20.118988 ], [ 107.874682, 20.12403 ], [ 107.86797, 20.123715 ], [ 107.863607, 20.121509 ] ] ], [ [ [ 107.246884, 20.688698 ], [ 107.23692, 20.689188 ], [ 107.236396, 20.683301 ], [ 107.248457, 20.681829 ], [ 107.260518, 20.683792 ], [ 107.263665, 20.687226 ], [ 107.263665, 20.693603 ], [ 107.258421, 20.697037 ], [ 107.248981, 20.693603 ], [ 107.246884, 20.688698 ] ] ], [ [ [ 106.956426, 20.830823 ], [ 106.952734, 20.834274 ], [ 106.946021, 20.830823 ], [ 106.943336, 20.825177 ], [ 106.947028, 20.818589 ], [ 106.954412, 20.817962 ], [ 106.958104, 20.820471 ], [ 106.956426, 20.830823 ] ] ], [ [ [ 106.762087, 21.071389 ], [ 106.737057, 21.078225 ], [ 106.73281, 21.079064 ], [ 106.725358, 21.089494 ], [ 106.714925, 21.099923 ], [ 106.707472, 21.103399 ], [ 106.687351, 21.103399 ], [ 106.664994, 21.099228 ], [ 106.646364, 21.100618 ], [ 106.629969, 21.108961 ], [ 106.61879, 21.117999 ], [ 106.597179, 21.117999 ], [ 106.578548, 21.126341 ], [ 106.568115, 21.134682 ], [ 106.566625, 21.147888 ], [ 106.572586, 21.167348 ], [ 106.592707, 21.172908 ], [ 106.603141, 21.174298 ], [ 106.607939, 21.183856 ], [ 106.599087, 21.195809 ], [ 106.600308, 21.203778 ], [ 106.608854, 21.21573 ], [ 106.611296, 21.240199 ], [ 106.60916, 21.252433 ], [ 106.610991, 21.260967 ], [ 106.611399, 21.26184 ], [ 106.584883, 21.26374 ], [ 106.57608, 21.26921 ], [ 106.53644, 21.276876 ], [ 106.512206, 21.272603 ], [ 106.507621, 21.268331 ], [ 106.497141, 21.262837 ], [ 106.483386, 21.249408 ], [ 106.461772, 21.232314 ], [ 106.440812, 21.229261 ], [ 106.430988, 21.226209 ], [ 106.421163, 21.212165 ], [ 106.419198, 21.198731 ], [ 106.411993, 21.183464 ], [ 106.405443, 21.176135 ], [ 106.386442, 21.165757 ], [ 106.386436, 21.165711 ], [ 106.386426, 21.165624 ], [ 106.38641, 21.165215 ], [ 106.386606, 21.163309 ], [ 106.385767, 21.15549 ], [ 106.387025, 21.13125 ], [ 106.390798, 21.11952 ], [ 106.389959, 21.108179 ], [ 106.371515, 21.06985 ], [ 106.366904, 21.050291 ], [ 106.349298, 21.026033 ], [ 106.297738, 21.018207 ], [ 106.28097, 21.011946 ], [ 106.232344, 21.005685 ], [ 106.221026, 21.005685 ], [ 106.215157, 21.000598 ], [ 106.207612, 20.983769 ], [ 106.198969, 20.97762 ], [ 106.199228, 20.972747 ], [ 106.209423, 20.956463 ], [ 106.208886, 20.949448 ], [ 106.20513, 20.937922 ], [ 106.200033, 20.930656 ], [ 106.197887, 20.909856 ], [ 106.187155, 20.874766 ], [ 106.185277, 20.848444 ], [ 106.190106, 20.832898 ], [ 106.199647, 20.815769 ], [ 106.218091, 20.795 ], [ 106.239051, 20.778148 ], [ 106.254561, 20.769134 ], [ 106.265041, 20.756199 ], [ 106.279712, 20.723269 ], [ 106.294384, 20.709546 ], [ 106.298566, 20.692333 ], [ 106.30897, 20.694273 ], [ 106.333829, 20.709498 ], [ 106.371374, 20.712353 ], [ 106.383584, 20.716921 ], [ 106.393657, 20.723773 ], [ 106.408919, 20.728626 ], [ 106.418076, 20.726342 ], [ 106.422738, 20.722408 ], [ 106.430592, 20.715779 ], [ 106.439749, 20.7055 ], [ 106.449517, 20.697505 ], [ 106.461726, 20.690366 ], [ 106.477294, 20.654953 ], [ 106.494082, 20.638386 ], [ 106.506903, 20.631244 ], [ 106.520333, 20.633815 ], [ 106.529796, 20.640957 ], [ 106.544448, 20.64667 ], [ 106.558489, 20.649241 ], [ 106.594203, 20.651526 ], [ 106.617096, 20.643813 ], [ 106.632969, 20.634101 ], [ 106.635583, 20.630691 ], [ 106.638927, 20.639254 ], [ 106.643811, 20.645836 ], [ 106.657095, 20.656256 ], [ 106.674873, 20.658084 ], [ 106.683078, 20.65589 ], [ 106.691283, 20.650406 ], [ 106.707693, 20.643094 ], [ 106.720782, 20.640168 ], [ 106.729963, 20.641265 ], [ 106.756727, 20.649858 ], [ 106.765323, 20.654245 ], [ 106.77177, 20.662836 ], [ 106.777435, 20.676728 ], [ 106.796885, 20.69208 ], [ 106.797801, 20.700361 ], [ 106.788338, 20.720918 ], [ 106.792917, 20.729197 ], [ 106.81581, 20.73976 ], [ 106.831988, 20.750322 ], [ 106.840535, 20.760026 ], [ 106.848472, 20.760597 ], [ 106.866481, 20.753461 ], [ 106.881133, 20.753747 ], [ 106.891511, 20.766876 ], [ 106.888764, 20.789708 ], [ 106.868923, 20.821381 ], [ 106.868923, 20.833934 ], [ 106.877775, 20.844774 ], [ 106.894563, 20.858181 ], [ 106.91471, 20.878432 ], [ 106.881438, 20.926623 ], [ 106.885711, 20.940878 ], [ 106.897616, 20.959692 ], [ 106.904331, 20.968529 ], [ 106.912268, 20.974799 ], [ 106.912942, 20.986761 ], [ 106.913489, 20.996459 ], [ 106.904331, 21.028373 ], [ 106.894563, 21.038914 ], [ 106.876859, 21.051164 ], [ 106.852745, 21.06028 ], [ 106.825273, 21.06085 ], [ 106.810926, 21.063414 ], [ 106.801159, 21.067401 ], [ 106.787423, 21.070535 ], [ 106.762087, 21.071389 ] ] ], [ [ [ 107.071732, 20.883826 ], [ 107.076452, 20.866187 ], [ 107.084318, 20.854426 ], [ 107.094806, 20.843154 ], [ 107.128892, 20.792177 ], [ 107.145673, 20.786784 ], [ 107.169272, 20.801491 ], [ 107.182906, 20.822569 ], [ 107.200736, 20.889706 ], [ 107.193394, 20.907342 ], [ 107.158259, 20.9142 ], [ 107.1441, 20.91567 ], [ 107.107916, 20.926936 ], [ 107.08222, 20.925467 ], [ 107.070683, 20.909792 ], [ 107.071732, 20.883826 ] ] ], [ [ [ 107.012139, 20.900758 ], [ 106.984282, 20.884453 ], [ 106.970522, 20.86407 ], [ 106.972535, 20.857484 ], [ 106.983611, 20.851211 ], [ 107.00207, 20.847134 ], [ 107.015495, 20.851839 ], [ 107.037981, 20.86846 ], [ 107.052077, 20.890725 ], [ 107.053755, 20.897309 ], [ 107.05342, 20.903266 ], [ 107.050399, 20.907969 ], [ 107.041338, 20.913299 ], [ 107.029926, 20.915807 ], [ 107.020865, 20.912359 ], [ 107.012139, 20.900758 ] ] ] ] } },
{ "type": "Feature", "properties": { "code": "33", "iso": null, "name_vi": "Hưng Yên", "name_en": "Hung Yen", "type": "province" }, "geometry": { "type": "Polygon", "coordinates": [ [ [ 106.30897, 20.694273 ], [ 106.298566, 20.692333 ], [ 106.294384, 20.709546 ], [ 106.279712, 20.723269 ], [ 106.265041, 20.756199 ], [ 106.254561, 20.769134 ], [ 106.239051, 20.778148 ], [ 106.218091, 20.795 ], [ 106.199647, 20.815769 ], [ 106.190106, 20.832898 ], [ 106.185277, 20.848444 ], [ 106.187155, 20.874766 ], [ 106.197887, 20.909856 ], [ 106.200033, 20.930656 ], [ 106.20513, 20.937922 ], [ 106.208886, 20.949448 ], [ 106.209423, 20.956463 ], [ 106.199228, 20.972747 ], [ 106.198969, 20.97762 ], [ 106.198809, 20.977507 ], [ 106.187071, 20.977507 ], [ 106.175753, 20.990814 ], [ 106.168627, 21.002946 ], [ 106.158147, 21.016642 ], [ 106.133415, 21.01899 ], [ 106.117905, 21.017425 ], [ 106.064249, 21.019381 ], [ 106.044966, 21.017425 ], [ 106.030311, 21.018125 ], [ 106.026941, 21.01312 ], [ 106.009335, 20.996293 ], [ 105.999274, 20.992771 ], [ 105.98628, 20.991988 ], [ 105.973704, 20.980638 ], [ 105.966997, 20.965764 ], [ 105.96532, 20.936012 ], [ 105.962386, 20.925832 ], [ 105.958829, 20.923064 ], [ 105.960457, 20.920131 ], [ 105.968774, 20.901837 ], [ 105.98031, 20.892563 ], [ 105.994529, 20.88379 ], [ 105.998285, 20.877022 ], [ 105.999358, 20.871006 ], [ 105.999895, 20.860477 ], [ 105.993724, 20.852455 ], [ 105.983798, 20.845936 ], [ 105.977627, 20.838916 ], [ 105.975749, 20.822367 ], [ 105.978701, 20.811082 ], [ 105.986212, 20.806067 ], [ 105.992383, 20.795282 ], [ 105.99748, 20.791019 ], [ 106.008212, 20.784247 ], [ 106.017601, 20.782742 ], [ 106.022162, 20.778728 ], [ 106.029137, 20.736834 ], [ 106.034503, 20.720022 ], [ 106.044698, 20.713247 ], [ 106.066345, 20.70288 ], [ 106.070956, 20.698959 ], [ 106.073431, 20.697274 ], [ 106.080178, 20.692684 ], [ 106.093173, 20.671115 ], [ 106.096526, 20.658171 ], [ 106.099461, 20.63542 ], [ 106.109102, 20.618158 ], [ 106.118324, 20.608742 ], [ 106.130062, 20.60678 ], [ 106.148925, 20.615804 ], [ 106.162339, 20.616981 ], [ 106.167296, 20.618141 ], [ 106.169063, 20.615255 ], [ 106.171293, 20.61232 ], [ 106.174496, 20.608742 ], [ 106.183299, 20.595008 ], [ 106.186652, 20.581666 ], [ 106.190425, 20.573817 ], [ 106.216415, 20.557333 ], [ 106.224379, 20.54124 ], [ 106.22899, 20.505122 ], [ 106.23444, 20.490987 ], [ 106.231938, 20.478095 ], [ 106.235125, 20.478472 ], [ 106.249191, 20.480303 ], [ 106.256028, 20.479021 ], [ 106.266773, 20.473165 ], [ 106.271852, 20.465295 ], [ 106.268922, 20.44809 ], [ 106.25974, 20.430882 ], [ 106.261107, 20.426489 ], [ 106.265991, 20.420447 ], [ 106.293927, 20.418616 ], [ 106.314244, 20.414405 ], [ 106.324403, 20.408363 ], [ 106.327919, 20.395546 ], [ 106.32577, 20.38346 ], [ 106.317175, 20.369176 ], [ 106.297834, 20.351044 ], [ 106.297248, 20.339871 ], [ 106.304281, 20.336024 ], [ 106.320496, 20.336207 ], [ 106.330654, 20.34097 ], [ 106.360739, 20.361301 ], [ 106.369335, 20.369909 ], [ 106.378321, 20.374121 ], [ 106.393169, 20.372106 ], [ 106.422081, 20.353425 ], [ 106.429505, 20.351594 ], [ 106.441422, 20.345549 ], [ 106.449903, 20.331482 ], [ 106.464156, 20.314579 ], [ 106.477989, 20.31104 ], [ 106.536257, 20.315365 ], [ 106.552605, 20.327551 ], [ 106.566857, 20.32873 ], [ 106.598716, 20.302785 ], [ 106.603121, 20.293769 ], [ 106.613128, 20.308384 ], [ 106.621369, 20.340443 ], [ 106.621675, 20.353608 ], [ 106.612823, 20.397389 ], [ 106.612823, 20.41341 ], [ 106.627169, 20.444017 ], [ 106.626864, 20.47233 ], [ 106.62198, 20.49349 ], [ 106.598781, 20.532657 ], [ 106.593287, 20.555238 ], [ 106.605497, 20.575529 ], [ 106.614959, 20.582959 ], [ 106.630832, 20.606104 ], [ 106.636833, 20.623085 ], [ 106.635583, 20.630691 ], [ 106.632969, 20.634101 ], [ 106.617096, 20.643813 ], [ 106.594203, 20.651526 ], [ 106.558489, 20.649241 ], [ 106.544448, 20.64667 ], [ 106.529796, 20.640957 ], [ 106.520333, 20.633815 ], [ 106.506903, 20.631244 ], [ 106.494082, 20.638386 ], [ 106.477294, 20.654953 ], [ 106.461726, 20.690366 ], [ 106.449517, 20.697505 ], [ 106.439749, 20.7055 ], [ 106.430592, 20.715779 ], [ 106.422738, 20.722408 ], [ 106.418076, 20.726342 ], [ 106.408919, 20.728626 ], [ 106.393657, 20.723773 ], [ 106.383584, 20.716921 ], [ 106.371374, 20.712353 ], [ 106.333829, 20.709498 ], [ 106.30897, 20.694273 ] ] ] } },
{ "type": "Feature", "properties": { "code": "37", "iso": null, "name_vi": "Ninh Bình", "name_en": "Ninh Binh", "type": "province" }, "geometry": { "type": "Polygon", "coordinates": [ [ [ 106.099461, 19.954461 ], [ 106.100718, 19.98007 ], [ 106.100356, 19.965426 ], [ 106.110779, 19.958401 ], [ 106.154375, 19.958007 ], [ 106.1724, 19.959189 ], [ 106.180784, 19.966675 ], [ 106.184975, 19.977313 ], [ 106.191263, 19.987162 ], [ 106.200905, 19.996616 ], [ 106.228571, 20.01828 ], [ 106.251207, 20.044667 ], [ 106.276778, 20.05963 ], [ 106.322889, 20.100182 ], [ 106.348879, 20.126949 ], [ 106.380737, 20.164335 ], [ 106.401697, 20.180074 ], [ 106.411338, 20.194238 ], [ 106.429363, 20.204073 ], [ 106.49702, 20.216966 ], [ 106.517968, 20.218577 ], [ 106.52827, 20.215354 ], [ 106.531532, 20.20617 ], [ 106.535653, 20.200691 ], [ 106.541834, 20.196985 ], [ 106.544753, 20.196824 ], [ 106.556772, 20.19763 ], [ 106.565529, 20.200047 ], [ 106.587678, 20.211165 ], [ 106.598839, 20.227277 ], [ 106.606222, 20.240971 ], [ 106.6101, 20.25782 ], [ 106.605842, 20.266611 ], [ 106.602908, 20.282733 ], [ 106.603327, 20.293349 ], [ 106.598716, 20.302785 ], [ 106.566857, 20.32873 ], [ 106.552605, 20.327551 ], [ 106.536257, 20.315365 ], [ 106.477989, 20.31104 ], [ 106.464156, 20.314579 ], [ 106.449903, 20.331482 ], [ 106.441422, 20.345549 ], [ 106.429505, 20.351594 ], [ 106.422081, 20.353425 ], [ 106.393169, 20.372106 ], [ 106.378321, 20.374121 ], [ 106.369335, 20.369909 ], [ 106.360739, 20.361301 ], [ 106.330654, 20.34097 ], [ 106.320496, 20.336207 ], [ 106.304281, 20.336024 ], [ 106.297248, 20.339871 ], [ 106.297834, 20.351044 ], [ 106.317175, 20.369176 ], [ 106.32577, 20.38346 ], [ 106.327919, 20.395546 ], [ 106.324403, 20.408363 ], [ 106.314244, 20.414405 ], [ 106.293927, 20.418616 ], [ 106.265991, 20.420447 ], [ 106.261107, 20.426489 ], [ 106.25974, 20.430882 ], [ 106.268922, 20.44809 ], [ 106.271852, 20.465295 ], [ 106.266773, 20.473165 ], [ 106.256028, 20.479021 ], [ 106.249191, 20.480303 ], [ 106.235125, 20.478472 ], [ 106.231938, 20.478095 ], [ 106.23444, 20.490987 ], [ 106.22899, 20.505122 ], [ 106.224379, 20.54124 ], [ 106.216415, 20.557333 ], [ 106.190425, 20.573817 ], [ 106.186652, 20.581666 ], [ 106.183299, 20.595008 ], [ 106.174496, 20.608742 ], [ 106.171293, 20.61232 ], [ 106.169063, 20.615255 ], [ 106.167296, 20.618141 ], [ 106.162339, 20.616981 ], [ 106.148925, 20.615804 ], [ 106.130062, 20.60678 ], [ 106.118324, 20.608742 ], [ 106.109102, 20.618158 ], [ 106.099461, 20.63542 ], [ 106.096526, 20.658171 ], [ 106.093173, 20.671115 ], [ 106.080178, 20.692684 ], [ 106.073431, 20.697274 ], [ 106.072213, 20.695037 ], [ 106.063541, 20.676311 ], [ 106.058957, 20.667732 ], [ 106.050442, 20.659152 ], [ 106.038652, 20.654862 ], [ 106.028172, 20.658539 ], [ 106.022932, 20.667732 ], [ 106.009833, 20.679375 ], [ 105.991493, 20.67815 ], [ 105.967914, 20.654862 ], [ 105.952849, 20.64812 ], [ 105.91617, 20.649346 ], [ 105.90045, 20.648733 ], [ 105.891281, 20.646894 ], [ 105.876871, 20.636474 ], [ 105.871631, 20.630958 ], [ 105.867046, 20.616858 ], [ 105.867701, 20.601532 ], [ 105.865081, 20.590496 ], [ 105.857876, 20.572713 ], [ 105.853947, 20.566581 ], [ 105.842157, 20.557382 ], [ 105.836262, 20.556156 ], [ 105.81433, 20.546104 ], [ 105.819442, 20.53653 ], [ 105.832437, 20.515723 ], [ 105.848366, 20.502374 ], [ 105.854654, 20.490987 ], [ 105.872204, 20.468273 ], [ 105.885081, 20.436258 ], [ 105.888, 20.416306 ], [ 105.885875, 20.406289 ], [ 105.884375, 20.398088 ], [ 105.884265, 20.397488 ], [ 105.87729, 20.392459 ], [ 105.8679, 20.389944 ], [ 105.855559, 20.390699 ], [ 105.832755, 20.401009 ], [ 105.82417, 20.40654 ], [ 105.816659, 20.415341 ], [ 105.806464, 20.421878 ], [ 105.795196, 20.426152 ], [ 105.780977, 20.426906 ], [ 105.769441, 20.420621 ], [ 105.765953, 20.407546 ], [ 105.764075, 20.39271 ], [ 105.764344, 20.375107 ], [ 105.762734, 20.369322 ], [ 105.753344, 20.366556 ], [ 105.746637, 20.37561 ], [ 105.733223, 20.387932 ], [ 105.717931, 20.394219 ], [ 105.716053, 20.386172 ], [ 105.722223, 20.363286 ], [ 105.735101, 20.340899 ], [ 105.739651, 20.329549 ], [ 105.740338, 20.319566 ], [ 105.735702, 20.306524 ], [ 105.730894, 20.303947 ], [ 105.707715, 20.302659 ], [ 105.701362, 20.297184 ], [ 105.697241, 20.29042 ], [ 105.691403, 20.28736 ], [ 105.68196, 20.288326 ], [ 105.676122, 20.291386 ], [ 105.661324, 20.301401 ], [ 105.650592, 20.312471 ], [ 105.598009, 20.337126 ], [ 105.576278, 20.336875 ], [ 105.548645, 20.330082 ], [ 105.540329, 20.330585 ], [ 105.540186, 20.330655 ], [ 105.540003, 20.324515 ], [ 105.545256, 20.304433 ], [ 105.56164, 20.28981 ], [ 105.585534, 20.281946 ], [ 105.635837, 20.248128 ], [ 105.662246, 20.227675 ], [ 105.678594, 20.207221 ], [ 105.704165, 20.184402 ], [ 105.738538, 20.158039 ], [ 105.749437, 20.151349 ], [ 105.834952, 20.114747 ], [ 105.881901, 20.096246 ], [ 105.90328, 20.082073 ], [ 105.930527, 20.071836 ], [ 105.955259, 20.055692 ], [ 105.969512, 20.05333 ], [ 106.027779, 20.056874 ], [ 106.055027, 20.065143 ], [ 106.074309, 20.06593 ], [ 106.075567, 20.054117 ], [ 106.070537, 20.046242 ], [ 106.061734, 20.019068 ], [ 106.052511, 20.002525 ], [ 106.03784, 20.000555 ], [ 106.036082, 19.998834 ], [ 106.033648, 19.989919 ], [ 106.035744, 19.977707 ], [ 106.043289, 19.967069 ], [ 106.046224, 19.960371 ], [ 106.047481, 19.951703 ], [ 106.056703, 19.93003 ], [ 106.066345, 19.926089 ], [ 106.081436, 19.93003 ], [ 106.092754, 19.936729 ], [ 106.099461, 19.954461 ] ] ] } },
{ "type": "Feature", "properties": { "code": "38", "iso": null, "name_vi": "Thanh Hóa", "name_en": "Thanh Hoa", "type": "province" }, "geometry": { "type": "MultiPolygon", "coordinates": [ [ [ [ 105.915118, 19.361838 ], [ 105.921288, 19.362091 ], [ 105.929068, 19.365128 ], [ 105.931483, 19.376264 ], [ 105.931483, 19.380061 ], [ 105.927727, 19.384616 ], [ 105.923166, 19.3874 ], [ 105.914313, 19.385375 ], [ 105.90385, 19.378795 ], [ 105.90385, 19.371709 ], [ 105.906801, 19.365381 ], [ 105.915118, 19.361838 ] ] ], [ [ [ 104.858486, 20.651704 ], [ 104.85558, 20.655237 ], [ 104.847991, 20.644821 ], [ 104.837871, 20.640086 ], [ 104.83433, 20.632037 ], [ 104.819657, 20.62446 ], [ 104.817633, 20.61641 ], [ 104.812068, 20.608359 ], [ 104.802454, 20.598887 ], [ 104.795877, 20.588467 ], [ 104.775132, 20.570942 ], [ 104.752364, 20.564783 ], [ 104.734656, 20.565257 ], [ 104.725042, 20.571889 ], [ 104.714923, 20.584205 ], [ 104.697721, 20.593677 ], [ 104.647125, 20.611674 ], [ 104.634982, 20.612148 ], [ 104.625589, 20.595793 ], [ 104.611756, 20.592654 ], [ 104.596246, 20.594223 ], [ 104.581155, 20.589515 ], [ 104.543847, 20.565575 ], [ 104.533368, 20.553016 ], [ 104.516181, 20.543203 ], [ 104.501509, 20.537707 ], [ 104.481807, 20.52279 ], [ 104.453302, 20.508656 ], [ 104.435696, 20.505122 ], [ 104.416414, 20.490202 ], [ 104.390843, 20.480777 ], [ 104.384555, 20.473709 ], [ 104.378687, 20.46232 ], [ 104.381621, 20.45093 ], [ 104.391262, 20.442289 ], [ 104.404676, 20.42579 ], [ 104.406772, 20.411255 ], [ 104.411383, 20.403397 ], [ 104.421863, 20.397897 ], [ 104.439469, 20.384537 ], [ 104.455398, 20.379429 ], [ 104.489353, 20.375893 ], [ 104.514923, 20.382966 ], [ 104.523307, 20.390431 ], [ 104.530014, 20.40379 ], [ 104.543847, 20.416362 ], [ 104.56816, 20.417541 ], [ 104.596665, 20.421862 ], [ 104.610079, 20.427755 ], [ 104.618044, 20.437575 ], [ 104.619301, 20.454072 ], [ 104.627266, 20.464283 ], [ 104.637746, 20.471745 ], [ 104.65619, 20.472923 ], [ 104.663316, 20.469781 ], [ 104.665412, 20.456036 ], [ 104.670023, 20.449751 ], [ 104.69266, 20.433647 ], [ 104.710266, 20.413219 ], [ 104.711104, 20.401433 ], [ 104.701463, 20.400254 ], [ 104.689306, 20.401826 ], [ 104.663736, 20.393575 ], [ 104.657448, 20.385716 ], [ 104.639423, 20.377857 ], [ 104.621733, 20.366556 ], [ 104.616904, 20.349703 ], [ 104.615831, 20.340145 ], [ 104.618245, 20.309955 ], [ 104.615562, 20.298885 ], [ 104.615294, 20.288568 ], [ 104.615831, 20.284038 ], [ 104.621464, 20.271204 ], [ 104.629245, 20.26013 ], [ 104.677267, 20.242008 ], [ 104.689876, 20.238232 ], [ 104.700608, 20.238232 ], [ 104.711071, 20.236218 ], [ 104.737362, 20.225394 ], [ 104.756142, 20.221114 ], [ 104.776263, 20.220359 ], [ 104.788067, 20.217338 ], [ 104.802823, 20.210037 ], [ 104.829919, 20.193168 ], [ 104.859967, 20.180326 ], [ 104.877405, 20.175038 ], [ 104.888136, 20.174031 ], [ 104.897644, 20.175353 ], [ 104.906866, 20.174172 ], [ 104.923633, 20.176927 ], [ 104.929921, 20.172205 ], [ 104.929921, 20.163155 ], [ 104.932017, 20.155678 ], [ 104.970583, 20.122619 ], [ 104.981901, 20.108449 ], [ 104.981062, 20.095458 ], [ 104.974355, 20.08601 ], [ 104.94585, 20.055299 ], [ 104.943335, 20.048211 ], [ 104.93579, 20.043091 ], [ 104.933275, 20.03679 ], [ 104.940401, 20.032065 ], [ 104.957588, 20.030095 ], [ 104.968906, 20.014341 ], [ 104.979805, 20.002525 ], [ 104.984835, 19.992283 ], [ 104.995734, 19.979283 ], [ 105.014178, 19.970615 ], [ 105.062385, 19.966675 ], [ 105.076638, 19.962735 ], [ 105.105981, 19.963917 ], [ 105.148319, 19.956825 ], [ 105.16844, 19.949339 ], [ 105.184369, 19.93397 ], [ 105.189819, 19.922542 ], [ 105.195687, 19.901259 ], [ 105.188561, 19.892587 ], [ 105.168859, 19.88155 ], [ 105.154607, 19.869329 ], [ 105.142031, 19.868541 ], [ 105.129875, 19.854347 ], [ 105.126521, 19.846462 ], [ 105.124844, 19.810971 ], [ 105.13239, 19.769162 ], [ 105.154188, 19.744702 ], [ 105.159637, 19.730892 ], [ 105.166344, 19.719054 ], [ 105.172632, 19.712346 ], [ 105.214132, 19.688272 ], [ 105.224612, 19.676431 ], [ 105.240122, 19.672879 ], [ 105.262339, 19.675247 ], [ 105.268207, 19.665773 ], [ 105.272399, 19.645246 ], [ 105.272818, 19.62511 ], [ 105.274998, 19.619045 ], [ 105.277949, 19.597564 ], [ 105.277413, 19.577343 ], [ 105.268023, 19.556615 ], [ 105.269901, 19.546249 ], [ 105.273657, 19.538917 ], [ 105.279022, 19.517425 ], [ 105.282778, 19.511609 ], [ 105.29797, 19.507405 ], [ 105.306354, 19.510171 ], [ 105.315576, 19.519258 ], [ 105.331924, 19.543753 ], [ 105.341146, 19.546913 ], [ 105.350369, 19.542172 ], [ 105.357495, 19.532296 ], [ 105.360429, 19.509381 ], [ 105.369651, 19.489623 ], [ 105.380131, 19.477372 ], [ 105.428338, 19.459192 ], [ 105.464807, 19.452868 ], [ 105.481156, 19.453659 ], [ 105.512176, 19.463145 ], [ 105.523494, 19.462354 ], [ 105.531878, 19.457216 ], [ 105.537746, 19.445753 ], [ 105.539423, 19.434685 ], [ 105.544453, 19.422035 ], [ 105.552837, 19.415709 ], [ 105.56667, 19.412151 ], [ 105.5826, 19.403453 ], [ 105.593499, 19.393568 ], [ 105.616135, 19.380519 ], [ 105.625776, 19.377356 ], [ 105.642125, 19.366283 ], [ 105.650928, 19.352836 ], [ 105.662246, 19.344135 ], [ 105.666857, 19.331478 ], [ 105.67566, 19.321984 ], [ 105.686559, 19.318424 ], [ 105.710033, 19.316446 ], [ 105.726382, 19.316446 ], [ 105.754468, 19.320402 ], [ 105.782972, 19.315655 ], [ 105.804351, 19.306952 ], [ 105.808543, 19.290731 ], [ 105.821119, 19.303787 ], [ 105.822376, 19.310908 ], [ 105.819023, 19.320402 ], [ 105.811897, 19.3295 ], [ 105.798902, 19.360351 ], [ 105.776265, 19.379728 ], [ 105.771235, 19.393568 ], [ 105.773331, 19.408593 ], [ 105.790937, 19.42836 ], [ 105.796806, 19.439033 ], [ 105.800998, 19.454449 ], [ 105.803513, 19.528592 ], [ 105.812683, 19.541555 ], [ 105.823162, 19.576118 ], [ 105.834297, 19.632266 ], [ 105.836262, 19.650156 ], [ 105.842812, 19.67051 ], [ 105.863771, 19.710595 ], [ 105.872286, 19.721077 ], [ 105.886696, 19.730325 ], [ 105.898485, 19.723543 ], [ 105.91093, 19.722926 ], [ 105.920755, 19.730325 ], [ 105.927305, 19.751286 ], [ 105.943679, 19.845575 ], [ 105.960709, 19.880367 ], [ 105.962386, 19.894558 ], [ 105.961966, 19.908748 ], [ 105.967835, 19.924906 ], [ 105.981668, 19.935941 ], [ 105.992987, 19.94067 ], [ 106.020234, 19.944216 ], [ 106.025264, 19.965493 ], [ 106.027779, 19.990707 ], [ 106.036082, 19.998834 ], [ 106.03784, 20.000555 ], [ 106.052511, 20.002525 ], [ 106.061734, 20.019068 ], [ 106.070537, 20.046242 ], [ 106.075567, 20.054117 ], [ 106.074309, 20.06593 ], [ 106.055027, 20.065143 ], [ 106.027779, 20.056874 ], [ 105.969512, 20.05333 ], [ 105.955259, 20.055692 ], [ 105.930527, 20.071836 ], [ 105.90328, 20.082073 ], [ 105.881901, 20.096246 ], [ 105.834952, 20.114747 ], [ 105.749437, 20.151349 ], [ 105.738538, 20.158039 ], [ 105.704165, 20.184402 ], [ 105.678594, 20.207221 ], [ 105.662246, 20.227675 ], [ 105.635837, 20.248128 ], [ 105.585534, 20.281946 ], [ 105.56164, 20.28981 ], [ 105.545256, 20.304433 ], [ 105.540003, 20.324515 ], [ 105.540186, 20.330655 ], [ 105.526915, 20.337126 ], [ 105.514305, 20.34593 ], [ 105.508403, 20.358004 ], [ 105.504379, 20.363537 ], [ 105.498208, 20.368065 ], [ 105.470575, 20.373346 ], [ 105.44482, 20.3824 ], [ 105.435162, 20.382148 ], [ 105.422285, 20.378376 ], [ 105.399749, 20.378628 ], [ 105.38714, 20.380891 ], [ 105.370238, 20.387178 ], [ 105.34958, 20.392459 ], [ 105.331069, 20.40126 ], [ 105.325435, 20.40654 ], [ 105.280632, 20.427409 ], [ 105.258901, 20.44199 ], [ 105.245219, 20.448023 ], [ 105.233146, 20.456067 ], [ 105.214367, 20.482961 ], [ 105.199611, 20.500049 ], [ 105.187002, 20.511357 ], [ 105.148638, 20.520654 ], [ 105.133346, 20.52794 ], [ 105.11081, 20.549797 ], [ 105.098469, 20.557082 ], [ 105.077811, 20.562608 ], [ 105.069226, 20.562608 ], [ 105.06091, 20.559594 ], [ 105.047227, 20.54829 ], [ 105.037301, 20.545275 ], [ 105.012082, 20.545778 ], [ 105.00457, 20.547285 ], [ 104.98284, 20.557836 ], [ 104.964328, 20.563864 ], [ 104.958158, 20.568134 ], [ 104.952792, 20.588227 ], [ 104.941417, 20.606389 ], [ 104.938498, 20.614264 ], [ 104.927509, 20.624067 ], [ 104.923732, 20.626959 ], [ 104.899866, 20.628566 ], [ 104.892654, 20.630495 ], [ 104.876171, 20.63869 ], [ 104.863465, 20.646723 ], [ 104.858486, 20.651704 ] ] ] ] } },
{ "type": "Feature", "properties": { "code": "40", "iso": null, "name_vi": "Nghệ An", "name_en": "Nghe An", "type": "province" }, "geometry": { "type": "Polygon", "coordinates": [ [ [ 105.729242, 18.673101 ], [ 105.73505, 18.674752 ], [ 105.753952, 18.669868 ], [ 105.759322, 18.669665 ], [ 105.765766, 18.671496 ], [ 105.772425, 18.677397 ], [ 105.77264, 18.687164 ], [ 105.76727, 18.704866 ], [ 105.758463, 18.714835 ], [ 105.748153, 18.738839 ], [ 105.748368, 18.746161 ], [ 105.761041, 18.760399 ], [ 105.75696, 18.770364 ], [ 105.748368, 18.774839 ], [ 105.741494, 18.785007 ], [ 105.733976, 18.791311 ], [ 105.723451, 18.803308 ], [ 105.718323, 18.841047 ], [ 105.715638, 18.8474 ], [ 105.700871, 18.858834 ], [ 105.695501, 18.867727 ], [ 105.650192, 18.888368 ], [ 105.642808, 18.895037 ], [ 105.626699, 18.92012 ], [ 105.614616, 18.934406 ], [ 105.603205, 18.970593 ], [ 105.607589, 18.985946 ], [ 105.609163, 19.034535 ], [ 105.617553, 19.057337 ], [ 105.627517, 19.068737 ], [ 105.631188, 19.08311 ], [ 105.641151, 19.096986 ], [ 105.658981, 19.10541 ], [ 105.674713, 19.101445 ], [ 105.685726, 19.095499 ], [ 105.69936, 19.091535 ], [ 105.715617, 19.092526 ], [ 105.731349, 19.10095 ], [ 105.733971, 19.112842 ], [ 105.7303, 19.131175 ], [ 105.732398, 19.203494 ], [ 105.746033, 19.228253 ], [ 105.756521, 19.231224 ], [ 105.769631, 19.230729 ], [ 105.780643, 19.240136 ], [ 105.786412, 19.253504 ], [ 105.786936, 19.267861 ], [ 105.795327, 19.273306 ], [ 105.800571, 19.274296 ], [ 105.808456, 19.290321 ], [ 105.804351, 19.306952 ], [ 105.782972, 19.315655 ], [ 105.754468, 19.320402 ], [ 105.726382, 19.316446 ], [ 105.710033, 19.316446 ], [ 105.686559, 19.318424 ], [ 105.67566, 19.321984 ], [ 105.666857, 19.331478 ], [ 105.662246, 19.344135 ], [ 105.650928, 19.352836 ], [ 105.642125, 19.366283 ], [ 105.625776, 19.377356 ], [ 105.616135, 19.380519 ], [ 105.593499, 19.393568 ], [ 105.5826, 19.403453 ], [ 105.56667, 19.412151 ], [ 105.552837, 19.415709 ], [ 105.544453, 19.422035 ], [ 105.539423, 19.434685 ], [ 105.537746, 19.445753 ], [ 105.531878, 19.457216 ], [ 105.523494, 19.462354 ], [ 105.512176, 19.463145 ], [ 105.481156, 19.453659 ], [ 105.464807, 19.452868 ], [ 105.428338, 19.459192 ], [ 105.380131, 19.477372 ], [ 105.369651, 19.489623 ], [ 105.360429, 19.509381 ], [ 105.357495, 19.532296 ], [ 105.350369, 19.542172 ], [ 105.341146, 19.546913 ], [ 105.331924, 19.543753 ], [ 105.315576, 19.519258 ], [ 105.306354, 19.510171 ], [ 105.29797, 19.507405 ], [ 105.282778, 19.511609 ], [ 105.279022, 19.517425 ], [ 105.273657, 19.538917 ], [ 105.269901, 19.546249 ], [ 105.268023, 19.556615 ], [ 105.277413, 19.577343 ], [ 105.277949, 19.597564 ], [ 105.274998, 19.619045 ], [ 105.272818, 19.62511 ], [ 105.272399, 19.645246 ], [ 105.268207, 19.665773 ], [ 105.262339, 19.675247 ], [ 105.240122, 19.672879 ], [ 105.224612, 19.676431 ], [ 105.214132, 19.688272 ], [ 105.172632, 19.712346 ], [ 105.166344, 19.719054 ], [ 105.159637, 19.730892 ], [ 105.154188, 19.744702 ], [ 105.13239, 19.769162 ], [ 105.124844, 19.810971 ], [ 105.126521, 19.846462 ], [ 105.129875, 19.854347 ], [ 105.142031, 19.868541 ], [ 105.154607, 19.869329 ], [ 105.168859, 19.88155 ], [ 105.188561, 19.892587 ], [ 105.195687, 19.901259 ], [ 105.189819, 19.922542 ], [ 105.184369, 19.93397 ], [ 105.16844, 19.949339 ], [ 105.148319, 19.956825 ], [ 105.105981, 19.963917 ], [ 105.076638, 19.962735 ], [ 105.062385, 19.966675 ], [ 105.014178, 19.970615 ], [ 104.995734, 19.979283 ], [ 104.984835, 19.992283 ], [ 104.979805, 20.002525 ], [ 104.968906, 20.014341 ], [ 104.957588, 20.030095 ], [ 104.940401, 20.032065 ], [ 104.933275, 20.03679 ], [ 104.928944, 20.031985 ], [ 104.91015, 20.028832 ], [ 104.901088, 20.005812 ], [ 104.89404, 20.001081 ], [ 104.862827, 19.990042 ], [ 104.854772, 19.984681 ], [ 104.845375, 19.977111 ], [ 104.833293, 19.959761 ], [ 104.82893, 19.947458 ], [ 104.829937, 19.933576 ], [ 104.834971, 19.916537 ], [ 104.843361, 19.907386 ], [ 104.852423, 19.893816 ], [ 104.860142, 19.863517 ], [ 104.858464, 19.846786 ], [ 104.852087, 19.828475 ], [ 104.845039, 19.822161 ], [ 104.836313, 19.81774 ], [ 104.795368, 19.807636 ], [ 104.786977, 19.799426 ], [ 104.770867, 19.791847 ], [ 104.762141, 19.786479 ], [ 104.749723, 19.776057 ], [ 104.730257, 19.76595 ], [ 104.713476, 19.751105 ], [ 104.690319, 19.721725 ], [ 104.662462, 19.669272 ], [ 104.65575, 19.649676 ], [ 104.644674, 19.630078 ], [ 104.637626, 19.626917 ], [ 104.621181, 19.629762 ], [ 104.598694, 19.628498 ], [ 104.579564, 19.625021 ], [ 104.565804, 19.620911 ], [ 104.541639, 19.621227 ], [ 104.525865, 19.629762 ], [ 104.514789, 19.642406 ], [ 104.497673, 19.652521 ], [ 104.468809, 19.655998 ], [ 104.448672, 19.668956 ], [ 104.442631, 19.683809 ], [ 104.432227, 19.701504 ], [ 104.417124, 19.704664 ], [ 104.36376, 19.693605 ], [ 104.33926, 19.674328 ], [ 104.326171, 19.692973 ], [ 104.311068, 19.698345 ], [ 104.250992, 19.702452 ], [ 104.236225, 19.696765 ], [ 104.225149, 19.688549 ], [ 104.188567, 19.673064 ], [ 104.179706, 19.665631 ], [ 104.174121, 19.65491 ], [ 104.162093, 19.646414 ], [ 104.150923, 19.644189 ], [ 104.136747, 19.647628 ], [ 104.127511, 19.654506 ], [ 104.106031, 19.665429 ], [ 104.087129, 19.673115 ], [ 104.07553, 19.676149 ], [ 104.068871, 19.668867 ], [ 104.065649, 19.662192 ], [ 104.065434, 19.650865 ], [ 104.07016, 19.640548 ], [ 104.065864, 19.629623 ], [ 104.066508, 19.616675 ], [ 104.083907, 19.591584 ], [ 104.095291, 19.57843 ], [ 104.108643, 19.569104 ], [ 104.108505, 19.559778 ], [ 104.125964, 19.545787 ], [ 104.129126, 19.540605 ], [ 104.132021, 19.530459 ], [ 104.128799, 19.519325 ], [ 104.131377, 19.507987 ], [ 104.140828, 19.495028 ], [ 104.137176, 19.486726 ], [ 104.113549, 19.470931 ], [ 104.108179, 19.454932 ], [ 104.104742, 19.448856 ], [ 104.092284, 19.436298 ], [ 104.08541, 19.420498 ], [ 104.067367, 19.406519 ], [ 104.047176, 19.399631 ], [ 103.987669, 19.38416 ], [ 103.979421, 19.380269 ], [ 103.966361, 19.362372 ], [ 103.958251, 19.347068 ], [ 103.950965, 19.341231 ], [ 103.935568, 19.338377 ], [ 103.91078, 19.3283 ], [ 103.884575, 19.322016 ], [ 103.879205, 19.318165 ], [ 103.878346, 19.308637 ], [ 103.88436, 19.303569 ], [ 103.894671, 19.302556 ], [ 103.905196, 19.305597 ], [ 103.912069, 19.303164 ], [ 103.928823, 19.287554 ], [ 103.950733, 19.270725 ], [ 103.968011, 19.253782 ], [ 104.015387, 19.234769 ], [ 104.042236, 19.238889 ], [ 104.059688, 19.243642 ], [ 104.071099, 19.243642 ], [ 104.085531, 19.239206 ], [ 104.10097, 19.225579 ], [ 104.103319, 19.217974 ], [ 104.118758, 19.211952 ], [ 104.126141, 19.211318 ], [ 104.135203, 19.20593 ], [ 104.156347, 19.202761 ], [ 104.174806, 19.195154 ], [ 104.186553, 19.185962 ], [ 104.207361, 19.158065 ], [ 104.226827, 19.152993 ], [ 104.222129, 19.131749 ], [ 104.223135, 19.115895 ], [ 104.235218, 19.107649 ], [ 104.259047, 19.104795 ], [ 104.273478, 19.111772 ], [ 104.291266, 19.113992 ], [ 104.335233, 19.078788 ], [ 104.35302, 19.071176 ], [ 104.374836, 19.066418 ], [ 104.386582, 19.06039 ], [ 104.399336, 19.048336 ], [ 104.40731, 19.032549 ], [ 104.415553, 19.024185 ], [ 104.418345, 19.017281 ], [ 104.449491, 18.987223 ], [ 104.464097, 18.985599 ], [ 104.472474, 18.989458 ], [ 104.478274, 18.995348 ], [ 104.490517, 19.003268 ], [ 104.498465, 19.000628 ], [ 104.512212, 18.986411 ], [ 104.520804, 18.980521 ], [ 104.532832, 18.980724 ], [ 104.546579, 18.976052 ], [ 104.551734, 18.966099 ], [ 104.550875, 18.957567 ], [ 104.563119, 18.94294 ], [ 104.570636, 18.927092 ], [ 104.585672, 18.908805 ], [ 104.627987, 18.887263 ], [ 104.634002, 18.877101 ], [ 104.643238, 18.868565 ], [ 104.653763, 18.86511 ], [ 104.667725, 18.857995 ], [ 104.673309, 18.850474 ], [ 104.678464, 18.839091 ], [ 104.694145, 18.837261 ], [ 104.707892, 18.837871 ], [ 104.713476, 18.835025 ], [ 104.724216, 18.820184 ], [ 104.752999, 18.799444 ], [ 104.768679, 18.797411 ], [ 104.777701, 18.799648 ], [ 104.811639, 18.784803 ], [ 104.838703, 18.783583 ], [ 104.864264, 18.777076 ], [ 104.872856, 18.78216 ], [ 104.884884, 18.785007 ], [ 104.894335, 18.7846 ], [ 104.914097, 18.78887 ], [ 104.923977, 18.787854 ], [ 104.936436, 18.779923 ], [ 104.942235, 18.771178 ], [ 104.953404, 18.748399 ], [ 104.960922, 18.742703 ], [ 104.971662, 18.742703 ], [ 104.98455, 18.745348 ], [ 105.006245, 18.744331 ], [ 105.017414, 18.745958 ], [ 105.023858, 18.739856 ], [ 105.027939, 18.733347 ], [ 105.044264, 18.731109 ], [ 105.052426, 18.724803 ], [ 105.059944, 18.714021 ], [ 105.077342, 18.704866 ], [ 105.103131, 18.706633 ], [ 105.108837, 18.70854 ], [ 105.130652, 18.703136 ], [ 105.139043, 18.699321 ], [ 105.150789, 18.701547 ], [ 105.160858, 18.693599 ], [ 105.157166, 18.680564 ], [ 105.162872, 18.668164 ], [ 105.190393, 18.654809 ], [ 105.195762, 18.646859 ], [ 105.197105, 18.641771 ], [ 105.196769, 18.627142 ], [ 105.189386, 18.601379 ], [ 105.204153, 18.602333 ], [ 105.210865, 18.599152 ], [ 105.222276, 18.59788 ], [ 105.230331, 18.601379 ], [ 105.236373, 18.607104 ], [ 105.243756, 18.620145 ], [ 105.259195, 18.635411 ], [ 105.271613, 18.634775 ], [ 105.295442, 18.619191 ], [ 105.309538, 18.613466 ], [ 105.319271, 18.607104 ], [ 105.324305, 18.598834 ], [ 105.33236, 18.592472 ], [ 105.342093, 18.589609 ], [ 105.355853, 18.588019 ], [ 105.384717, 18.586746 ], [ 105.395792, 18.5912 ], [ 105.41895, 18.604242 ], [ 105.422306, 18.608695 ], [ 105.427676, 18.612193 ], [ 105.444457, 18.616964 ], [ 105.464259, 18.617282 ], [ 105.471978, 18.615692 ], [ 105.488088, 18.608695 ], [ 105.499499, 18.599788 ], [ 105.512588, 18.577839 ], [ 105.531718, 18.564477 ], [ 105.548164, 18.561931 ], [ 105.563938, 18.562886 ], [ 105.578034, 18.567976 ], [ 105.588102, 18.57593 ], [ 105.602534, 18.583883 ], [ 105.614616, 18.58611 ], [ 105.637439, 18.583565 ], [ 105.677042, 18.583247 ], [ 105.683419, 18.601379 ], [ 105.68174, 18.622689 ], [ 105.683083, 18.631276 ], [ 105.690802, 18.642089 ], [ 105.715074, 18.667019 ], [ 105.72431, 18.6717 ], [ 105.729242, 18.673101 ] ] ] } },
{ "type": "Feature", "properties": { "code": "42", "iso": null, "name_vi": "Hà Tĩnh", "name_en": "Ha Tinh", "type": "province" }, "geometry": { "type": "Polygon", "coordinates": [ [ [ 105.189386, 18.601379 ], [ 105.175478, 18.594739 ], [ 105.164466, 18.585295 ], [ 105.160795, 18.580324 ], [ 105.158173, 18.569388 ], [ 105.149258, 18.551989 ], [ 105.148734, 18.536079 ], [ 105.139294, 18.516687 ], [ 105.126709, 18.475409 ], [ 105.127233, 18.463472 ], [ 105.132477, 18.446062 ], [ 105.155027, 18.414718 ], [ 105.170234, 18.398298 ], [ 105.179674, 18.39382 ], [ 105.204321, 18.386853 ], [ 105.212711, 18.379389 ], [ 105.221626, 18.353508 ], [ 105.21848, 18.340567 ], [ 105.213236, 18.331607 ], [ 105.209565, 18.31717 ], [ 105.227395, 18.304724 ], [ 105.252042, 18.291281 ], [ 105.259908, 18.283314 ], [ 105.264103, 18.271861 ], [ 105.27092, 18.262898 ], [ 105.285079, 18.258914 ], [ 105.303958, 18.240487 ], [ 105.324934, 18.25991 ], [ 105.340666, 18.25244 ], [ 105.336996, 18.233514 ], [ 105.331227, 18.218073 ], [ 105.331752, 18.198147 ], [ 105.339618, 18.187187 ], [ 105.36007, 18.175229 ], [ 105.37318, 18.165762 ], [ 105.403071, 18.154302 ], [ 105.419852, 18.151312 ], [ 105.428767, 18.163271 ], [ 105.432438, 18.174233 ], [ 105.433486, 18.188183 ], [ 105.442926, 18.201136 ], [ 105.455511, 18.206616 ], [ 105.467048, 18.206616 ], [ 105.47911, 18.203128 ], [ 105.501135, 18.189179 ], [ 105.504806, 18.185194 ], [ 105.52316, 18.140847 ], [ 105.539941, 18.10895 ], [ 105.543087, 18.096988 ], [ 105.546758, 18.090507 ], [ 105.573503, 18.085024 ], [ 105.582942, 18.075054 ], [ 105.587137, 18.040153 ], [ 105.587137, 18.020207 ], [ 105.59815, 18.00774 ], [ 105.612833, 18.010732 ], [ 105.62437, 18.006244 ], [ 105.628041, 17.994773 ], [ 105.643773, 17.984797 ], [ 105.645168, 17.984669 ], [ 105.66003, 17.983301 ], [ 105.67314, 17.977315 ], [ 105.688348, 17.976318 ], [ 105.707227, 17.976318 ], [ 105.714568, 17.979809 ], [ 105.726105, 17.986792 ], [ 105.731874, 18.010732 ], [ 105.742886, 18.024695 ], [ 105.757045, 18.02669 ], [ 105.80162, 18.022701 ], [ 105.85878, 18.024695 ], [ 105.864024, 18.028186 ], [ 105.865597, 18.041649 ], [ 105.856682, 18.050624 ], [ 105.851963, 18.059599 ], [ 105.85878, 18.068573 ], [ 105.875561, 18.074555 ], [ 105.887098, 18.082532 ], [ 105.900733, 18.088015 ], [ 105.910172, 18.08951 ], [ 105.926743, 18.084984 ], [ 105.935134, 18.085622 ], [ 105.945538, 18.076051 ], [ 105.954264, 18.063607 ], [ 105.963661, 18.05914 ], [ 105.98212, 18.062012 ], [ 105.994203, 18.053396 ], [ 106.001251, 18.04127 ], [ 106.005278, 18.029782 ], [ 106.011655, 18.024675 ], [ 106.032799, 18.026271 ], [ 106.051594, 18.014143 ], [ 106.064347, 17.99595 ], [ 106.062334, 17.9835 ], [ 106.050251, 17.968496 ], [ 106.044881, 17.95828 ], [ 106.045888, 17.952852 ], [ 106.053272, 17.949979 ], [ 106.076765, 17.93561 ], [ 106.14993, 17.918367 ], [ 106.180136, 17.918367 ], [ 106.208664, 17.927627 ], [ 106.216719, 17.928585 ], [ 106.235514, 17.927947 ], [ 106.262028, 17.920283 ], [ 106.271089, 17.919005 ], [ 106.275452, 17.927308 ], [ 106.275788, 17.945828 ], [ 106.283172, 17.954449 ], [ 106.290891, 17.960515 ], [ 106.304651, 17.963388 ], [ 106.316062, 17.969773 ], [ 106.331837, 17.986373 ], [ 106.340563, 17.989565 ], [ 106.393926, 17.977435 ], [ 106.404666, 17.973923 ], [ 106.411043, 17.969773 ], [ 106.428495, 17.964984 ], [ 106.43655, 17.963707 ], [ 106.443665, 17.964537 ], [ 106.452687, 17.956977 ], [ 106.457627, 17.956569 ], [ 106.464501, 17.958408 ], [ 106.492854, 17.957182 ], [ 106.499727, 17.959634 ], [ 106.509393, 17.960655 ], [ 106.504453, 17.968624 ], [ 106.491995, 17.978227 ], [ 106.474381, 17.996614 ], [ 106.446458, 18.010913 ], [ 106.437866, 18.018267 ], [ 106.434429, 18.03236 ], [ 106.433355, 18.05258 ], [ 106.423689, 18.071571 ], [ 106.419608, 18.083619 ], [ 106.425407, 18.126697 ], [ 106.421112, 18.132004 ], [ 106.412949, 18.129963 ], [ 106.410372, 18.123022 ], [ 106.41209, 18.117306 ], [ 106.409727, 18.107303 ], [ 106.405431, 18.10179 ], [ 106.393188, 18.103015 ], [ 106.366983, 18.110161 ], [ 106.327675, 18.140373 ], [ 106.315861, 18.147722 ], [ 106.267398, 18.197569 ], [ 106.252295, 18.211278 ], [ 106.236185, 18.222755 ], [ 106.20128, 18.243475 ], [ 106.184835, 18.25495 ], [ 106.144896, 18.277259 ], [ 106.112005, 18.279809 ], [ 106.094835, 18.283607 ], [ 106.064764, 18.304409 ], [ 106.058534, 18.314605 ], [ 106.025241, 18.34621 ], [ 105.970709, 18.413922 ], [ 105.960305, 18.422838 ], [ 105.944531, 18.451175 ], [ 105.939832, 18.483009 ], [ 105.934462, 18.479826 ], [ 105.933791, 18.468685 ], [ 105.931777, 18.467093 ], [ 105.919024, 18.473778 ], [ 105.88177, 18.505608 ], [ 105.865996, 18.528521 ], [ 105.854585, 18.550477 ], [ 105.843509, 18.564477 ], [ 105.825386, 18.593426 ], [ 105.810619, 18.62587 ], [ 105.797865, 18.649721 ], [ 105.790817, 18.684061 ], [ 105.789139, 18.714898 ], [ 105.786454, 18.731109 ], [ 105.778735, 18.75431 ], [ 105.7737, 18.760984 ], [ 105.767324, 18.759077 ], [ 105.760947, 18.754946 ], [ 105.753899, 18.747954 ], [ 105.751885, 18.74128 ], [ 105.757862, 18.722975 ], [ 105.774016, 18.697529 ], [ 105.775237, 18.677507 ], [ 105.769673, 18.671344 ], [ 105.761311, 18.668325 ], [ 105.753059, 18.667695 ], [ 105.734225, 18.671602 ], [ 105.729242, 18.673101 ], [ 105.72431, 18.6717 ], [ 105.715074, 18.667019 ], [ 105.690802, 18.642089 ], [ 105.683083, 18.631276 ], [ 105.68174, 18.622689 ], [ 105.683419, 18.601379 ], [ 105.677042, 18.583247 ], [ 105.637439, 18.583565 ], [ 105.614616, 18.58611 ], [ 105.602534, 18.583883 ], [ 105.588102, 18.57593 ], [ 105.578034, 18.567976 ], [ 105.563938, 18.562886 ], [ 105.548164, 18.561931 ], [ 105.531718, 18.564477 ], [ 105.512588, 18.577839 ], [ 105.499499, 18.599788 ], [ 105.488088, 18.608695 ], [ 105.471978, 18.615692 ], [ 105.464259, 18.617282 ], [ 105.444457, 18.616964 ], [ 105.427676, 18.612193 ], [ 105.422306, 18.608695 ], [ 105.41895, 18.604242 ], [ 105.395792, 18.5912 ], [ 105.384717, 18.586746 ], [ 105.355853, 18.588019 ], [ 105.342093, 18.589609 ], [ 105.33236, 18.592472 ], [ 105.324305, 18.598834 ], [ 105.319271, 18.607104 ], [ 105.309538, 18.613466 ], [ 105.295442, 18.619191 ], [ 105.271613, 18.634775 ], [ 105.259195, 18.635411 ], [ 105.243756, 18.620145 ], [ 105.236373, 18.607104 ], [ 105.230331, 18.601379 ], [ 105.222276, 18.59788 ], [ 105.210865, 18.599152 ], [ 105.204153, 18.602333 ], [ 105.189386, 18.601379 ] ] ] } },
{ "type": "Feature", "properties": { "code": "44", "iso": null, "name_vi": "Quảng Trị", "name_en": "Quang Tri", "type": "province" }, "geometry": { "type": "Polygon", "coordinates": [ [ [ 107.003077, 17.160894 ], [ 107.001441, 17.164416 ], [ 107.001462, 17.164421 ], [ 106.9894, 17.182959 ], [ 106.940106, 17.214019 ], [ 106.921752, 17.228044 ], [ 106.913886, 17.236058 ], [ 106.890812, 17.253086 ], [ 106.882946, 17.261599 ], [ 106.863543, 17.274619 ], [ 106.845713, 17.291644 ], [ 106.838959, 17.302579 ], [ 106.803718, 17.325969 ], [ 106.780561, 17.345833 ], [ 106.756732, 17.363451 ], [ 106.737937, 17.387474 ], [ 106.696991, 17.425904 ], [ 106.636915, 17.499219 ], [ 106.626175, 17.516183 ], [ 106.613086, 17.542106 ], [ 106.586908, 17.568345 ], [ 106.543277, 17.639044 ], [ 106.518441, 17.668467 ], [ 106.485551, 17.729856 ], [ 106.467763, 17.776523 ], [ 106.453761, 17.804274 ], [ 106.446458, 17.844558 ], [ 106.446458, 17.855394 ], [ 106.452687, 17.878087 ], [ 106.472577, 17.908821 ], [ 106.48165, 17.914708 ], [ 106.488798, 17.923995 ], [ 106.494984, 17.925695 ], [ 106.503645, 17.930796 ], [ 106.507219, 17.935897 ], [ 106.508044, 17.945313 ], [ 106.505295, 17.952114 ], [ 106.50557, 17.955776 ], [ 106.509393, 17.960655 ], [ 106.499727, 17.959634 ], [ 106.492854, 17.957182 ], [ 106.464501, 17.958408 ], [ 106.457627, 17.956569 ], [ 106.452687, 17.956977 ], [ 106.443665, 17.964537 ], [ 106.43655, 17.963707 ], [ 106.428495, 17.964984 ], [ 106.411043, 17.969773 ], [ 106.404666, 17.973923 ], [ 106.393926, 17.977435 ], [ 106.340563, 17.989565 ], [ 106.331837, 17.986373 ], [ 106.316062, 17.969773 ], [ 106.304651, 17.963388 ], [ 106.290891, 17.960515 ], [ 106.283172, 17.954449 ], [ 106.275788, 17.945828 ], [ 106.275452, 17.927308 ], [ 106.271089, 17.919005 ], [ 106.262028, 17.920283 ], [ 106.235514, 17.927947 ], [ 106.216719, 17.928585 ], [ 106.208664, 17.927627 ], [ 106.180136, 17.918367 ], [ 106.14993, 17.918367 ], [ 106.076765, 17.93561 ], [ 106.053272, 17.949979 ], [ 106.045888, 17.952852 ], [ 106.044881, 17.95828 ], [ 106.050251, 17.968496 ], [ 106.062334, 17.9835 ], [ 106.064347, 17.99595 ], [ 106.051594, 18.014143 ], [ 106.032799, 18.026271 ], [ 106.011655, 18.024675 ], [ 106.005278, 18.029782 ], [ 106.001251, 18.04127 ], [ 105.994203, 18.053396 ], [ 105.98212, 18.062012 ], [ 105.963661, 18.05914 ], [ 105.954264, 18.063607 ], [ 105.945538, 18.076051 ], [ 105.935134, 18.085622 ], [ 105.926743, 18.084984 ], [ 105.910172, 18.08951 ], [ 105.900733, 18.088015 ], [ 105.887098, 18.082532 ], [ 105.875561, 18.074555 ], [ 105.85878, 18.068573 ], [ 105.851963, 18.059599 ], [ 105.856682, 18.050624 ], [ 105.865597, 18.041649 ], [ 105.864024, 18.028186 ], [ 105.85878, 18.024695 ], [ 105.80162, 18.022701 ], [ 105.757045, 18.02669 ], [ 105.742886, 18.024695 ], [ 105.731874, 18.010732 ], [ 105.726105, 17.986792 ], [ 105.714568, 17.979809 ], [ 105.707227, 17.976318 ], [ 105.688348, 17.976318 ], [ 105.67314, 17.977315 ], [ 105.66003, 17.983301 ], [ 105.645168, 17.984669 ], [ 105.643117, 17.98313 ], [ 105.644621, 17.959634 ], [ 105.640325, 17.952686 ], [ 105.630229, 17.944104 ], [ 105.626793, 17.906704 ], [ 105.619275, 17.88749 ], [ 105.621638, 17.88238 ], [ 105.628041, 17.876528 ], [ 105.670518, 17.845083 ], [ 105.678909, 17.835598 ], [ 105.685201, 17.821121 ], [ 105.685201, 17.810137 ], [ 105.687824, 17.792162 ], [ 105.692543, 17.780677 ], [ 105.698836, 17.773686 ], [ 105.716141, 17.759204 ], [ 105.747606, 17.716748 ], [ 105.754948, 17.673783 ], [ 105.787985, 17.674782 ], [ 105.807913, 17.669286 ], [ 105.819974, 17.658793 ], [ 105.856682, 17.639304 ], [ 105.876085, 17.623311 ], [ 105.890244, 17.604318 ], [ 105.899684, 17.586822 ], [ 105.909123, 17.573324 ], [ 105.95632, 17.519136 ], [ 105.974346, 17.502726 ], [ 106.027606, 17.4402 ], [ 106.036619, 17.432382 ], [ 106.053007, 17.412056 ], [ 106.058743, 17.40111 ], [ 106.106267, 17.357319 ], [ 106.12839, 17.329162 ], [ 106.164443, 17.304912 ], [ 106.203774, 17.275965 ], [ 106.252937, 17.250144 ], [ 106.263589, 17.250144 ], [ 106.274241, 17.263446 ], [ 106.27588, 17.289266 ], [ 106.286532, 17.295525 ], [ 106.298823, 17.293178 ], [ 106.309475, 17.286919 ], [ 106.311113, 17.276748 ], [ 106.317668, 17.259534 ], [ 106.332417, 17.248579 ], [ 106.340611, 17.239188 ], [ 106.34225, 17.231362 ], [ 106.339792, 17.225101 ], [ 106.331598, 17.223536 ], [ 106.318488, 17.217274 ], [ 106.316849, 17.212578 ], [ 106.323404, 17.197707 ], [ 106.344905, 17.179452 ], [ 106.352771, 17.164922 ], [ 106.37532, 17.135358 ], [ 106.387382, 17.115312 ], [ 106.408882, 17.098772 ], [ 106.434054, 17.082732 ], [ 106.433529, 17.0702 ], [ 106.429334, 17.059672 ], [ 106.420419, 17.050147 ], [ 106.418322, 17.035607 ], [ 106.420419, 17.030593 ], [ 106.430907, 17.017054 ], [ 106.464994, 16.992482 ], [ 106.501178, 16.977436 ], [ 106.517099, 16.975449 ], [ 106.524818, 16.977054 ], [ 106.537236, 16.983795 ], [ 106.537907, 16.986684 ], [ 106.549405, 16.992182 ], [ 106.549412, 16.980557 ], [ 106.548268, 16.926192 ], [ 106.527866, 16.924186 ], [ 106.519918, 16.915144 ], [ 106.520992, 16.90569 ], [ 106.526362, 16.893153 ], [ 106.534954, 16.884727 ], [ 106.543546, 16.878971 ], [ 106.549345, 16.871366 ], [ 106.553856, 16.862116 ], [ 106.551668, 16.825484 ], [ 106.554017, 16.785323 ], [ 106.552675, 16.748046 ], [ 106.554017, 16.706905 ], [ 106.5906, 16.659967 ], [ 106.591942, 16.65225 ], [ 106.588922, 16.647105 ], [ 106.58825, 16.620736 ], [ 106.597983, 16.610766 ], [ 106.617114, 16.602726 ], [ 106.624833, 16.596936 ], [ 106.640943, 16.588895 ], [ 106.665107, 16.582784 ], [ 106.670813, 16.578602 ], [ 106.670142, 16.567987 ], [ 106.662758, 16.555441 ], [ 106.651347, 16.54032 ], [ 106.648998, 16.529059 ], [ 106.653025, 16.518119 ], [ 106.661751, 16.504604 ], [ 106.6641, 16.49141 ], [ 106.67484, 16.462445 ], [ 106.681217, 16.450536 ], [ 106.694306, 16.444098 ], [ 106.703032, 16.43766 ], [ 106.723841, 16.431544 ], [ 106.742636, 16.420277 ], [ 106.746663, 16.419955 ], [ 106.754382, 16.422208 ], [ 106.762773, 16.426393 ], [ 106.777204, 16.44281 ], [ 106.785931, 16.450214 ], [ 106.805397, 16.45987 ], [ 106.81278, 16.467595 ], [ 106.832877, 16.500807 ], [ 106.836958, 16.520783 ], [ 106.836314, 16.531697 ], [ 106.838677, 16.542611 ], [ 106.84598, 16.548788 ], [ 106.857364, 16.545905 ], [ 106.867245, 16.538698 ], [ 106.897101, 16.527991 ], [ 106.902257, 16.523872 ], [ 106.904405, 16.51234 ], [ 106.902042, 16.489274 ], [ 106.904834, 16.470736 ], [ 106.902583, 16.458022 ], [ 106.902446, 16.440355 ], [ 106.89882, 16.409137 ], [ 106.900109, 16.405429 ], [ 106.917078, 16.393477 ], [ 106.928032, 16.379876 ], [ 106.944142, 16.364832 ], [ 106.960252, 16.358649 ], [ 106.96691, 16.353909 ], [ 106.97271, 16.346283 ], [ 106.970777, 16.316188 ], [ 106.97314, 16.310622 ], [ 106.981946, 16.307942 ], [ 106.995478, 16.312477 ], [ 107.00407, 16.313508 ], [ 107.016743, 16.311652 ], [ 107.018891, 16.309179 ], [ 107.028128, 16.306292 ], [ 107.039727, 16.307735 ], [ 107.045956, 16.304231 ], [ 107.051755, 16.3032 ], [ 107.063139, 16.305674 ], [ 107.083545, 16.304437 ], [ 107.09944, 16.306499 ], [ 107.106528, 16.310622 ], [ 107.110475, 16.328827 ], [ 107.110811, 16.350405 ], [ 107.115174, 16.374557 ], [ 107.121886, 16.384539 ], [ 107.130948, 16.387759 ], [ 107.157462, 16.389047 ], [ 107.163839, 16.39291 ], [ 107.161825, 16.404823 ], [ 107.148736, 16.434763 ], [ 107.141017, 16.467273 ], [ 107.129941, 16.490445 ], [ 107.120208, 16.499777 ], [ 107.111818, 16.503961 ], [ 107.087317, 16.508466 ], [ 107.075571, 16.513614 ], [ 107.07255, 16.524554 ], [ 107.074228, 16.536781 ], [ 107.081276, 16.544181 ], [ 107.120208, 16.555119 ], [ 107.144037, 16.56863 ], [ 107.167866, 16.577315 ], [ 107.212638, 16.584405 ], [ 107.232614, 16.583993 ], [ 107.246146, 16.58214 ], [ 107.256671, 16.574523 ], [ 107.269774, 16.5702 ], [ 107.275359, 16.571229 ], [ 107.301134, 16.585023 ], [ 107.321325, 16.604372 ], [ 107.324118, 16.611988 ], [ 107.315955, 16.627219 ], [ 107.312733, 16.636687 ], [ 107.314667, 16.646565 ], [ 107.323473, 16.65562 ], [ 107.330776, 16.672493 ], [ 107.335287, 16.679489 ], [ 107.347316, 16.695126 ], [ 107.350323, 16.70171 ], [ 107.357411, 16.708088 ], [ 107.367936, 16.72434 ], [ 107.388986, 16.74203 ], [ 107.384476, 16.750875 ], [ 107.376528, 16.760953 ], [ 107.361492, 16.774115 ], [ 107.341946, 16.786043 ], [ 107.316546, 16.808457 ], [ 107.306813, 16.819701 ], [ 107.283991, 16.838976 ], [ 107.271237, 16.847649 ], [ 107.250429, 16.867242 ], [ 107.192031, 16.911881 ], [ 107.16149, 16.95362 ], [ 107.139674, 16.977054 ], [ 107.130277, 16.995992 ], [ 107.114167, 17.014286 ], [ 107.108462, 17.024876 ], [ 107.117859, 17.064345 ], [ 107.115174, 17.081349 ], [ 107.112489, 17.086802 ], [ 107.087317, 17.108295 ], [ 107.050064, 17.126899 ], [ 107.026235, 17.141011 ], [ 107.003077, 17.160894 ] ] ] } },
{ "type": "Feature", "properties": { "code": "46", "iso": null, "name_vi": "Huế", "name_en": "Hue", "type": "municipality" }, "geometry": { "type": "Polygon", "coordinates": [ [ [ 108.157946, 16.201563 ], [ 108.181775, 16.206719 ], [ 108.195535, 16.208975 ], [ 108.189534, 16.2135 ], [ 108.156455, 16.212469 ], [ 108.14679, 16.214531 ], [ 108.126599, 16.215356 ], [ 108.116074, 16.217213 ], [ 108.085295, 16.238161 ], [ 108.060725, 16.272425 ], [ 108.03884, 16.307229 ], [ 108.038423, 16.323987 ], [ 108.031425, 16.336198 ], [ 108.02393, 16.342205 ], [ 108.019998, 16.341467 ], [ 108.018655, 16.337218 ], [ 108.023184, 16.322157 ], [ 108.021044, 16.319131 ], [ 108.011907, 16.313791 ], [ 108.001945, 16.312437 ], [ 107.982316, 16.316156 ], [ 107.963332, 16.330291 ], [ 107.953415, 16.340957 ], [ 107.945619, 16.344905 ], [ 107.941876, 16.34134 ], [ 107.934036, 16.343477 ], [ 107.901001, 16.369155 ], [ 107.877404, 16.385266 ], [ 107.784831, 16.466381 ], [ 107.742365, 16.500041 ], [ 107.681028, 16.54492 ], [ 107.633551, 16.569385 ], [ 107.62844, 16.568071 ], [ 107.629778, 16.565383 ], [ 107.639234, 16.559034 ], [ 107.663049, 16.546763 ], [ 107.684428, 16.532703 ], [ 107.71254, 16.509934 ], [ 107.74106, 16.479836 ], [ 107.740889, 16.475836 ], [ 107.73848, 16.472588 ], [ 107.732114, 16.472453 ], [ 107.724491, 16.475925 ], [ 107.712324, 16.488913 ], [ 107.699843, 16.495514 ], [ 107.687907, 16.508731 ], [ 107.683844, 16.517873 ], [ 107.677976, 16.518575 ], [ 107.657168, 16.496052 ], [ 107.650678, 16.494003 ], [ 107.647345, 16.495624 ], [ 107.645925, 16.503429 ], [ 107.650552, 16.509455 ], [ 107.652707, 16.517054 ], [ 107.649481, 16.527343 ], [ 107.636862, 16.545493 ], [ 107.613161, 16.560263 ], [ 107.600867, 16.565452 ], [ 107.584017, 16.578412 ], [ 107.536497, 16.59289 ], [ 107.523603, 16.604951 ], [ 107.495735, 16.61175 ], [ 107.464457, 16.625371 ], [ 107.436076, 16.640002 ], [ 107.434621, 16.65014 ], [ 107.440914, 16.655164 ], [ 107.445634, 16.656169 ], [ 107.459268, 16.653154 ], [ 107.491257, 16.639086 ], [ 107.519051, 16.617982 ], [ 107.54632, 16.60743 ], [ 107.565723, 16.595368 ], [ 107.57726, 16.590845 ], [ 107.580745, 16.587744 ], [ 107.619339, 16.571217 ], [ 107.621834, 16.573757 ], [ 107.58565, 16.599389 ], [ 107.544222, 16.624012 ], [ 107.526917, 16.638584 ], [ 107.503843, 16.654159 ], [ 107.476049, 16.670236 ], [ 107.428853, 16.708412 ], [ 107.412596, 16.725488 ], [ 107.397913, 16.738043 ], [ 107.388986, 16.74203 ], [ 107.367936, 16.72434 ], [ 107.357411, 16.708088 ], [ 107.350323, 16.70171 ], [ 107.347316, 16.695126 ], [ 107.335287, 16.679489 ], [ 107.330776, 16.672493 ], [ 107.323473, 16.65562 ], [ 107.314667, 16.646565 ], [ 107.312733, 16.636687 ], [ 107.315955, 16.627219 ], [ 107.324118, 16.611988 ], [ 107.321325, 16.604372 ], [ 107.301134, 16.585023 ], [ 107.275359, 16.571229 ], [ 107.269774, 16.5702 ], [ 107.256671, 16.574523 ], [ 107.246146, 16.58214 ], [ 107.232614, 16.583993 ], [ 107.212638, 16.584405 ], [ 107.167866, 16.577315 ], [ 107.144037, 16.56863 ], [ 107.120208, 16.555119 ], [ 107.081276, 16.544181 ], [ 107.074228, 16.536781 ], [ 107.07255, 16.524554 ], [ 107.075571, 16.513614 ], [ 107.087317, 16.508466 ], [ 107.111818, 16.503961 ], [ 107.120208, 16.499777 ], [ 107.129941, 16.490445 ], [ 107.141017, 16.467273 ], [ 107.148736, 16.434763 ], [ 107.161825, 16.404823 ], [ 107.163839, 16.39291 ], [ 107.157462, 16.389047 ], [ 107.130948, 16.387759 ], [ 107.121886, 16.384539 ], [ 107.115174, 16.374557 ], [ 107.110811, 16.350405 ], [ 107.110475, 16.328827 ], [ 107.106528, 16.310622 ], [ 107.09944, 16.306499 ], [ 107.127621, 16.28603 ], [ 107.145192, 16.275985 ], [ 107.161302, 16.273923 ], [ 107.164094, 16.271655 ], [ 107.168175, 16.256809 ], [ 107.165149, 16.244387 ], [ 107.152491, 16.211533 ], [ 107.16193, 16.187865 ], [ 107.177138, 16.169734 ], [ 107.208078, 16.148579 ], [ 107.256848, 16.141023 ], [ 107.284117, 16.127926 ], [ 107.304044, 16.107774 ], [ 107.313483, 16.095178 ], [ 107.325545, 16.085101 ], [ 107.339179, 16.062425 ], [ 107.353338, 16.057385 ], [ 107.3869, 16.063433 ], [ 107.41417, 16.073007 ], [ 107.431475, 16.082581 ], [ 107.445634, 16.086108 ], [ 107.47133, 16.079054 ], [ 107.473427, 16.063937 ], [ 107.462415, 16.039243 ], [ 107.470281, 16.024626 ], [ 107.480245, 16.037731 ], [ 107.491257, 16.035715 ], [ 107.499648, 16.026138 ], [ 107.529015, 16.013033 ], [ 107.557332, 16.007489 ], [ 107.569394, 16.02009 ], [ 107.572016, 16.045794 ], [ 107.596139, 16.056378 ], [ 107.617639, 16.058393 ], [ 107.628127, 16.051842 ], [ 107.635993, 16.033195 ], [ 107.663787, 16.019082 ], [ 107.70102, 15.996903 ], [ 107.717801, 15.993878 ], [ 107.73196, 15.996399 ], [ 107.759229, 16.016058 ], [ 107.780205, 16.041763 ], [ 107.799084, 16.052346 ], [ 107.809572, 16.055874 ], [ 107.819396, 16.058122 ], [ 107.820584, 16.058393 ], [ 107.835268, 16.076535 ], [ 107.83789, 16.083589 ], [ 107.844707, 16.092155 ], [ 107.861488, 16.100216 ], [ 107.86411, 16.10727 ], [ 107.865683, 16.123392 ], [ 107.877745, 16.157646 ], [ 107.880891, 16.172756 ], [ 107.878794, 16.182829 ], [ 107.887184, 16.192397 ], [ 107.901867, 16.196426 ], [ 107.913929, 16.19693 ], [ 107.928612, 16.192901 ], [ 107.942771, 16.190886 ], [ 107.971614, 16.193405 ], [ 107.981053, 16.200455 ], [ 107.989968, 16.205994 ], [ 107.996785, 16.206498 ], [ 108.007273, 16.199448 ], [ 108.014615, 16.194412 ], [ 108.043457, 16.180814 ], [ 108.051554, 16.179001 ], [ 108.065986, 16.179001 ], [ 108.076054, 16.182869 ], [ 108.096527, 16.183514 ], [ 108.119014, 16.185447 ], [ 108.135123, 16.189315 ], [ 108.148548, 16.199951 ], [ 108.157946, 16.201563 ] ] ] } },
{ "type": "Feature", "properties": { "code": "48", "iso": null, "name_vi": "Đà Nẵng", "name_en": "Da Nang", "type": "municipality" }, "geometry": { "type": "MultiPolygon", "coordinates": [ [ [ [ 108.343544, 15.922262 ], [ 108.320274, 15.937753 ], [ 108.305357, 15.949801 ], [ 108.292269, 15.971455 ], [ 108.292269, 15.971455 ], [ 108.292258, 15.971473 ], [ 108.281981, 15.986982 ], [ 108.26955, 16.006559 ], [ 108.260416, 16.031436 ], [ 108.254579, 16.043153 ], [ 108.250646, 16.058941 ], [ 108.252679, 16.077595 ], [ 108.259639, 16.093243 ], [ 108.271385, 16.102272 ], [ 108.283468, 16.104529 ], [ 108.306961, 16.105174 ], [ 108.322735, 16.110978 ], [ 108.334482, 16.12452 ], [ 108.334146, 16.130968 ], [ 108.324212, 16.138616 ], [ 108.319272, 16.140473 ], [ 108.307458, 16.135108 ], [ 108.293925, 16.134489 ], [ 108.284689, 16.136552 ], [ 108.272661, 16.142742 ], [ 108.269868, 16.147075 ], [ 108.255692, 16.150789 ], [ 108.245167, 16.148313 ], [ 108.229916, 16.13614 ], [ 108.222613, 16.126029 ], [ 108.225835, 16.117981 ], [ 108.235716, 16.110759 ], [ 108.239152, 16.104774 ], [ 108.238508, 16.097345 ], [ 108.226479, 16.089915 ], [ 108.215525, 16.087026 ], [ 108.205214, 16.078564 ], [ 108.189749, 16.077119 ], [ 108.178794, 16.079596 ], [ 108.167625, 16.085375 ], [ 108.146145, 16.104568 ], [ 108.131539, 16.127061 ], [ 108.132828, 16.142536 ], [ 108.139487, 16.15801 ], [ 108.150226, 16.172245 ], [ 108.186003, 16.198789 ], [ 108.192739, 16.204334 ], [ 108.195164, 16.208914 ], [ 108.157946, 16.201563 ], [ 108.148548, 16.199951 ], [ 108.135123, 16.189315 ], [ 108.119014, 16.185447 ], [ 108.096527, 16.183514 ], [ 108.076054, 16.182869 ], [ 108.065986, 16.179001 ], [ 108.051554, 16.179001 ], [ 108.043457, 16.180814 ], [ 108.014615, 16.194412 ], [ 108.007273, 16.199448 ], [ 107.996785, 16.206498 ], [ 107.989968, 16.205994 ], [ 107.981053, 16.200455 ], [ 107.971614, 16.193405 ], [ 107.942771, 16.190886 ], [ 107.928612, 16.192901 ], [ 107.913929, 16.19693 ], [ 107.901867, 16.196426 ], [ 107.887184, 16.192397 ], [ 107.878794, 16.182829 ], [ 107.880891, 16.172756 ], [ 107.877745, 16.157646 ], [ 107.865683, 16.123392 ], [ 107.86411, 16.10727 ], [ 107.861488, 16.100216 ], [ 107.844707, 16.092155 ], [ 107.83789, 16.083589 ], [ 107.835268, 16.076535 ], [ 107.820584, 16.058393 ], [ 107.819396, 16.058122 ], [ 107.809572, 16.055874 ], [ 107.799084, 16.052346 ], [ 107.780205, 16.041763 ], [ 107.759229, 16.016058 ], [ 107.73196, 15.996399 ], [ 107.717801, 15.993878 ], [ 107.70102, 15.996903 ], [ 107.663787, 16.019082 ], [ 107.635993, 16.033195 ], [ 107.628127, 16.051842 ], [ 107.617639, 16.058393 ], [ 107.596139, 16.056378 ], [ 107.572016, 16.045794 ], [ 107.569394, 16.02009 ], [ 107.557332, 16.007489 ], [ 107.529015, 16.013033 ], [ 107.499648, 16.026138 ], [ 107.491257, 16.035715 ], [ 107.480245, 16.037731 ], [ 107.470281, 16.024626 ], [ 107.474476, 16.021098 ], [ 107.478147, 15.998919 ], [ 107.475001, 15.989341 ], [ 107.468708, 15.979763 ], [ 107.457695, 15.969175 ], [ 107.451402, 15.958587 ], [ 107.445634, 15.943965 ], [ 107.437243, 15.907153 ], [ 107.42256, 15.898075 ], [ 107.363302, 15.890509 ], [ 107.338131, 15.883953 ], [ 107.328691, 15.876891 ], [ 107.315057, 15.870334 ], [ 107.304044, 15.86882 ], [ 107.291983, 15.864281 ], [ 107.268385, 15.849147 ], [ 107.248457, 15.839057 ], [ 107.223286, 15.829976 ], [ 107.217517, 15.81484 ], [ 107.223286, 15.801721 ], [ 107.233249, 15.794657 ], [ 107.231152, 15.776995 ], [ 107.224334, 15.765388 ], [ 107.219615, 15.75277 ], [ 107.2322, 15.730562 ], [ 107.258945, 15.72299 ], [ 107.276251, 15.71037 ], [ 107.282019, 15.701283 ], [ 107.283592, 15.675535 ], [ 107.279397, 15.658367 ], [ 107.28097, 15.645743 ], [ 107.29408, 15.635644 ], [ 107.319252, 15.626553 ], [ 107.337606, 15.615443 ], [ 107.350192, 15.605846 ], [ 107.359926, 15.588673 ], [ 107.359926, 15.566573 ], [ 107.385327, 15.53184 ], [ 107.393521, 15.512892 ], [ 107.406631, 15.499469 ], [ 107.433671, 15.490784 ], [ 107.453336, 15.495521 ], [ 107.478737, 15.495521 ], [ 107.508235, 15.47578 ], [ 107.527081, 15.457617 ], [ 107.545107, 15.413386 ], [ 107.571328, 15.402327 ], [ 107.59509, 15.401537 ], [ 107.617213, 15.403117 ], [ 107.636059, 15.414176 ], [ 107.663099, 15.402327 ], [ 107.671293, 15.378627 ], [ 107.672931, 15.369146 ], [ 107.679486, 15.356505 ], [ 107.699971, 15.33517 ], [ 107.72783, 15.316204 ], [ 107.749134, 15.306721 ], [ 107.762244, 15.296446 ], [ 107.765522, 15.268782 ], [ 107.772077, 15.254553 ], [ 107.778632, 15.241905 ], [ 107.796658, 15.229255 ], [ 107.849099, 15.225302 ], [ 107.878597, 15.221349 ], [ 107.926941, 15.214233 ], [ 107.976923, 15.203163 ], [ 107.99413, 15.194465 ], [ 108.053126, 15.15967 ], [ 108.058665, 15.147743 ], [ 108.058665, 15.139644 ], [ 108.054994, 15.131545 ], [ 108.036116, 15.101675 ], [ 108.033494, 15.094587 ], [ 108.024054, 15.082942 ], [ 108.013042, 15.055091 ], [ 108.015664, 15.050533 ], [ 108.030347, 15.037872 ], [ 108.036116, 15.030782 ], [ 108.060238, 15.022678 ], [ 108.077544, 15.01964 ], [ 108.083837, 15.017107 ], [ 108.109532, 14.999885 ], [ 108.130509, 14.988741 ], [ 108.152009, 14.983169 ], [ 108.190815, 14.985195 ], [ 108.225426, 14.983676 ], [ 108.234341, 14.987222 ], [ 108.237488, 14.992794 ], [ 108.234866, 15.003431 ], [ 108.221231, 15.038885 ], [ 108.221231, 15.055597 ], [ 108.223853, 15.070283 ], [ 108.234341, 15.077878 ], [ 108.244305, 15.077372 ], [ 108.278391, 15.052053 ], [ 108.302514, 15.046988 ], [ 108.315565, 15.042451 ], [ 108.315624, 15.04243 ], [ 108.320344, 15.050027 ], [ 108.328734, 15.102182 ], [ 108.346564, 15.1442 ], [ 108.370687, 15.186716 ], [ 108.368065, 15.201898 ], [ 108.357577, 15.238837 ], [ 108.356003, 15.275264 ], [ 108.365443, 15.291451 ], [ 108.380126, 15.303591 ], [ 108.388517, 15.30612 ], [ 108.421554, 15.31219 ], [ 108.482385, 15.313707 ], [ 108.502313, 15.319776 ], [ 108.537972, 15.320788 ], [ 108.573108, 15.329891 ], [ 108.588316, 15.33596 ], [ 108.600901, 15.343041 ], [ 108.620829, 15.348603 ], [ 108.634988, 15.355683 ], [ 108.661732, 15.365797 ], [ 108.683757, 15.367819 ], [ 108.709978, 15.37237 ], [ 108.726234, 15.377426 ], [ 108.746162, 15.388044 ], [ 108.746686, 15.399167 ], [ 108.736723, 15.40574 ], [ 108.719942, 15.422423 ], [ 108.714173, 15.434555 ], [ 108.709978, 15.452752 ], [ 108.693197, 15.479539 ], [ 108.679038, 15.496721 ], [ 108.670647, 15.511376 ], [ 108.639707, 15.517439 ], [ 108.607194, 15.534619 ], [ 108.585169, 15.550786 ], [ 108.564193, 15.574529 ], [ 108.536861, 15.62713 ], [ 108.524331, 15.646091 ], [ 108.499271, 15.693199 ], [ 108.458699, 15.756375 ], [ 108.444379, 15.785659 ], [ 108.421109, 15.816087 ], [ 108.412756, 15.842492 ], [ 108.397631, 15.881124 ], [ 108.375166, 15.89931 ], [ 108.35667, 15.910786 ], [ 108.343544, 15.922262 ] ] ], [ [ [ 111.276595, 15.773073 ], [ 111.268862, 15.77452 ], [ 111.262633, 15.77266 ], [ 111.258552, 15.768939 ], [ 111.262633, 15.763564 ], [ 111.268433, 15.760877 ], [ 111.275091, 15.762738 ], [ 111.278098, 15.768526 ], [ 111.276595, 15.773073 ] ] ], [ [ [ 111.841209, 16.033699 ], [ 111.838586, 16.037731 ], [ 111.830196, 16.037227 ], [ 111.828098, 16.034203 ], [ 111.829147, 16.029667 ], [ 111.833867, 16.028155 ], [ 111.841209, 16.033699 ] ] ], [ [ [ 111.68934, 16.511684 ], [ 111.684642, 16.514901 ], [ 111.680614, 16.514901 ], [ 111.674237, 16.511362 ], [ 111.673902, 16.504604 ], [ 111.678265, 16.501386 ], [ 111.684306, 16.501708 ], [ 111.687998, 16.502674 ], [ 111.68934, 16.511684 ] ] ], [ [ [ 112.794055, 16.643608 ], [ 112.793006, 16.646623 ], [ 112.787762, 16.65014 ], [ 112.783042, 16.64813 ], [ 112.782518, 16.641599 ], [ 112.787762, 16.640091 ], [ 112.794055, 16.643608 ] ] ], [ [ [ 112.402848, 16.804822 ], [ 112.403372, 16.810847 ], [ 112.40075, 16.812352 ], [ 112.392884, 16.810847 ], [ 112.390262, 16.808337 ], [ 112.390786, 16.802312 ], [ 112.397079, 16.7993 ], [ 112.402848, 16.804822 ] ] ], [ [ [ 112.409141, 16.903191 ], [ 112.409665, 16.906202 ], [ 112.405994, 16.909212 ], [ 112.402848, 16.90871 ], [ 112.400226, 16.9057 ], [ 112.399701, 16.901184 ], [ 112.403372, 16.900181 ], [ 112.409141, 16.903191 ] ] ] ] } },
{ "type": "Feature", "properties": { "code": "51", "iso": null, "name_vi": "Quảng Ngãi", "name_en": "Quang Ngai", "type": "province" }, "geometry": { "type": "MultiPolygon", "coordinates": [ [ [ [ 108.63019, 14.614115 ], [ 108.631098, 14.614909 ], [ 108.631133, 14.614537 ], [ 108.647242, 14.61165 ], [ 108.655596, 14.606454 ], [ 108.665142, 14.596638 ], [ 108.687219, 14.564879 ], [ 108.693185, 14.577583 ], [ 108.719438, 14.597215 ], [ 108.734951, 14.601835 ], [ 108.751658, 14.61165 ], [ 108.774927, 14.616846 ], [ 108.791634, 14.618001 ], [ 108.82087, 14.624929 ], [ 108.82982, 14.638784 ], [ 108.828627, 14.663029 ], [ 108.839963, 14.686117 ], [ 108.851896, 14.691311 ], [ 108.897839, 14.695928 ], [ 108.956311, 14.716127 ], [ 108.987934, 14.711511 ], [ 109.02791, 14.702277 ], [ 109.055953, 14.68958 ], [ 109.073853, 14.67515 ], [ 109.088751, 14.659585 ], [ 109.088769, 14.659566 ], [ 109.095929, 14.680345 ], [ 109.035667, 14.772674 ], [ 109.014187, 14.816517 ], [ 109.005237, 14.850547 ], [ 108.987934, 14.870155 ], [ 108.976598, 14.89668 ], [ 108.941395, 14.962403 ], [ 108.928865, 14.992951 ], [ 108.922898, 15.020614 ], [ 108.913352, 15.052307 ], [ 108.913949, 15.111646 ], [ 108.918722, 15.127774 ], [ 108.917529, 15.150236 ], [ 108.906789, 15.174999 ], [ 108.904402, 15.189971 ], [ 108.910369, 15.200335 ], [ 108.936622, 15.217608 ], [ 108.955118, 15.217032 ], [ 108.959891, 15.218759 ], [ 108.964665, 15.234304 ], [ 108.947958, 15.245241 ], [ 108.926478, 15.249847 ], [ 108.909772, 15.258481 ], [ 108.895452, 15.267691 ], [ 108.890082, 15.274023 ], [ 108.878913, 15.29419 ], [ 108.877767, 15.301925 ], [ 108.883877, 15.326969 ], [ 108.872803, 15.336544 ], [ 108.871276, 15.349801 ], [ 108.866311, 15.354589 ], [ 108.851419, 15.35422 ], [ 108.844927, 15.356798 ], [ 108.837672, 15.364162 ], [ 108.834617, 15.37889 ], [ 108.834617, 15.389568 ], [ 108.823925, 15.408711 ], [ 108.831944, 15.415338 ], [ 108.830416, 15.419019 ], [ 108.824689, 15.420491 ], [ 108.82087, 15.419019 ], [ 108.815142, 15.413865 ], [ 108.810178, 15.41497 ], [ 108.802159, 15.425645 ], [ 108.799486, 15.425277 ], [ 108.799813, 15.41856 ], [ 108.80682, 15.404664 ], [ 108.803016, 15.4009 ], [ 108.780994, 15.390188 ], [ 108.772585, 15.387775 ], [ 108.755167, 15.391828 ], [ 108.746686, 15.399167 ], [ 108.746162, 15.388044 ], [ 108.726234, 15.377426 ], [ 108.709978, 15.37237 ], [ 108.683757, 15.367819 ], [ 108.661732, 15.365797 ], [ 108.634988, 15.355683 ], [ 108.620829, 15.348603 ], [ 108.600901, 15.343041 ], [ 108.588316, 15.33596 ], [ 108.573108, 15.329891 ], [ 108.537972, 15.320788 ], [ 108.502313, 15.319776 ], [ 108.482385, 15.313707 ], [ 108.421554, 15.31219 ], [ 108.388517, 15.30612 ], [ 108.380126, 15.303591 ], [ 108.365443, 15.291451 ], [ 108.356003, 15.275264 ], [ 108.357577, 15.238837 ], [ 108.368065, 15.201898 ], [ 108.370687, 15.186716 ], [ 108.346564, 15.1442 ], [ 108.328734, 15.102182 ], [ 108.320344, 15.050027 ], [ 108.315624, 15.04243 ], [ 108.315565, 15.042451 ], [ 108.302514, 15.046988 ], [ 108.278391, 15.052053 ], [ 108.244305, 15.077372 ], [ 108.234341, 15.077878 ], [ 108.223853, 15.070283 ], [ 108.221231, 15.055597 ], [ 108.221231, 15.038885 ], [ 108.234866, 15.003431 ], [ 108.237488, 14.992794 ], [ 108.234341, 14.987222 ], [ 108.225426, 14.983676 ], [ 108.190815, 14.985195 ], [ 108.152009, 14.983169 ], [ 108.130509, 14.988741 ], [ 108.109532, 14.999885 ], [ 108.083837, 15.017107 ], [ 108.077544, 15.01964 ], [ 108.060238, 15.022678 ], [ 108.036116, 15.030782 ], [ 108.030347, 15.037872 ], [ 108.015664, 15.050533 ], [ 108.013042, 15.055091 ], [ 108.024054, 15.082942 ], [ 108.033494, 15.094587 ], [ 108.036116, 15.101675 ], [ 108.054994, 15.131545 ], [ 108.058665, 15.139644 ], [ 108.058665, 15.147743 ], [ 108.053126, 15.15967 ], [ 107.99413, 15.194465 ], [ 107.976923, 15.203163 ], [ 107.926941, 15.214233 ], [ 107.878597, 15.221349 ], [ 107.849099, 15.225302 ], [ 107.796658, 15.229255 ], [ 107.778632, 15.241905 ], [ 107.772077, 15.254553 ], [ 107.765522, 15.268782 ], [ 107.762244, 15.296446 ], [ 107.749134, 15.306721 ], [ 107.72783, 15.316204 ], [ 107.699971, 15.33517 ], [ 107.679486, 15.356505 ], [ 107.672931, 15.369146 ], [ 107.671293, 15.378627 ], [ 107.663099, 15.402327 ], [ 107.636059, 15.414176 ], [ 107.617213, 15.403117 ], [ 107.601007, 15.381041 ], [ 107.600518, 15.376563 ], [ 107.613227, 15.363367 ], [ 107.629601, 15.336972 ], [ 107.63791, 15.312223 ], [ 107.636199, 15.299258 ], [ 107.619336, 15.26979 ], [ 107.627554, 15.247544 ], [ 107.633521, 15.222789 ], [ 107.624571, 15.213002 ], [ 107.598318, 15.191122 ], [ 107.603688, 15.176151 ], [ 107.615024, 15.162906 ], [ 107.623377, 15.139869 ], [ 107.624571, 15.111646 ], [ 107.613234, 15.090908 ], [ 107.612638, 15.075353 ], [ 107.618604, 15.067287 ], [ 107.612041, 15.046545 ], [ 107.593544, 15.036173 ], [ 107.586385, 15.030411 ], [ 107.575645, 15.037902 ], [ 107.562518, 15.043088 ], [ 107.550585, 15.044816 ], [ 107.520156, 15.033292 ], [ 107.484356, 15.025224 ], [ 107.46944, 15.016004 ], [ 107.465263, 15.004478 ], [ 107.47481, 14.995257 ], [ 107.478986, 14.987188 ], [ 107.486146, 14.960674 ], [ 107.496886, 14.94338 ], [ 107.508819, 14.935886 ], [ 107.518366, 14.925508 ], [ 107.547602, 14.907059 ], [ 107.588771, 14.887454 ], [ 107.594738, 14.881688 ], [ 107.595931, 14.867848 ], [ 107.581611, 14.84651 ], [ 107.571468, 14.837858 ], [ 107.544022, 14.824016 ], [ 107.520156, 14.796327 ], [ 107.522542, 14.780751 ], [ 107.530299, 14.769213 ], [ 107.535072, 14.749019 ], [ 107.529105, 14.738632 ], [ 107.526719, 14.72536 ], [ 107.552972, 14.711511 ], [ 107.554762, 14.681499 ], [ 107.558938, 14.663606 ], [ 107.558342, 14.639939 ], [ 107.536862, 14.605299 ], [ 107.521091, 14.583795 ], [ 107.529645, 14.569604 ], [ 107.532089, 14.561089 ], [ 107.532333, 14.547605 ], [ 107.527201, 14.530573 ], [ 107.521824, 14.520636 ], [ 107.513026, 14.510463 ], [ 107.510338, 14.49532 ], [ 107.503739, 14.485382 ], [ 107.500318, 14.461719 ], [ 107.502029, 14.454146 ], [ 107.488938, 14.415006 ], [ 107.479774, 14.40539 ], [ 107.472137, 14.407239 ], [ 107.466027, 14.412787 ], [ 107.455716, 14.416485 ], [ 107.443879, 14.413896 ], [ 107.414857, 14.366921 ], [ 107.411421, 14.354714 ], [ 107.40111, 14.341395 ], [ 107.394237, 14.327337 ], [ 107.393473, 14.314017 ], [ 107.405693, 14.266651 ], [ 107.404929, 14.255548 ], [ 107.394619, 14.241484 ], [ 107.387697, 14.220432 ], [ 107.377554, 14.197296 ], [ 107.368008, 14.186884 ], [ 107.352495, 14.16548 ], [ 107.333998, 14.144652 ], [ 107.330418, 14.121508 ], [ 107.329822, 14.111671 ], [ 107.341755, 14.095468 ], [ 107.351898, 14.089103 ], [ 107.363831, 14.08563 ], [ 107.368604, 14.079843 ], [ 107.369201, 14.068268 ], [ 107.360251, 14.034119 ], [ 107.360251, 14.022541 ], [ 107.368008, 14.010964 ], [ 107.376958, 14.001701 ], [ 107.396051, 13.995333 ], [ 107.43543, 13.993017 ], [ 107.45333, 13.977964 ], [ 107.458103, 13.961172 ], [ 107.45512, 13.948433 ], [ 107.468246, 13.971595 ], [ 107.473616, 13.978543 ], [ 107.484953, 13.984911 ], [ 107.510609, 13.988964 ], [ 107.523139, 13.994754 ], [ 107.539845, 14.027172 ], [ 107.551778, 14.037592 ], [ 107.567292, 14.040486 ], [ 107.581611, 14.040486 ], [ 107.596528, 14.042801 ], [ 107.623377, 14.061902 ], [ 107.633521, 14.072898 ], [ 107.657387, 14.09026 ], [ 107.67111, 14.107621 ], [ 107.67648, 14.129609 ], [ 107.67827, 14.148702 ], [ 107.683043, 14.169529 ], [ 107.708103, 14.228529 ], [ 107.716456, 14.236626 ], [ 107.736742, 14.237782 ], [ 107.777315, 14.225059 ], [ 107.798795, 14.226794 ], [ 107.849511, 14.242987 ], [ 107.8708, 14.26443 ], [ 107.876527, 14.277013 ], [ 107.8792, 14.287005 ], [ 107.892566, 14.295146 ], [ 107.904785, 14.299956 ], [ 107.913568, 14.301436 ], [ 107.923496, 14.299216 ], [ 107.954045, 14.277753 ], [ 107.968556, 14.272572 ], [ 107.981539, 14.269612 ], [ 108.009797, 14.268131 ], [ 108.022017, 14.269982 ], [ 108.06784, 14.289965 ], [ 108.102207, 14.311427 ], [ 108.112518, 14.321787 ], [ 108.120537, 14.342505 ], [ 108.125119, 14.362112 ], [ 108.132069, 14.369881 ], [ 108.139645, 14.372722 ], [ 108.160418, 14.385505 ], [ 108.175082, 14.390003 ], [ 108.201232, 14.39166 ], [ 108.226404, 14.396868 ], [ 108.261352, 14.411307 ], [ 108.275282, 14.419828 ], [ 108.295078, 14.425272 ], [ 108.333203, 14.431663 ], [ 108.3464, 14.439 ], [ 108.353976, 14.447756 ], [ 108.383257, 14.496725 ], [ 108.396622, 14.505228 ], [ 108.414952, 14.52556 ], [ 108.445119, 14.549586 ], [ 108.4455, 14.557348 ], [ 108.439773, 14.568806 ], [ 108.427171, 14.586545 ], [ 108.424498, 14.596523 ], [ 108.426026, 14.611673 ], [ 108.433663, 14.623497 ], [ 108.448555, 14.630887 ], [ 108.458484, 14.631626 ], [ 108.469558, 14.624605 ], [ 108.477195, 14.605761 ], [ 108.484832, 14.596892 ], [ 108.492851, 14.594305 ], [ 108.531037, 14.587284 ], [ 108.543257, 14.587284 ], [ 108.586789, 14.595783 ], [ 108.597481, 14.601326 ], [ 108.626885, 14.612412 ], [ 108.63019, 14.614115 ] ] ], [ [ [ 109.117151, 15.369334 ], [ 109.123251, 15.369334 ], [ 109.132792, 15.376271 ], [ 109.149684, 15.377025 ], [ 109.149997, 15.378986 ], [ 109.144835, 15.386074 ], [ 109.124971, 15.393614 ], [ 109.112928, 15.395122 ], [ 109.104325, 15.394066 ], [ 109.096192, 15.388788 ], [ 109.094002, 15.38351 ], [ 109.095879, 15.376724 ], [ 109.108548, 15.371144 ], [ 109.117151, 15.369334 ] ] ] ] } },
{ "type": "Feature", "properties": { "code": "52", "iso": null, "name_vi": "Gia Lai", "name_en": "Gia Lai", "type": "province" }, "geometry": { "type": "Polygon", "coordinates": [ [ [ 108.832326, 13.581341 ], [ 108.85371, 13.56835 ], [ 108.860584, 13.557213 ], [ 108.868221, 13.55016 ], [ 108.88655, 13.549417 ], [ 108.914426, 13.552758 ], [ 108.926645, 13.548304 ], [ 108.94612, 13.53531 ], [ 108.958722, 13.533454 ], [ 108.998435, 13.53531 ], [ 109.006836, 13.537166 ], [ 109.033948, 13.554986 ], [ 109.051896, 13.573175 ], [ 109.058769, 13.57763 ], [ 109.066407, 13.580599 ], [ 109.076717, 13.58728 ], [ 109.096192, 13.594704 ], [ 109.116048, 13.613261 ], [ 109.125595, 13.637012 ], [ 109.138578, 13.644063 ], [ 109.15118, 13.660019 ], [ 109.169127, 13.678943 ], [ 109.181973, 13.684775 ], [ 109.198149, 13.695163 ], [ 109.212277, 13.68062 ], [ 109.232318, 13.678008 ], [ 109.231096, 13.694392 ], [ 109.223275, 13.706026 ], [ 109.219609, 13.718847 ], [ 109.218387, 13.729531 ], [ 109.219854, 13.752321 ], [ 109.23745, 13.769175 ], [ 109.240138, 13.775346 ], [ 109.230851, 13.794809 ], [ 109.227674, 13.807388 ], [ 109.226208, 13.835153 ], [ 109.229629, 13.85034 ], [ 109.241604, 13.857221 ], [ 109.246003, 13.857221 ], [ 109.260178, 13.812134 ], [ 109.266777, 13.800505 ], [ 109.264822, 13.791961 ], [ 109.257979, 13.787926 ], [ 109.255046, 13.781517 ], [ 109.254802, 13.772023 ], [ 109.256512, 13.765851 ], [ 109.263844, 13.762528 ], [ 109.274353, 13.762053 ], [ 109.284617, 13.762528 ], [ 109.294882, 13.765614 ], [ 109.297814, 13.780331 ], [ 109.290238, 13.795284 ], [ 109.289261, 13.808574 ], [ 109.298303, 13.819254 ], [ 109.301725, 13.839662 ], [ 109.296837, 13.855086 ], [ 109.294759, 13.872169 ], [ 109.297814, 13.885144 ], [ 109.294759, 13.891817 ], [ 109.284449, 13.895895 ], [ 109.27643, 13.905161 ], [ 109.2539, 13.937408 ], [ 109.249318, 13.949638 ], [ 109.252373, 13.97706 ], [ 109.256955, 13.997811 ], [ 109.256955, 14.010037 ], [ 109.253137, 14.034489 ], [ 109.245118, 14.045603 ], [ 109.237099, 14.051159 ], [ 109.218387, 14.094852 ], [ 109.213011, 14.121398 ], [ 109.221076, 14.123531 ], [ 109.227674, 14.129219 ], [ 109.228652, 14.137751 ], [ 109.217654, 14.157657 ], [ 109.205679, 14.187513 ], [ 109.201585, 14.204098 ], [ 109.200822, 14.224087 ], [ 109.20464, 14.235562 ], [ 109.201585, 14.252217 ], [ 109.195094, 14.274423 ], [ 109.186311, 14.291815 ], [ 109.146979, 14.356193 ], [ 109.138197, 14.37432 ], [ 109.13476, 14.389115 ], [ 109.12865, 14.402061 ], [ 109.131705, 14.438674 ], [ 109.114521, 14.480088 ], [ 109.105738, 14.508925 ], [ 109.09581, 14.534801 ], [ 109.080154, 14.571023 ], [ 109.085882, 14.579154 ], [ 109.082827, 14.592827 ], [ 109.077481, 14.607239 ], [ 109.074044, 14.65601 ], [ 109.077862, 14.659335 ], [ 109.083209, 14.658226 ], [ 109.088251, 14.658376 ], [ 109.088583, 14.659548 ], [ 109.088751, 14.659585 ], [ 109.073853, 14.67515 ], [ 109.055953, 14.68958 ], [ 109.02791, 14.702277 ], [ 108.987934, 14.711511 ], [ 108.956311, 14.716127 ], [ 108.897839, 14.695928 ], [ 108.851896, 14.691311 ], [ 108.839963, 14.686117 ], [ 108.828627, 14.663029 ], [ 108.82982, 14.638784 ], [ 108.82087, 14.624929 ], [ 108.791634, 14.618001 ], [ 108.774927, 14.616846 ], [ 108.751658, 14.61165 ], [ 108.734951, 14.601835 ], [ 108.719438, 14.597215 ], [ 108.693185, 14.577583 ], [ 108.687219, 14.564879 ], [ 108.665142, 14.596638 ], [ 108.655596, 14.606454 ], [ 108.647242, 14.61165 ], [ 108.631133, 14.614537 ], [ 108.631098, 14.614909 ], [ 108.63019, 14.614115 ], [ 108.626885, 14.612412 ], [ 108.597481, 14.601326 ], [ 108.586789, 14.595783 ], [ 108.543257, 14.587284 ], [ 108.531037, 14.587284 ], [ 108.492851, 14.594305 ], [ 108.484832, 14.596892 ], [ 108.477195, 14.605761 ], [ 108.469558, 14.624605 ], [ 108.458484, 14.631626 ], [ 108.448555, 14.630887 ], [ 108.433663, 14.623497 ], [ 108.426026, 14.611673 ], [ 108.424498, 14.596523 ], [ 108.427171, 14.586545 ], [ 108.439773, 14.568806 ], [ 108.4455, 14.557348 ], [ 108.445119, 14.549586 ], [ 108.414952, 14.52556 ], [ 108.396622, 14.505228 ], [ 108.383257, 14.496725 ], [ 108.353976, 14.447756 ], [ 108.3464, 14.439 ], [ 108.333203, 14.431663 ], [ 108.295078, 14.425272 ], [ 108.275282, 14.419828 ], [ 108.261352, 14.411307 ], [ 108.226404, 14.396868 ], [ 108.201232, 14.39166 ], [ 108.175082, 14.390003 ], [ 108.160418, 14.385505 ], [ 108.139645, 14.372722 ], [ 108.132069, 14.369881 ], [ 108.125119, 14.362112 ], [ 108.120537, 14.342505 ], [ 108.112518, 14.321787 ], [ 108.102207, 14.311427 ], [ 108.06784, 14.289965 ], [ 108.022017, 14.269982 ], [ 108.009797, 14.268131 ], [ 107.981539, 14.269612 ], [ 107.968556, 14.272572 ], [ 107.954045, 14.277753 ], [ 107.923496, 14.299216 ], [ 107.913568, 14.301436 ], [ 107.904785, 14.299956 ], [ 107.892566, 14.295146 ], [ 107.8792, 14.287005 ], [ 107.876527, 14.277013 ], [ 107.8708, 14.26443 ], [ 107.849511, 14.242987 ], [ 107.798795, 14.226794 ], [ 107.777315, 14.225059 ], [ 107.736742, 14.237782 ], [ 107.716456, 14.236626 ], [ 107.708103, 14.228529 ], [ 107.683043, 14.169529 ], [ 107.67827, 14.148702 ], [ 107.67648, 14.129609 ], [ 107.67111, 14.107621 ], [ 107.657387, 14.09026 ], [ 107.633521, 14.072898 ], [ 107.623377, 14.061902 ], [ 107.596528, 14.042801 ], [ 107.581611, 14.040486 ], [ 107.567292, 14.040486 ], [ 107.551778, 14.037592 ], [ 107.539845, 14.027172 ], [ 107.523139, 13.994754 ], [ 107.510609, 13.988964 ], [ 107.484953, 13.984911 ], [ 107.473616, 13.978543 ], [ 107.468246, 13.971595 ], [ 107.455523, 13.94856 ], [ 107.456816, 13.945235 ], [ 107.457549, 13.928631 ], [ 107.46586, 13.922374 ], [ 107.462876, 13.908474 ], [ 107.46228, 13.878356 ], [ 107.468246, 13.866771 ], [ 107.468843, 13.858081 ], [ 107.453927, 13.84244 ], [ 107.443187, 13.819266 ], [ 107.44438, 13.796089 ], [ 107.468246, 13.787397 ], [ 107.512399, 13.757843 ], [ 107.519559, 13.750308 ], [ 107.533879, 13.729443 ], [ 107.545812, 13.707417 ], [ 107.562518, 13.671475 ], [ 107.564905, 13.658141 ], [ 107.581611, 13.608854 ], [ 107.609654, 13.560137 ], [ 107.618604, 13.529393 ], [ 107.625764, 13.467314 ], [ 107.62484, 13.377791 ], [ 107.62312, 13.357705 ], [ 107.620304, 13.338529 ], [ 107.60873, 13.306871 ], [ 107.62265, 13.318439 ], [ 107.633755, 13.332289 ], [ 107.656904, 13.356792 ], [ 107.679271, 13.373835 ], [ 107.686153, 13.376422 ], [ 107.707112, 13.380226 ], [ 107.759979, 13.380835 ], [ 107.772179, 13.382356 ], [ 107.781563, 13.386008 ], [ 107.805807, 13.401528 ], [ 107.825827, 13.411113 ], [ 107.876817, 13.414613 ], [ 107.891676, 13.414004 ], [ 107.904658, 13.410961 ], [ 107.915138, 13.406093 ], [ 107.924835, 13.399398 ], [ 107.943448, 13.393007 ], [ 107.962373, 13.392703 ], [ 107.97864, 13.395594 ], [ 107.988181, 13.394833 ], [ 108.01352, 13.388899 ], [ 108.021966, 13.39179 ], [ 108.033697, 13.40305 ], [ 108.039015, 13.406245 ], [ 108.066461, 13.414029 ], [ 108.078073, 13.419384 ], [ 108.087483, 13.42766 ], [ 108.101497, 13.43175 ], [ 108.115512, 13.432528 ], [ 108.126923, 13.432236 ], [ 108.138836, 13.4299 ], [ 108.149847, 13.425421 ], [ 108.154952, 13.421039 ], [ 108.159763, 13.411266 ], [ 108.195112, 13.400463 ], [ 108.216853, 13.395594 ], [ 108.24313, 13.385095 ], [ 108.275038, 13.3749 ], [ 108.315668, 13.364472 ], [ 108.330178, 13.35444 ], [ 108.348126, 13.34478 ], [ 108.361491, 13.326945 ], [ 108.372565, 13.308737 ], [ 108.384785, 13.27306 ], [ 108.409987, 13.25299 ], [ 108.418006, 13.243698 ], [ 108.435954, 13.205037 ], [ 108.443973, 13.194256 ], [ 108.453138, 13.187935 ], [ 108.463448, 13.173435 ], [ 108.467648, 13.162652 ], [ 108.46994, 13.150382 ], [ 108.469558, 13.142945 ], [ 108.466121, 13.133276 ], [ 108.467648, 13.128814 ], [ 108.481372, 13.119493 ], [ 108.492708, 13.108452 ], [ 108.505238, 13.089856 ], [ 108.511801, 13.073583 ], [ 108.516574, 13.055566 ], [ 108.531491, 13.038709 ], [ 108.5655, 13.030571 ], [ 108.596527, 13.025921 ], [ 108.634713, 13.008481 ], [ 108.653209, 13.001505 ], [ 108.673495, 12.996273 ], [ 108.680059, 12.996854 ], [ 108.723615, 13.027083 ], [ 108.742111, 13.028246 ], [ 108.755834, 13.039291 ], [ 108.758817, 13.054984 ], [ 108.760011, 13.090437 ], [ 108.762994, 13.106128 ], [ 108.763591, 13.135763 ], [ 108.771347, 13.142154 ], [ 108.78865, 13.149127 ], [ 108.801777, 13.15668 ], [ 108.841753, 13.167719 ], [ 108.845929, 13.173528 ], [ 108.858459, 13.213611 ], [ 108.870989, 13.24091 ], [ 108.878149, 13.262398 ], [ 108.878149, 13.275174 ], [ 108.870989, 13.294918 ], [ 108.859056, 13.303628 ], [ 108.854092, 13.320257 ], [ 108.834235, 13.354069 ], [ 108.807887, 13.373016 ], [ 108.802159, 13.386019 ], [ 108.802922, 13.411279 ], [ 108.797576, 13.440621 ], [ 108.797576, 13.468103 ], [ 108.796049, 13.477759 ], [ 108.793376, 13.481101 ], [ 108.750989, 13.485557 ], [ 108.735333, 13.48927 ], [ 108.724641, 13.498553 ], [ 108.72044, 13.510806 ], [ 108.720059, 13.518974 ], [ 108.725405, 13.53828 ], [ 108.739152, 13.5561 ], [ 108.760536, 13.563153 ], [ 108.774665, 13.572804 ], [ 108.782684, 13.58097 ], [ 108.795285, 13.586167 ], [ 108.815906, 13.585795 ], [ 108.832326, 13.581341 ] ] ] } },
{ "type": "Feature", "properties": { "code": "56", "iso": null, "name_vi": "Khánh Hòa", "name_en": "Khanh Hoa", "type": "province" }, "geometry": { "type": "MultiPolygon", "coordinates": [ [ [ [ 114.351336, 9.57318 ], [ 114.351514, 9.577567 ], [ 114.341193, 9.579848 ], [ 114.332828, 9.578971 ], [ 114.333184, 9.574408 ], [ 114.339413, 9.570548 ], [ 114.348489, 9.56967 ], [ 114.351336, 9.57318 ] ] ], [ [ [ 114.009614, 9.917328 ], [ 113.997068, 9.916844 ], [ 113.996207, 9.912239 ], [ 113.997478, 9.908968 ], [ 114.001455, 9.906988 ], [ 114.005678, 9.906948 ], [ 114.009696, 9.908766 ], [ 114.010967, 9.911956 ], [ 114.009614, 9.917328 ] ] ], [ [ [ 114.341069, 10.069223 ], [ 114.34498, 10.081976 ], [ 114.343758, 10.088232 ], [ 114.334471, 10.086788 ], [ 114.329583, 10.077163 ], [ 114.329827, 10.068982 ], [ 114.341069, 10.069223 ] ] ], [ [ [ 114.352673, 10.282761 ], [ 114.35236, 10.286147 ], [ 114.347042, 10.286454 ], [ 114.342037, 10.282607 ], [ 114.329994, 10.280606 ], [ 114.325458, 10.277374 ], [ 114.333278, 10.268756 ], [ 114.339691, 10.270141 ], [ 114.34845, 10.276297 ], [ 114.352673, 10.282761 ] ] ], [ [ [ 114.430565, 10.274604 ], [ 114.433694, 10.270757 ], [ 114.443078, 10.270757 ], [ 114.44824, 10.276451 ], [ 114.449178, 10.28153 ], [ 114.446363, 10.2843 ], [ 114.44167, 10.283376 ], [ 114.437917, 10.285993 ], [ 114.436509, 10.29061 ], [ 114.429314, 10.295534 ], [ 114.422588, 10.297073 ], [ 114.414612, 10.294765 ], [ 114.414768, 10.288301 ], [ 114.425873, 10.285993 ], [ 114.429314, 10.282761 ], [ 114.430565, 10.274604 ] ] ], [ [ [ 114.262111, 10.950118 ], [ 114.26111, 10.952771 ], [ 114.253903, 10.953852 ], [ 114.252702, 10.950806 ], [ 114.253503, 10.94658 ], [ 114.258508, 10.944614 ], [ 114.26101, 10.946875 ], [ 114.262111, 10.950118 ] ] ], [ [ [ 114.995663, 11.021854 ], [ 114.996965, 11.026275 ], [ 114.993962, 11.028731 ], [ 114.990558, 11.027847 ], [ 114.989257, 11.02598 ], [ 114.991059, 11.021264 ], [ 114.995663, 11.021854 ] ] ], [ [ [ 109.193833, 11.776412 ], [ 109.187189, 11.792826 ], [ 109.186556, 11.803356 ], [ 109.182127, 11.812956 ], [ 109.175669, 11.818893 ], [ 109.16775, 11.832986 ], [ 109.186468, 11.851306 ], [ 109.188627, 11.865045 ], [ 109.184668, 11.874908 ], [ 109.171709, 11.86434 ], [ 109.155151, 11.827701 ], [ 109.140752, 11.818893 ], [ 109.128514, 11.822416 ], [ 109.116635, 11.834395 ], [ 109.112675, 11.846726 ], [ 109.111595, 11.863988 ], [ 109.122394, 11.882658 ], [ 109.137513, 11.896747 ], [ 109.155511, 11.90661 ], [ 109.171349, 11.919994 ], [ 109.186468, 11.941829 ], [ 109.192587, 11.962607 ], [ 109.207346, 11.97141 ], [ 109.213105, 11.955564 ], [ 109.207346, 11.936547 ], [ 109.210585, 11.913654 ], [ 109.203746, 11.903087 ], [ 109.213465, 11.881953 ], [ 109.220304, 11.882306 ], [ 109.230743, 11.878431 ], [ 109.237222, 11.87209 ], [ 109.241542, 11.863636 ], [ 109.239742, 11.852715 ], [ 109.231463, 11.849897 ], [ 109.218144, 11.854476 ], [ 109.216345, 11.846374 ], [ 109.219224, 11.837566 ], [ 109.225344, 11.832281 ], [ 109.235423, 11.830168 ], [ 109.249101, 11.831225 ], [ 109.253421, 11.842498 ], [ 109.253421, 11.852363 ], [ 109.276458, 11.862931 ], [ 109.278258, 11.879135 ], [ 109.271419, 11.888646 ], [ 109.26242, 11.895691 ], [ 109.25954, 11.904496 ], [ 109.273579, 11.942181 ], [ 109.270699, 11.954859 ], [ 109.2581, 11.973523 ], [ 109.227863, 12.002396 ], [ 109.217784, 12.023873 ], [ 109.203746, 12.060837 ], [ 109.194387, 12.078086 ], [ 109.197627, 12.090757 ], [ 109.204466, 12.106948 ], [ 109.220304, 12.121026 ], [ 109.230383, 12.142141 ], [ 109.219944, 12.179089 ], [ 109.218504, 12.19457 ], [ 109.226064, 12.206533 ], [ 109.209145, 12.242065 ], [ 109.205546, 12.246989 ], [ 109.210945, 12.260356 ], [ 109.225681, 12.285791 ], [ 109.234118, 12.290188 ], [ 109.238617, 12.302827 ], [ 109.21612, 12.341291 ], [ 109.212745, 12.382496 ], [ 109.205433, 12.401174 ], [ 109.183498, 12.417653 ], [ 109.168874, 12.433032 ], [ 109.182373, 12.447313 ], [ 109.20937, 12.442369 ], [ 109.229618, 12.410512 ], [ 109.231868, 12.395681 ], [ 109.23918, 12.381398 ], [ 109.265052, 12.36162 ], [ 109.278551, 12.348434 ], [ 109.307235, 12.353928 ], [ 109.308923, 12.376453 ], [ 109.322421, 12.3792 ], [ 109.336482, 12.388539 ], [ 109.337045, 12.408315 ], [ 109.323546, 12.423695 ], [ 109.290924, 12.445116 ], [ 109.28305, 12.477518 ], [ 109.253241, 12.497836 ], [ 109.235805, 12.530781 ], [ 109.234118, 12.547252 ], [ 109.241429, 12.570309 ], [ 109.244242, 12.588424 ], [ 109.229056, 12.589522 ], [ 109.21612, 12.584581 ], [ 109.213307, 12.591169 ], [ 109.215557, 12.632883 ], [ 109.23918, 12.663615 ], [ 109.263365, 12.68337 ], [ 109.286425, 12.72068 ], [ 109.296549, 12.73275 ], [ 109.319609, 12.753047 ], [ 109.343794, 12.759081 ], [ 109.352793, 12.754144 ], [ 109.360105, 12.739333 ], [ 109.360105, 12.71245 ], [ 109.351668, 12.694344 ], [ 109.335357, 12.672944 ], [ 109.326921, 12.64331 ], [ 109.31286, 12.623004 ], [ 109.306673, 12.608733 ], [ 109.33142, 12.584033 ], [ 109.346606, 12.573054 ], [ 109.394976, 12.545056 ], [ 109.420286, 12.543957 ], [ 109.443909, 12.561525 ], [ 109.443346, 12.591717 ], [ 109.445034, 12.623553 ], [ 109.459657, 12.648798 ], [ 109.465281, 12.673493 ], [ 109.414099, 12.706964 ], [ 109.393851, 12.738784 ], [ 109.374728, 12.78925 ], [ 109.372478, 12.80351 ], [ 109.373041, 12.823803 ], [ 109.384852, 12.840803 ], [ 109.392107, 12.846477 ], [ 109.387934, 12.846768 ], [ 109.367313, 12.855703 ], [ 109.361203, 12.850119 ], [ 109.351275, 12.842673 ], [ 109.340965, 12.83895 ], [ 109.303924, 12.83746 ], [ 109.285977, 12.835226 ], [ 109.27223, 12.830758 ], [ 109.262301, 12.826291 ], [ 109.251609, 12.819216 ], [ 109.237098, 12.812886 ], [ 109.231371, 12.813631 ], [ 109.219533, 12.822939 ], [ 109.197858, 12.826871 ], [ 109.190038, 12.824727 ], [ 109.178307, 12.817578 ], [ 109.168043, 12.803041 ], [ 109.160955, 12.787312 ], [ 109.15289, 12.778732 ], [ 109.144826, 12.775395 ], [ 109.131628, 12.770866 ], [ 109.11281, 12.750845 ], [ 109.082995, 12.73988 ], [ 109.069553, 12.737019 ], [ 109.055623, 12.73535 ], [ 109.039249, 12.730106 ], [ 109.029962, 12.725338 ], [ 109.023363, 12.719855 ], [ 109.016246, 12.71407 ], [ 109.013642, 12.711803 ], [ 109.010601, 12.700783 ], [ 109.00669, 12.693154 ], [ 108.998001, 12.684253 ], [ 108.979318, 12.682981 ], [ 108.96585, 12.684253 ], [ 108.952381, 12.686796 ], [ 108.94065, 12.686372 ], [ 108.926313, 12.683829 ], [ 108.913279, 12.680014 ], [ 108.909803, 12.670265 ], [ 108.910672, 12.654156 ], [ 108.910237, 12.641862 ], [ 108.904589, 12.627448 ], [ 108.8959, 12.62236 ], [ 108.88721, 12.621512 ], [ 108.872004, 12.616001 ], [ 108.868962, 12.610489 ], [ 108.868945, 12.601483 ], [ 108.880763, 12.588271 ], [ 108.893832, 12.573344 ], [ 108.892163, 12.555432 ], [ 108.886046, 12.531275 ], [ 108.880763, 12.518788 ], [ 108.876592, 12.510102 ], [ 108.874923, 12.489741 ], [ 108.87826, 12.477253 ], [ 108.877982, 12.467479 ], [ 108.870474, 12.456618 ], [ 108.859908, 12.453903 ], [ 108.853234, 12.455261 ], [ 108.832658, 12.46775 ], [ 108.813193, 12.475081 ], [ 108.810135, 12.478067 ], [ 108.802349, 12.492185 ], [ 108.782606, 12.502772 ], [ 108.769259, 12.498972 ], [ 108.750351, 12.470465 ], [ 108.738394, 12.467207 ], [ 108.721711, 12.465035 ], [ 108.712257, 12.458791 ], [ 108.707251, 12.449559 ], [ 108.702246, 12.440598 ], [ 108.696407, 12.424849 ], [ 108.687231, 12.412086 ], [ 108.681392, 12.392804 ], [ 108.682782, 12.377323 ], [ 108.692792, 12.357767 ], [ 108.692792, 12.340655 ], [ 108.689177, 12.331962 ], [ 108.682808, 12.321131 ], [ 108.685104, 12.316943 ], [ 108.690482, 12.313234 ], [ 108.694279, 12.307979 ], [ 108.694279, 12.285414 ], [ 108.698392, 12.277067 ], [ 108.699657, 12.250789 ], [ 108.705985, 12.210285 ], [ 108.713578, 12.201008 ], [ 108.716425, 12.189566 ], [ 108.717058, 12.177506 ], [ 108.72908, 12.160805 ], [ 108.728947, 12.16077 ], [ 108.72212, 12.15895 ], [ 108.706934, 12.143176 ], [ 108.69333, 12.112863 ], [ 108.696177, 12.099871 ], [ 108.70725, 12.086569 ], [ 108.711996, 12.072957 ], [ 108.711679, 12.057178 ], [ 108.704719, 12.039852 ], [ 108.6889, 12.020048 ], [ 108.678777, 11.994983 ], [ 108.658212, 11.8851 ], [ 108.655049, 11.847947 ], [ 108.651885, 11.834013 ], [ 108.643343, 11.820078 ], [ 108.633219, 11.80893 ], [ 108.628157, 11.79933 ], [ 108.632586, 11.786632 ], [ 108.65315, 11.775173 ], [ 108.668336, 11.764642 ], [ 108.6715, 11.747607 ], [ 108.677827, 11.725924 ], [ 108.685737, 11.710125 ], [ 108.692381, 11.690298 ], [ 108.694279, 11.673568 ], [ 108.6889, 11.653118 ], [ 108.672765, 11.642583 ], [ 108.655365, 11.634216 ], [ 108.635117, 11.629258 ], [ 108.60348, 11.617173 ], [ 108.590825, 11.613764 ], [ 108.571842, 11.610975 ], [ 108.565831, 11.607256 ], [ 108.556656, 11.595789 ], [ 108.556973, 11.582153 ], [ 108.574057, 11.559837 ], [ 108.576456, 11.552357 ], [ 108.627386, 11.548717 ], [ 108.64617, 11.537093 ], [ 108.660012, 11.516749 ], [ 108.663966, 11.496889 ], [ 108.679291, 11.475574 ], [ 108.686211, 11.455226 ], [ 108.704007, 11.448443 ], [ 108.719826, 11.449412 ], [ 108.742071, 11.447959 ], [ 108.754924, 11.432455 ], [ 108.76135, 11.386905 ], [ 108.77964, 11.359282 ], [ 108.794965, 11.352497 ], [ 108.825613, 11.350073 ], [ 108.842421, 11.346196 ], [ 108.848847, 11.336018 ], [ 108.852265, 11.313518 ], [ 108.852307, 11.313236 ], [ 108.860711, 11.306935 ], [ 108.878013, 11.299179 ], [ 108.89136, 11.295785 ], [ 108.91756, 11.293846 ], [ 108.940299, 11.297725 ], [ 108.96897, 11.313721 ], [ 108.992204, 11.327293 ], [ 109.010494, 11.347165 ], [ 109.010494, 11.365582 ], [ 109.000113, 11.383513 ], [ 108.998136, 11.399505 ], [ 109.001596, 11.442629 ], [ 109.01346, 11.482356 ], [ 109.018898, 11.51239 ], [ 109.026807, 11.534187 ], [ 109.035211, 11.546295 ], [ 109.034222, 11.571479 ], [ 109.035962, 11.578743 ], [ 109.047352, 11.584012 ], [ 109.094808, 11.581533 ], [ 109.107463, 11.575954 ], [ 109.115372, 11.567586 ], [ 109.1217, 11.557047 ], [ 109.136569, 11.568205 ], [ 109.145428, 11.588351 ], [ 109.185291, 11.659005 ], [ 109.188454, 11.677905 ], [ 109.203324, 11.708886 ], [ 109.220092, 11.718799 ], [ 109.236543, 11.732119 ], [ 109.231165, 11.741722 ], [ 109.222623, 11.748846 ], [ 109.213764, 11.759997 ], [ 109.193833, 11.776412 ] ] ], [ [ [ 109.320374, 12.185071 ], [ 109.329013, 12.19457 ], [ 109.329733, 12.215328 ], [ 109.312455, 12.221309 ], [ 109.303816, 12.222716 ], [ 109.297696, 12.228697 ], [ 109.26026, 12.234677 ], [ 109.251981, 12.227993 ], [ 109.246941, 12.2294 ], [ 109.238302, 12.236084 ], [ 109.231823, 12.2294 ], [ 109.241902, 12.214625 ], [ 109.252701, 12.203366 ], [ 109.26458, 12.195274 ], [ 109.283658, 12.175922 ], [ 109.291577, 12.173459 ], [ 109.298776, 12.178737 ], [ 109.299136, 12.1907 ], [ 109.320374, 12.185071 ] ] ] ] } },
{ "type": "Feature", "properties": { "code": "66", "iso": null, "name_vi": "Đắk Lắk", "name_en": "Dak Lak", "type": "province" }, "geometry": { "type": "MultiPolygon", "coordinates": [ [ [ [ 109.013642, 12.711803 ], [ 109.016246, 12.71407 ], [ 109.023363, 12.719855 ], [ 109.029962, 12.725338 ], [ 109.039249, 12.730106 ], [ 109.055623, 12.73535 ], [ 109.069553, 12.737019 ], [ 109.082995, 12.73988 ], [ 109.11281, 12.750845 ], [ 109.131628, 12.770866 ], [ 109.144826, 12.775395 ], [ 109.15289, 12.778732 ], [ 109.160955, 12.787312 ], [ 109.168043, 12.803041 ], [ 109.178307, 12.817578 ], [ 109.190038, 12.824727 ], [ 109.197858, 12.826871 ], [ 109.219533, 12.822939 ], [ 109.231371, 12.813631 ], [ 109.237098, 12.812886 ], [ 109.251609, 12.819216 ], [ 109.262301, 12.826291 ], [ 109.27223, 12.830758 ], [ 109.285977, 12.835226 ], [ 109.303924, 12.83746 ], [ 109.340965, 12.83895 ], [ 109.351275, 12.842673 ], [ 109.361203, 12.850119 ], [ 109.367313, 12.855703 ], [ 109.387934, 12.846768 ], [ 109.392107, 12.846477 ], [ 109.39328, 12.846396 ], [ 109.413136, 12.868733 ], [ 109.428411, 12.877295 ], [ 109.438721, 12.872083 ], [ 109.431466, 12.862404 ], [ 109.427265, 12.853097 ], [ 109.429175, 12.851236 ], [ 109.443685, 12.852725 ], [ 109.453614, 12.86166 ], [ 109.456287, 12.869105 ], [ 109.45896, 12.882134 ], [ 109.458578, 12.89814 ], [ 109.447504, 12.919729 ], [ 109.42421, 12.950619 ], [ 109.410845, 12.972202 ], [ 109.395953, 12.988203 ], [ 109.379533, 13.011272 ], [ 109.361585, 13.031362 ], [ 109.340965, 13.065958 ], [ 109.326836, 13.094598 ], [ 109.316526, 13.101665 ], [ 109.306979, 13.12026 ], [ 109.297814, 13.166371 ], [ 109.302397, 13.183846 ], [ 109.306979, 13.186448 ], [ 109.297814, 13.208011 ], [ 109.296669, 13.221023 ], [ 109.30316, 13.232174 ], [ 109.310798, 13.251875 ], [ 109.311561, 13.267486 ], [ 109.291216, 13.305378 ], [ 109.286572, 13.32369 ], [ 109.287306, 13.329636 ], [ 109.296837, 13.332014 ], [ 109.30148, 13.337483 ], [ 109.297326, 13.349135 ], [ 109.297081, 13.361262 ], [ 109.292438, 13.368157 ], [ 109.280707, 13.368157 ], [ 109.271176, 13.362926 ], [ 109.2614, 13.361737 ], [ 109.25529, 13.364115 ], [ 109.245759, 13.378143 ], [ 109.246981, 13.387654 ], [ 109.243071, 13.392646 ], [ 109.237205, 13.394073 ], [ 109.232318, 13.401205 ], [ 109.234517, 13.407386 ], [ 109.229079, 13.415736 ], [ 109.230989, 13.434307 ], [ 109.227934, 13.443221 ], [ 109.230607, 13.459562 ], [ 109.24359, 13.479244 ], [ 109.250082, 13.482586 ], [ 109.265738, 13.476273 ], [ 109.28254, 13.463276 ], [ 109.284831, 13.455106 ], [ 109.282158, 13.447678 ], [ 109.275666, 13.442478 ], [ 109.263447, 13.438393 ], [ 109.26001, 13.430965 ], [ 109.259628, 13.420193 ], [ 109.266502, 13.407936 ], [ 109.284067, 13.400135 ], [ 109.296669, 13.397906 ], [ 109.314998, 13.410536 ], [ 109.328745, 13.463276 ], [ 109.335619, 13.481101 ], [ 109.320344, 13.482215 ], [ 109.31118, 13.491869 ], [ 109.307743, 13.499667 ], [ 109.310416, 13.518603 ], [ 109.300106, 13.531598 ], [ 109.285977, 13.534196 ], [ 109.283304, 13.54125 ], [ 109.297051, 13.559441 ], [ 109.300869, 13.567236 ], [ 109.300106, 13.572804 ], [ 109.269557, 13.588023 ], [ 109.244354, 13.621797 ], [ 109.235189, 13.63961 ], [ 109.231752, 13.650371 ], [ 109.233364, 13.672052 ], [ 109.232318, 13.678008 ], [ 109.212277, 13.68062 ], [ 109.198149, 13.695163 ], [ 109.181973, 13.684775 ], [ 109.169127, 13.678943 ], [ 109.15118, 13.660019 ], [ 109.138578, 13.644063 ], [ 109.125595, 13.637012 ], [ 109.116048, 13.613261 ], [ 109.096192, 13.594704 ], [ 109.076717, 13.58728 ], [ 109.066407, 13.580599 ], [ 109.058769, 13.57763 ], [ 109.051896, 13.573175 ], [ 109.033948, 13.554986 ], [ 109.006836, 13.537166 ], [ 108.998435, 13.53531 ], [ 108.958722, 13.533454 ], [ 108.94612, 13.53531 ], [ 108.926645, 13.548304 ], [ 108.914426, 13.552758 ], [ 108.88655, 13.549417 ], [ 108.868221, 13.55016 ], [ 108.860584, 13.557213 ], [ 108.85371, 13.56835 ], [ 108.832326, 13.581341 ], [ 108.815906, 13.585795 ], [ 108.795285, 13.586167 ], [ 108.782684, 13.58097 ], [ 108.774665, 13.572804 ], [ 108.760536, 13.563153 ], [ 108.739152, 13.5561 ], [ 108.725405, 13.53828 ], [ 108.720059, 13.518974 ], [ 108.72044, 13.510806 ], [ 108.724641, 13.498553 ], [ 108.735333, 13.48927 ], [ 108.750989, 13.485557 ], [ 108.793376, 13.481101 ], [ 108.796049, 13.477759 ], [ 108.797576, 13.468103 ], [ 108.797576, 13.440621 ], [ 108.802922, 13.411279 ], [ 108.802159, 13.386019 ], [ 108.807887, 13.373016 ], [ 108.834235, 13.354069 ], [ 108.854092, 13.320257 ], [ 108.859056, 13.303628 ], [ 108.870989, 13.294918 ], [ 108.878149, 13.275174 ], [ 108.878149, 13.262398 ], [ 108.870989, 13.24091 ], [ 108.858459, 13.213611 ], [ 108.845929, 13.173528 ], [ 108.841753, 13.167719 ], [ 108.801777, 13.15668 ], [ 108.78865, 13.149127 ], [ 108.771347, 13.142154 ], [ 108.763591, 13.135763 ], [ 108.762994, 13.106128 ], [ 108.760011, 13.090437 ], [ 108.758817, 13.054984 ], [ 108.755834, 13.039291 ], [ 108.742111, 13.028246 ], [ 108.723615, 13.027083 ], [ 108.680059, 12.996854 ], [ 108.673495, 12.996273 ], [ 108.653209, 13.001505 ], [ 108.634713, 13.008481 ], [ 108.596527, 13.025921 ], [ 108.5655, 13.030571 ], [ 108.531491, 13.038709 ], [ 108.516574, 13.055566 ], [ 108.511801, 13.073583 ], [ 108.505238, 13.089856 ], [ 108.492708, 13.108452 ], [ 108.481372, 13.119493 ], [ 108.467648, 13.128814 ], [ 108.466121, 13.133276 ], [ 108.469558, 13.142945 ], [ 108.46994, 13.150382 ], [ 108.467648, 13.162652 ], [ 108.463448, 13.173435 ], [ 108.453138, 13.187935 ], [ 108.443973, 13.194256 ], [ 108.435954, 13.205037 ], [ 108.418006, 13.243698 ], [ 108.409987, 13.25299 ], [ 108.384785, 13.27306 ], [ 108.372565, 13.308737 ], [ 108.361491, 13.326945 ], [ 108.348126, 13.34478 ], [ 108.330178, 13.35444 ], [ 108.315668, 13.364472 ], [ 108.275038, 13.3749 ], [ 108.24313, 13.385095 ], [ 108.216853, 13.395594 ], [ 108.195112, 13.400463 ], [ 108.159763, 13.411266 ], [ 108.154952, 13.421039 ], [ 108.149847, 13.425421 ], [ 108.138836, 13.4299 ], [ 108.126923, 13.432236 ], [ 108.115512, 13.432528 ], [ 108.101497, 13.43175 ], [ 108.087483, 13.42766 ], [ 108.078073, 13.419384 ], [ 108.066461, 13.414029 ], [ 108.039015, 13.406245 ], [ 108.033697, 13.40305 ], [ 108.021966, 13.39179 ], [ 108.01352, 13.388899 ], [ 107.988181, 13.394833 ], [ 107.97864, 13.395594 ], [ 107.962373, 13.392703 ], [ 107.943448, 13.393007 ], [ 107.924835, 13.399398 ], [ 107.915138, 13.406093 ], [ 107.904658, 13.410961 ], [ 107.891676, 13.414004 ], [ 107.876817, 13.414613 ], [ 107.825827, 13.411113 ], [ 107.805807, 13.401528 ], [ 107.781563, 13.386008 ], [ 107.772179, 13.382356 ], [ 107.759979, 13.380835 ], [ 107.707112, 13.380226 ], [ 107.686153, 13.376422 ], [ 107.679271, 13.373835 ], [ 107.656904, 13.356792 ], [ 107.633755, 13.332289 ], [ 107.62265, 13.318439 ], [ 107.599975, 13.299406 ], [ 107.58504, 13.271656 ], [ 107.568747, 13.223418 ], [ 107.554491, 13.192355 ], [ 107.523263, 13.132202 ], [ 107.514438, 13.105756 ], [ 107.500861, 13.072033 ], [ 107.492036, 13.04029 ], [ 107.491357, 13.01185 ], [ 107.492715, 12.984068 ], [ 107.481853, 12.956284 ], [ 107.485926, 12.936435 ], [ 107.491357, 12.923864 ], [ 107.503576, 12.864969 ], [ 107.530731, 12.833861 ], [ 107.551776, 12.795468 ], [ 107.559243, 12.794806 ], [ 107.561959, 12.797454 ], [ 107.570105, 12.798116 ], [ 107.591829, 12.798116 ], [ 107.62102, 12.803412 ], [ 107.627809, 12.803412 ], [ 107.655642, 12.793482 ], [ 107.685512, 12.78951 ], [ 107.707236, 12.780903 ], [ 107.755435, 12.770972 ], [ 107.79413, 12.766338 ], [ 107.809065, 12.767 ], [ 107.834183, 12.772296 ], [ 107.849797, 12.780241 ], [ 107.865411, 12.791496 ], [ 107.876952, 12.788185 ], [ 107.882383, 12.772296 ], [ 107.885098, 12.757068 ], [ 107.897997, 12.749785 ], [ 107.908179, 12.741839 ], [ 107.923114, 12.725947 ], [ 107.932619, 12.706081 ], [ 107.960452, 12.692836 ], [ 107.963846, 12.681577 ], [ 107.97946, 12.672967 ], [ 107.990322, 12.661045 ], [ 108.02766, 12.627925 ], [ 108.048704, 12.606063 ], [ 108.058208, 12.580887 ], [ 108.047347, 12.577574 ], [ 108.007973, 12.58155 ], [ 107.947554, 12.573599 ], [ 107.937371, 12.566973 ], [ 107.92583, 12.564322 ], [ 107.916326, 12.547757 ], [ 107.916326, 12.538479 ], [ 107.920073, 12.528645 ], [ 107.931369, 12.519738 ], [ 107.950486, 12.516345 ], [ 107.972644, 12.517193 ], [ 107.983072, 12.51168 ], [ 107.993934, 12.500227 ], [ 107.997844, 12.488774 ], [ 107.999582, 12.470957 ], [ 107.994368, 12.457382 ], [ 107.967865, 12.428107 ], [ 107.96352, 12.416651 ], [ 107.962652, 12.40477 ], [ 107.974382, 12.39883 ], [ 107.986113, 12.397132 ], [ 108.000016, 12.397132 ], [ 108.00523, 12.393738 ], [ 108.014788, 12.383129 ], [ 108.021305, 12.370822 ], [ 108.02956, 12.360636 ], [ 108.036946, 12.355543 ], [ 108.077352, 12.35045 ], [ 108.096035, 12.340689 ], [ 108.112979, 12.326682 ], [ 108.116889, 12.29994 ], [ 108.133399, 12.271497 ], [ 108.126448, 12.261732 ], [ 108.110807, 12.260883 ], [ 108.098642, 12.257062 ], [ 108.092559, 12.252816 ], [ 108.089952, 12.246447 ], [ 108.092993, 12.230313 ], [ 108.113848, 12.182327 ], [ 108.122183, 12.178835 ], [ 108.132096, 12.174683 ], [ 108.156096, 12.177859 ], [ 108.187274, 12.172559 ], [ 108.203784, 12.167887 ], [ 108.219859, 12.167887 ], [ 108.241149, 12.170011 ], [ 108.298065, 12.201437 ], [ 108.317181, 12.208657 ], [ 108.338471, 12.22182 ], [ 108.361932, 12.22819 ], [ 108.375801, 12.226542 ], [ 108.398324, 12.226814 ], [ 108.411949, 12.231434 ], [ 108.429189, 12.24964 ], [ 108.441423, 12.258607 ], [ 108.466449, 12.273823 ], [ 108.477293, 12.276812 ], [ 108.501207, 12.267302 ], [ 108.519837, 12.266487 ], [ 108.537355, 12.270563 ], [ 108.558488, 12.270835 ], [ 108.574337, 12.269476 ], [ 108.589353, 12.265944 ], [ 108.61271, 12.267031 ], [ 108.652195, 12.284963 ], [ 108.68167, 12.319195 ], [ 108.682808, 12.321131 ], [ 108.689177, 12.331962 ], [ 108.692792, 12.340655 ], [ 108.692792, 12.357767 ], [ 108.682782, 12.377323 ], [ 108.681392, 12.392804 ], [ 108.687231, 12.412086 ], [ 108.696407, 12.424849 ], [ 108.702246, 12.440598 ], [ 108.707251, 12.449559 ], [ 108.712257, 12.458791 ], [ 108.721711, 12.465035 ], [ 108.738394, 12.467207 ], [ 108.750351, 12.470465 ], [ 108.769259, 12.498972 ], [ 108.782606, 12.502772 ], [ 108.802349, 12.492185 ], [ 108.810135, 12.478067 ], [ 108.813193, 12.475081 ], [ 108.832658, 12.46775 ], [ 108.853234, 12.455261 ], [ 108.859908, 12.453903 ], [ 108.870474, 12.456618 ], [ 108.877982, 12.467479 ], [ 108.87826, 12.477253 ], [ 108.874923, 12.489741 ], [ 108.876592, 12.510102 ], [ 108.880763, 12.518788 ], [ 108.886046, 12.531275 ], [ 108.892163, 12.555432 ], [ 108.893832, 12.573344 ], [ 108.880763, 12.588271 ], [ 108.868945, 12.601483 ], [ 108.868962, 12.610489 ], [ 108.872004, 12.616001 ], [ 108.88721, 12.621512 ], [ 108.8959, 12.62236 ], [ 108.904589, 12.627448 ], [ 108.910237, 12.641862 ], [ 108.910672, 12.654156 ], [ 108.909803, 12.670265 ], [ 108.913279, 12.680014 ], [ 108.926313, 12.683829 ], [ 108.94065, 12.686372 ], [ 108.952381, 12.686796 ], [ 108.96585, 12.684253 ], [ 108.979318, 12.682981 ], [ 108.998001, 12.684253 ], [ 109.00669, 12.693154 ], [ 109.010601, 12.700783 ], [ 109.013642, 12.711803 ] ] ], [ [ [ 109.33366, 13.276501 ], [ 109.339766, 13.27728 ], [ 109.341869, 13.283028 ], [ 109.337364, 13.284489 ], [ 109.337564, 13.286243 ], [ 109.332959, 13.288776 ], [ 109.329656, 13.287997 ], [ 109.328355, 13.285853 ], [ 109.328555, 13.280982 ], [ 109.33366, 13.276501 ] ] ] ] } },
{ "type": "Feature", "properties": { "code": "68", "iso": null, "name_vi": "Lâm Đồng", "name_en": "Lam Dong", "type": "province" }, "geometry": { "type": "MultiPolygon", "coordinates": [ [ [ [ 109.039553, 9.929452 ], [ 109.04029, 9.916962 ], [ 109.045598, 9.915074 ], [ 109.051053, 9.918124 ], [ 109.054739, 9.927854 ], [ 109.054592, 9.932647 ], [ 109.048104, 9.93439 ], [ 109.043091, 9.933228 ], [ 109.039553, 9.929452 ] ] ], [ [ [ 108.89384, 10.491721 ], [ 108.901715, 10.47347 ], [ 108.9169, 10.452452 ], [ 108.928149, 10.451346 ], [ 108.930961, 10.456324 ], [ 108.932086, 10.465174 ], [ 108.930399, 10.475129 ], [ 108.914651, 10.501122 ], [ 108.899465, 10.504993 ], [ 108.893278, 10.500569 ], [ 108.89384, 10.491721 ] ] ], [ [ [ 107.507983, 10.651507 ], [ 107.515295, 10.621657 ], [ 107.533293, 10.568583 ], [ 107.543597, 10.554385 ], [ 107.545917, 10.543958 ], [ 107.546117, 10.543061 ], [ 107.574194, 10.5558 ], [ 107.580313, 10.566416 ], [ 107.634308, 10.592954 ], [ 107.666704, 10.6064 ], [ 107.726818, 10.621613 ], [ 107.744816, 10.629397 ], [ 107.796651, 10.669018 ], [ 107.816089, 10.685997 ], [ 107.828013, 10.691856 ], [ 107.867946, 10.702909 ], [ 107.896068, 10.705672 ], [ 107.910692, 10.705672 ], [ 107.956812, 10.692408 ], [ 107.982122, 10.69075 ], [ 108.004057, 10.702909 ], [ 108.02768, 10.732751 ], [ 108.040053, 10.783034 ], [ 108.052989, 10.846013 ], [ 108.064801, 10.876393 ], [ 108.097422, 10.90677 ], [ 108.157604, 10.921682 ], [ 108.213848, 10.947637 ], [ 108.231846, 10.950398 ], [ 108.255469, 10.949293 ], [ 108.273467, 10.937144 ], [ 108.288653, 10.923891 ], [ 108.286965, 10.918368 ], [ 108.298777, 10.918368 ], [ 108.3134, 10.944875 ], [ 108.325774, 10.953711 ], [ 108.331961, 10.953159 ], [ 108.340397, 10.95868 ], [ 108.344897, 10.980215 ], [ 108.353334, 11.001196 ], [ 108.365145, 11.014998 ], [ 108.386518, 11.025487 ], [ 108.412952, 11.03156 ], [ 108.449511, 11.043705 ], [ 108.472571, 11.056401 ], [ 108.490007, 11.08124 ], [ 108.499568, 11.100558 ], [ 108.52994, 11.135879 ], [ 108.550751, 11.155745 ], [ 108.579998, 11.167333 ], [ 108.633992, 11.176713 ], [ 108.664926, 11.180024 ], [ 108.682362, 11.176713 ], [ 108.70261, 11.165677 ], [ 108.709922, 11.156848 ], [ 108.724545, 11.172299 ], [ 108.731857, 11.1883 ], [ 108.747605, 11.210369 ], [ 108.765604, 11.26057 ], [ 108.776852, 11.285392 ], [ 108.797663, 11.299181 ], [ 108.818473, 11.309108 ], [ 108.842096, 11.314624 ], [ 108.849856, 11.313528 ], [ 108.852265, 11.313518 ], [ 108.848847, 11.336018 ], [ 108.842421, 11.346196 ], [ 108.825613, 11.350073 ], [ 108.794965, 11.352497 ], [ 108.77964, 11.359282 ], [ 108.76135, 11.386905 ], [ 108.754924, 11.432455 ], [ 108.742071, 11.447959 ], [ 108.719826, 11.449412 ], [ 108.704007, 11.448443 ], [ 108.686211, 11.455226 ], [ 108.679291, 11.475574 ], [ 108.663966, 11.496889 ], [ 108.660012, 11.516749 ], [ 108.64617, 11.537093 ], [ 108.627386, 11.548717 ], [ 108.576456, 11.552357 ], [ 108.574057, 11.559837 ], [ 108.556973, 11.582153 ], [ 108.556656, 11.595789 ], [ 108.565831, 11.607256 ], [ 108.571842, 11.610975 ], [ 108.590825, 11.613764 ], [ 108.60348, 11.617173 ], [ 108.635117, 11.629258 ], [ 108.655365, 11.634216 ], [ 108.672765, 11.642583 ], [ 108.6889, 11.653118 ], [ 108.694279, 11.673568 ], [ 108.692381, 11.690298 ], [ 108.685737, 11.710125 ], [ 108.677827, 11.725924 ], [ 108.6715, 11.747607 ], [ 108.668336, 11.764642 ], [ 108.65315, 11.775173 ], [ 108.632586, 11.786632 ], [ 108.628157, 11.79933 ], [ 108.633219, 11.80893 ], [ 108.643343, 11.820078 ], [ 108.651885, 11.834013 ], [ 108.655049, 11.847947 ], [ 108.658212, 11.8851 ], [ 108.678777, 11.994983 ], [ 108.6889, 12.020048 ], [ 108.704719, 12.039852 ], [ 108.711679, 12.057178 ], [ 108.711996, 12.072957 ], [ 108.70725, 12.086569 ], [ 108.696177, 12.099871 ], [ 108.69333, 12.112863 ], [ 108.706934, 12.143176 ], [ 108.72212, 12.15895 ], [ 108.728947, 12.16077 ], [ 108.72908, 12.160805 ], [ 108.717058, 12.177506 ], [ 108.716425, 12.189566 ], [ 108.713578, 12.201008 ], [ 108.705985, 12.210285 ], [ 108.699657, 12.250789 ], [ 108.698392, 12.277067 ], [ 108.694279, 12.285414 ], [ 108.694279, 12.307979 ], [ 108.690482, 12.313234 ], [ 108.685104, 12.316943 ], [ 108.682808, 12.321131 ], [ 108.68167, 12.319195 ], [ 108.652195, 12.284963 ], [ 108.61271, 12.267031 ], [ 108.589353, 12.265944 ], [ 108.574337, 12.269476 ], [ 108.558488, 12.270835 ], [ 108.537355, 12.270563 ], [ 108.519837, 12.266487 ], [ 108.501207, 12.267302 ], [ 108.477293, 12.276812 ], [ 108.466449, 12.273823 ], [ 108.441423, 12.258607 ], [ 108.429189, 12.24964 ], [ 108.411949, 12.231434 ], [ 108.398324, 12.226814 ], [ 108.375801, 12.226542 ], [ 108.361932, 12.22819 ], [ 108.338471, 12.22182 ], [ 108.317181, 12.208657 ], [ 108.298065, 12.201437 ], [ 108.241149, 12.170011 ], [ 108.219859, 12.167887 ], [ 108.203784, 12.167887 ], [ 108.187274, 12.172559 ], [ 108.156096, 12.177859 ], [ 108.132096, 12.174683 ], [ 108.122183, 12.178835 ], [ 108.113848, 12.182327 ], [ 108.092993, 12.230313 ], [ 108.089952, 12.246447 ], [ 108.092559, 12.252816 ], [ 108.098642, 12.257062 ], [ 108.110807, 12.260883 ], [ 108.126448, 12.261732 ], [ 108.133399, 12.271497 ], [ 108.116889, 12.29994 ], [ 108.112979, 12.326682 ], [ 108.096035, 12.340689 ], [ 108.077352, 12.35045 ], [ 108.036946, 12.355543 ], [ 108.02956, 12.360636 ], [ 108.021305, 12.370822 ], [ 108.014788, 12.383129 ], [ 108.00523, 12.393738 ], [ 108.000016, 12.397132 ], [ 107.986113, 12.397132 ], [ 107.974382, 12.39883 ], [ 107.962652, 12.40477 ], [ 107.96352, 12.416651 ], [ 107.967865, 12.428107 ], [ 107.994368, 12.457382 ], [ 107.999582, 12.470957 ], [ 107.997844, 12.488774 ], [ 107.993934, 12.500227 ], [ 107.983072, 12.51168 ], [ 107.972644, 12.517193 ], [ 107.950486, 12.516345 ], [ 107.931369, 12.519738 ], [ 107.920073, 12.528645 ], [ 107.916326, 12.538479 ], [ 107.916326, 12.547757 ], [ 107.92583, 12.564322 ], [ 107.937371, 12.566973 ], [ 107.947554, 12.573599 ], [ 108.007973, 12.58155 ], [ 108.047347, 12.577574 ], [ 108.058208, 12.580887 ], [ 108.048704, 12.606063 ], [ 108.02766, 12.627925 ], [ 107.990322, 12.661045 ], [ 107.97946, 12.672967 ], [ 107.963846, 12.681577 ], [ 107.960452, 12.692836 ], [ 107.932619, 12.706081 ], [ 107.923114, 12.725947 ], [ 107.908179, 12.741839 ], [ 107.897997, 12.749785 ], [ 107.885098, 12.757068 ], [ 107.882383, 12.772296 ], [ 107.876952, 12.788185 ], [ 107.865411, 12.791496 ], [ 107.849797, 12.780241 ], [ 107.834183, 12.772296 ], [ 107.809065, 12.767 ], [ 107.79413, 12.766338 ], [ 107.755435, 12.770972 ], [ 107.707236, 12.780903 ], [ 107.685512, 12.78951 ], [ 107.655642, 12.793482 ], [ 107.627809, 12.803412 ], [ 107.62102, 12.803412 ], [ 107.591829, 12.798116 ], [ 107.570105, 12.798116 ], [ 107.561959, 12.797454 ], [ 107.559243, 12.794806 ], [ 107.551776, 12.795468 ], [ 107.553812, 12.792316 ], [ 107.554247, 12.778334 ], [ 107.550337, 12.744011 ], [ 107.552074, 12.729179 ], [ 107.556854, 12.70375 ], [ 107.570757, 12.684253 ], [ 107.570757, 12.669841 ], [ 107.567715, 12.660091 ], [ 107.565978, 12.633807 ], [ 107.579012, 12.607097 ], [ 107.581619, 12.593104 ], [ 107.582922, 12.573175 ], [ 107.586832, 12.555788 ], [ 107.570757, 12.523131 ], [ 107.569888, 12.498955 ], [ 107.573364, 12.487077 ], [ 107.56424, 12.470957 ], [ 107.551206, 12.439139 ], [ 107.547295, 12.42344 ], [ 107.543385, 12.386099 ], [ 107.545123, 12.377612 ], [ 107.540344, 12.358514 ], [ 107.536868, 12.352573 ], [ 107.529916, 12.350026 ], [ 107.520792, 12.337718 ], [ 107.5108, 12.329653 ], [ 107.48951, 12.318193 ], [ 107.482993, 12.31607 ], [ 107.449104, 12.291025 ], [ 107.438677, 12.276591 ], [ 107.438677, 12.264279 ], [ 107.431725, 12.252816 ], [ 107.420429, 12.245598 ], [ 107.398271, 12.248146 ], [ 107.390016, 12.260034 ], [ 107.381327, 12.279988 ], [ 107.367423, 12.302911 ], [ 107.346134, 12.315646 ], [ 107.32528, 12.324135 ], [ 107.309204, 12.323711 ], [ 107.265218, 12.314033 ], [ 107.238524, 12.299362 ], [ 107.229904, 12.296102 ], [ 107.221562, 12.293385 ], [ 107.210718, 12.293657 ], [ 107.211552, 12.284691 ], [ 107.218225, 12.27328 ], [ 107.226567, 12.262955 ], [ 107.233797, 12.24964 ], [ 107.241305, 12.222737 ], [ 107.244363, 12.19855 ], [ 107.243529, 12.188493 ], [ 107.24664, 12.154296 ], [ 107.248812, 12.140704 ], [ 107.252723, 12.130085 ], [ 107.251419, 12.116492 ], [ 107.247074, 12.0978 ], [ 107.241426, 12.083356 ], [ 107.240123, 12.070185 ], [ 107.243164, 12.05404 ], [ 107.251854, 12.040868 ], [ 107.283136, 12.021321 ], [ 107.352217, 11.982648 ], [ 107.357865, 11.977123 ], [ 107.366989, 11.956722 ], [ 107.376982, 11.928667 ], [ 107.39523, 11.911238 ], [ 107.403919, 11.893808 ], [ 107.406092, 11.881053 ], [ 107.413912, 11.870424 ], [ 107.423905, 11.864896 ], [ 107.431291, 11.854266 ], [ 107.42825, 11.84151 ], [ 107.419126, 11.82365 ], [ 107.407829, 11.807915 ], [ 107.400009, 11.790478 ], [ 107.398271, 11.76751 ], [ 107.393718, 11.766303 ], [ 107.37347, 11.766897 ], [ 107.358486, 11.753418 ], [ 107.349058, 11.748053 ], [ 107.306664, 11.736146 ], [ 107.283885, 11.725304 ], [ 107.277241, 11.701141 ], [ 107.277241, 11.687819 ], [ 107.273445, 11.677595 ], [ 107.266485, 11.667371 ], [ 107.261739, 11.654667 ], [ 107.261106, 11.641963 ], [ 107.269332, 11.630188 ], [ 107.276609, 11.626779 ], [ 107.284834, 11.620272 ], [ 107.289896, 11.609735 ], [ 107.293288, 11.560072 ], [ 107.296123, 11.553526 ], [ 107.307461, 11.546583 ], [ 107.313618, 11.546424 ], [ 107.315156, 11.546384 ], [ 107.34654, 11.547574 ], [ 107.360713, 11.541623 ], [ 107.373065, 11.529124 ], [ 107.376304, 11.522379 ], [ 107.384606, 11.517221 ], [ 107.397565, 11.518014 ], [ 107.413965, 11.514245 ], [ 107.435428, 11.506308 ], [ 107.444742, 11.501943 ], [ 107.45188, 11.496598 ], [ 107.457258, 11.487608 ], [ 107.465167, 11.479236 ], [ 107.464535, 11.474276 ], [ 107.449032, 11.454432 ], [ 107.442072, 11.450091 ], [ 107.437959, 11.444199 ], [ 107.434795, 11.433036 ], [ 107.439225, 11.428074 ], [ 107.446185, 11.424353 ], [ 107.45536, 11.424663 ], [ 107.466433, 11.429935 ], [ 107.474026, 11.431175 ], [ 107.480037, 11.429315 ], [ 107.484782, 11.424043 ], [ 107.48763, 11.41567 ], [ 107.490161, 11.398923 ], [ 107.502183, 11.383416 ], [ 107.511991, 11.373491 ], [ 107.521482, 11.367598 ], [ 107.528442, 11.361085 ], [ 107.534515, 11.357115 ], [ 107.531887, 11.348781 ], [ 107.528372, 11.323792 ], [ 107.531008, 11.274671 ], [ 107.514311, 11.246228 ], [ 107.49234, 11.233299 ], [ 107.480916, 11.217783 ], [ 107.464218, 11.179851 ], [ 107.44049, 11.151399 ], [ 107.444884, 11.126393 ], [ 107.449278, 11.114321 ], [ 107.445763, 11.097074 ], [ 107.43346, 11.089312 ], [ 107.398307, 11.046189 ], [ 107.423793, 11.030663 ], [ 107.437854, 11.025487 ], [ 107.461582, 11.018587 ], [ 107.48531, 11.015999 ], [ 107.503765, 11.011686 ], [ 107.523099, 10.998746 ], [ 107.530129, 10.98408 ], [ 107.531008, 10.967688 ], [ 107.541167, 10.944323 ], [ 107.541167, 10.925547 ], [ 107.543979, 10.910636 ], [ 107.53948, 10.880812 ], [ 107.541167, 10.856509 ], [ 107.552416, 10.826679 ], [ 107.551291, 10.812868 ], [ 107.543979, 10.797399 ], [ 107.536105, 10.788006 ], [ 107.524294, 10.781376 ], [ 107.51192, 10.779166 ], [ 107.506858, 10.775298 ], [ 107.501796, 10.764248 ], [ 107.507421, 10.749329 ], [ 107.497297, 10.739382 ], [ 107.491672, 10.722251 ], [ 107.492297, 10.719643 ], [ 107.496172, 10.703462 ], [ 107.503484, 10.681907 ], [ 107.507421, 10.66422 ], [ 107.507983, 10.651507 ] ] ] ] } },
{ "type": "Feature", "properties": { "code": "75", "iso": null, "name_vi": "Đồng Nai", "name_en": "Dong Nai", "type": "province" }, "geometry": { "type": "Polygon", "coordinates": [ [ [ 107.315156, 11.546384 ], [ 107.313618, 11.546424 ], [ 107.307461, 11.546583 ], [ 107.296123, 11.553526 ], [ 107.293288, 11.560072 ], [ 107.289896, 11.609735 ], [ 107.284834, 11.620272 ], [ 107.276609, 11.626779 ], [ 107.269332, 11.630188 ], [ 107.261106, 11.641963 ], [ 107.261739, 11.654667 ], [ 107.266485, 11.667371 ], [ 107.273445, 11.677595 ], [ 107.277241, 11.687819 ], [ 107.277241, 11.701141 ], [ 107.283885, 11.725304 ], [ 107.306664, 11.736146 ], [ 107.349058, 11.748053 ], [ 107.358486, 11.753418 ], [ 107.37347, 11.766897 ], [ 107.393718, 11.766303 ], [ 107.398271, 11.76751 ], [ 107.400009, 11.790478 ], [ 107.407829, 11.807915 ], [ 107.419126, 11.82365 ], [ 107.42825, 11.84151 ], [ 107.431291, 11.854266 ], [ 107.423905, 11.864896 ], [ 107.413912, 11.870424 ], [ 107.406092, 11.881053 ], [ 107.403919, 11.893808 ], [ 107.39523, 11.911238 ], [ 107.376982, 11.928667 ], [ 107.366989, 11.956722 ], [ 107.357865, 11.977123 ], [ 107.352217, 11.982648 ], [ 107.283136, 12.021321 ], [ 107.251854, 12.040868 ], [ 107.243164, 12.05404 ], [ 107.240123, 12.070185 ], [ 107.241426, 12.083356 ], [ 107.247074, 12.0978 ], [ 107.251419, 12.116492 ], [ 107.252723, 12.130085 ], [ 107.248812, 12.140704 ], [ 107.24664, 12.154296 ], [ 107.243529, 12.188493 ], [ 107.244363, 12.19855 ], [ 107.241305, 12.222737 ], [ 107.233797, 12.24964 ], [ 107.226567, 12.262955 ], [ 107.218225, 12.27328 ], [ 107.211552, 12.284691 ], [ 107.210722, 12.293608 ], [ 107.206744, 12.294193 ], [ 107.168271, 12.281812 ], [ 107.151453, 12.264929 ], [ 107.144758, 12.252969 ], [ 107.118121, 12.215328 ], [ 107.086444, 12.185422 ], [ 107.042169, 12.133343 ], [ 107.005453, 12.10554 ], [ 106.952898, 12.072454 ], [ 106.93418, 12.066821 ], [ 106.894224, 12.061189 ], [ 106.866147, 12.061189 ], [ 106.83987, 12.06999 ], [ 106.822231, 12.078438 ], [ 106.802793, 12.080197 ], [ 106.792354, 12.078086 ], [ 106.773276, 12.060133 ], [ 106.753478, 12.020352 ], [ 106.746639, 12.000636 ], [ 106.733321, 11.980565 ], [ 106.708843, 11.967184 ], [ 106.686885, 11.967537 ], [ 106.671047, 11.97141 ], [ 106.663488, 11.981622 ], [ 106.655209, 11.980917 ], [ 106.656648, 11.968593 ], [ 106.64441, 11.962959 ], [ 106.628211, 11.968241 ], [ 106.609853, 11.969297 ], [ 106.570257, 11.966832 ], [ 106.54506, 11.967184 ], [ 106.531741, 11.971058 ], [ 106.525262, 11.975636 ], [ 106.511583, 11.974227 ], [ 106.492865, 11.969297 ], [ 106.477747, 11.970706 ], [ 106.465508, 11.974227 ], [ 106.458309, 11.984439 ], [ 106.44715, 11.982678 ], [ 106.426992, 11.970706 ], [ 106.412234, 11.973523 ], [ 106.423393, 11.955916 ], [ 106.45183, 11.895338 ], [ 106.462988, 11.880192 ], [ 106.464068, 11.866101 ], [ 106.454349, 11.86434 ], [ 106.44607, 11.850249 ], [ 106.44751, 11.836509 ], [ 106.44607, 11.822416 ], [ 106.432752, 11.795638 ], [ 106.426359, 11.785701 ], [ 106.422543, 11.728836 ], [ 106.426459, 11.71846 ], [ 106.450188, 11.692292 ], [ 106.453413, 11.682817 ], [ 106.45111, 11.672439 ], [ 106.447438, 11.668082 ], [ 106.44859, 11.65219 ], [ 106.457229, 11.630684 ], [ 106.460109, 11.619754 ], [ 106.487466, 11.580614 ], [ 106.491425, 11.54958 ], [ 106.488186, 11.531241 ], [ 106.479547, 11.523481 ], [ 106.456869, 11.522776 ], [ 106.432392, 11.516427 ], [ 106.429872, 11.504434 ], [ 106.432752, 11.494558 ], [ 106.446407, 11.472676 ], [ 106.450592, 11.475068 ], [ 106.471403, 11.472863 ], [ 106.495025, 11.463493 ], [ 106.514711, 11.451917 ], [ 106.565893, 11.427661 ], [ 106.570392, 11.421597 ], [ 106.568143, 11.401198 ], [ 106.554644, 11.389068 ], [ 106.54902, 11.37804 ], [ 106.551832, 11.361498 ], [ 106.556331, 11.349367 ], [ 106.57208, 11.337235 ], [ 106.608638, 11.342749 ], [ 106.634511, 11.323999 ], [ 106.651946, 11.320139 ], [ 106.669945, 11.332271 ], [ 106.682881, 11.344404 ], [ 106.694692, 11.361498 ], [ 106.745312, 11.41057 ], [ 106.759373, 11.433725 ], [ 106.772309, 11.445302 ], [ 106.792557, 11.432622 ], [ 106.794807, 11.420494 ], [ 106.776809, 11.398992 ], [ 106.768372, 11.391825 ], [ 106.76331, 11.369769 ], [ 106.769497, 11.351021 ], [ 106.782995, 11.341095 ], [ 106.804931, 11.338889 ], [ 106.835303, 11.338889 ], [ 106.844549, 11.33719 ], [ 106.847789, 11.329426 ], [ 106.848149, 11.321661 ], [ 106.845269, 11.297306 ], [ 106.855708, 11.290952 ], [ 106.885945, 11.311778 ], [ 106.896024, 11.317072 ], [ 106.907903, 11.320249 ], [ 106.919781, 11.317425 ], [ 106.924821, 11.310719 ], [ 106.940299, 11.306483 ], [ 106.949469, 11.305413 ], [ 106.943959, 11.303972 ], [ 106.932535, 11.277256 ], [ 106.92111, 11.256571 ], [ 106.90617, 11.220369 ], [ 106.900019, 11.214334 ], [ 106.900019, 11.192783 ], [ 106.914958, 11.178989 ], [ 106.936929, 11.164332 ], [ 106.949232, 11.135879 ], [ 106.949232, 11.107422 ], [ 106.936929, 11.056539 ], [ 106.909686, 11.019449 ], [ 106.876291, 11.013411 ], [ 106.849926, 11.016861 ], [ 106.811258, 11.019449 ], [ 106.783136, 11.005647 ], [ 106.767317, 10.982354 ], [ 106.769954, 10.952158 ], [ 106.774348, 10.924546 ], [ 106.803349, 10.91074 ], [ 106.811288, 10.909765 ], [ 106.82444, 10.908151 ], [ 106.841138, 10.883125 ], [ 106.842896, 10.851192 ], [ 106.870139, 10.820982 ], [ 106.877169, 10.802854 ], [ 106.870139, 10.778682 ], [ 106.863108, 10.769186 ], [ 106.84729, 10.753645 ], [ 106.827956, 10.743285 ], [ 106.794561, 10.730333 ], [ 106.77259, 10.715654 ], [ 106.747105, 10.701838 ], [ 106.728649, 10.688885 ], [ 106.737438, 10.662977 ], [ 106.753256, 10.642249 ], [ 106.784894, 10.626702 ], [ 106.816531, 10.614609 ], [ 106.835865, 10.611154 ], [ 106.853441, 10.611154 ], [ 106.879806, 10.607699 ], [ 106.890352, 10.598197 ], [ 106.900897, 10.581784 ], [ 106.911443, 10.574009 ], [ 106.934292, 10.558458 ], [ 106.970324, 10.544635 ], [ 106.983506, 10.549819 ], [ 106.988779, 10.561914 ], [ 106.984385, 10.578328 ], [ 106.984385, 10.587831 ], [ 106.9879, 10.599061 ], [ 107.007234, 10.605971 ], [ 107.003719, 10.621519 ], [ 107.010749, 10.637066 ], [ 107.023053, 10.650885 ], [ 107.035356, 10.657795 ], [ 107.078418, 10.641385 ], [ 107.098631, 10.651749 ], [ 107.11973, 10.667295 ], [ 107.127632, 10.693203 ], [ 107.128511, 10.707883 ], [ 107.131147, 10.717381 ], [ 107.159269, 10.72947 ], [ 107.17333, 10.741558 ], [ 107.18827, 10.744148 ], [ 107.206725, 10.730333 ], [ 107.232211, 10.723425 ], [ 107.263848, 10.718245 ], [ 107.278788, 10.706156 ], [ 107.281424, 10.683703 ], [ 107.294607, 10.655204 ], [ 107.328002, 10.656931 ], [ 107.342942, 10.675067 ], [ 107.359639, 10.704429 ], [ 107.386004, 10.740694 ], [ 107.405337, 10.757099 ], [ 107.420277, 10.754509 ], [ 107.447521, 10.742421 ], [ 107.476522, 10.722562 ], [ 107.492297, 10.719643 ], [ 107.491672, 10.722251 ], [ 107.497297, 10.739382 ], [ 107.507421, 10.749329 ], [ 107.501796, 10.764248 ], [ 107.506858, 10.775298 ], [ 107.51192, 10.779166 ], [ 107.524294, 10.781376 ], [ 107.536105, 10.788006 ], [ 107.543979, 10.797399 ], [ 107.551291, 10.812868 ], [ 107.552416, 10.826679 ], [ 107.541167, 10.856509 ], [ 107.53948, 10.880812 ], [ 107.543979, 10.910636 ], [ 107.541167, 10.925547 ], [ 107.541167, 10.944323 ], [ 107.531008, 10.967688 ], [ 107.530129, 10.98408 ], [ 107.523099, 10.998746 ], [ 107.503765, 11.011686 ], [ 107.48531, 11.015999 ], [ 107.461582, 11.018587 ], [ 107.437854, 11.025487 ], [ 107.423793, 11.030663 ], [ 107.398307, 11.046189 ], [ 107.43346, 11.089312 ], [ 107.445763, 11.097074 ], [ 107.449278, 11.114321 ], [ 107.444884, 11.126393 ], [ 107.44049, 11.151399 ], [ 107.464218, 11.179851 ], [ 107.480916, 11.217783 ], [ 107.49234, 11.233299 ], [ 107.514311, 11.246228 ], [ 107.531008, 11.274671 ], [ 107.528372, 11.323792 ], [ 107.531887, 11.348781 ], [ 107.534515, 11.357115 ], [ 107.528442, 11.361085 ], [ 107.521482, 11.367598 ], [ 107.511991, 11.373491 ], [ 107.502183, 11.383416 ], [ 107.490161, 11.398923 ], [ 107.48763, 11.41567 ], [ 107.484782, 11.424043 ], [ 107.480037, 11.429315 ], [ 107.474026, 11.431175 ], [ 107.466433, 11.429935 ], [ 107.45536, 11.424663 ], [ 107.446185, 11.424353 ], [ 107.439225, 11.428074 ], [ 107.434795, 11.433036 ], [ 107.437959, 11.444199 ], [ 107.442072, 11.450091 ], [ 107.449032, 11.454432 ], [ 107.464535, 11.474276 ], [ 107.465167, 11.479236 ], [ 107.457258, 11.487608 ], [ 107.45188, 11.496598 ], [ 107.444742, 11.501943 ], [ 107.435428, 11.506308 ], [ 107.413965, 11.514245 ], [ 107.397565, 11.518014 ], [ 107.384606, 11.517221 ], [ 107.376304, 11.522379 ], [ 107.373065, 11.529124 ], [ 107.360713, 11.541623 ], [ 107.34654, 11.547574 ], [ 107.315156, 11.546384 ] ] ] } },
{ "type": "Feature", "properties": { "code": "79", "iso": null, "name_vi": "Thành phố Hồ Chí Minh", "name_en": "Ho Chi Minh City", "type": "municipality" }, "geometry": { "type": "MultiPolygon", "coordinates": [ [ [ [ 106.679506, 8.675511 ], [ 106.663758, 8.682183 ], [ 106.646322, 8.693859 ], [ 106.642385, 8.70331 ], [ 106.646884, 8.712761 ], [ 106.667132, 8.736667 ], [ 106.654759, 8.751676 ], [ 106.641822, 8.752788 ], [ 106.616513, 8.732775 ], [ 106.597952, 8.721101 ], [ 106.590078, 8.714429 ], [ 106.584453, 8.704422 ], [ 106.56983, 8.697195 ], [ 106.555206, 8.694971 ], [ 106.547332, 8.681627 ], [ 106.547895, 8.669395 ], [ 106.534396, 8.659942 ], [ 106.533834, 8.64771 ], [ 106.538896, 8.636032 ], [ 106.56533, 8.629359 ], [ 106.578266, 8.642149 ], [ 106.596827, 8.643817 ], [ 106.619887, 8.638257 ], [ 106.617075, 8.65327 ], [ 106.608076, 8.672175 ], [ 106.607513, 8.682739 ], [ 106.6182, 8.693859 ], [ 106.642385, 8.686075 ], [ 106.655321, 8.672175 ], [ 106.661508, 8.659386 ], [ 106.677256, 8.654382 ], [ 106.695817, 8.65605 ], [ 106.716065, 8.664391 ], [ 106.715502, 8.676067 ], [ 106.692442, 8.676623 ], [ 106.679506, 8.675511 ] ] ], [ [ [ 107.023053, 10.650885 ], [ 107.010749, 10.637066 ], [ 107.003719, 10.621519 ], [ 107.007234, 10.605971 ], [ 106.9879, 10.599061 ], [ 106.984385, 10.587831 ], [ 106.984385, 10.578328 ], [ 106.988779, 10.561914 ], [ 106.983506, 10.549819 ], [ 106.970324, 10.544635 ], [ 106.934292, 10.558458 ], [ 106.911443, 10.574009 ], [ 106.900897, 10.581784 ], [ 106.890352, 10.598197 ], [ 106.879806, 10.607699 ], [ 106.853441, 10.611154 ], [ 106.835865, 10.611154 ], [ 106.816531, 10.614609 ], [ 106.784894, 10.626702 ], [ 106.753256, 10.642249 ], [ 106.737438, 10.662977 ], [ 106.728649, 10.688885 ], [ 106.747105, 10.701838 ], [ 106.77259, 10.715654 ], [ 106.794561, 10.730333 ], [ 106.827956, 10.743285 ], [ 106.84729, 10.753645 ], [ 106.863108, 10.769186 ], [ 106.870139, 10.778682 ], [ 106.877169, 10.802854 ], [ 106.870139, 10.820982 ], [ 106.842896, 10.851192 ], [ 106.841138, 10.883125 ], [ 106.82444, 10.908151 ], [ 106.811288, 10.909765 ], [ 106.803349, 10.91074 ], [ 106.774348, 10.924546 ], [ 106.769954, 10.952158 ], [ 106.767317, 10.982354 ], [ 106.783136, 11.005647 ], [ 106.811258, 11.019449 ], [ 106.849926, 11.016861 ], [ 106.876291, 11.013411 ], [ 106.909686, 11.019449 ], [ 106.936929, 11.056539 ], [ 106.949232, 11.107422 ], [ 106.949232, 11.135879 ], [ 106.936929, 11.164332 ], [ 106.914958, 11.178989 ], [ 106.900019, 11.192783 ], [ 106.900019, 11.214334 ], [ 106.90617, 11.220369 ], [ 106.92111, 11.256571 ], [ 106.932535, 11.277256 ], [ 106.943959, 11.303972 ], [ 106.949469, 11.305413 ], [ 106.940299, 11.306483 ], [ 106.924821, 11.310719 ], [ 106.919781, 11.317425 ], [ 106.907903, 11.320249 ], [ 106.896024, 11.317072 ], [ 106.885945, 11.311778 ], [ 106.855708, 11.290952 ], [ 106.845269, 11.297306 ], [ 106.848149, 11.321661 ], [ 106.847789, 11.329426 ], [ 106.844549, 11.33719 ], [ 106.835303, 11.338889 ], [ 106.804931, 11.338889 ], [ 106.782995, 11.341095 ], [ 106.769497, 11.351021 ], [ 106.76331, 11.369769 ], [ 106.768372, 11.391825 ], [ 106.776809, 11.398992 ], [ 106.794807, 11.420494 ], [ 106.792557, 11.432622 ], [ 106.772309, 11.445302 ], [ 106.759373, 11.433725 ], [ 106.745312, 11.41057 ], [ 106.694692, 11.361498 ], [ 106.682881, 11.344404 ], [ 106.669945, 11.332271 ], [ 106.651946, 11.320139 ], [ 106.634511, 11.323999 ], [ 106.608638, 11.342749 ], [ 106.57208, 11.337235 ], [ 106.556331, 11.349367 ], [ 106.551832, 11.361498 ], [ 106.54902, 11.37804 ], [ 106.554644, 11.389068 ], [ 106.568143, 11.401198 ], [ 106.570392, 11.421597 ], [ 106.565893, 11.427661 ], [ 106.514711, 11.451917 ], [ 106.495025, 11.463493 ], [ 106.471403, 11.472863 ], [ 106.450592, 11.475068 ], [ 106.446407, 11.472676 ], [ 106.443843, 11.47121 ], [ 106.435969, 11.456878 ], [ 106.398848, 11.411122 ], [ 106.385349, 11.375835 ], [ 106.370725, 11.346058 ], [ 106.365438, 11.324484 ], [ 106.362919, 11.306483 ], [ 106.362919, 11.279303 ], [ 106.381637, 11.220344 ], [ 106.402515, 11.19033 ], [ 106.416913, 11.164198 ], [ 106.427712, 11.151485 ], [ 106.45075, 11.139477 ], [ 106.464428, 11.129587 ], [ 106.468201, 11.127234 ], [ 106.457974, 11.118633 ], [ 106.450065, 11.109147 ], [ 106.444792, 11.093624 ], [ 106.441593, 11.064681 ], [ 106.425852, 11.042049 ], [ 106.408971, 10.987945 ], [ 106.412346, 10.947636 ], [ 106.419156, 10.928693 ], [ 106.42247, 10.919473 ], [ 106.467465, 10.899591 ], [ 106.515273, 10.886335 ], [ 106.526522, 10.876946 ], [ 106.534396, 10.849327 ], [ 106.529334, 10.809553 ], [ 106.522022, 10.780823 ], [ 106.50065, 10.756512 ], [ 106.46859, 10.697382 ], [ 106.477027, 10.681907 ], [ 106.52146, 10.645427 ], [ 106.535521, 10.614471 ], [ 106.571517, 10.610048 ], [ 106.600764, 10.598439 ], [ 106.625512, 10.597333 ], [ 106.676694, 10.610048 ], [ 106.695254, 10.599544 ], [ 106.734063, 10.538172 ], [ 106.744103, 10.518454 ], [ 106.745964, 10.508986 ], [ 106.745904, 10.508919 ], [ 106.750374, 10.489508 ], [ 106.764997, 10.436412 ], [ 106.776246, 10.410966 ], [ 106.791432, 10.402669 ], [ 106.808305, 10.393264 ], [ 106.814492, 10.399349 ], [ 106.835303, 10.40986 ], [ 106.834178, 10.39437 ], [ 106.826866, 10.376667 ], [ 106.834178, 10.332958 ], [ 106.880298, 10.330745 ], [ 106.902796, 10.343471 ], [ 106.920231, 10.361176 ], [ 106.922481, 10.381093 ], [ 106.907858, 10.392711 ], [ 106.899421, 10.414285 ], [ 106.910107, 10.417605 ], [ 106.923606, 10.418158 ], [ 106.938229, 10.439177 ], [ 106.932605, 10.469598 ], [ 106.93598, 10.479553 ], [ 106.967476, 10.489508 ], [ 106.975351, 10.49891 ], [ 106.991661, 10.500016 ], [ 107.014159, 10.493933 ], [ 107.02822, 10.466833 ], [ 107.039469, 10.458536 ], [ 107.058592, 10.440837 ], [ 107.073778, 10.438071 ], [ 107.09965, 10.435859 ], [ 107.108649, 10.425902 ], [ 107.108087, 10.408754 ], [ 107.094588, 10.398796 ], [ 107.067029, 10.389945 ], [ 107.062529, 10.370028 ], [ 107.063478, 10.360554 ], [ 107.075782, 10.334618 ], [ 107.082812, 10.326837 ], [ 107.090722, 10.332024 ], [ 107.09951, 10.344128 ], [ 107.110942, 10.353638 ], [ 107.138177, 10.369198 ], [ 107.153996, 10.38303 ], [ 107.172451, 10.404639 ], [ 107.181239, 10.409826 ], [ 107.18827, 10.408097 ], [ 107.207604, 10.397724 ], [ 107.216392, 10.388216 ], [ 107.232211, 10.376114 ], [ 107.252424, 10.376979 ], [ 107.271757, 10.389945 ], [ 107.285819, 10.402911 ], [ 107.302516, 10.424519 ], [ 107.323608, 10.440076 ], [ 107.33679, 10.454769 ], [ 107.355245, 10.460818 ], [ 107.381609, 10.465139 ], [ 107.431702, 10.465139 ], [ 107.449278, 10.471188 ], [ 107.464218, 10.487607 ], [ 107.482673, 10.496249 ], [ 107.512553, 10.505754 ], [ 107.524856, 10.522171 ], [ 107.542433, 10.537723 ], [ 107.545917, 10.543958 ], [ 107.543597, 10.554385 ], [ 107.533293, 10.568583 ], [ 107.515295, 10.621657 ], [ 107.507983, 10.651507 ], [ 107.507421, 10.66422 ], [ 107.503484, 10.681907 ], [ 107.496172, 10.703462 ], [ 107.492297, 10.719643 ], [ 107.476522, 10.722562 ], [ 107.447521, 10.742421 ], [ 107.420277, 10.754509 ], [ 107.405337, 10.757099 ], [ 107.386004, 10.740694 ], [ 107.359639, 10.704429 ], [ 107.342942, 10.675067 ], [ 107.328002, 10.656931 ], [ 107.294607, 10.655204 ], [ 107.281424, 10.683703 ], [ 107.278788, 10.706156 ], [ 107.263848, 10.718245 ], [ 107.232211, 10.723425 ], [ 107.206725, 10.730333 ], [ 107.18827, 10.744148 ], [ 107.17333, 10.741558 ], [ 107.159269, 10.72947 ], [ 107.131147, 10.717381 ], [ 107.128511, 10.707883 ], [ 107.127632, 10.693203 ], [ 107.11973, 10.667295 ], [ 107.098631, 10.651749 ], [ 107.078418, 10.641385 ], [ 107.035356, 10.657795 ], [ 107.023053, 10.650885 ] ] ] ] } },
{ "type": "Feature", "properties": { "code": "80", "iso": null, "name_vi": "Tây Ninh", "name_en": "Tay Ninh", "type": "province" }, "geometry": { "type": "Polygon", "coordinates": [ [ [ 106.42247, 10.919473 ], [ 106.419156, 10.928693 ], [ 106.412346, 10.947636 ], [ 106.408971, 10.987945 ], [ 106.425852, 11.042049 ], [ 106.441593, 11.064681 ], [ 106.444792, 11.093624 ], [ 106.450065, 11.109147 ], [ 106.457974, 11.118633 ], [ 106.468201, 11.127234 ], [ 106.464428, 11.129587 ], [ 106.45075, 11.139477 ], [ 106.427712, 11.151485 ], [ 106.416913, 11.164198 ], [ 106.402515, 11.19033 ], [ 106.381637, 11.220344 ], [ 106.362919, 11.279303 ], [ 106.362919, 11.306483 ], [ 106.365438, 11.324484 ], [ 106.370725, 11.346058 ], [ 106.385349, 11.375835 ], [ 106.398848, 11.411122 ], [ 106.435969, 11.456878 ], [ 106.443843, 11.47121 ], [ 106.446407, 11.472676 ], [ 106.432752, 11.494558 ], [ 106.429872, 11.504434 ], [ 106.432392, 11.516427 ], [ 106.456869, 11.522776 ], [ 106.479547, 11.523481 ], [ 106.488186, 11.531241 ], [ 106.491425, 11.54958 ], [ 106.487466, 11.580614 ], [ 106.460109, 11.619754 ], [ 106.457229, 11.630684 ], [ 106.44859, 11.65219 ], [ 106.447438, 11.668082 ], [ 106.448848, 11.669755 ], [ 106.446502, 11.67086 ], [ 106.436826, 11.67086 ], [ 106.412406, 11.676951 ], [ 106.391903, 11.690036 ], [ 106.383609, 11.69342 ], [ 106.362184, 11.691841 ], [ 106.334167, 11.679489 ], [ 106.313356, 11.676735 ], [ 106.302108, 11.680039 ], [ 106.291421, 11.693258 ], [ 106.280735, 11.699867 ], [ 106.265549, 11.719143 ], [ 106.257112, 11.723549 ], [ 106.228428, 11.730157 ], [ 106.220553, 11.730708 ], [ 106.199181, 11.739519 ], [ 106.193556, 11.747228 ], [ 106.186244, 11.74833 ], [ 106.170496, 11.734563 ], [ 106.156997, 11.734563 ], [ 106.142374, 11.743374 ], [ 106.126626, 11.743374 ], [ 106.110315, 11.746678 ], [ 106.090629, 11.763748 ], [ 106.074881, 11.77476 ], [ 106.041134, 11.778614 ], [ 106.020324, 11.770906 ], [ 106.011325, 11.758792 ], [ 106.013012, 11.743374 ], [ 106.017512, 11.729607 ], [ 106.006825, 11.720245 ], [ 106.000076, 11.707578 ], [ 105.989952, 11.700418 ], [ 105.984328, 11.691606 ], [ 105.979828, 11.664066 ], [ 105.96633, 11.64699 ], [ 105.951144, 11.64093 ], [ 105.939332, 11.643684 ], [ 105.906711, 11.666269 ], [ 105.885338, 11.675633 ], [ 105.86509, 11.676184 ], [ 105.852154, 11.66682 ], [ 105.827406, 11.637074 ], [ 105.821782, 11.626056 ], [ 105.811658, 11.617792 ], [ 105.808846, 11.604019 ], [ 105.810533, 11.589143 ], [ 105.816158, 11.572613 ], [ 105.830219, 11.571511 ], [ 105.854966, 11.564899 ], [ 105.869027, 11.556634 ], [ 105.881401, 11.541204 ], [ 105.883229, 11.523638 ], [ 105.877077, 11.486609 ], [ 105.875319, 11.4668 ], [ 105.877077, 11.456464 ], [ 105.895532, 11.44699 ], [ 105.895532, 11.434931 ], [ 105.890259, 11.426317 ], [ 105.877077, 11.410811 ], [ 105.875319, 11.387552 ], [ 105.876198, 11.377213 ], [ 105.881471, 11.362566 ], [ 105.870925, 11.316899 ], [ 105.872683, 11.305696 ], [ 105.887623, 11.298802 ], [ 105.902563, 11.26519 ], [ 105.910472, 11.239332 ], [ 105.932442, 11.222955 ], [ 106.010657, 11.190196 ], [ 106.019445, 11.176402 ], [ 106.02296, 11.160883 ], [ 106.032627, 11.137603 ], [ 106.06075, 11.122944 ], [ 106.109963, 11.078963 ], [ 106.120509, 11.085863 ], [ 106.15654, 11.097936 ], [ 106.165329, 11.083275 ], [ 106.180268, 11.044464 ], [ 106.184663, 11.009097 ], [ 106.198724, 10.975453 ], [ 106.190407, 10.975135 ], [ 106.167111, 10.982082 ], [ 106.159739, 10.982661 ], [ 106.15104, 10.982082 ], [ 106.143078, 10.973832 ], [ 106.146174, 10.959647 ], [ 106.148626, 10.918344 ], [ 106.182491, 10.871516 ], [ 106.191706, 10.844818 ], [ 106.194701, 10.827622 ], [ 106.195853, 10.806804 ], [ 106.19447, 10.791189 ], [ 106.158301, 10.811782 ], [ 106.094026, 10.808388 ], [ 106.083199, 10.809746 ], [ 106.068455, 10.813819 ], [ 106.046339, 10.831242 ], [ 106.01063, 10.856131 ], [ 105.971697, 10.894592 ], [ 105.942208, 10.919701 ], [ 105.944512, 10.905903 ], [ 105.948659, 10.893687 ], [ 105.945664, 10.883733 ], [ 105.925621, 10.868348 ], [ 105.928616, 10.85319 ], [ 105.911799, 10.847986 ], [ 105.886918, 10.853868 ], [ 105.86113, 10.868462 ], [ 105.856091, 10.873057 ], [ 105.852851, 10.905931 ], [ 105.843492, 10.925724 ], [ 105.834853, 10.940568 ], [ 105.824414, 10.952231 ], [ 105.808936, 10.966013 ], [ 105.789858, 10.992516 ], [ 105.780859, 11.027497 ], [ 105.77222, 11.033856 ], [ 105.748822, 11.03633 ], [ 105.720025, 11.02467 ], [ 105.702387, 11.014777 ], [ 105.66747, 11.003117 ], [ 105.565601, 10.979442 ], [ 105.524565, 10.962833 ], [ 105.508007, 10.952938 ], [ 105.586119, 10.889671 ], [ 105.601597, 10.862805 ], [ 105.611316, 10.832402 ], [ 105.643713, 10.802349 ], [ 105.680047, 10.773088 ], [ 105.688483, 10.7648 ], [ 105.731229, 10.712856 ], [ 105.739103, 10.700698 ], [ 105.766663, 10.673617 ], [ 105.780724, 10.66422 ], [ 105.794222, 10.657587 ], [ 105.821782, 10.647638 ], [ 105.843155, 10.63603 ], [ 105.863965, 10.615024 ], [ 105.881963, 10.579641 ], [ 105.894899, 10.565266 ], [ 105.907273, 10.540384 ], [ 105.927284, 10.538565 ], [ 106.101878, 10.522689 ], [ 106.099628, 10.572454 ], [ 106.1345, 10.56803 ], [ 106.166559, 10.568583 ], [ 106.248113, 10.560843 ], [ 106.276798, 10.56029 ], [ 106.284109, 10.551996 ], [ 106.307169, 10.537619 ], [ 106.334167, 10.508864 ], [ 106.340916, 10.494486 ], [ 106.341478, 10.462961 ], [ 106.348228, 10.446921 ], [ 106.391536, 10.443049 ], [ 106.433157, 10.428115 ], [ 106.429782, 10.410413 ], [ 106.414033, 10.398243 ], [ 106.420783, 10.379433 ], [ 106.464091, 10.376667 ], [ 106.512461, 10.389392 ], [ 106.54227, 10.381093 ], [ 106.567018, 10.391051 ], [ 106.602452, 10.409307 ], [ 106.6182, 10.422583 ], [ 106.632823, 10.43254 ], [ 106.640698, 10.419817 ], [ 106.651384, 10.4082 ], [ 106.675007, 10.415392 ], [ 106.677819, 10.425902 ], [ 106.693282, 10.431297 ], [ 106.702566, 10.461302 ], [ 106.734063, 10.495592 ], [ 106.745904, 10.508919 ], [ 106.745964, 10.508986 ], [ 106.744103, 10.518454 ], [ 106.734063, 10.538172 ], [ 106.695254, 10.599544 ], [ 106.676694, 10.610048 ], [ 106.625512, 10.597333 ], [ 106.600764, 10.598439 ], [ 106.571517, 10.610048 ], [ 106.535521, 10.614471 ], [ 106.52146, 10.645427 ], [ 106.477027, 10.681907 ], [ 106.46859, 10.697382 ], [ 106.50065, 10.756512 ], [ 106.522022, 10.780823 ], [ 106.529334, 10.809553 ], [ 106.534396, 10.849327 ], [ 106.526522, 10.876946 ], [ 106.515273, 10.886335 ], [ 106.467465, 10.899591 ], [ 106.42247, 10.919473 ] ] ] } },
{ "type": "Feature", "properties": { "code": "82", "iso": null, "name_vi": "Đồng Tháp", "name_en": "Dong Thap", "type": "province" }, "geometry": { "type": "Polygon", "coordinates": [ [ [ 106.101878, 10.522689 ], [ 105.927284, 10.538565 ], [ 105.907273, 10.540384 ], [ 105.894899, 10.565266 ], [ 105.881963, 10.579641 ], [ 105.863965, 10.615024 ], [ 105.843155, 10.63603 ], [ 105.821782, 10.647638 ], [ 105.794222, 10.657587 ], [ 105.780724, 10.66422 ], [ 105.766663, 10.673617 ], [ 105.739103, 10.700698 ], [ 105.731229, 10.712856 ], [ 105.688483, 10.7648 ], [ 105.680047, 10.773088 ], [ 105.643713, 10.802349 ], [ 105.611316, 10.832402 ], [ 105.601597, 10.862805 ], [ 105.586119, 10.889671 ], [ 105.508007, 10.952938 ], [ 105.499503, 10.954263 ], [ 105.486004, 10.961441 ], [ 105.470818, 10.965859 ], [ 105.443821, 10.965307 ], [ 105.433135, 10.975245 ], [ 105.419636, 10.979111 ], [ 105.410074, 10.95868 ], [ 105.405575, 10.944323 ], [ 105.389827, 10.925547 ], [ 105.364517, 10.9018 ], [ 105.354393, 10.888544 ], [ 105.337519, 10.876946 ], [ 105.294211, 10.891858 ], [ 105.282963, 10.891858 ], [ 105.261027, 10.896829 ], [ 105.21097, 10.916711 ], [ 105.194659, 10.917264 ], [ 105.184112, 10.915333 ], [ 105.18476, 10.91406 ], [ 105.192319, 10.899922 ], [ 105.196639, 10.874825 ], [ 105.201678, 10.863866 ], [ 105.206718, 10.847604 ], [ 105.212477, 10.835584 ], [ 105.223276, 10.820027 ], [ 105.237315, 10.810481 ], [ 105.294851, 10.784174 ], [ 105.296694, 10.770821 ], [ 105.303145, 10.759053 ], [ 105.322496, 10.758374 ], [ 105.335628, 10.755884 ], [ 105.344152, 10.742983 ], [ 105.350602, 10.715595 ], [ 105.344382, 10.699749 ], [ 105.338104, 10.664419 ], [ 105.344944, 10.648147 ], [ 105.347823, 10.629396 ], [ 105.360422, 10.610291 ], [ 105.372301, 10.5972 ], [ 105.394978, 10.583401 ], [ 105.433135, 10.575262 ], [ 105.466971, 10.575262 ], [ 105.498648, 10.573493 ], [ 105.514486, 10.568893 ], [ 105.548683, 10.539875 ], [ 105.557322, 10.527843 ], [ 105.569201, 10.502715 ], [ 105.57064, 10.475815 ], [ 105.56992, 10.463072 ], [ 105.555162, 10.45139 ], [ 105.541483, 10.423424 ], [ 105.533204, 10.410679 ], [ 105.517366, 10.396163 ], [ 105.505127, 10.371024 ], [ 105.500808, 10.358985 ], [ 105.491777, 10.342838 ], [ 105.494792, 10.344128 ], [ 105.522914, 10.33116 ], [ 105.534339, 10.329431 ], [ 105.595856, 10.287928 ], [ 105.606402, 10.272364 ], [ 105.633645, 10.210097 ], [ 105.675727, 10.171233 ], [ 105.684991, 10.139303 ], [ 105.690148, 10.154251 ], [ 105.693748, 10.16807 ], [ 105.698787, 10.178699 ], [ 105.711386, 10.190036 ], [ 105.718945, 10.218378 ], [ 105.731229, 10.224489 ], [ 105.743603, 10.224489 ], [ 105.764975, 10.2184 ], [ 105.79141, 10.192383 ], [ 105.815595, 10.175776 ], [ 105.836405, 10.17799 ], [ 105.868465, 10.203454 ], [ 105.91121, 10.212865 ], [ 105.915147, 10.221721 ], [ 105.912898, 10.236112 ], [ 105.893775, 10.258804 ], [ 105.892087, 10.26932 ], [ 105.894745, 10.277686 ], [ 105.904326, 10.27647 ], [ 105.931683, 10.28497 ], [ 105.945362, 10.295596 ], [ 105.971639, 10.320032 ], [ 105.979918, 10.324282 ], [ 105.990717, 10.323573 ], [ 106.004396, 10.318616 ], [ 106.018434, 10.304804 ], [ 106.033047, 10.297216 ], [ 106.044352, 10.291346 ], [ 106.074948, 10.282491 ], [ 106.100506, 10.281074 ], [ 106.117784, 10.282845 ], [ 106.143701, 10.28745 ], [ 106.174298, 10.293116 ], [ 106.186177, 10.301616 ], [ 106.205367, 10.310824 ], [ 106.263861, 10.314144 ], [ 106.316731, 10.319678 ], [ 106.347665, 10.319678 ], [ 106.392098, 10.313591 ], [ 106.444968, 10.29201 ], [ 106.484901, 10.284262 ], [ 106.524272, 10.273194 ], [ 106.573205, 10.26932 ], [ 106.656446, 10.255484 ], [ 106.663318, 10.254249 ], [ 106.721127, 10.243861 ], [ 106.755436, 10.236665 ], [ 106.779058, 10.243307 ], [ 106.782995, 10.264892 ], [ 106.772871, 10.292563 ], [ 106.770059, 10.318571 ], [ 106.78862, 10.334065 ], [ 106.81393, 10.351217 ], [ 106.806056, 10.381093 ], [ 106.808282, 10.393277 ], [ 106.791432, 10.402669 ], [ 106.776246, 10.410966 ], [ 106.764997, 10.436412 ], [ 106.750374, 10.489508 ], [ 106.745904, 10.508919 ], [ 106.734063, 10.495592 ], [ 106.702566, 10.461302 ], [ 106.693282, 10.431297 ], [ 106.677819, 10.425902 ], [ 106.675007, 10.415392 ], [ 106.651384, 10.4082 ], [ 106.640698, 10.419817 ], [ 106.632823, 10.43254 ], [ 106.6182, 10.422583 ], [ 106.602452, 10.409307 ], [ 106.567018, 10.391051 ], [ 106.54227, 10.381093 ], [ 106.512461, 10.389392 ], [ 106.464091, 10.376667 ], [ 106.420783, 10.379433 ], [ 106.414033, 10.398243 ], [ 106.429782, 10.410413 ], [ 106.433157, 10.428115 ], [ 106.391536, 10.443049 ], [ 106.348228, 10.446921 ], [ 106.341478, 10.462961 ], [ 106.340916, 10.494486 ], [ 106.334167, 10.508864 ], [ 106.307169, 10.537619 ], [ 106.284109, 10.551996 ], [ 106.276798, 10.56029 ], [ 106.248113, 10.560843 ], [ 106.166559, 10.568583 ], [ 106.1345, 10.56803 ], [ 106.099628, 10.572454 ], [ 106.101878, 10.522689 ] ] ] } },
{ "type": "Feature", "properties": { "code": "86", "iso": null, "name_vi": "Vĩnh Long", "name_en": "Vinh Long", "type": "province" }, "geometry": { "type": "Polygon", "coordinates": [ [ [ 106.56519, 9.824987 ], [ 106.561697, 9.838676 ], [ 106.562553, 9.83711 ], [ 106.573978, 9.823255 ], [ 106.601221, 9.816327 ], [ 106.618798, 9.817193 ], [ 106.656587, 9.827585 ], [ 106.672405, 9.848366 ], [ 106.68383, 9.876938 ], [ 106.684709, 9.894254 ], [ 106.667132, 9.928016 ], [ 106.619676, 9.957447 ], [ 106.613188, 9.963857 ], [ 106.624949, 9.960355 ], [ 106.66882, 9.980297 ], [ 106.680631, 10.0019 ], [ 106.69413, 10.016855 ], [ 106.715502, 10.027932 ], [ 106.733501, 10.03347 ], [ 106.746999, 10.043993 ], [ 106.764435, 10.058946 ], [ 106.782433, 10.082758 ], [ 106.793119, 10.114321 ], [ 106.78862, 10.134807 ], [ 106.78412, 10.178544 ], [ 106.744749, 10.195151 ], [ 106.711003, 10.215079 ], [ 106.698629, 10.230577 ], [ 106.675569, 10.248289 ], [ 106.663318, 10.254249 ], [ 106.656446, 10.255484 ], [ 106.573205, 10.26932 ], [ 106.524272, 10.273194 ], [ 106.484901, 10.284262 ], [ 106.444968, 10.29201 ], [ 106.392098, 10.313591 ], [ 106.347665, 10.319678 ], [ 106.316731, 10.319678 ], [ 106.263861, 10.314144 ], [ 106.205367, 10.310824 ], [ 106.186177, 10.301616 ], [ 106.174298, 10.293116 ], [ 106.143701, 10.28745 ], [ 106.117784, 10.282845 ], [ 106.100506, 10.281074 ], [ 106.074948, 10.282491 ], [ 106.044352, 10.291346 ], [ 106.033047, 10.297216 ], [ 106.018434, 10.304804 ], [ 106.004396, 10.318616 ], [ 105.990717, 10.323573 ], [ 105.979918, 10.324282 ], [ 105.971639, 10.320032 ], [ 105.945362, 10.295596 ], [ 105.931683, 10.28497 ], [ 105.904326, 10.27647 ], [ 105.894745, 10.277686 ], [ 105.892087, 10.26932 ], [ 105.893775, 10.258804 ], [ 105.912898, 10.236112 ], [ 105.915147, 10.221721 ], [ 105.91121, 10.212865 ], [ 105.868465, 10.203454 ], [ 105.836405, 10.17799 ], [ 105.815595, 10.175776 ], [ 105.79141, 10.192383 ], [ 105.764975, 10.2184 ], [ 105.743603, 10.224489 ], [ 105.731229, 10.224489 ], [ 105.718945, 10.218378 ], [ 105.711386, 10.190036 ], [ 105.698787, 10.178699 ], [ 105.693748, 10.16807 ], [ 105.690148, 10.154251 ], [ 105.684991, 10.139303 ], [ 105.683669, 10.135472 ], [ 105.720745, 10.113789 ], [ 105.74574, 10.096713 ], [ 105.797035, 10.052854 ], [ 105.81897, 10.017409 ], [ 105.84428, 9.991376 ], [ 105.877464, 9.960909 ], [ 105.902803, 9.94141 ], [ 105.91346, 9.93321 ], [ 105.920981, 9.932868 ], [ 105.935079, 9.921091 ], [ 105.979899, 9.886462 ], [ 106.049325, 9.815461 ], [ 106.087114, 9.786018 ], [ 106.16445, 9.721059 ], [ 106.18642, 9.705467 ], [ 106.269029, 9.637894 ], [ 106.30506, 9.611034 ], [ 106.398215, 9.549509 ], [ 106.43161, 9.545175 ], [ 106.458853, 9.545175 ], [ 106.488733, 9.547775 ], [ 106.542341, 9.572907 ], [ 106.57222, 9.595437 ], [ 106.585403, 9.621432 ], [ 106.59507, 9.656088 ], [ 106.586281, 9.687276 ], [ 106.571341, 9.721059 ], [ 106.546735, 9.769563 ], [ 106.545856, 9.786018 ], [ 106.561675, 9.811132 ], [ 106.56519, 9.824987 ] ], [ [ 106.159684, 10.194982 ], [ 106.199743, 10.16415 ], [ 106.213049, 10.149623 ], [ 106.1952, 10.167637 ], [ 106.159684, 10.194982 ] ] ] } },
{ "type": "Feature", "properties": { "code": "91", "iso": null, "name_vi": "An Giang", "name_en": "An Giang", "type": "province" }, "geometry": { "type": "MultiPolygon", "coordinates": [ [ [ [ 104.403065, 9.746181 ], [ 104.388551, 9.763891 ], [ 104.371503, 9.754809 ], [ 104.364592, 9.754809 ], [ 104.362518, 9.760712 ], [ 104.364131, 9.772972 ], [ 104.372425, 9.785913 ], [ 104.371964, 9.797037 ], [ 104.367126, 9.797491 ], [ 104.35745, 9.794994 ], [ 104.34524, 9.785913 ], [ 104.337177, 9.767977 ], [ 104.33257, 9.75163 ], [ 104.335564, 9.721659 ], [ 104.33879, 9.704855 ], [ 104.347774, 9.69668 ], [ 104.361136, 9.695091 ], [ 104.368969, 9.705991 ], [ 104.397075, 9.713484 ], [ 104.40652, 9.721432 ], [ 104.408363, 9.734374 ], [ 104.403065, 9.746181 ] ] ], [ [ [ 104.634362, 9.862411 ], [ 104.629294, 9.85197 ], [ 104.607408, 9.843118 ], [ 104.60856, 9.839032 ], [ 104.624687, 9.836989 ], [ 104.633671, 9.838124 ], [ 104.646803, 9.839259 ], [ 104.658322, 9.843572 ], [ 104.665694, 9.851289 ], [ 104.665463, 9.865135 ], [ 104.655096, 9.87149 ], [ 104.644729, 9.868312 ], [ 104.634362, 9.862411 ] ] ], [ [ [ 105.22939, 10.200583 ], [ 105.215102, 10.203064 ], [ 105.22939, 10.223935 ], [ 105.2663, 10.268905 ], [ 105.276846, 10.277552 ], [ 105.308483, 10.296575 ], [ 105.328696, 10.299169 ], [ 105.341878, 10.28447 ], [ 105.376152, 10.277552 ], [ 105.422729, 10.286199 ], [ 105.442942, 10.29571 ], [ 105.449973, 10.312139 ], [ 105.455246, 10.329431 ], [ 105.47458, 10.335482 ], [ 105.491777, 10.342838 ], [ 105.500808, 10.358985 ], [ 105.505127, 10.371024 ], [ 105.517366, 10.396163 ], [ 105.533204, 10.410679 ], [ 105.541483, 10.423424 ], [ 105.555162, 10.45139 ], [ 105.56992, 10.463072 ], [ 105.57064, 10.475815 ], [ 105.569201, 10.502715 ], [ 105.557322, 10.527843 ], [ 105.548683, 10.539875 ], [ 105.514486, 10.568893 ], [ 105.498648, 10.573493 ], [ 105.466971, 10.575262 ], [ 105.433135, 10.575262 ], [ 105.394978, 10.583401 ], [ 105.372301, 10.5972 ], [ 105.360422, 10.610291 ], [ 105.347823, 10.629396 ], [ 105.344944, 10.648147 ], [ 105.338104, 10.664419 ], [ 105.344382, 10.699749 ], [ 105.350602, 10.715595 ], [ 105.344152, 10.742983 ], [ 105.335628, 10.755884 ], [ 105.322496, 10.758374 ], [ 105.303145, 10.759053 ], [ 105.296694, 10.770821 ], [ 105.294851, 10.784174 ], [ 105.237315, 10.810481 ], [ 105.223276, 10.820027 ], [ 105.212477, 10.835584 ], [ 105.206718, 10.847604 ], [ 105.201678, 10.863866 ], [ 105.196639, 10.874825 ], [ 105.192319, 10.899922 ], [ 105.18476, 10.91406 ], [ 105.179361, 10.924664 ], [ 105.164962, 10.930672 ], [ 105.143724, 10.929965 ], [ 105.116007, 10.924664 ], [ 105.104848, 10.927491 ], [ 105.112048, 10.952584 ], [ 105.108448, 10.959652 ], [ 105.102329, 10.960712 ], [ 105.049774, 10.93562 ], [ 105.025657, 10.916535 ], [ 105.017377, 10.90381 ], [ 105.019177, 10.892146 ], [ 105.021697, 10.88649 ], [ 105.045095, 10.85821 ], [ 105.051934, 10.845483 ], [ 105.053734, 10.816492 ], [ 105.059853, 10.798459 ], [ 105.075331, 10.780779 ], [ 105.08793, 10.759208 ], [ 105.09009, 10.736928 ], [ 105.082733, 10.725567 ], [ 104.98768, 10.671406 ], [ 104.963495, 10.654271 ], [ 104.938748, 10.62608 ], [ 104.917375, 10.597886 ], [ 104.896002, 10.565266 ], [ 104.882504, 10.548678 ], [ 104.862256, 10.532643 ], [ 104.825135, 10.526007 ], [ 104.787451, 10.523795 ], [ 104.776765, 10.524348 ], [ 104.719396, 10.53209 ], [ 104.667651, 10.542043 ], [ 104.650215, 10.539278 ], [ 104.63278, 10.530984 ], [ 104.613657, 10.533196 ], [ 104.595764, 10.529947 ], [ 104.579066, 10.51353 ], [ 104.540398, 10.45304 ], [ 104.521064, 10.418469 ], [ 104.492064, 10.419333 ], [ 104.474487, 10.428841 ], [ 104.45779, 10.432298 ], [ 104.435819, 10.426248 ], [ 104.431425, 10.418469 ], [ 104.433183, 10.376978 ], [ 104.470972, 10.376114 ], [ 104.498215, 10.371792 ], [ 104.518428, 10.352773 ], [ 104.565005, 10.302628 ], [ 104.577309, 10.256798 ], [ 104.579945, 10.22134 ], [ 104.599279, 10.165119 ], [ 104.629159, 10.154739 ], [ 104.653766, 10.159929 ], [ 104.681009, 10.184149 ], [ 104.700343, 10.211827 ], [ 104.73198, 10.231719 ], [ 104.765375, 10.235178 ], [ 104.812831, 10.211827 ], [ 104.856772, 10.139167 ], [ 104.872591, 10.117539 ], [ 104.898076, 10.102831 ], [ 104.91741, 10.09764 ], [ 104.964866, 10.111483 ], [ 104.996504, 10.106292 ], [ 105.036929, 10.082931 ], [ 105.07384, 10.051781 ], [ 105.09581, 10.018897 ], [ 105.101083, 9.984279 ], [ 105.100204, 9.969565 ], [ 105.082628, 9.965237 ], [ 105.052748, 9.953119 ], [ 104.970245, 9.893873 ], [ 104.925812, 9.872817 ], [ 104.908376, 9.859518 ], [ 104.888691, 9.831256 ], [ 104.876317, 9.760867 ], [ 104.862818, 9.71652 ], [ 104.854382, 9.67993 ], [ 104.840321, 9.588436 ], [ 104.840883, 9.572352 ], [ 104.875755, 9.553495 ], [ 104.894878, 9.578453 ], [ 104.913438, 9.589545 ], [ 104.961808, 9.590099 ], [ 104.991618, 9.593427 ], [ 105.014115, 9.58899 ], [ 105.050112, 9.572907 ], [ 105.130541, 9.515223 ], [ 105.144039, 9.50191 ], [ 105.163725, 9.490815 ], [ 105.181723, 9.471398 ], [ 105.204221, 9.456419 ], [ 105.244716, 9.434781 ], [ 105.265421, 9.425557 ], [ 105.275967, 9.452431 ], [ 105.286513, 9.492306 ], [ 105.290028, 9.517441 ], [ 105.319908, 9.546909 ], [ 105.319029, 9.584172 ], [ 105.301453, 9.600636 ], [ 105.282119, 9.625764 ], [ 105.295301, 9.639627 ], [ 105.33309, 9.613634 ], [ 105.366485, 9.609301 ], [ 105.378789, 9.620565 ], [ 105.401979, 9.633267 ], [ 105.394607, 9.650024 ], [ 105.391971, 9.665618 ], [ 105.377031, 9.677747 ], [ 105.343636, 9.694206 ], [ 105.355061, 9.713263 ], [ 105.376152, 9.728855 ], [ 105.40779, 9.74791 ], [ 105.417456, 9.760902 ], [ 105.425366, 9.780822 ], [ 105.455246, 9.819791 ], [ 105.477216, 9.836244 ], [ 105.50358, 9.8475 ], [ 105.523793, 9.86828 ], [ 105.540491, 9.892522 ], [ 105.543127, 9.911568 ], [ 105.548772, 9.91041 ], [ 105.513247, 9.936672 ], [ 105.463155, 9.982548 ], [ 105.449973, 9.999857 ], [ 105.442942, 10.011974 ], [ 105.409547, 10.037936 ], [ 105.391092, 10.056973 ], [ 105.381425, 10.070818 ], [ 105.355061, 10.091584 ], [ 105.333969, 10.125326 ], [ 105.324302, 10.131381 ], [ 105.309362, 10.133112 ], [ 105.293543, 10.143493 ], [ 105.287392, 10.150413 ], [ 105.275967, 10.168579 ], [ 105.263664, 10.181554 ], [ 105.22939, 10.200583 ] ] ], [ [ [ 104.844466, 10.00696 ], [ 104.838937, 10.001969 ], [ 104.837785, 9.997885 ], [ 104.833408, 9.992894 ], [ 104.839397, 9.976331 ], [ 104.844466, 9.977239 ], [ 104.847, 9.983365 ], [ 104.84723, 9.99244 ], [ 104.850455, 9.996524 ], [ 104.851147, 10.004238 ], [ 104.844466, 10.00696 ] ] ], [ [ [ 104.042989, 10.095045 ], [ 104.042989, 10.126191 ], [ 104.047383, 10.171174 ], [ 104.072868, 10.247285 ], [ 104.075505, 10.26631 ], [ 104.075505, 10.336347 ], [ 104.064959, 10.364876 ], [ 104.056276, 10.389392 ], [ 104.027029, 10.423689 ], [ 104.00172, 10.445262 ], [ 103.985409, 10.448027 ], [ 103.96966, 10.430327 ], [ 103.967411, 10.410413 ], [ 103.950537, 10.386625 ], [ 103.944913, 10.371135 ], [ 103.931414, 10.362283 ], [ 103.911729, 10.361729 ], [ 103.877982, 10.377774 ], [ 103.838049, 10.376114 ], [ 103.838611, 10.354537 ], [ 103.859984, 10.323551 ], [ 103.888106, 10.300864 ], [ 103.934227, 10.275407 ], [ 103.944913, 10.262678 ], [ 103.952787, 10.246628 ], [ 103.965161, 10.216186 ], [ 103.974722, 10.197365 ], [ 103.980347, 10.175776 ], [ 103.983721, 10.12927 ], [ 103.991033, 10.094941 ], [ 103.996163, 10.053962 ], [ 104.007321, 10.028796 ], [ 104.009841, 10.00611 ], [ 104.007681, 9.996893 ], [ 104.010201, 9.990512 ], [ 104.014867, 9.987741 ], [ 104.037716, 10.031878 ], [ 104.042989, 10.051781 ], [ 104.044746, 10.076009 ], [ 104.042989, 10.095045 ] ] ] ] } },
{ "type": "Feature", "properties": { "code": "92", "iso": null, "name_vi": "Cần Thơ", "name_en": "Can Tho", "type": "municipality" }, "geometry": { "type": "MultiPolygon", "coordinates": [ [ [ [ 106.140102, 8.619088 ], [ 106.138489, 8.612482 ], [ 106.141023, 8.610888 ], [ 106.144709, 8.611571 ], [ 106.14494, 8.619543 ], [ 106.140102, 8.619088 ] ] ], [ [ [ 105.824032, 9.345996 ], [ 105.829094, 9.316026 ], [ 105.829656, 9.261075 ], [ 105.83762, 9.262284 ], [ 105.858903, 9.265516 ], [ 105.880276, 9.272177 ], [ 105.899961, 9.276062 ], [ 105.969142, 9.29882 ], [ 105.998951, 9.304926 ], [ 106.06307, 9.323797 ], [ 106.104128, 9.333232 ], [ 106.151935, 9.338782 ], [ 106.169259, 9.344331 ], [ 106.178978, 9.344687 ], [ 106.189784, 9.349305 ], [ 106.200216, 9.358183 ], [ 106.205255, 9.373455 ], [ 106.204175, 9.399736 ], [ 106.205615, 9.432051 ], [ 106.222173, 9.470045 ], [ 106.238372, 9.480696 ], [ 106.270408, 9.494188 ], [ 106.283367, 9.511229 ], [ 106.291646, 9.535369 ], [ 106.296326, 9.559507 ], [ 106.25745, 9.600326 ], [ 106.184017, 9.671658 ], [ 106.145861, 9.715656 ], [ 106.127503, 9.745103 ], [ 106.106955, 9.769193 ], [ 106.087114, 9.786018 ], [ 106.049325, 9.815461 ], [ 105.979899, 9.886462 ], [ 105.935079, 9.921091 ], [ 105.920981, 9.932868 ], [ 105.91346, 9.93321 ], [ 105.902803, 9.94141 ], [ 105.877464, 9.960909 ], [ 105.84428, 9.991376 ], [ 105.81897, 10.017409 ], [ 105.797035, 10.052854 ], [ 105.74574, 10.096713 ], [ 105.720745, 10.113789 ], [ 105.683669, 10.135472 ], [ 105.684991, 10.139303 ], [ 105.675727, 10.171233 ], [ 105.633645, 10.210097 ], [ 105.606402, 10.272364 ], [ 105.595856, 10.287928 ], [ 105.534339, 10.329431 ], [ 105.522914, 10.33116 ], [ 105.494792, 10.344128 ], [ 105.491777, 10.342838 ], [ 105.47458, 10.335482 ], [ 105.455246, 10.329431 ], [ 105.449973, 10.312139 ], [ 105.442942, 10.29571 ], [ 105.422729, 10.286199 ], [ 105.376152, 10.277552 ], [ 105.341878, 10.28447 ], [ 105.328696, 10.299169 ], [ 105.308483, 10.296575 ], [ 105.276846, 10.277552 ], [ 105.2663, 10.268905 ], [ 105.22939, 10.223935 ], [ 105.215102, 10.203064 ], [ 105.22939, 10.200583 ], [ 105.263664, 10.181554 ], [ 105.275967, 10.168579 ], [ 105.287392, 10.150413 ], [ 105.293543, 10.143493 ], [ 105.309362, 10.133112 ], [ 105.324302, 10.131381 ], [ 105.333969, 10.125326 ], [ 105.355061, 10.091584 ], [ 105.381425, 10.070818 ], [ 105.391092, 10.056973 ], [ 105.409547, 10.037936 ], [ 105.442942, 10.011974 ], [ 105.449973, 9.999857 ], [ 105.463155, 9.982548 ], [ 105.513247, 9.936672 ], [ 105.548772, 9.91041 ], [ 105.543127, 9.911568 ], [ 105.540491, 9.892522 ], [ 105.523793, 9.86828 ], [ 105.50358, 9.8475 ], [ 105.477216, 9.836244 ], [ 105.455246, 9.819791 ], [ 105.425366, 9.780822 ], [ 105.417456, 9.760902 ], [ 105.40779, 9.74791 ], [ 105.376152, 9.728855 ], [ 105.355061, 9.713263 ], [ 105.343636, 9.694206 ], [ 105.377031, 9.677747 ], [ 105.391971, 9.665618 ], [ 105.394607, 9.650024 ], [ 105.402517, 9.633562 ], [ 105.427123, 9.630963 ], [ 105.453488, 9.623165 ], [ 105.483368, 9.621432 ], [ 105.520278, 9.6145 ], [ 105.54956, 9.615055 ], [ 105.54956, 9.463077 ], [ 105.612554, 9.444768 ], [ 105.631677, 9.430342 ], [ 105.666548, 9.407593 ], [ 105.680609, 9.400935 ], [ 105.700295, 9.39816 ], [ 105.723355, 9.407038 ], [ 105.742478, 9.417581 ], [ 105.761038, 9.423129 ], [ 105.775662, 9.423684 ], [ 105.784661, 9.406483 ], [ 105.787473, 9.397605 ], [ 105.792535, 9.389837 ], [ 105.800972, 9.388172 ], [ 105.821782, 9.394831 ], [ 105.834156, 9.408703 ], [ 105.850467, 9.410368 ], [ 105.862278, 9.397605 ], [ 105.858903, 9.380403 ], [ 105.853279, 9.370969 ], [ 105.835281, 9.367085 ], [ 105.824032, 9.345996 ] ] ] ] } },
{ "type": "Feature", "properties": { "code": "96", "iso": null, "name_vi": "Cà Mau", "name_en": "Ca Mau", "type": "province" }, "geometry": { "type": "MultiPolygon", "coordinates": [ [ [ [ 104.822637, 8.444586 ], [ 104.828757, 8.439958 ], [ 104.832716, 8.442806 ], [ 104.835596, 8.455624 ], [ 104.830197, 8.459185 ], [ 104.829477, 8.471646 ], [ 104.824077, 8.472002 ], [ 104.818318, 8.459185 ], [ 104.819398, 8.453132 ], [ 104.822637, 8.444586 ] ] ], [ [ [ 105.414012, 9.025074 ], [ 105.433135, 9.051181 ], [ 105.441267, 9.058766 ], [ 105.461819, 9.073398 ], [ 105.485442, 9.112274 ], [ 105.502315, 9.123936 ], [ 105.531562, 9.133931 ], [ 105.588369, 9.158364 ], [ 105.601867, 9.166693 ], [ 105.654174, 9.183351 ], [ 105.74754, 9.223325 ], [ 105.778721, 9.240335 ], [ 105.822974, 9.258366 ], [ 105.83762, 9.262284 ], [ 105.829656, 9.261075 ], [ 105.829094, 9.316026 ], [ 105.824032, 9.345996 ], [ 105.835281, 9.367085 ], [ 105.853279, 9.370969 ], [ 105.858903, 9.380403 ], [ 105.862278, 9.397605 ], [ 105.850467, 9.410368 ], [ 105.834156, 9.408703 ], [ 105.821782, 9.394831 ], [ 105.800972, 9.388172 ], [ 105.792535, 9.389837 ], [ 105.787473, 9.397605 ], [ 105.784661, 9.406483 ], [ 105.775662, 9.423684 ], [ 105.761038, 9.423129 ], [ 105.742478, 9.417581 ], [ 105.723355, 9.407038 ], [ 105.700295, 9.39816 ], [ 105.680609, 9.400935 ], [ 105.666548, 9.407593 ], [ 105.631677, 9.430342 ], [ 105.612554, 9.444768 ], [ 105.54956, 9.463077 ], [ 105.54956, 9.615055 ], [ 105.520278, 9.6145 ], [ 105.483368, 9.621432 ], [ 105.453488, 9.623165 ], [ 105.427123, 9.630963 ], [ 105.402517, 9.633562 ], [ 105.378789, 9.620565 ], [ 105.366485, 9.609301 ], [ 105.33309, 9.613634 ], [ 105.295301, 9.639627 ], [ 105.282119, 9.625764 ], [ 105.301453, 9.600636 ], [ 105.319029, 9.584172 ], [ 105.319908, 9.546909 ], [ 105.290028, 9.517441 ], [ 105.286513, 9.492306 ], [ 105.275967, 9.452431 ], [ 105.265421, 9.425557 ], [ 105.244716, 9.434781 ], [ 105.204221, 9.456419 ], [ 105.181723, 9.471398 ], [ 105.163725, 9.490815 ], [ 105.144039, 9.50191 ], [ 105.130541, 9.515223 ], [ 105.050112, 9.572907 ], [ 105.014115, 9.58899 ], [ 104.991618, 9.593427 ], [ 104.961808, 9.590099 ], [ 104.913438, 9.589545 ], [ 104.894878, 9.578453 ], [ 104.875755, 9.553495 ], [ 104.840883, 9.572352 ], [ 104.837508, 9.557932 ], [ 104.833571, 9.447542 ], [ 104.818948, 9.238314 ], [ 104.814448, 9.20889 ], [ 104.798137, 9.141706 ], [ 104.802075, 9.110608 ], [ 104.801512, 9.021186 ], [ 104.805449, 8.924518 ], [ 104.797013, 8.884511 ], [ 104.785764, 8.857836 ], [ 104.77789, 8.824491 ], [ 104.783514, 8.80337 ], [ 104.798137, 8.787807 ], [ 104.821198, 8.792254 ], [ 104.87013, 8.817266 ], [ 104.886441, 8.816154 ], [ 104.878567, 8.797256 ], [ 104.857756, 8.788363 ], [ 104.835821, 8.781137 ], [ 104.817261, 8.768352 ], [ 104.807699, 8.743893 ], [ 104.802637, 8.724992 ], [ 104.792513, 8.715541 ], [ 104.790263, 8.691079 ], [ 104.799262, 8.671063 ], [ 104.791388, 8.657162 ], [ 104.770578, 8.648822 ], [ 104.742456, 8.643261 ], [ 104.717146, 8.646041 ], [ 104.708147, 8.631028 ], [ 104.714896, 8.612677 ], [ 104.734582, 8.600998 ], [ 104.763829, 8.591544 ], [ 104.827384, 8.578753 ], [ 104.879129, 8.575972 ], [ 104.928062, 8.580978 ], [ 104.981494, 8.597106 ], [ 105.012428, 8.612121 ], [ 105.054611, 8.629359 ], [ 105.108043, 8.657718 ], [ 105.155851, 8.690523 ], [ 105.21322, 8.756123 ], [ 105.233468, 8.77002 ], [ 105.253716, 8.778914 ], [ 105.298711, 8.813931 ], [ 105.318396, 8.835051 ], [ 105.342581, 8.872285 ], [ 105.375203, 8.93452 ], [ 105.389827, 8.965077 ], [ 105.398826, 8.99841 ], [ 105.414012, 9.025074 ] ] ] ] } }
]
}
