code,md5
00004,45521dbd3b93f26fa6ad547ca83f35b7
00008,9fe1da9d50d170aa865881febaeb808c
00025,eb2662e69ec59603e570a58f3a1c50c7
00070,e147212742408e802554cdbe20ef6679
00082,d282f8d788f2eada12eab693b38a9a16
00091,8b71db69f327280ca5806ee09f8f5803
00097,05c005f0e72dc375fadce3d85c12bec2
00103,4de25788810e25a37c1efb39d85474df
00118,1d2ec3ec19a8c429d399823ee1c275ca
00127,30ccdfe5025e0b1dd5db70fc9b21c7be
00136,c9ed76861bd704b35d2b69735704cd17
00145,3a808500ecf0a6c362c4f5a89ef55e21
00160,7feb1ec54634908c440d4ff15edb1034
00166,3cef8ad278c908d01228815f0491c8c2
00175,985707b5b7bde76eb2aea27e7d624106
00190,48f0680a9da6b4ad9194329a717bded7
00199,42ea279549654830cd1310d8c2bdfe7b
00226,fc28352102547d5896b27005db2b8acf
00229,d00a072f097bfea8eb413edb2620fcbc
00235,4835bf80261a0d218ae47ef474e45b5a
00256,28c5e14bbd719c47d95a791ea86ee505
00283,0ca1dcc784c1af85c6f76b391ed9431d
00292,a05365f89db7bedbd676f7a6d4e0d1e5
00301,4620fe68cdbd7b29f71747449d12813b
00316,0c32493cd1d1d666cc20b28a730fee50
00322,5d61aa78628a8ea0afb1f05de91167c8
00328,1a4fb838b345af39b6fdd0e660313bf8
00331,11e9eee89e30a27c1618b7c5280497a9
00337,ae9e29681cd0d56d9e76fcaca68159e2
00340,fe8ba772bc3c291301a4ad995f28c8ea
00352,d10568065524506e101bae7a9d816a7e
00364,bf84f521d6d879380a93d886d783c590
00367,98466ca3d944f088a0b9938e5e6a7297
00376,7a51453c88906177ca5e57fc88750c13
00382,dc6cf133dfcc5251b7b36ed886d02ce3
00385,91668a67c3d95632c23ee9633c212c0a
00430,346e88a8da64e4c01210741654addc6a
00433,d7facc071ad1b916a0ce62d426a2433c
00454,2f80d31563a94de34b5274135ce1dcff
00466,b5daa0738bc11122bf82359637cdf47d
00475,07e5cbf6aa88bc0bba173b41cdab03dd
00493,3033fd36722e61d0f8f0408c8de3f37d
00508,87c77a2347a64912ef11bc3dc175d39d
00541,1de6e2d2b807868904d649fdbb3b0b55
00562,05ec9154fecbdf5bb4bdf7f8d0435dd5
00565,250682b2c0a89398d66c5b182d7b7d7e
00577,d361ba0dc99bea474b281479f06838a4
00592,4b088ba8194557ffa3842a80b524477b
00598,68da6dd400f0b1dacb737b73b614d7d9
00602,b87ebb1594d302ad0fe2bd5e79768825
00611,32a934d01efe48f9f404450f5ac0f8e1
00613,22d6f46e0f76f5e3a6016f06fd31c64b
00619,1ca95bae2b39ec3b46eba317f25fd72a
00622,4795ca7eb7b268e1b2f74c46d671f854
00634,7533abb3a1cc2f632457d631d51e8e31
00637,906c033f7308c1d1d3a01910bcce926a
00640,536b6024967c7784a2a3741524450d6d
00643,394bba8933870ab0c7d0c7ec4fbd7ae4
00664,cd5a5b2f7cb66634cf9764199fa01cc7
00679,3bc1f66cb2ea459029d60d7b6264d00a
00685,b722534f7b0fea9e05e4cd5786b5bece
00691,bfcda89f545366e14eddb48fa750b271
00694,9e0f9374492365e9440b138f67f7f605
00700,d1dc1d92b4d1199075e05f0aa121886d
00706,e33ef39d1df6ff0f1ddf12054ecc12bb
00715,2dad789af7b0dddc907562cfe1b9765a
00721,777bde21badf538af1efa86b387fe6ca
00733,06b263901ba766a04c8c19e46fc9fa00
00745,7c8fd8f5caaf103810327464712119d7
00763,343da022805e4417fa8ee482871182e1
00769,50cec421b9116903443462d0f02ca804
00778,1eab833487a9c34937449950e111d642
00787,665ce53128548c912a9ddd6973ac966e
00802,8ae91cc4405c12187a74e8701f5bf63c
00808,a61005782b536000629bf31929f2c66c
00817,aeb95645bccb72dcf242b7e3cbe0ba78
00820,24c976c0fc5e68df01fd173891bdc127
00829,dc0bdf346666ab36048e71917b4c9c49
00832,cd285c41c8a3a906e1f5b09bdb1d9931
00847,06b1854fe48ac79eb6bae21996e72e22
00859,ddfd4951beac27a4b2dd7b2e6aba1202
00865,b083251e77e00c577f2b4a78bd9b047e
00871,fb76f3cfff8c0da6dea1cec8a03035e6
00874,ea3c4d50095154c64fdef524a087f829
00883,7fa9ce49d099b9e8f8b0e83531ea73e1
00889,10184556c88c959d77668b3344e5d996
00892,dd155aad4ad7c0eab6a214cd1f263951
00901,1581cdd43b3a3d0fdb51584ef4f59d9b
00913,19dd2f04102fb647b0cfc669c7e3d092
00919,387cbc68afb07c8dba09f88e57d8b113
00922,64d7ce6e97870ff83d3318b749a095c2
00925,fc7b6533e1bda1cba2294add23d068c0
00928,3a982e15d44d638550d9dcdef512e218
00937,d5cf85ab407b40e236b210ecc42b2ad7
00952,332111b78b407b6ce4b54be1f4b83689
00958,75151364d5d06bc4d3bfb91c52f3908b
00967,75e6510860f44847137c4cdd71da0d89
00970,3a4c625ce69e9c3cc392781ab3af828a
00976,26733b02e6684011b4e43ea197912870
00982,3b46e7286622acb1a514b5fa9b259341
00985,c336b7b8dbd544e61d1f18373557b97e
00991,72a7ed296f6e20d9b82d946dcb726c62
00994,381fb00d34869b699c28ce737eb501cd
01006,5e53733491fcca628902276b02324864
01012,484a37c6219e5375153e864a666deb4a
01021,02eec6296b440eed1d2961ecdcb884b6
01024,18b0ada1c3944316f85330caf6deab15
01033,dda69d31ebc93971ab1d1e02882ac921
01051,5a00b19630bcdb1d70bb3e752de3345a
01057,b29ca0e44f44a13727ebab1e68577a2f
01075,335521e99c155f7bcabad8eb1e5b1a3d
01084,180ecd290f3564035483e59947fd8d8e
01090,fc88ee3571d9ded0f8dedfa34bed9625
01096,1bdf6a207649a06b93d4d22d64ef2ea1
01108,d168145933ccbffe83150d159564c764
01117,a0b5d82faedca419b5b14cc46b26b058
01141,d8838d3cd9a32f7b139c71285326f208
01144,6915dd085bfeb1f6a764433a0aa1a9af
01147,407931121e604bd45610a12653545288
01153,9ffa1c887198593b203922d6e4592a39
01156,11e507a072132575cc1c5689f95717b8
01165,e17d5baabb3d38af1c2935ffd452ce28
01171,33bc8e0e9168600921ed94c946374931
01180,157225fa352cdda0e9b1cd231a57f30e
01192,bb23929127997c00308cd9b69d13453e
01201,4e6f7aef8759b2824279ae72176d93da
01216,34b29aa5294ce73617d605a0a7120014
01225,0c1f500c9135df2e329b2075abba2f3a
01234,6ef42967d6a0c6907395e8dbcd13b8b0
01237,5adf9a6bcdc903fccc7fb79cd97ada67
01243,771dc44a8d0fc242c42335f038633a87
01246,6621c54bc2403ead914ace74250e184d
01255,a00fe9a35d97141caa078de76f1d0da2
01261,4002f40abda4d0a801892774c58afa93
01273,e95e308624fb9b879f07ee92573c07c3
01279,87dd4c31f8f49515a421c10a52b44de1
01288,f6e0fd65e719baf8f377bc79ba12b67d
01290,4ee114f6b596c36cede36a1235731c37
01294,3df33cfaee949824909aa4249e606fc7
01297,2fd6ff7cad88e6604cb2c4e24ee66020
01304,29027e31d52335d3d979bc5315b3291b
01318,b646a23536dc9f5ff6ad7c988dfc9790
01321,261f73fdced89780d3a388af476e672f
01324,32a18f889734cbc5628d90dd80432174
01327,2aea38a649d28ab4207cf68f40231331
01336,6e2016d30084a50bd74b7036ed2a67fa
01339,5fe518969807ad8749db7df492a178b5
01351,afb18308f45c6d594e9ad60a206313a0
01354,21e961fe34ed5af9dab5a337cf871b2c
01360,9873452f2869d7ef45405f16b1b63ec7
01363,fb9e55560925bda7af772ffb09265814
01366,9c346d1515f548a211ad029d05a54171
01387,0750902c66791a245b63840b5d09744a
01392,3ead52b6677ffbe14ff40ec92c488f49
01393,1fc468c2a1ba5c58e088cd0a13d49f52
01414,632086589cc9a09cb9175808c6372ed2
01438,47baf47a367a618adb1e349061f0e133
01447,0092addd70041e40eef9630f8b1fd7fa
01456,aa86359cee9409017d392bb4b97ca2a2
01465,cdabc51c3415a0d88ff0129021c90be7
01477,39d67c436f2db3ae1124d6911befd0ab
01489,856804103b77fac7d84d1a3354302fe1
01501,a345cbb24247fd52d05dba63e969b5ea
01525,adeb6122b6d34ccfe9da2fab306df2be
01537,feea68e336ad38c9afae6c06aa3826ce
01552,cb146cf32b1c2ca4477fba8ba7c995ee
01558,6c259ae5cf5240c4c420d316fadef03d
01561,a5fc300ee5303851425ae9b177cd178c
01576,2f360d2baf5bc9f3291ef9109fede6d1
01594,477b18a03cb8e9ffb2a425a47e6c07ea
01618,caa04867369ef14d5c63bc4d73dd9010
01636,9219592b8d072a8137d259e106e18c21
01648,cf15f404b8088fcf8255f60b54e98b34
01654,87ca3af798b1db780ad5e3d50d628604
01660,dddc9c79bfa57e5111cfaabbc541b19d
01699,4fda0dba7ce77447eda65d77ce6c5fb0
01708,cbfcc810c75c72ecb5b7fdf7d7be8d2a
01726,35c697a29fe0b5e9d0253106a280c758
01729,677a6d54272fc1b53ed1e163fc3f3b56
01738,5db46496172524349670372b526bdb32
01747,419186f3f74f05ae22bef143c268461c
01768,849d47f31aafa1d0b81fb0a048a34544
01774,cb78a1fa325905af257fbe43b40eec11
01777,c4e4d1e701427c64bbdee7513c5ee94d
01786,ff8d8b9a379a691938e06952d70d496d
01789,e0342348de2a138aa5eeedd967f8f046
01792,4e6d6a5fe85ab0941b2a57c645371e38
01795,53e09f324d8199fe2ea08c3de70a772a
01807,4c70e8dcd9fb4fadeacd810b6aa457f4
01822,ddbe4bab78ae3373bf29730ad010496a
01840,a829d29c7d8e34c35f7b525e99d6534f
01843,85c1c8974834a9b8c3e0972757e8381f
01849,459fca6a32dd8b42481517354ac15423
01864,dfac99b3a250befcb4816cba78de9888
01879,10a6f0817ec998eaa6083b04f27fab56
01882,8639888f0a8387d2dca134d264bfbc51
01894,4e23dbc7633a66464fee1f8fa087ee4b
01906,1811a06819c23f19972a7d3a02da290c
01912,3bd79f22882e8798d60f6dd3383049d0
01921,2f747d751956ccc7901c6eca44805c47
01933,68d163696c3298fd1615f170c01f44ff
01936,6775d54d9ea76a9de6347a63354cced3
01942,1668edc28af1c657d9563f1e23f439a2
01954,07eeaa68e8e16dfbd04565c97f31fe39
01957,af394590a0a85e072fd09a7a0bf0251d
01960,4761a9d5e32aa30ed54ac3e5bae79431
01969,97bb737e2b80f2e014243f78853046f6
01981,5d59bdeba07966257e6c01f62b29b93e
02008,01c3af2f5356f0806f572836832c5029
02014,11da44e1326f38cf189f82e541efd714
02020,00937af62dab607166eaeb53150549ec
02026,3d75cee0e02b06c3acbd6387b5b08cd4
02038,7169ffc2020b99b90dfd2a7a0a8eb726
02044,23484ba622b0744e35c4b41d981c559a
02071,02aa8b2429c9e12fabd5f342fcb3ec45
02083,fcb3d0b5e5ba54a97e7cdf4803c6afba
02086,a2d0f43ad01d3591809df4cc99f4e6e3
02101,3e98eaa04199da69d0e66234241bead5
02104,e13be1ba165dc26510f4f19031ea0f3c
02107,eaa880343058c7e5dd27873da70eb036
02116,6534b1647e9e7f23bbf132dca79f4f27
02143,fe35121da3b9f151f16bb4e56eb63bf8
02152,f89308ce319081019ae4761d9b4c991d
02155,e0438922f49de7a64183260241ff8789
02176,e2659427d131e50b0a889e3e94b4b709
02185,70599d59cae156b886cfc40da58410b8
02191,462964f81206a744c569fa66ef5826c4
02212,a604a01d476a8ae3e19aebbae0897610
02215,55105f27290cdc32dd12875db068c6d5
02221,2c60599326cc38d973895d8c7b3ae505
02239,5432470d215a9ef067ee60a7769c2f46
02245,408f756fd839e4153ffa5394db1d3405
02248,4a2d88477a2b13f6df3d3f2955323d30
02260,9a3a234aa2525928dfe7b3e7eace635e
02266,89e6a75f7fc45479b63f88a6064084c9
02269,532c1634c4af75e35ebc065b9d2049ac
02287,5842facac94450001641a675ee41ba54
02296,8f662f9fc4e7308ee447ae17224a0df0
02302,14467482bf4f954336f150a9ac5bf37c
02305,af88f599f0758e04ebfe5077ba8a0200
02308,51c7f86a6196a21a8ac27292bb1cde41
02317,891014daeac65a9d2cacfbbdbb7ecd90
02320,a0d7853814460a5e2008fd6b1481acea
02332,5025c2076112b0b02c35b226f06b7cc3
02350,e89c90da7c8d39453e237aa5f442a066
02353,fd4f64de63ebef69253049f603695e41
02359,4fe4e28f4d98c35fa299dd895dc8ea02
02365,aa543bfcb33f3ed5e94d32095ce79c20
02374,898037ef5f8b9bca97dfc90b8b9c9360
02380,66571328b5bdc94ccf1e7b70efb2a44f
02392,1d07c2161d977ee5aa4c915ea336da90
02398,3437eda125c40b8a86f80692ed079bc1
02404,6e2c231db282059b63d73d4117c2be5b
02407,4505e7349eece2255c4925ae26d80d7d
02419,10aeaa932c949c758e4a2abe3feea11c
02425,17cae14f2b08e08ea53ebaf8f7ccc1e0
02434,8e10eaf1776090d13dfd50291d48127d
02437,689d20a18acbc711708d3864912fc96d
02449,5e6ca2cd4e80a0595b8ea824c272c62d
02455,7a9e0502e66dbc7a63e900304a7a6aa8
02458,92e3b595ffec04dadbf405454ea29f0f
02470,0342a37f8c9ffa199e973eadf54b7eaa
02473,5e6a70802b33b468307073990cf917d9
02494,986476be7bfbde1947fe4f326fc39f84
02509,368c7b699872c069cff32eadbf31bff8
02512,1337440bf42074bb4a412a812783b3cf
02524,ca8b3057758b17ade61e56cfec64b20b
02530,acc73402f3a33cd7706d9282b886c3b9
02536,5c0cb4735375185b92b502c5f1767356
02545,c282302500db4ccd1503781a19ac2ded
02548,87deea12ea25a66d6a487de4833b527d
02554,ef0e042e0215d77e0597ea8da2496e71
02572,908fd89f0c41585a3ae253c08143893d
02578,d7ebb9bc829a2b09713ba7152752273b
02608,13562fb5bf79675463e527117c6aed7a
02611,ff1fc93350a411895bd6a4abf0c926a5
02620,9ccb2bb446ab9eaa28922d3e9bc54255
02623,912f4955b8567da58e9c89bc1e9071c3
02647,1e92efbf736c73117b7e620279894c99
02671,abba80094498e55f09a9d292311d4fa2
02680,564b3ef63090b62d4c971eb0f3447c7e
02683,d450bd49a28a1f4abb42604303c07fe1
02686,9bf8164343c86059a48b43b99888db1b
02695,4b453cb5a13e93aaeb11abeeb3b61475
02701,fd8fb32085aab19acc37d6e80bac140b
02707,37f4bb0cafebd586498a23f49a0c7b6d
02725,83c3733583427695593727622f3acd02
02728,0eb776a6b3b2e9c4da99392dd554b1c3
02746,1fd042d68c62c8dc26ce720911901cdb
02752,45b4801cb57e58096f2c5badb36588b9
02761,639e131e8146b30ff3f5b9100c0b94f1
02782,a45375b7235545356746e4383a733f1a
02788,a624c94e132b495e908bbfdc9235f76e
02809,6b959ed4838e9f361463c7cf821d8b61
02824,df4070d4424a7582e6168c70efc8dfd1
02839,9d19871d3cda7af32b1afe6b4fa14ca9
02842,2670b3808ac0cda09d1de48e47c55a1e
02848,53bd73fc377d3d19bea3b14407bec164
02869,c280e631d4acea884d525f4a351a7ffe
02890,65bdb933be54aa3b4ee0314a88346529
02896,71248335eb3079c34419fb124e239bb7
02902,7610e30a36586f01090ff6a89e7b18ef
02905,251e159094c53f475ac72c99d74e1f26
02908,bd18224f3d264a8c07e602f5ef983a25
02923,d6997682a4d74fcd11d446a2095ad937
02926,22ce627111ee0de414e4d0efe708e586
02947,9542e99b7ff2f4da80a1c2932c5841a5
02953,a3c5b2a62db3345edaf1347c9f023cf3
02962,031cfe8c06838f2bba4d1dd8d904f95d
02968,f02b12a823a401a677d873ed72a02982
02989,4c79b1154fe1a6462f01ac6647997d46
02998,e9d53c350bf866479d519369b909d5f3
03004,dae37340dd89ca935be8f517f4c2b301
03006,6a096bd7d7215acf30eab0b43ef0ebf6
03013,62213f29c7cae43d2b10f5255d4e7270
03037,eb5a2b05b1543ff5dfed2f22558a4729
03043,0bfb43e622d19635733625ffca98f8cc
03046,60a22aaa3d60eb2c79f0c85f31d720d7
03061,3d49d53f5db3754d8fafddd3bc76f46c
03076,1ddcca633e3ac5a3cd389cf4bfd94b36
03082,f9681cca8a38cca2dfcf9691577b9f8f
03085,b151e80f1938455cd2177753752a290b
03091,0432f38b7f69b1516d71857f33042b53
03103,c1fdab05e23a6a623b673d371e2fc419
03106,d041c030c1443a9aef6575e8d5b63694
03121,b5ca2c4b036f2ffad043e56e0a342525
03127,680b864f3ba2789a6f48e66022a3f4a5
03151,231107c5c41da1c1594841007ecffd84
03158,016b0462c27297468c2a03aed9e4d9c9
03160,d0160216d0c681d8a254abd05050960f
03162,e030d5bf23fb485c4addd8d8f35142f4
03163,d05e3984c29ffb6f57b223fbad16bf15
03164,87b6d2b29d05f254c64884700d86ff08
03166,bb6d30efc7e1159a26e8a18c397c041e
03169,196f4f8c5034bfd974fb8c658a43e7ce
03172,10f082a07bcca3093dfd8dc5513fab11
03175,46038956b0bcf2d80183303ea6dcdf70
03176,49b3de1d47331dd70e602389a4fcc4e0
03181,24397c6a0101937ea04a9a4488c065ce
03193,7203abed952b75749627beed9d441dce
03194,5a02deda5b8c00218841e8567e3fbea2
03199,9d7a3abe76b067cc74f938b51b5a0828
03202,c1a80a8d112a53b160ecfed24e53c472
03203,0e1a189baa51c8f76a7eb7b3a4f0105f
03208,200f47c61d846ea2e44ad26e5eb52e2c
03214,632eb43216d945aff510885701976dbe
03217,4fce04f3710cd6bda3bcbbb1993da1f5
03220,d73d46f88f13946f8c6f6376d02bacbf
03226,e927d0b054ccdd49d9325220d92cd9df
03241,b86ee8c2729d9ef9b5c1eb39e191d171
03244,ce603cdfbd08c4fce764a036b4961df6
03253,68c84f57032a5c31f57ae2b02c65bca3
03256,8a0c3ec84b74d4ef7e0082e0cd3e8524
03260,bc6eacc16e9815eec59c2cb70267edec
03268,f5192407c702dd0d7d39bfef503803c4
03283,83218e93de1d55b0f3690bae2e35fba3
03295,7cd2cd63a616745e87a4c5a09dd2cd48
03301,630e74a9da6b55fd900374f45c8c2828
03313,e82f5347b0db5ce8816c4d02b972139a
03316,17dbbda0d0ecf5f8310714d02696dc25
03325,39d1421899272c5df1b7b52b1878cbc4
03328,63c440a7a2bf0b79940c2e6f765dd18c
03334,a1ef78110e594090581988e49aa93b4a
03349,39500d339b26fcd54526cf80d490a359
03352,128b164630d81153832fadbfd419ae89
03356,14342db6f7ce067e06ea5029055e5c60
03358,93529f90d77f50c113fe7e44ff43c879
03368,abdaf7d904c6e30435cc8c9d1a9c1fa1
03370,5b5d373a0fa3b929c6453651cf01044f
03382,f4bf20f7f7ee3bf82722daedf031aa33
03385,4eed1f6750fce4f732eb9051d3787ea6
03388,1fe76ba2eb40b444a5ff5dba33cd0c95
03390,ac80a0f57c23bfe730058ff40fb67534
03394,a0c475690205bae8fd8998a978ca1654
03405,b60ffdf7c99bbc5af0aafb82cc845e66
03408,1a2557f9ddb52900458e7bc2a15e9658
03424,ed26a30cb19a878d88bf763f3c98728c
03430,17a23d0df5287b26cbda723ecee5afbf
03433,fb9ee4267c3fc7f99c4d6e023bb29245
03434,7c09ba6bde875550dffed7a7624fca31
03439,02c4940f3b77a15c6a4e38e371bfca12
03442,8717cd58a8d265e620478af606a21d51
03445,18427090caea6194fdb949f9427b9a5b
03451,51afaac988dee46a1e57455b657f3e49
03460,b15190e4a39fccf511b7bc9b6fb4ad87
03463,c511631bc9e840fa75af9c6f65491aed
03466,b3476ed71fe8858a23e362c7014aee4f
03472,f742e65b41ff007d747919660d5e6d61
03478,09a431f76dd31056b6b452302b5b164b
03487,01cef6ebe6659103fd21979f1ffa357e
03503,c9c8da5c4a22f5f010e04de7efdf163c
03508,eedafd3dc9e34b8fabc1d0bebc6b56b8
03517,f53a14636f4f46e4c4e56b32e81a1f82
03529,bc70045772ae67b0ef094957bf224e32
03532,12cd3d18aaee668d83ae2a615596dbaf
03538,d2124b10828cfb6d50bf7e16cbe93636
03544,b1b0d6b3f68f2420bf330d39aafeef6d
03549,291db6709ebfcf0906f9c8f996608668
03562,6f96cbaf56db405d93938b33311883cb
03571,bac9ed59a659cab1e709a972000d5f8b
03583,9bd97fdabcd6064c0bcf74cc52843441
03595,baa9b98aa9601cbea5c2e428f5b182fa
03598,d76d54e16e8e29b0c8af7c3eea9aed34
03601,55b2c86fdcaa240f7e01c2962dbeaa24
03613,e0984653f93405b40b4091ac38d175eb
03616,267e7dbc6c36a2084dd5f09f703512af
03618,375eb7d76d9fd30e29cb27b163f5c9ff
03637,d90f6ef3c30c16f57f46c208c65f39c6
03640,4e07c3840d11a351e5e878593b7dbf95
03646,65ab038417ed9bf2a78dbb18557de33e
03664,c59418776e767b8fb991cb485a9f2528
03670,a5a8cf4fb503ceb831c185ffc7c954d1
03679,f521adfda1450875339eff43bf516a8f
03688,94236cce53a787dd147944c806023ffa
03694,44cf61c6e05ea5606b6079b9d07484da
03703,91dc9b35ae8197089843b08e00e36397
03712,658471a1a25989e149efb16749510fe3
03721,37b567e3b08d57383d6aeb7864aeb09e
03724,77da4783af9cded01d8ad58f3a9906e4
03727,960ba25d8f281e375e0d860f0fb97e67
03754,adedb76e9e74ef402a4afc6159bb824b
03757,a6ceef04b5b3c06c0a29556727af816f
03760,4540c79f05d3b0e0e93a4aa77a1dc1db
03763,8792208708bd46a918a48c19ca775125
03781,61da874e153ccb6426603fde2484a0fd
03784,0821f0a7c002f85235f8260f1919f307
03799,108f82f9897148c0cc70c3f89085ed51
03808,a7969e5f2a265c0c2675bc10e8d07b06
03814,633b3a9acd5f29e817525b455c37cee4
03820,fd4d669e52931375816a9b1022d2501d
03847,fe9f751614dae9298a6d2714e7c255ca
03850,e766e5fb5f6c31908091f6bfcf32d27b
03856,3d39bf69bc6bcb448ce77f4ea0178dc7
03862,041eb40426832d63d31e464e1962c712
03868,7a28b46039c6301afd9e0b959ed8c265
03871,d8befeeb0bd8ef1f82390b7d95f64f91
03880,3b1d051a7083303d83bb5052e588d53e
03892,c82f889b8422e6a902c8b83e65c238e4
03901,8f65d620af51599752128148347c1786
03907,b223e0b9d9ed95abec47a55493e4966a
03910,e07d9da8bcfd6dc6a0dcea88dc5d735f
03922,9939a472a957c1d03a7123b49fccb760
03943,1ce76cf88fd3890deb579e81aef2116c
03958,97f8d236b4d1fc73027a9bd5c803526a
03961,182822d93457e11ceb6f086f84fc06d0
03970,122cdadc9278d8dbea51510ae669a064
03979,c52b2ac925589e8bd7cec04f0a422625
03980,3ca6f2ad576d38f8a346d9ff7493f9e7
03982,ef2bc31c1095f57ed6487c09bd694950
03985,a7fb0f99da5c8e71994e2105a50db803
03997,440ec3179a122d27d0db6d746e21c20a
04000,81d98c9465d14ad75a9311d48c796584
04006,494167593f7f46fb2bd528a31b801447
04018,ddf317aaeffc5051a32690bed5042c75
04033,6c2188df0f9e04c942e5f6d4e5b9ab74
04045,900f08e1f38f21a6977d1cbb10c4f859
04048,ed63108dedaefacd7f663def8959a748
04057,1b34cda67752bd0bd331e3c96a5bbf1b
04075,e6a39f874e9c63949a2186d87fdb2cc7
04078,a61928322c506a1a649a3dd2306f700a
04087,fcaa96cf92091f58aea7ca69130c89ca
04096,12c627678ef3d2cf5d65fba48b8e844e
04099,681ffb0bffdf4842fbc48f70b40cf910
04105,330287aa749e6c36911d7690ec4aec73
04108,21344f6f5b1515976b74dfcd0740502d
04117,598c1c45efc29f8f16d795285462c72c
04123,863caa43aca4c1ed2ee92133d979ac82
04132,32227a92dfad901d9d9b3dd73cc3c5eb
04136,073ebfb55c9fe8475d1595f2e8e48490
04144,e1998e229d82118a4f322de332d2654b
04159,c01196dd3fc25a62f37cf334f4372917
04168,179323715d132aec96b89191ca77f0f9
04171,e724216e51ca1bfeb849c3fc7e6078cf
04183,0c5f23419f950dafcd595c4ab5b9af15
04186,78266d5fa228f242d978846f2f36968c
04195,32b0f0eea5e5626f7eaffc97f79017a3
04204,b559b92f5d8e4c4266574062075a4a55
04210,82b06c0c746bdd9c175512ebcc2658cc
04219,c2599e7a152af6557b36a57cb645eaaa
04222,5164fc309a0b0d1aef85818a9e90240b
04228,8ecb1679db676f21da42549c1b816b09
04231,80bfbe686fa96db9ef0fb84811d5df7b
04240,bf43c8b18d20f1e2e6bd35f42deb30e2
04246,739a2caad1aebd88dadc31160ea87ede
04252,864fb46fc8d4ff09e88970d125689f23
04273,390570ffc610fefbe8f91c15ccf962fc
04279,ed44b3ddaa22e82a345bd72e66770609
04288,7e474c888382d595324bad68d2cec35b
04303,e77acd7af27e57f3e03dbe2c2a84e372
04309,9610241072b935a31e00aff0d5259b54
04336,08786fe80cae2c7356f6b38c084a32ce
04342,0f38abbf3bc9da2119a9e4d4af23efa4
04345,bb3a28fdc49b785d53cad3793858bf76
04363,7e4e6247d9cf6e1b00f5ce77f698593b
04375,ff6794c95866a25dc3e28327458f41b8
04381,00d09167dac3db111ec66604e546241a
04387,aaf51c70f356039cfce9c5cf00bf4177
04399,e9db868dd9095c2f92409f16963a3978
04402,7a659c7b939723bd0f3c2d3c112e2cac
04423,582b5cf8ea6f5a5edfa45e909371c6d9
04429,540b2592609c8e870af91f774c3d7082
04441,1e63ad753c27d17d75bd8baefabdbc63
04450,f44100962c14de47471bd5b0ea534ee2
04456,bd07c33ee27f8d5a38bb71d68f83628f
04462,b1364835b11063d34a880f2bdc8bd804
04465,6a209d0e7d415d792ed6fd96eea0761e
04474,39f4126c89bb0a26fccfab264cf1608d
04489,3e0c5b6875477879266c948d4dbdf17b
04492,abc73683170ccf290923f367ecddb459
04498,7ea05133cc5ba63573d3de788c630f7d
04531,dc5791f08fd9e2666117254fe0ec8207
04537,c87883e88e564156c5a4bfd4802c253b
04543,54e022b357a823c70ef5e63bf5e5149e
04564,0522a933fe52784730daad5fc413bc2a
04576,a0a3e75ea9b32a03f5f0ab95f58df446
04585,3015b8f16bd19ad1439df6377ee3d75b
04603,61ed5a0f1482539e6de32fba3227cd74
04606,7f311a0e18d7e371970b605e4e4c7c49
04609,0ca4858304b13fdb28780ee6257fa311
04630,39f05e99fee4fb213a6b6693530a11b0
04636,d60c2bf86c13cd0cbb5f8408b4f45e68
04651,42f265af3dfa14e1c60e057c1ab89970
04660,b89c25807dccd298399d40bcc22e4b17
04663,4565fb477b91122a0651ec5f0bb9cd81
04672,2b960e090c4f8ae0200ca0e73f23ab6d
04681,a3dd2731862281085e6497c96031660e
04693,854ef877c5b13df81af7f9e708ba338b
04699,dc2c3075cb4fb578340e7c25e84eda13
04705,5761b63464bc0aee9513937a28f09765
04711,b9dbacb51f327835e1569f11eabdebee
04714,fabe53e458abd369efe9e9db93ecb33e
04717,828c48bb9f2e2872499c9be4ccf27c14
04726,48e4f77442185787fbfee92a2e2baa59
04744,d83b8ddcda5793e467de455ed9bb702c
04750,7f81e9b95ad330bf630f2995b70c5a62
04792,5809aa0d435783a8c87a5ad3c587cc28
04795,5e33cf0e3d1532e7a1c7b43f604f5bf7
04828,dfb0b30dcb5f7c7280f9bd60f5d661ff
04831,74f941ab8ded35ed348e8b4b758e7c2e
04846,48258988212d80f54decb4da7f0f2e51
04849,cefdf1db0c97193133cb5ffc98cca634
04873,107ce9d2453d6682fab325c33cceddc4
04876,e21e3e350197317dd6ea77e732aa7e72
04891,ee6e6a39aa5d8af18af100b62f7b8e63
04894,f0c35f21fa81b7ff12ca5946841ddefb
04897,3667e1da17b9706c0d8da929baba65b0
04924,df499826dd91b2e17c4bcfe821e056d6
04930,e51af5627919475edbee7ce8ed318a47
04960,df33e6f4b3aff58ed54034bf2cbafae2
04978,b339f8343eaff659af657e288ccada10
04990,b24355ada4fef5f769c9ebfaa4d6db6e
05014,e42ea11abbebf0f14c54664e805f2fe1
05047,7eb5fb4959cc0f3669c2c9e46f00e27c
05068,ba456039196e51dd97592709298ab162
05086,324dc222cb905f2f4fee521c483c601b
05089,fe5b98542a7c16c55af8c61ad39e1675
05092,9412526d889191edf3142761169ca0d8
05116,21e0208266cf82a96859dd15c508bb22
05128,051b003ddc1e5bac9eca151e7203cfae
05134,32956f864a227da12a0333bc3f980588
05152,a3e7df65fe241317004f50ea672ad24d
05158,cf71e32eb02af670de6409a3e052a62e
05191,da644f767aaad82458d4874042b45815
05200,de8703e9eb6ab98a7913b25d3ab4cca9
05206,723272e7d1435cb20339faf965bf51b0
05212,d3282b6c29fcc1192fdc6f4f2c08e9dc
05245,b3f0071f7c6afdba0e71839522c184f0
05251,aa51bfffbcfc330f11fc8d79a0ae1c3f
05266,a27169508bcd06a79726f95c61770568
05287,03a896d3fdb3145a509259ef9c33e196
05290,b57495865a5d410749771486bc4431de
05293,779cee3aff2d4d32fdd0db0b58086b3d
05305,cf0dcad87aaabae99a6911ea3fb157dc
05323,c27b6f20de8f9df20a0d555f6860eeae
05329,c98fd1245ee7c1223b5014b6dca7ea59
05347,6c2da2a3f85201db7c2f58c9ab21b862
05353,5680fb503d088627349c41027ea18f64
05362,ddd873a56b4e9ce62d6fc056c9899ba4
05386,6463edca27ec1bde0d016fa8c94d5bbd
05392,aa9cd9dc084fec754cf059894445c5e2
05395,17b52d751a224ea8fda4a14d6a3cbebb
05425,d0d64870bb19fc1d3ea36c8de9d5e40a
05443,e11102387d88ef81cf480012b3f1cb28
05455,b482be4972132665bae3db49ec8b542d
05467,6efc5639c8c77a71d3b796dfa13be7e3
05482,920fa6c962771b916734bad691208bf3
05488,b4837716081db10dea20222b5e985877
05500,1c81a13e8a1f96ce6668bff1d3b71945
05503,b25d0fd4456eb0227d46fb64624dbb7a
05518,8685266f3c2de817002a4574574b11a8
05528,059d863832f7448b3509a1e222116569
05533,646adf8294a7c5fa145e96844c22be6f
05542,d56fde8f136e19454c45689be0e00b80
05551,314ff731f7ebfb49cb3bef67eee40e33
05563,8fac94a5d84a9900f80d960aec68f91f
05569,4af49830f2cd530fe8c96d60328475d0
05581,74ffe0c16625638fe71fb133942c333f
05587,6ce2e506d788a2d7bd334c291dde418b
05602,f2b5f4009258cd1f500b348f95fa8ffa
05605,99be7278e7451a7cc9db6f416e8fc6f9
05611,01ddd28e66b7fd5e0bd7db3a9649a38b
05620,9de2816c422f385df572b285b7404185
05632,4f6bfc11e6c85953f86a81b4427bf550
05641,3e7dc7166ad64ff0f800b5e76d0d9c02
05662,59ed40511c0d9fde3b42750123a3b121
05665,b5d31f31b31656c932e90563d0004eb8
05674,e1538fadb0fbc7b8fca8a4731a30fe6d
05680,6191a443755e1be4861d4fe0428cff93
05692,ce797fb9e1da6dd93d89e33e0cf78b1d
05707,572af600c6f83517a47628223f9d308a
05710,6d0806cd6234963dca37255edc1be1c2
05716,44d8deee3f4d4199a9ddd5b29d8d1896
05719,853e785b40d239f7c56cdc89e933b790
05722,bd38c3fb13a9a1aaf6d167c7da3e1db4
05725,6008e8833eddd973247be963f268b918
05740,f61d00dc1697462e71d4ac11feffd3a3
05746,692e25dbac17945b29f2f8167928b35b
05755,00519f182d9451d390a87193319a6c79
05773,30104147ba8786b7c47af0b94d1004c6
05776,01400cd2b35f60b75cc2a04ef79cc1e9
05788,d62de0d2fa404a2f8e2157bebc949212
05800,067bc7c325799a84cb7cbdadd7034c67
05809,b6758a486cf3fa1a48463d7939911b5c
05818,3c0dc05616d5e6b8464a4e88152c166e
05830,2ed39cb4567323d12439dabe08ea0666
05845,922dbe7972efbc8e142ea09f0a174cdc
05851,057163a7ed37a624a5f6bfeaf9bdfd4f
05857,9c4aad77ec6e510c76593765041e7c19
05860,8bfef9b10502ceb27f91e3a354c25e19
05881,4cbcdffc4b0200a60a2f36b8ec1fe0f8
05890,43e0ba093cccb7520103278fe496f438
05899,d7d4cc1525622e72c7f5465d8b055106
05908,1fd8399df546ea3b21b1c35b2953c99a
05917,5fa2cc8382ac98e3b2c644eb16dc4cb2
05923,50fd988d5390bd85b1e65f042ece45ff
05941,54a80ff965d4f01141b929814ad1b882
05953,f0d62771b1b1d55c09d8e2bc30493228
05977,c6d860816319348361bf8079a5c3e4dd
05983,d42f3474f7015c5f4f5a335605157e40
05986,aa336fb38fff8a6ad86613f38a0465f8
06001,69e0d48de82e4d932b43d733898dfe7f
06004,937be62c04caea408f1b2f142567664c
06019,c703745cdb877f4ad29c271a71a47d22
06037,c3dd2a08dc132e5e154224a72f509fe3
06040,36b61e746d42d742b0bca1887e47eab9
06046,9e1591852cbb3d674b050feab6c1f64d
06058,3d427468a55cad8b7050d0937c908892
06073,c15b51c0a707396865407600b08ebd5b
06076,2aae711f511b8dfd3bf35a4630294954
06079,966de45440876d3f4e9c3b8e24013800
06085,3e9801c64c6d724a7c8ff96a9517b39c
06091,639524aa449edcc115acac4a460dadb3
06103,24aa510ea5a0dca67d9aa45f5f91e6a6
06112,51a8168f5beae2ad91ca31580fd1eba2
06115,0a46635738a5daaf95a7921a236d911b
06124,412ec4b93fd1054a1273aaf4c5d914bc
06148,bd6baf2740f33aa20d85c64a67a54a6a
06151,b04ab95e472bed9bb0e4d004cb34ebbb
06154,5fa351eb5f1954a048bcb5ed817b22fa
06172,bfed8fbb67877341c42427cc5acf9efc
06184,578469ada1139cb2b4e72e030d6f5d4b
06187,7bb48274e4951abc4fef42d7b80b623a
06196,f1f25e6d250f0bfdcf97a03ad410d311
06211,277a25391f105329de972583761d11ad
06220,8b0720ba99881726650e2690be0edfe5
06253,15cf1eee89c8dc58a9603ffe986e5537
06280,941b922b05ff1c644564463196083024
06286,923d8d4e7a453b61595fc4874a73909e
06298,eb089d29265baeeea2117c9c01b4af6e
06313,2419755c521face265d9d908b4b44430
06316,c4dfd7930b3dccecc79cccca88716b0e
06325,a6bfdd953e657209150e06472ee4df62
06337,edb5ffec52202413b222f092369d0078
06349,5cba1810c48da86264d6d04e851f3b92
06364,c39c59274a0f58c71ad64898aad781f4
06367,09c01d0b24bb05cc2f91ededa71f7792
06376,a52c498524bf8cf73316f5ad2b3de850
06385,eb50840a6831b0721f9241335ccaae99
06391,c68ec3bb47314da494c3d9d9156579ab
06400,ed9999faf19799f4b96893b78331397e
06415,2546165dbd8faa42cde13f7b0295be66
06427,45a3046fee1412fc70787eef30290846
06436,147199c71b7e7c5b83f277dd1487b46d
06445,1ca77e2ec0025fc58a05f3e8b6706627
06457,df2b9108910f12b37368dab7529172c4
06463,8f6e1a9626b638c8fd8907c96b832934
06475,e22e8a1a08f769ed553c7342c3930351
06481,eb2a0082521d231b5c0723959b88147f
06496,f237317ace0831ed26d104406083a62e
06505,b51e667befa0ef632b484a6870c848c2
06517,2d5f6603d2a51457e1cc650c801e7c8f
06526,c5e5bdb1b38c5c6c066fd595f47e2b2b
06529,befc94bdf7af4e54922a219e3bab52e3
06541,505db2e96532e72b56a5740e79982a9f
06565,90e1fd687eb55f631510c8baeda4237b
06577,dba177a3ac7e7ace70ca0e4c220e82f4
06601,b381713f4c157684c41a871df408c005
06607,19b893d0853fa6229f7157e26f014a8f
06613,2b2949fb7bee98d6eabda7056008f677
06616,6df3af998a2ab4c4183f47c70fe143a8
06625,a9dd1e3ed090c4221cb22cfed180cfed
06637,a154a88ddae81580e289031c8b960c77
06652,7f5bfde0879ad6a85f06c2b9925921f9
06658,05a2b612a05d594443d3b677e330eb70
06661,ea54ec9de034e31d934228ddd22cdc52
06673,9274a4b6c32a373f5ec4070f32f7fcc7
06676,f5dad647f33645ff1c78f2b1007929af
06685,7f116fa915e8be33b6f3636768acc8d1
06688,bf4e94210defba7a65f4c9e7c44a46fd
06706,5adcb33dc063896f306604555283127a
06709,3913bed87fd6c8f4cd38018bfa59f856
06712,325ff88ad8e428f5659ef3090b52263d
06724,24b8af963eb83e0cd71e215cd8dc88c7
06733,0f623b44ab4c693ec21aaacc618d6b6b
06736,72cc00b88aabc3803a4d4ebcb31c18be
06757,764aaad341f865cc2a1e6afad3632be4
06760,9014b786377806e61915ba2ad5a5bb22
06778,e48dd91744fdf96512be5b4e7bcd69e3
06781,c33f2c7cf3cfdcc3c4fffe9a4ec9aafb
06793,64ff91ff9ffe220fbecf2a702d6ac9f6
06799,4c30655b731f8986ab7a9d8fdb11bfeb
06811,99bacfa088e900084891c91ad3bdc6c4
06820,099d6a19d03d5dd6a3168ccd04a1a60a
06832,dbbeff97a0c0c1c5cec0c28432ad8847
06838,ff3464bcb0570fc83a9cfce6161618de
06841,6f4b20505de9023f7b0447b375bfa26c
06856,685672afbc97516e203c186417f2faf9
06862,dbedc491f3b214b63fc968914932d503
06874,c6c2e0fe5f5bdb2b84fd829aa9641d33
06877,dfea34dff4a10f87c280d36247c75cf9
06886,14e33c7ccaf1edfce9fc491aa2baa6e5
06895,289dbd22fbf4a237c283e3b04108042c
06913,6e49528f286fd1ecd6fd6f5a0fb0f30d
06922,cfae78179e9b48cec94dd0a65ed3d69c
06931,24b46245e71c247a8632f9c08021c312
06946,38447fec8973b9da9db40ef8936a25dd
06967,c3d7a08e95f619745ca7a8fe97d61c6b
06978,37a0a7ffb357d819516a45c13dd76783
06979,804d7d099dfdd994cbfe64a09c1ec225
06985,ada098eb02932955b3f6691d10c362e3
06994,8baff64508d631dc3af341a5059bbabd
07030,3c085e369f798289883950b012499ed3
07054,e36173b2b22deb4b5abd768732f50c04
07060,a6f82b1637f8a4f7df039800c2c0eae8
07069,8571a74e8cdbcc1704df7d55adc8b603
07081,d6f634cbbf282d4e9491186a2c606e79
07090,432c43c3042487c277c82f72a03a5c98
07093,d182444cd543884626e80541d683b3c3
07114,ee7d8058357da0c5ceaa128fd8653f12
07132,ad21c1fc68caffd73ae3ab1cec2da7ca
07135,fdc4ced8de455949865fd028564eb0d6
07147,f47e0e2935d09366b6e846b765553cf7
07168,a93ac2099e5a349a5d382797f796af22
07180,c6fb96e57cee83fcbdbb8ce103138b63
07183,2176822ef33823642d60d73d0420cd2e
07192,30934af0783c909afb814aa5975fd61f
07210,cd15cd6391b0bf8350b54cca54863608
07228,c48772a4f1b0e4d09108171c063263e9
07246,43c2853254ed36f42f20b390d0613736
07264,e3603c6f3d81a2fab2ca1fd95028f988
07282,4dbab0c08ee85086e469ec7f87aeea40
07288,21f1e76defd56ba4dfb9aeea2dc285ca
07294,797d62820169c439b296daeafe24b13d
07306,e4b1e0c0bd1d0fe23efdeacc380a5897
07330,138e025cd4f0e838cfcafc0ef8a23153
07333,dc22d884d54f37a03ca657ba0315f1ee
07339,1ed62a99afd78aa0bafed25fb7bb4399
07351,ade0ca622e3f8a7885ec6e0a3b994426
07375,5e9edee01012a76cc7d70d8d582b339a
07381,90b581d0acf1122326b0554e385e3e95
07399,62f5403dca61a1b46681ac730d065f4e
07420,4aab775d6431ffcd512894711fa4485d
07432,5e75441d1bb614cb2eb455ddc35aeda7
07444,91277cd570c198984995d833f96fe7f3
07450,95699a50599f0b08885431ddac23976d
07462,042638ed983ed5d6c437728bca3c517a
07486,4ac3a8b4e2f427c1524ec88b0972ff19
07489,13176974bfeb6e77998c6da5a71324b8
07492,f1b08c9e704180c9089e25b06ba3f9d3
07498,44964d7fecbb80ed4db30b2015fdea8f
07519,4da1cfe19721414c6cffceece589bc65
07525,f95b7e09f261a5ad70e2e4ea0b63c234
07531,42ebf55cffab26f270c97d474d0b6d55
07534,8e844e429f1ebeb65115a98c8440f588
07537,296d35936db998fa3b0973bc3a0fff27
07543,235b159cfb7aeece6e26f7b7a70333a1
07552,2aefaa95c12604cfc030c46d9af658e4
07573,ae0f5be4dcb9ece4e14cce0c7d4a50b1
07582,1bee03e6df62ef65af4466d885a82042
07594,633b6f9a1826ab12757579ef7745ca4d
07603,90651e1abe0d992065b9deab51b0403d
07612,3e0917f2e9bb9e88adacde25af0dd5e2
07615,c6fe1d34238a719a8ae27d5e71b401b4
07616,d1dc595ceeabae98c18801b17ec85112
07621,ef0608926bfc63a727788fd4f7f5b63b
07627,bdeaeb5db51ab93628eaed7cb320ae65
07642,4c7c10f9aa56b4743ced4d07005ee714
07654,250ec9c8c25abc5a6a69e14126b3b657
07663,5928d18a5e0fea45359297900aa51ddb
07672,c31c64de19132825b59233e57aefc274
07681,14c48da526572602eea18aeb0aca0608
07682,ed65e6fd43560366fc051459c72d2a6e
07696,06186a94e7196edf611145d68b8400e4
07699,0bb728e3dca987197683f31b22c7c3a5
07735,a68e28020ecd65d725a6b5aae71b8743
07738,bbd97683bcada66844accdbaa1fe8087
07774,7e13f47f795443f38b99c4afa248fe56
07777,3a3f74a0a9be9b21b980eef506520c35
07795,559b8d2a22b26c8de3487fc8050a6853
07798,42f46539eb5fdf5aad921b2b4cf8c23c
07822,69c368d57b9ed3958d612b7f8bbf2b05
07840,044939ab49a69ae897244bbcd6c61200
07864,01d5afd7f2271e93caf54177d590f208
07870,efbc7a12f70703547cfc826af8665b45
07894,8119a17c0175f82564073acfd33b8073
07900,4325c5f82977774ad07311589d2f64ac
07909,6cad9e4c236ca6efce793c0582ae3bbe
07918,33b2aec951396d5a5e755063594b39af
07942,f54edcd046c3d31b11c3f946d989ad8b
07948,ab8d60245883f49cd6ac2af124e9b96c
07954,b233ec03f4e227de86d5f4e80f889bda
07969,715bd6c19be62360d9789c2ef1dafa32
07996,68df3701e20a73914572187f8ea1b3fe
07999,f22833fafd24d219e96af760924975f1
08023,f42cf3a35dc88f803df0d2014c324198
08038,18befd1e8209ff8b559cf2455e500420
08053,0d3b9ea7943abbb74e11a61e67697ecc
08071,37270a4388f893669aedbea2066eeaba
08110,195be773510a7b17034d668fc891b548
08113,1e96fcf2e2da5b219fd5d1ec03201171
08134,0812face736d6f2677b2f788b4cb772c
08143,a0770b16c798cce47b298931491d4630
08152,cb05b5754141eda5565914bc28f71325
08173,69c29ddb7bbdc9fdcb0ec9bfa1727b02
08203,d88829e9daca961d27fb01a5b3ce2e82
08209,e95c10a6c5af1225f154b80653301475
08218,7c3c9291a6427322b16296558f6c878a
08227,a8e3c843cd4a5bc50eb61a9844600bfb
08230,9bffad60c1ecfd472e224221dd2f1b7a
08236,121fa0d6b1f15e6b428844dca78460ea
08245,747059b01d93e912394b2867f95fb5c9
08254,9cee2a4c5fb164b154deda7b7cd07673
08275,a2b418552e64bc92c239032689cbaa6d
08290,54d9213bc2c255158a260f20e9a64b50
08296,fbf501132ab5b16bf4b0bd4c77c2746b
08305,6642c46d6ff39cdc356764c1812d091a
08311,ae326ccf9dcf4d50d5b05e3ba9e7a30b
08323,4b9bfc16fe9d47051dbb5df25592afc3
08338,4d85184f2bce2b7fe5859b8c8079b694
08341,4eb0491dbd89b6b3cd16fdac4e23745e
08344,c08053f2d2116732388aef152d2b5812
08377,2d99bd41ac1ee8e6b4aa0221b14c9097
08398,cb45d672ad833c16c0d0c6f1b9619747
08416,5e06902512aeac6489b4c50edd455e5d
08431,18a499331704174a91df90329db2a09f
08434,7b506cd063b7e0cf6a8d6b80b59567f5
08443,fefdc7b5d23e5e12c9bec8707af99a77
08467,c4bfc0a124e913dce2ee6f46cffb2084
08479,f9467f6830ae7cd565dcc0cf53538af6
08494,ba72bccb5ae5dcf841b5987bfe19e182
08500,f702e434d7e4ce99e36ce1ee32456441
08515,0b336be15f9ba3d6b00ea366e23ec424
08521,014f7978081233935086d68b061e7144
08527,58187a8ea2122d638db657d7f30e8eb0
08542,4f187c526f9ce8ec4e005148c5c9d4a5
08545,4390b838b3403cfacce747dab57747c7
08560,a40ec5a1b61ed54e0d066a75f4f49706
08566,c53b03de67fb6dc5eed983372035fd4e
08584,104ddb3fb121f16eee82c8316d5aef20
08590,b07d950fc8fd21966ae75c1677d8ab38
08593,0ea83f8ca099ae8e9d8742c8aa022cc3
08611,5fc7c2a0cd97814da78699a135e631a5
08614,d7237458e00de3d24eb14085d6cfa935
08620,b986e5122f97bc2fe667d2a27493d7e7
08632,605b86bc43db1e4b9d8952d48e71eed4
08635,6821510b4e3108ce62d732135677c3ff
08656,631454ffd948b63dca1de3d2fd8ec179
08662,56afe3d38902fa56295c63d084857248
08674,0e14f89cfa66a8b4cd30281f4a6c6228
08686,8aa42325040920763e48e06670fe0062
08707,9fc1e224797e2c835836c736e1efa74f
08716,b2db80e05f8cdcc8d2b0141a46ceffd6
08740,d3e19d0d08036f28e67c7880340bb271
08746,2f2f6d9b421aa3529fdb544dfe193065
08761,c340dfc1da8cc9878b48632652012832
08770,387923d9b548a912949a5b969b76a719
08773,1ffc212d3a2651be53a72da117f0c16a
08782,afdfdbf5ff1d5aa69d660abeb882e7b4
08788,788a0dfb223c94dd17461ded74b3823f
08812,10e3508b2be7afb24501b04bacacae48
08824,19ad61f042df03e65b5e7c7f49d35b5c
08842,e21c72fde2d73b30ceea767c1c64a8f2
08848,2426cd6037741d0dc656a307ac7286a6
08866,b5c03119ae427f8e98525c8d781d515a
08869,b97ed4c0ee8987797b9cd8e5bdb54012
08872,5c6e798b36099ad385f8c7af4776c2ad
08896,9146c85242e574296e5afed48e8f7c55
08905,912b8216a14200cb89213a09cc6a3352
08911,329181463b12123da8b89c7c24571e52
08914,b0aebcccef6ec88ee7ed44aaab95444d
08923,acb5aa1285aeb97d40ac5daa29c08e1a
08935,8f143a03a9bc2360d2f62a905d64ec5c
08944,14609b34f95e1dcffbef170c398a89c9
08950,5259163cf05eaf71f509525aa1847c6c
08971,6d201d57a890f1a8f7e8f5c8e3163648
08974,433cd83a4a3c31ab760a372b868c93da
08980,adc9eae08d3aa856894317abb250902a
08995,cf58100e54431be7015bd59be593af2f
09022,ffd2c56a8313f8b4ea0d1dc5eab5c796
09025,ee6c728936b25dc2cf57d5df89287eaa
09040,269df60490e832e96b4ade2db443bfad
09043,6539da07b735b8403b496304d3670fbf
09052,2251a52bb25559c3a364b735a3c657b2
09064,f5b7b487d970a9093181e063edea3c43
09076,1a03b988735676549018a52308bab738
09079,40f20a7cac0179b0aae3e784705d2638
09100,b1e5303a2e7fdbbbcdb0925986c499a9
09106,a8567b21806cee759d51d1cdc8a68bdf
09112,b140b5ea9525ca26f3c2567b333c68d4
09154,545f8db7c089f22ceb1e8f35bb66511b
09169,0fc69e8068fcaecd374f05a7bc881aff
09187,ee1c0a846a92de7ba08efa0b65127f11
09190,3b90a8b817498ed2058bb9a6f58ae029
09193,8abbb5ed632fbac3e1220d451be3333e
09202,0aa1a5a0c9b7f91b814b1800478b296e
09205,6a7f1354fea05dbf5bdb28c70a81dad2
09208,b78ecb98f671aac2f1e708380d8b25b3
09238,76fff212e07bf3562147b5ccd35d7ce5
09247,26db2335777e250196a9c91f0a7e01a3
09253,1c535d696cf6c1ccf2cdd1493e72e0b6
09265,74887bbdb76a188adc32f5348d2ca1fc
09286,e970eb3c94e16350089858ca8274361f
09292,deeca22006b5187a076a1f4c935dd443
09295,4846ac54a9fa3d1609f5d1d4e6610a95
09301,3152d8718a3cc5680509b7edfcf074c4
09313,79fb5007420c097ae213efd048a8d51e
09319,ce04aeb501573c4f2111ae4a059515b9
09325,9d17b6deea92e9337a8b327e6437fb13
09334,b56ba8f9f36196e19be2656f6298f501
09340,1b6a5490204795f44d1cb7495238ea55
09343,26ad62ef6acbee778bf327d5c0e1f1f3
09349,6eab830c5af381e4a839a0c599c8dd36
09367,1a4232b90de4436c3385eec922e1abb3
09370,f82d99cbfb8efa2062956d3bd1b1e3b8
09379,f26c5911a5a583519d91faee304f9b71
09385,75744831eec41ef8b13d096c03b12a72
09400,b5086c0f28737f136fad779e16ac5dc1
09409,16c19a0a74c8b0c544cef0d0ff860345
09427,e02fc931880dcba945661c17f7f47191
09430,0751252f1d76c02e0071e080a9621764
09433,369c9686bdb22e28e244e0c2c77387d1
09445,44985b6f9d36a5b21ae72bfa061b4bc2
09454,4b919afef445b9599a71c8198cf4aba5
09466,302e01f4ec00501f47b60768a4f90cd8
09469,c5c70f30a458988cefb41ad9f435966f
09475,ff2d13ceaf0bd4d82adacad7b53dec47
09487,254b9dbf2073b1285cb84644aac4ec68
09496,4dcdbbc6d281ae45471099b886c0a6fa
09499,879b281acf773b536b71cb29f000cc46
09523,a5f23162ca765a32d8c050207108237a
09529,81db3672032eae9689050463e9516ea2
09552,28c1beff587d914ef3fb3f98bdcfc7c4
09556,ab8aff74cfbd1ab92b568dc8de3c07fe
09562,3613d3db829959e4cd4ffddcfd27e362
09568,cb43095cbd8c271d2b7a11194f94b5f8
09574,d07d9c12d2c6dc89cda720218ecb5f5f
09604,10a49010c168b707db1bbc37e66aef75
09616,2959658d6f44f0d23470ea6519ce084a
09619,f62e2ae4bc54c6fc45dc3cdba3af5ebf
09634,2cbdc714e22b29919b959e242518ad5e
09661,ce3697180d094ada288fcbb5f12258f1
09664,15548d07693f366665c3cf24f2a5389d
09676,f51f26d67740fdd1a467e5a85f0adf27
09694,46fcbc78a4aaeceb81110e2319207a9a
09700,30a37d41e50adeea13c4f2d2c29ff406
09706,d7dbe3db8e392ff3a357daffae7ad5d4
09715,7fe5eb41eb645ad23939ad35bc75ab7a
09739,c342a6440faf762750072dada087c3cd
09772,a8ee6c707f98084588b42d7f566468c0
09784,097fd786a88480d84c24f4bdb106dc7c
09787,ed599a723b2bec18c64a2848ea1a5e7e
09817,00ac19b2706aaa584947227727424842
09832,cf4c8462d10d4a4e237094bc9911ee30
09856,ae1c8e375c563ff4d9275cbc384f51da
09871,ebdde4f8a4e0570a255b73a3945c3f6a
09877,c0f4b0064270d33fa0ef65703d2c5bb1
09886,313f03ac3d282ac6ba3dee0cf5741e25
09895,53bae61c87634e9d6a3cf61015c2f404
09910,49900a0c6582dc65c5e51b4462c7bdc6
09931,43b8129ddeed545c0b1b408f4fcd0bbf
09952,037b24e7db2984687a3db344cf4d736e
09955,14921023a3f601d696c075d1d8c6322a
09982,efd65bf4512ad79403c56799160951e4
09988,8f35f2277adc41c2f9b7ec3da5d87682
10003,ecafb3e1ba133c0edd271eb35bceeb00
10015,a76ab70ef19b6d2021861de9a81d9bdc
10030,47a108fedb33490d01cfbab01c5fe14b
10045,df4412ec816ef102972848d9687979c8
10072,353e41c3309acdc4597ed4bc0c833da3
10081,c5d38b6017f2bde1eea751d88d72d775
10096,4488d24f8d113514645e088cc3eefcf7
10114,0b9212da0285f77f663ab944900ffa87
10126,f9e6a95b3ca141d58aa47a5ef89b6242
10144,4f3e49e7dcecbe2ad317e4f1d9c646b6
10180,b2220174f18a23b0e377d6afbd8ac8ce
10183,34f8a260c5943a24a40b89a299ff0ea6
10210,b263e204c3850ffbb2fe52da65a9aa18
10231,c076c7e9ac9bd1a35c88cae86ebeab30
10237,1a029680b7e1b0aabad4e5357fa994ba
10273,2a6a82e1bd203047bda54e36349edc7c
10279,239372c80686852a3d6ff84073d05ccb
10330,ca237f5ba21057a350b348e75c240759
10342,6770de8f8ef8c7341113231339b67d43
10354,8bbd50619e7720b335dfa249ac25b2bf
10369,5bea8446d31cd3f83bbdf9017cd884e3
10402,cdb4dbcd613961543659646a0ced44e9
10417,988405943c468a9fb768d0f990684bb9
10441,da9d2f35ecefc6b25eb350330aa44a89
10459,cf3bf70dadda2980ab496e45204a66c6
10465,b5e2ecc15d79616ab2795ff661c8306c
10489,c041624d23b40d528f53b9ff8ea964d6
10507,57f8d27824bca0e6ed47c30ae1f4cce7
10525,6f5569465e3f6f855bc498b9d87bfe9b
10532,3b759278942c959e4acc5124d898ce49
10537,40c5893fbd190ca1b5ce8935b7f201c9
10543,45279f389e0c309b9c803e70cb6d9231
10546,ff5663cd1e514495de851f7a4485b790
10549,7464747494998d34eaf3cf9950d4a238
10552,d1ec8b8a5a50dd484dd5842405270cfd
10570,d0d496a77b9c99f1aebbc8c2302a5a3e
10573,b699a49d13f9c41c580d7037119031e0
10603,2f595bb815a34a9e5bae476ae0e61233
10606,f3eaf4d963b0184fb32aeeef92011582
10615,84e00877196c0a044e31d23739c3f6ad
10633,63906d99bd85fb29eb3b7a6df5ffa2f2
10642,164fcc1d02572f77ddca5060e14a0bd1
10645,6d966b8c193abdb5493b6f4e9a1f2bcc
10660,36cb46495427bf1b6a1eb4bbc2769b64
10675,8dad9c74e59845b9388fc0708a718c05
10678,c02673afcf506a483083a2e333e798d6
10705,88aca750fb50c84c3b62adc9183b1ff5
10714,9f861884ab59fc49f75d0c7b39deb1b6
10726,f36c21a15e8e0418bd0656dc81ed81cf
10729,ca8513b21b95afb62ab18a7bf6e1ef57
10744,b94140d3bed45a586f75c3d57974eabb
10750,5f11839f3f602a7a2b1b71dbba6a1780
10756,8bd17a43adcba38b1ffeb9100c6a9928
10792,d2988c31efc2d1a8976007ef7d6c7138
10804,4571bf97b5caa821a4afd3add8d9e249
10813,410cd46b5e35b050b90ab6152f0b2d9e
10816,b9b088218837b85bd00a37b7190dc0d2
10837,56b739eed6ccac62fe3e19dcb9903a81
10843,80bdd5e7e19c76859d100e47511e5805
10846,3c8c11163358c35ca16de8c75146cd0d
10882,1bc134ab2aca2808573a015f723f82dd
10888,a516314997e80a52bcd7c4689165ac3b
10891,de586b29d3386b6d8d3d62c42834a965
10903,26685fba891ed77d54a72ca6bc7fe7c1
10909,cff5aa6f8220e8fa32df11c749a411ff
10930,8a61361a2627394b8d5cb8dc6b11c505
10945,585ad90671ee1e11be363f2979c7d23a
10966,b660e0ec0260c677bf3dbca065deb283
10972,191b9828e33f116a3ec3205eceb4de6d
10993,ab8a994e88212d60a0c4357dee090faf
10999,302a5cc2d46bbf231b041aaa5500bc2e
11002,d53d8ccd221312f7537e1978cea7c55e
11020,0bf55f7fb13938f05fb3b88882757949
11050,296e993223cf8dcb6e5efbebbe0e7f61
11065,9e8a49fbb95e0f0ba2b8749ab05ade9c
11074,62232c95fbef3bb604eed8582b04817a
11086,9c828bbd5b095bc18f1ad9d84b8d9e31
11113,568e79c3b5195589d047a2b8f77b1a4d
11131,58776f5e446725c54c72f74ca7ad094e
11140,d321a162d981b2bce2ce3a181130907b
11146,8e311d26651f98233478440eda22a3cf
11164,45711d061551ef948dc57d06887aafbf
11167,b487e51c2e5aaffa8c1c5b45549c8ee6
11203,aecd3645478ec7d5487171150b82925e
11218,ad8d06a18ae649b951711854682e5705
11224,198a29c243ac2d95daed7932f851ddc2
11239,8826c54c9230fc022feec5df8585f2f1
11242,6c72969af42adde0f7e06d5762079531
11254,2827aea511854d3aeee7924d7cbef31f
11257,04ec359a441b3308d9a7aa42b2731ce7
11284,6484261332778c7510d2fd23b1797cde
11311,b2160d53fd41ab8751d6780b4570d28c
11329,78a7872002028bbdb07cfa926606d5b9
11359,a531213c444253ba510643e14638ffd3
11383,3ec744b69053574e5ec092a4843ba5d7
11407,0e07c75e766799f58f9e21b7b1152192
11411,b210060643bc039fd9ead4c56f1a92a1
11413,52ef183f7bd81618ee28f4415da6c34b
11443,973c6cadc16a141c9089ac2dd762877e
11446,402da388d0a2bd3b0f175e162f598c21
11455,8515a09bc154355ff24613714e94e1e8
11473,66b33ffef5a899149e21bf9a9f2c304e
11488,b1490d8b29b722764512f646f345821b
11503,daa9ed8452c7255b24e17e7b028a5f48
11506,d7674a5554e6e46bcc152ccd09acd48a
11533,f78b9b3449d9ce633dc5b3b424036aed
11542,bbb94d42fa6052f7db4f1ba14fe38aba
11557,5c681290ed64db7153a4b57cdc16a3c7
11560,62244b9451872f0fa671b702122749d8
11581,e997ea700327c7369dddc67879a19a24
11593,25e9531f66188b4287ae18eed23f298d
11602,d60a414397365f1e81512d9bf41177a7
11617,0825cdac56efa8e385e999e16f1d60d7
11629,83bf1db7cea742eca68adb32034159f1
11635,15126f5332a75ab5ee5026584c5b6960
11647,3f57566137bd13f4b1e5bcefc91b8fb5
11668,da4dc7b5a03c3f38fd272eb828dc32e9
11674,db28e9471485ee3febc563d1cd05993a
11680,967504e4beb7b991aee6c6fb71372251
11689,f0a12b0fe4bc8b29284aefc259d73414
11692,7a0fe13cbaa222b2f0b4b96f41f74697
11713,e51650bdd6f8db30fcdfa83002f2b902
11725,d6d247b8b8bbfb0a4aac5b9daba07e52
11728,e8f135a3de0042ea48b3ed6eae503ee5
11737,ef1b39d5472735fa1568177b19a07672
11749,6368af8d150bba68bc39e5c8180c22a8
11755,8ad4c4f9031315683bc764b93ef876d2
11761,e939eb04025f1f47f84e66476f837665
11779,b2175089b3d843a020123d1705c7c83b
11791,03ea62b088fc7219892f956e997d07cf
11806,5b665ec3eef61ba90e7660d60d74e9ea
11809,ffc8150c4e50b15066d4a63c973274c2
11824,9cf0fde1abff1116c06616f33c1e7ffb
11836,45d9c362965908f3f30b91322040a7e6
11842,9e62172c4596a7bfa512ee22691b057e
11848,83a175468d15a90d9332ecd2f2dc792b
11875,232385115fccc8eaee3794e9d8585829
11887,387a83acc73db375e09195ec0ce1bcbc
11911,9c1bcdd6851d811583538734037037c8
11914,36c7403495e75d6e5cb721c6999fd561
11948,ea90dd525b6b9e0fff50a4ebbbe742cd
11953,30d00a7687cb5707822c4f53c49f9599
11977,b5af8c8b504e70f57bd64583e8e9ffd6
11980,9a40183522e9b2e4a79c89a429b06e75
11983,8ba0b9c175f1c22852bac1837b95ec18
11992,21bb6c535fd535a2b148758cfeb72565
11995,84a39003d906e4a8c30717543346a4ed
12004,53f57c2f023a2d665dabc5b67d028152
12019,a1121bbebfd069cc4a5bf87609a5382d
12025,0f691291c15f59554a9bb3e7045e7042
12031,1da5bd5afcadc21b31472f9ab71c5738
12049,1a4a61308b3c9855db51fedef878ff48
12064,ccab8084b141c98264b1816a91a3fac7
12070,5fbab347ba8735d621680e0b5e772e91
12073,3c56e4364bd1bd07baed530908b6aa70
12091,d5caebee620c4923375795eba5ae2fe6
12103,95f4921276b2856b8c5f165e83b10776
12127,95cceb1e7feaa31ee48f4a428a59d186
12133,9069436beea025bd85d723e4e23a0442
12142,de51f877f0ea1ec1034c7a7cf0e7efb5
12148,33c935b3b7e63c7b1c2188fc4802d088
12166,9edc1d9be537e09a7b029de35d9cf3e3
12184,49c6c66f2eb97ff9799fa7acf9881475
12196,ebd5c24f61c47889a9f717d33d25e385
12205,8b95ceda6ecd2125b3bcd16e303b76b6
12223,24acbb3aa3dfd2ebe85c3441fcb78bae
12238,a7f23d0b09e8105c5f8fa764ddb4778b
12247,6d765845992fdc1d42e94b219551a9be
12271,ea7dbef6412cc222effc7ea7b4dfc762
12280,fb0623b4531ddeb8e6c25da9cc05bd9e
12286,1cec64c22294801cbb45efd25f359028
12313,2a0cba5527dd2aba463266bc021b2909
12322,582423bcf96ef21f21eef9bcd49c7eb5
12337,29422e1d96881d5066224c350bd7060e
12361,f3e68ea5f1710002f2eb7a7f3ad7da42
12364,ad4e529b80f837cb85d977a08f67b057
12391,f51c629892945d7bd8f4a356ebf4a54d
12406,4b643ecb5b4ae2911d009a82f06425a3
12424,403180a7f92791ca45d63aada7bd2e24
12427,3596e0aa9a14b400340113dfeba7057c
12452,4d90490c364e397c5bdbf7b7d43af495
12454,899b14e9f2ab0f794f94cffcb17ad494
12466,c91180ad6f703e7a67ac7931bad98993
12472,297c4be5f0af480e2943a13a05211b11
12499,546e4adb1032f61b4a0dec94e268af22
12511,0ed571228f2c309be39f68294fadf440
12517,ba9c7d55c3d4f0d7526dce5885771c0c
12523,14260b37e0f934c53bf3ba5d19eca600
12526,8c0db48548aed780faec50b82afd4aa0
12532,86fcf412ef93d4747debf488f4a8c6f2
12577,2df233227a2d63be8563a2dd377a6664
12583,126b127b1de6ac8b4124942d70e2a5cd
12586,a209cc366e5ac529f4c37e30b1c0c331
12595,652e4a7addc3be4d5f43f21aa3551276
12613,1a0e6e66fbc5dce0790683c459416950
12619,1da3d549c63aadfe39dd477217ee6743
12631,ed93a46c9c85b9691133216ce668d531
12634,df1270458055b42bb51000e8f18dfd11
12676,9dac1659a1675261399cb95d1dcd64d5
12685,ca84c377d3c7487f10aff52a26185a88
12688,3087b63ae71f0a7684ea506123e8bf04
12694,da936d945b8e34c1b8413b98c61889aa
12700,71c87bfa20a186406260d553ae56f72b
12736,b323d8a0b9471e70a574f1abd5e90ee0
12745,348ccc68b7934219fc264b63e06505d1
12754,3ca91f64b9abc6fddd56fc05d3b3b7a9
12763,fcdb03ff29553f6737bed14258ea4964
12775,d91bca12bed1cc1ec80cd5d04c280968
12793,dfcfb075798a9f8e30a813a9fbee98b1
12817,65cc1eef78f1d268c116f312dd700beb
12826,a41e707690638468a33008540f586a00
12850,1da1bab0b807b51390b66a9e06033211
12859,d579c1de6d5119225ac1e28294aee71e
12862,9ba131165a99653e76826bbaa57a2fdb
12865,1f4d65d25ae4552c831cd52620f4196b
12904,dd5948c562a2f557f9334d29789befa9
12916,9e5e8b55641854d7f76273d358b316e3
12919,486aca0a71775ac1e11eebb02ddd3ca7
12922,5a7a635373c4aded02aca6ff2e942576
12943,6c6855099f42fd3a42258c7c9b8d1368
12961,f6319b6ac2650e05cfdf947a948f81e4
12970,052d921c5a55a77d0fe35dbda39e23ab
12988,69691d17d40f3537ff3c54fe8615ae03
13003,bb58116efd928ccc7c8bae95f9aad5e5
13021,48b18806b39d04ece631ff4671ac84c5
13039,fee9657ff81c02889751022d427ebdac
13057,cb98f973baa1c1e4256d51137dd5754a
13063,d9ee4749e97f1b3f61660bbb7e18ecce
13066,4bcc1cc9373ed2131d018e4e8e5e4588
13075,ac0bd89703fe475364b77a649b290d13
13093,05b17e016d5d964fe3841eb7d5d33fbf
13096,c43493bae47e055ab56c167365b183fc
13120,699f0db241504f627a0114e149dcecb2
13132,a738eafb2bb44dac51d661f079cd526b
13141,7241c5199f2c413a0718435fe88979dd
13159,b9857de3603110ac13097229f1d1c9d3
13183,8091e0cba1acf5e5092dc7b302a15539
13186,05127a1a0571b784e6911ddab145dc23
13192,a9e3a404b56661b4d13a2594726139a3
13219,80c52c08ba2c66b08c41c0cd593e8ba7
13222,f130ac73cb498ce8adb459aec7b98fdb
13225,2019ee3eae859dd00337a48ac6c60903
13246,b75be821b06542d1e67b19317c5b2db5
13264,fcf52b4399a272fe1cde979c77b6279d
13279,6f1a26bb460baca8e629d0bc4d37b871
13285,0c8580f649ad90f185c8398f4e0ad71f
13291,e53218394e43a1408a60a30e650a6097
13318,2f783daaf63ae9e44b4bcd5778630ae5
13324,3f6d03b9d4076433cd35edd2f02f4daa
13330,6b51ed9ccad259517129075a49b083da
13336,e9d93602e0e9eb4f32874917b00432a7
13348,88ab6b81565c6f750c6736b2ecc6ce86
13363,5c44f9431978301de0d21f7b7f343e75
13366,d45897ad2c6241ec0468bf56883e181f
13384,d6f21841a6de27b4b7466628f3f26eea
13393,ff4e0bb6e8d246183f32ff4180f67e44
13396,e773c6feb54d1b2988954f69f7067aba
13402,7f5fbacf57d0b241165a6584d28607c6
13420,19ee4e12135c6661fb88926448c014f9
13435,5bc4a82ff4a281d2549a07ec679ae966
13444,4b1985d4d8c030165cff9517ae131c66
13456,750d0fdd5e3d12a98d9c14f45ddeafa8
13474,d5e14d9a6ebd440d0e82047728babdc3
13483,c557f526e684291fbf037c5ec31d66fa
13489,d5647c67d906f6b7a595498aa87ef068
13495,fc86483013374aa471d7c1b44427e432
13501,626ff848f3b67b3b67632ac5cafc1078
13504,166f56f993fbce97df682c64915754c3
13531,2a130e4a45875bd88f7949ae0fa9d31c
13540,64f53ae0943fd712cc8323623f740f0d
13558,9fc18458b0a16491d54b99e689fd6cd3
13573,a64ea4f874b4c4c539a6c1feb5639aa6
13579,2f69219109148d89bb9546b095b1e6ae
13591,f53eb05d8dfe08d920b8e32c2ff9d9de
13594,f765da7e330a8f42b213ebc9663c09b2
13597,f7e59f37747b4aa0ad72ceb21458e146
13609,26fc868eb8654bb94cbb5aae46ccb11d
13627,66fc2718651f29de534834596b752c3f
13669,440861ea4c3de83e2d69d9a500a98399
13684,e0e96c698234ae853b92af04994a9ba0
13693,90abdfe765df410113ff094f6a88dbd5
13699,4213131a314a50d8607ee09a5340481c
13708,2658049edfecb3928fb8a833daf4c20a
13741,67f45a36a07a14f44ce0711cab37c924
13750,12573529e8efc658fa8c5d9bd850c358
13753,8fe8f31a34c9246d26ee4e424cfe0a08
13777,e4d76c04af850dd6be5985b4f46f0915
13786,f4354e8635b66ca15d2cb26056d5e000
13795,5c3d18d1fab2a48cf49f3221d758b2a0
13807,eda55b46ee225b490f1427d468d1c082
13822,0f02891d4e2c0be792b249a1970519e1
13834,0458337c92ff383eb25dae8c5b83d3ae
13864,65eaf5ac2127e95bf500866b8c7bcb01
13870,55add034cb2e43f202c447ca9c2baab3
13879,aa4fb7709b4377fab41fb6b4f76a1262
13891,be97838492e0f2e2221c04170ec9dc8e
13894,d8a7f376e3d9ade10e95c0a4948edb16
13900,a222e64d3f496375fb5594853f3b83dc
13918,7b9ad91df4e7d61eec6b76b22643974b
13927,855aef51131cc6281100049202cf95e4
13939,46256b394a3eb620006b56aa86cd3752
13957,b46ae9ab5f91b4caa209823b4b7d8117
13966,400e87607821db0c63acacf323331bf9
13972,d589fd7dad7d766d59040dca46982a3f
13984,91632226f257834120e0552cadf2a507
13987,859f28381a2c9a70c1158abc20870382
14005,53aa0f64a07b4927dcc1e70902daecdf
14011,344496d301acf2d62bc715cbce32d4ab
14014,ce3b8874b4001fb2f451f0f24a3e0ad8
14026,90dbe59bf56fa9189d768ce19eae2ab2
14038,e17a20d7254bbaa11febcedba8a5e671
14053,236816a281d003aed1a2e101c7633c20
14056,506b22657a77474ed09a15cb6e824d18
14062,b517651d57803a6799de22ff03cc546f
14071,dfd4c2e2b918bb76af7b380002db4d2d
14077,446b730bd3ee4eae755fa193b3853121
14089,d859182f8e3ae37322f9304a82c76976
14095,d1441a29150fddee9e7b6e36a628948a
14104,1277587d9a8ba164fa0150a74864a837
14122,187d0ed41c7daa495afbe653d38b286f
14161,913a815f71288726592888135a348a14
14167,b30e88fb091c50cd937e83f5e7e3223c
14179,842559afcc44ec00c299e230beb8d01c
14182,378d2ba081d42a3b3e5d7a25139f0623
14194,add2f7b22aaa3582b7ddcb7cd4088100
14203,99ceea9389899c6e1fa84165a7d93bae
14212,d052176178eee48f2f6e5bd10afce3b1
14215,f63728da8d64276731a1588d70bdcf32
14218,36f3d73da8f159220e2374e6adabbcf3
14221,c40223bfe5b09aa12c1bfccdaebcb37d
14236,97d240136be831d30aa453b533ec398d
14248,2e1a716b6c3f6f60532917b5abf72fdc
14281,985f7bbdf56b6937487cf064b6c3efa7
14287,499a9c54efac3440ecd542cadb3de399
14308,2b0f784cb1af37a8eaf3381c1bf222de
14329,31a8b63a7ac517f8ac335eba0fe31a27
14359,ace2942435d71450b7da722614d405bb
14362,7c5211bee1a1bffb446e4ac0f50a244f
14365,9d1baee57dbe90fb1e083b2ee7890ce2
14371,b906aafad07e8a09cf70daea61e615db
14389,36caf02b948f12d6efaad783031508b4
14401,477ee57cf845ec29880d0e1180243ccd
14404,0692790c977cb710c8aab6c8cb4116ad
14407,9e2ea7d6faaf384466f7b4095f3e48e3
14428,9b59045af6c58f653989fb5f9eec08da
14434,fb5b2fe28abf7dc63aa8eed176f4ca39
14452,8c64d9bd4596514fbc014e0c46fa555c
14458,989e8c8014db92b7000043234c99a5ec
14464,275b3382c891bd5459d760d0ce2e9e04
14482,ca1590fe0e6f2e2c15fb9eb875549ff1
14488,f2494ef9d39f7312d2ff24bd9221795b
14494,0e0bb862ef182fca4511de15762f01cb
14500,6e41409091f77f4ea58b59334ca1b5bb
14524,dc1ed73fe9d86fafd1bf808366300874
14533,f0939b7ac9997dfc23b033aee0031272
14560,a58af6087605e2e000a166cb91676d1b
14563,998ca0ba6988e23e4efa215955a01466
14566,6596c13be85e3a11e5c2a0ec50780ff9
14608,bb5a474261fe698aed26ccfb835ce4bc
14611,4a20ea0e0e3dac7e89c136cafa532d77
14614,041c75467fb504bfab21f73efa5ff519
14620,ff02c280f6503ecaabc1e37cb8b12c6e
14623,a5efeb512edad03be63a8b281678db13
14638,7c6ed568691b52261a2a2e6fe8cd354b
14647,ace8cf492a2b65fff89dcca7a85c27a9
14653,84b58ce102286eab5cc1c52061b86f55
14674,e87ae03786c56cf79dbe6291e86fccab
14677,a954dfb1723d55e1d1a3b87b5d53e3ae
14698,02333600680253eb03684f9ac69a32c8
14701,7cc1218fb5172f81b9d29ea9ac932bf6
14725,3911cd42f79970acfcb25f7cf7d13c53
14728,f37acfad35cb531b60598fc1dd63ce4e
14743,bf49188e3999a8388088e88edd113de7
14746,53ee51fed9437b75dc3306bc0aa92e7e
14758,6259d982aba15449408e13d07173c4b5
14797,835588aa5356d811911c25f50c914ebd
14812,c48d90543f827a7512830bdff52dc116
14818,082ac64e38f478cb3e479cc8541f09db
14845,7c2553df526e1ad034c709c0702f5626
14848,62903545b8cfdcb18f2fdeb38c1232be
14854,a4b2c04440b2eb5dc543d6763d37d5a2
14857,61535651af72052e80e8eec85b9b88e5
14860,486e61e2cfb6d70173a328ce851f1cdf
14863,b9f9418a978920e1bd23085d66220330
14864,d33d8d6d54a18e1d863e8cbe580168e0
14866,8b68c973ccc51d751cfa968be44ab1c6
14869,113fb47feba70cf5969fc4c069be940b
14872,ce4cf5da8841b3f492902d686a181f77
14875,6ef70e8ace9bcf49cfce3cadeb6eb0d8
14878,c9f833f09adbb2ac1cbcb0517fbb039b
14890,78b610f9c829a33a5a37608ff9dc812b
14896,ee9b3770b177f03adfdc3ce17b49615a
14902,a9929925e317fc0c95cb2e99aad723b8
14908,6f33270dff2bcf093baab2da53c115f9
14923,3f07e2ed6fa8f9227ac584fc105fe4e5
14932,7d75cf83f5c6c7499c7b0295049063c2
14950,745cff931ebcbad221480f5a3ae7dbd7
14953,0f1c2935519229b744dfe059ea0ca1bc
14956,763bb2f809104caff4938bf9996f8d42
14959,c6942572ac4a7afa1a8e2a11ef2c25ca
14974,b42ceef547a2f3f49021747bcda15be9
14980,140bbbee9855992df7937b3bcdd636a4
15001,e5da5cee454d5b59be1d0749eb0db63a
15007,ad3b618624c269bfecbfd56f38de9161
15010,45f5ab441e86bc57a371479bec042781
15013,477439b4e54cecc3dfd5dd9ed2075d61
15016,880c4fba5d0885ad367a952ada09a62f
15019,85d36073912f10477cc96bc0c8cc55bb
15022,ce5de72b96da2ef2360ab07c6d5f3cc5
15025,78282466c9b1b897bbd39db6b3cd57d8
15031,e7bf62b43637bc9f6251e82a5bff768e
15034,d9df125e19622e6a482391db467753a4
15043,b461ea240c857c7b6e21dc008c443e24
15049,aa53a6457dd17c29204a87a063f08120
15055,8fc38562172c1bde32f1961016c1eae1
15058,d607dd72c89c7b1b423e30961ac8556d
15061,d0973703235b0f5625524ed86ee5f505
15085,1eed41ab83b24e68a3aaa2c6f3ea664f
15091,068a97059170d0ece85830a6dcd153b7
15106,843c8f103301023529e016cbb65f6178
15112,abc7eba859fd6ec825e0f0673b561bc1
15124,6625a77ab0694e9644d51c8e9c9b1123
15127,bb9b287cd8d9b4bbc3d122fdfbe58487
15142,fe60856d7582e03a6c6d615eaa78e7d7
15148,501d906a55f8efd5c7f60b6f5f456d0a
15163,e646dc965c38bfcb5ccb8fedaf26067b
15178,1f99817befe5fed802867faad96797c3
15187,64a426f41bad882e9f865a9b080d68d2
15190,76776357b1c558517455d72f3a7449d2
15199,d7597222b2a0417492c40b7bf9415a2b
15211,0a92575085c81fc6a30165024a8ea559
15229,1014906d6ae49bf87dad59056555386f
15250,0db52dbe578e36dc9fb9e98e247de088
15271,c035fbf285184b71a14aa6b878bb1b00
15274,aba9e39eadefea60fe6d73396792af89
15286,56e4c84fb08bc9d80f00b28b1bba4e45
15298,dab44612c3af9956a4a4a73c036dace6
15316,8c432cd2b6a79fdc9352f18abc26efbc
15349,bcdd333a2ab11d977953220bbed77fea
15361,a829b58f956bedab552591a08d0a751b
15382,9b81b79552310bcc10bfdb58ff22788e
15409,ab575726c237c796030e58ce5867dd29
15412,ad108e2c31f88d9b78d4642e6c1c2b4e
15421,8833343502ce3832be240ca857955a34
15442,7128fb70aae6daea0030d4a5baac62b6
15448,7d97659e7a65df2366ba0550e3602db9
15457,bb4eeef2adb0b3d0b14b8d3a80cca070
15469,694b98d1dd569384db657589273578c6
15499,bcfadd58db53e18ddce72d2a473ecd0d
15505,7610528495d5ce9ee0885004eafc8f8e
15520,a17ecfdebdba90109a32a5169c4b2e57
15544,568f995b142372da3489a9a4c4204ca1
15553,2b34c98710f9509cb9e1893e48a716c9
15568,fdf3f26e280f8e866f1837f164cb4546
15574,5a18f8a09656f36be5a82dee125edad4
15592,6b5c6bc21a01ad4d7de4a9ed0e54fdad
15607,5cfbadd7a83da8be0a279280600fc990
15610,0d26452971a1a1f603022443384dfd6f
15622,14f4e11391082c51f8c8a71182ccdd39
15628,0943e06c0627a74c8d6b938b73a9c066
15634,70561b024f68c71598b4e91e530fddcd
15643,d27b1e452fecf3964ff5e44ed71afb1e
15646,61c49ca3b31bafaa3e5fa33adad5a6bf
15658,58e9ab38363ea8a025f8436c759ca55b
15661,4ea3013d581fe879137ea1e58c9ac8e4
15664,ab4357e6a0cb928c8205fe18b3fe809b
15667,885ee6ef8aad0eb0835f169eeae6f25e
15682,0370773badb5a49091392b05649b7ab2
15715,dddec4b35563d0b3a360f7e1cd59509a
15724,fb185c669d9272a1b51b6b5f8f72f76f
15754,e63d7a0032aa623af24dfe2a539bc757
15763,515e9052f8aa9b98270b25c1b92e1e65
15766,6969285f2e639bbe8f6a10e813bec105
15772,b6ae7cb9401e25b6f1403d2db20e68b9
15778,356f5762cec41c93b1348137fcbca393
15796,f34b9500b1ead45908e63456be29bae7
15820,17b9279b5edc5286bcbc17988de17dbc
15835,03caedf844e4a7f3cae212b22b7200bd
15853,caa2b06a1f55dbb20db182511b63742d
15865,8e69d5a1e90ee7ae5642e75acf05839a
15880,147ae74e6c67f974833fe9e1c936aaab
15889,abe20c32bb53bfe898aa93a3e1b19d0b
15910,bb4c23813d433d216392ed948f06999f
15925,ae1a00f31ba967bb89c5d46c1c46db13
15961,d83079ee9a43adc15c12de782d98e324
15976,1e5962b8d9d60560f7ec04e25035c30a
15991,e6656baf722059eb5d9253f84bd11c58
16000,1e9fe23119dda829ca81189a7a53d56e
16012,8c97470accb0c1ea7eafdabb413d4dba
16021,a6a403c3b1c04bebb02470728f781802
16033,c5a8467c82dc47313b6f97981e4e553b
16072,66d1528f3f3735f8a2c4d8c02b76968e
16078,80be814aa4de2b1dde902a0386497fee
16093,132180779d00a7dba9d7d3dab013085b
16108,b6b007acf8507f8803b32db90179ea56
16114,569caf92a11c88e3c9191b4bade857ba
16138,6ff6e944b0491ee8560230ffbbbd9610
16144,8143a6491ca390ebb273aee822442c80
16171,b2eddf4fd655a8c6deb4ce526da1062b
16174,2262bff31964980970fbdbb889608aea
16177,6223157c36bd0b68aadee6b93c9da90e
16186,2cd12a8f4f28fe8cad1008a64c81b9c5
16213,7ab0d4b2fbc31f15a7245bf49da65181
16222,7f00ddc395667fb33d6a74303dcf0095
16225,61deb3c3dcdc9f5bcd47584db80bb2c2
16228,5dedc3789b29adb57c0d3dc3b860bd56
16234,2c9e379ecc90368fd17eeb3c78bb1cd5
16249,d632dd58732845bc1530904a37b11c54
16258,3e35bfe42dbdf3dd152cac3ba3f2534f
16264,e59861bae273daa05fd1032376e65ba7
16273,39d7795e708271777d65c91536912480
16279,451a7bce3d26dc5e3cf098c37470abda
16297,60381baf78ad62308093199d272b5d70
16309,98af5963401ca8a8fb250e397412ae57
16342,1b7ed24e7739451adcc227e3abd9f9b8
16348,2e57df984c4d809db0a1d5476e254ea3
16363,163e0d14d332212692e69cd5fe053d8a
16369,5951cf4f6d72310937007f4ce70b9fb0
16378,f35f27b5e741be0fe5a10a9b9c41a344
16417,0386e0d73e4da75588acbcb75e3f7931
16438,587ef2a57a40b676c5a87aeb39cae196
16480,4959e40b804dde38c04024feef7a20a8
16489,cdfa82a9e25c27e7a303859eb67a79c9
16498,6a2ecf1ee87f1a755cf038558e20aafd
16516,c2fd9693de3f0b46af030e143a4b94d1
16522,8fcfd9beeb7bc12e0a77a89253ced407
16531,a9adb1346e06b45ee8502b19a6497339
16540,d8028e2c801992126876365b50575031
16543,1ed92a53f801a7cc154c9e89e328a8a8
16549,6830dffcf13b6d54763a820d8276203e
16561,db2840c995597e8fe9a9299bf3da29c5
16576,06fec96c50c222dee684e9d20cc66804
16591,d147333e3d8a3681f892dc4c2f70ea46
16594,5b164919c09d97437cb2ac713a85f0cf
16597,b86383a288174c976e82c51e66d7e0e3
16609,176a15e56e104d136b5143743cdbc39e
16624,81fa467a6b4b87d9dd7253377c78ef34
16636,82e7faf7d45dfb93ad5209c7d298df09
16645,6ae93bb3890612651566c12be3d3e6fb
16654,2f6567a59fb5d52ad7d75f3f32feba70
16681,3154a7319f9e03db93dd2ff448146af5
16690,75680e772bef9030ea78c1f65fa2673f
16702,1c402f1b50a440d5636cb82b1b5bc7a1
16708,78c85388f606bc452ead7cf2caae4375
16732,260d419709947d1de959405b933fcb59
16738,043281e25b5b6401a1f4ed67584dca5f
16744,6230399e3f4b608cba30b974943778b8
16750,a2b2a575e084f09364100cae9d0eaf89
16756,71d879df7abec381e17c2ea186a4348a
16774,1112602d81f35c4d5a72f9ff8379284f
16777,e4fb42ac39991447c8451692f346d42b
16792,081302d4c50d9e2ec08250c2a480f956
16801,ed837aacf9ee6f8cfe98df7b94e7a9a7
16804,a812ac65e19d5f1e62f0f3e5db2ac41e
16813,f3d119d7b23d8ba6f0f955611010a62b
16816,feb180dcf5bada0354e034c00bbcfb28
16819,63772ce9d31441c6ed7cbb32f6c2b7ee
16822,aae337587c254b6ee531f0f8d637d967
16828,e78aff8c733b102aa762ab9888a5f423
16831,dbf68fce0ead1133362a548a98bb0ca0
16834,918305a231fb44aec90c430932816ecc
16837,b1b4003971fef5b8abaeac7789af34ff
16849,1c805b2fee28379f7c7e67aca58f970e
16855,b820b988adf7fa5aff6fd3b3550e8fea
16858,0e529466350eb079e23e881454bf48c2
16870,e7effbcabeecd0732f48f4bff1a0afdd
16876,0174e77abdcb887c4c802a81e2321451
16882,fa0f32000243075f343209c557597e60
16885,a44b658b2a7ab58c21afcc0fbe2c9f75
16903,f23083a008fac4461640a54866dd5633
16906,7c0ab5340dd41920c8aa3c12c835bd4c
16909,748ea0438ae5f48ee0370b1d341ecbce
16912,0ba8e5f1d40ebebefac259c62120c0a6
16933,2052bc324e9fd687c4561ad58b474aa1
16936,f03bd7ffbce93bf4e88929b393794768
16939,025406e14f392b4f995964526c4d16c0
16941,cde8a9140f38bca29ba6f0b116f6dc93
16951,02294d02bafedc0a50d4609e4e4d7e48
16969,9198ce2d076d154999c182f232d795dc
16972,ebcf5793fb474960983a2360e4026d94
16975,166830385d22596d8c08e96679d91695
17011,51c5e576925e96f60ce420ceb75dabd6
17017,47bac3a4d5809d67cae7d0ff5eaf4ac6
17029,a25ab3bb8a1e5726750f797e13b794fe
17032,00330cac7b0abf28e84bed4e105c82f6
17035,01b6afba5699afd6db1a847a5cbc617d
17044,c238c8b80b020a2f36435fee4e011fcc
17056,cd705bfddda17f21877bd3a6a449dcad
17059,0f1a18119a20c86da972f4483bff0785
17071,b0b1e391ae12c23240bc2d95adbfc8cc
17077,12bd7c16c1a16c67e8ec134c183d2366
17089,485600aaa35c7e63d05f0236f0d30256
17110,8d7965043a51174887f861aab6ddeb16
17125,c0e760af8508cd6b1eb96ce19c13748e
17128,7e934838bd2a2d54fb1533844618911e
17143,5599bc4d82535b19c9f32e0627fa0af3
17149,a930b0bf448c7121552f2c8e6789525d
17170,74280fe50520a6d7d63907091f90154a
17176,233a09b9a0968e2e4ed01328bc9de085
17179,ed7f35d636240104a4ed06b11d4e9e90
17212,aa3a327543d62a99db0887d5e5033847
17224,8eeb66cb20a3a1d36e60be1778ebf30e
17230,640847d701c69f0e77b0051fa29e53fa
17239,e0b0c4c05e7a9e027e72a4a5805b881f
17242,94e1a3465c22d189e8502e6557c43d38
17248,79d82f3b4f211b63bed122182f0a9757
17254,9598d0f0e9be2ea28d5931cff1f9534e
17263,da494196670266d0364154d85297f378
17266,0452c872ddd543f13e34d1cd932a5a5a
17272,74b06ced712f986e3463a899fbb9dae9
17278,1329807483e237f9b20bcb33cc6f7908
17284,300f0a0cf51826376f5d7598aa44d595
17287,8f644e4e4e15dc6d195960a49246c8ad
17305,41cd3ef4540f7e57a9cc49a5e63190dd
17326,1778dca55fd6913c3d5ed03cae94193e
17329,88449c5b956af47392f4693bc7c4abf9
17335,1f13019d1b46f545f6c9edda9062dfed
17344,31e03e83570816cdb5e3a13e358827e7
17357,21c01b528c6c55c00a52145f37916a50
17365,034dcb7db7ebf8d0d7e316199f9ff11d
17380,c1acc01beead402c21d1835819b88dd8
17395,1fc1d77ddd25ad0463cb44fd181fe78e
17416,abe9b321d8cb7bd6a37f29a73a611b35
17419,5fd879ef5246228af61d42d84be00435
17443,f2589ee22c2223b5b4858fa00f88e602
17464,41fe0405fdc0c0638a8973a8712f3e2a
17476,98ed6b42ca590092a910a2943d020cb1
17479,a46e0bc6b4006392545b9466e42f6fe3
17488,7b6375496b0bda57cc62e0484d221fd4
17506,21c288a2ae8cec64db36db7cd6bf2731
17515,2325fdc4d580a35aabf58ea757924258
17521,fb263305d73915bf9e48fa2ce7a9800a
17524,866de0906a5bba3d6958de4c8819d6e3
17530,1549be2933c3a20d159a0bc64e0216b5
17560,8d71046ec9cdc464808b8f8d7f04f8ed
17569,537c301ccbbc6a307c5b28b8076c4c24
17605,38e0e79417aab949f93b792c49da50dc
17611,ac153920e1f5e42fe23bf7141402e9d1
17623,1df79b03a21fc605ea1097e4f9dee876
17641,71b5824561e10550d93d83f36a3dd8a7
17662,e65a0ed2468034a4e5fc12696d1d1bff
17677,e5679eaafbd1e6d992d30b422f349f24
17689,d203c0bbc5faf222f0710070dd3f1d3f
17707,dc9e5d0da9ae89c766a18476e5869c04
17713,6727514b01abe80f769088c9c1e0df96
17722,1f6cfba53bc850e53bf60f8a72c6e863
17728,ed99b47b4b32a50a84b584ab79a167d1
17743,c83444f51a64700db50eeb567dbd302a
17759,8fb872565d7ecc06f64b9225709a40ae
17770,470650f693036040125cdfca9733e3d5
17779,76bc6d46540864dbf8c1aedaefb47460
17791,183d8dfe463af2099578854be366101b
17818,00c2dfd0c280397bbf3b141ce3e134af
17827,d514d6323f15a83f6b0b2b89805fddc3
17833,d3ed515b7a7f6280e5cb0c1cc8899449
17842,ff0dfe635cf77e95d134f1e0d9fdc39d
17854,72a8f9d0b358c87f3e8aac0ae90cbff0
17857,63b10645ecf540713ad2ba4e9a019386
17866,c9dae6cdafd96a39ee81db0075a0e564
17878,90ed8c8bc9e8cbb82a1ac534ccd4d142
17920,1e84d00c12a08c8ff10f342b78f3da97
17935,880fb37c05c34d2e0129d805d3d782bc
17944,37a046dca957556266c1f4d3d8a42c16
17950,fe717c5bb64a03b838498993cea7528d
17971,5114efaac909944ee07aa193b8cfdb67
17989,6caac4c34d9e0daa264fb121042f6929
18001,0b62f379279e22cd625531357f27423c
18007,36a2a4a7c438131c4ee1224c0cbfbf5f
18028,394bd3f5d411d22b0b6b29d45a3ddc9e
18040,781d77835f2d7f9c67b2dd1f37aaf6db
18073,e2c0853e4a91a943dc0d601708699b66
18100,9eb9bebe25bd43860e0160400aaf81d4
18115,91045c2e4978e1b5994ede17a30549c4
18118,59d3d34904cc0e1d50cc44666a522e12
18133,0ab130032d859feb50422a4c9a4de584
18160,84bedbb800e6c1e5dbf3d3a0327ca1a1
18163,8810b48132988c9ea1250c183a0a9666
18172,188386f6a4baf4aca4e87c5fc84e94f5
18184,d7b4e4cb6cca720343e822b6963a3dce
18196,c27d8087b205cc29dc1014f27e5bbc2b
18199,21e1f59faaca5c1c237465da0baf8916
18202,53b32aac2decb65ecd239e2514a9bbc2
18223,01df39c3bca681f7bf65969943d045fa
18229,7ec51d7ec59ed830b779b9af99e32d73
18244,ab261ee9870596e97e48196fe2a1394e
18262,650288ac879642ad6f83918bc213769e
18277,3252b957d87cdc9aad857cdb49fbce0c
18304,b53fa058f12d88ba24a67f07d6f869de
18313,e35f58995d3079dbef22f1d04e2c742e
18322,b08ac40c2c1efcb473225dc5b6f8783a
18328,cec39832b63cb4f0be965272e9a3900a
18352,65535c1beb1ac1448a7cc25915e3aefb
18364,f0b3bab8926f7f83e4918360642f4acf
18373,abd65b06d5ab115d8040b186d3e4913e
18394,6ec9526d19eff55cdd5420d4f2fb3db3
18406,9e0242a4095fab4aace1fb6f8ecdf93d
18409,e225dc40672c84204d4c5ef1e0dab08a
18418,8485e9db0befc037b4834a58dbedc5e5
18436,2251951caaf273755cd46502714c2423
18466,167d4109f1649c7a53def6a702e9708c
18481,6418e73661cc5af2c3f42dc44f4c1513
18484,e3dd06a1204565ba4c926d8b029db6d2
18496,1a138da5d357f66bc7581a31dcc911f7
18502,47c00200476dea2a9f8a4743933b930c
18523,ea4d78c7d16a9d69a592a3f491191d62
18532,57a90449933433bb68ea632a3ee9b27d
18544,7b04e86fa24aae3a2bd9cd7accadde23
18547,b6881818f0882a5995e545adacc9b07e
18550,1c166cc4890a6ba67f088b49aa2906e4
18562,b9d678ba506085d5914197159c0c6715
18568,0e817c5692df5dc78f582f60f6fc1e34
18583,e82870b0eaf2953afd50edf3175d497c
18586,97f50f226109aab2d16d2492f346426d
18601,dfffb57a073cf69a46376b5af1fa8e99
18604,e8be468d4233e32a408c367b350bcbe3
18619,82c8704be0100a47a611e19835865bba
18628,9eecc2b2fdfa1418d684d0fcabf7a4a9
18634,75d9f9e253c089095f14eb3d8d84611c
18652,1228d1cc9747ae667d6aa0b6f15e9956
18667,ad704840504782fca89c04a40b9ce4a6
18673,3de83ba3349f4233e825d5abfa305c9f
18676,9b679e05eff4913cf4b87cc9020e6602
18682,e97bb7f723830ef3a58d2561d8f13de1
18685,3319386f9ab8cfe54a22764b3f309fdb
18736,491e46ac8845aff5e35fa0e0bf6a3a10
18739,72379bc42285d0b3d5319a72d131d349
18742,638cdb9927fe4ab849a134ed8f0a89cb
18748,e3b0a63500e574fdf2986b876e09b337
18754,7a9d333cb629d23fc93c1ce78f2e9cd7
18766,74c95caa1c0245d75ef3f8c254ab790f
18775,65db1295261fb870831307547fcf760e
18781,740f3ba93d5e0f91c5171a53c60b02eb
18787,dfe26a024eca5e94c70f8d936af5a64c
18790,e32912e11ab7ac6b2928e0b38ea024bd
18814,5e60f5be7dad12e28c015ad2f85cead6
18823,ae96c38816407c46ac0cd9913914ca5c
18832,efa8b9eb7fb7f7c8f260805ced397acf
18838,2638f99241f689282781c0991749c0eb
18844,1176fd9eac69c3d42b6578e9d5a8d48e
18859,217f98403508039589acf7cd1a7812d7
18871,953a9620233e31476743aac12749313a
18880,5d646148bb74be27b5fafe19c1188c66
18901,917a14a09825f7393ba750e503539576
18904,caf5ee6f78f425d65d241ba450dd168f
18919,70c8e2b1c468f8dcd224f95c31725d3d
18922,61999ec997bbc04ac197364e06ae7441
18943,571d13fb989e5530eb679d540946b12d
18949,a00696fa4afe37a78862e49b803ca820
18952,ba5f5eb61bd22ae6b66da5202c485aa8
18958,9e20a33ce2f9c7f00a9d7d03ba79ce34
18985,2b334c30e180a4e75c5d094597f68d1f
18991,faae46b8e6199f0eb9936560f946900d
18997,711123ceb9470a0ac2609e71a38f2d06
19009,aa27da8fd778bcb7fa7ded4c5d6f99c7
19021,325e58f300e40cde1dd423047a1aefbc
19030,8be2c5777687449483feb0c42fe74f81
19033,050d9e41ba900e240f0e719fed7fd9c6
19051,ccb0d40969e77c38e3e6cab4168325d7
19057,f56b24a10554d91434ddff3ddc6b3ed3
19066,f41412bccadcf6fd06643178b43fa48b
19075,d87655cf5691e381a6e5f9f83626258d
19093,f4821d6705955cdc2a27092cbe071717
19111,49fb42bc23a7aa51bcdd53fe29303f79
19126,79e73bd87fa1a8ef124fe10425338a11
19138,233e0644172cba829aaf59e5d8eb1a85
19141,00ab441d362baabf0b4678678e94a22f
19147,a2b424064c780b88f6f9f82ff395b3e0
19159,7c66f212b5cddac0d551676244481831
19198,b9b6076d0bd7dd16018d96832fffafab
19204,2af9925e5e8c8344e80ed9f97d117728
19207,3a6759dc5ed9e3ee0a9535170bc6b119
19225,581272a501beae94b4d9899b7f4bd671
19237,66bef873cadff550b34a21741cd7425c
19246,50848e761bd90c1b8558033351a79228
19249,efd8a4e36ad53c3691da50941e8ae543
19255,222a354f9ee27b7201619d2164423996
19288,8ecb56e644f28a330366b5e5c4e9cd24
19291,2887b0fe97c5679c348435ac73963475
19309,62582d7c74f6536c5eb4925f27a67005
19318,db59640db51ee13684efdd55208e46c6
19333,dfd3bf9adf9c6c2f7d8bc0c977f74e36
19351,f45d966c7a1abac04155139fdd6d1303
19360,e6627ccb0c66c056d9c0a3a6229200fe
19363,c6b071cb727ba23c9302e5851624e8b0
19366,a6d947b1f144389922c72263f1c64315
19372,f2c3b2b5f8d4eb171af0b1fda67fb7ef
19405,263de124e8c168fb45e4fc8fee5a0fd7
19414,db555ff060368a104c41a8ade843bbc8
19429,90674d7fbc9d706a3b7b3688fb26576f
19432,6e6545161d1f08f92e7a5828c46f712d
19435,b7ea0aad76beed7ecb8cd33cacc348de
19441,c927afe5ff65b57ad596102b5b82651c
19462,d16caea1ed40993c46921104df339068
19483,bc41673fc38caf40519f2f743b705e63
19489,8ba9a669fa50659edf06388e20474bc0
19495,0985e4e329eaf65ce48fe2d1a31d1cd8
19496,87b6935b9f370aa854fd564936c18a1e
19501,1ebe6ac7fc4aea47a3d85568b8818baf
19537,4ffc1516c945fd767010e735e1147d7f
19555,2a9eafa58465922120b0956295f7d676
19564,fab757690961d8ebdff8bb6f934cc334
19567,5ee5f8ec3c745097ae31f9f1180eed3a
19588,2aab866d45d51609d067e19a4b5e4b75
19594,a05ec699183f14805d7c5bb34be1f55c
19597,44cd4234dcad613878ca5015602c9138
19603,66fe5470449daadbb1d2e04c2cead6cb
19624,2e97e72bbb8fb5e95c21e4ed79b38c98
19639,567f9a1359cf58c0434b415ffe771160
19645,4aa053da5da56d99ac9936d2e640c047
19654,15d3e9bcf9344fa1f308bcff253c7144
19669,1d101eeac4241d463bd2cdbf7c1a29b5
19681,420d1cce98fe0167ca4bd9b37241eef2
19699,a6bacf16587c78f02f560378248a8b83
19702,2ad923ac2c99da4d8002997096ec6700
19735,11ba43c01d4b918fdd01486f76358178
19741,3b98b80f41c3ec9f4aa30d2e4ab809f1
19742,37eec686203429706ba84c1c952322ef
19753,a524b085d008a4e6d88970997b429ee2
19774,7bbb863e297e19c1e053cc2a9f11b64c
19777,68f9497fd29df2c275edb356124d6f5e
19789,fd49fe728c59b7041579492ce0d7e166
19804,f7336bb0ee3abade101985a0bf5ccfbb
19813,0acf6555e7bc417fd71fae0339abf10f
19815,84675945a94e8cb24e1500454a353897
19819,4961a9b845d8488d2e70b3ae3bf5731c
19828,2fdcd248e53b7511d715a6d2c2c8e597
19831,c17457f397194596aa5bd2437bd639e2
19858,9e504658b7d4c5971f2c41a43410cdad
19867,6016e54b8d9ac22f00721e1ccad10f70
19873,b3e05da16f03a941bd140ffc7d5b428c
19885,b6d62b5e920a387e44daf27f087d3b5c
19900,ea45adf72a1e3217a041194ebb1ea9e4
19909,4e6f8bdb4cde7b9c6cba010cc2651c1f
19918,821ad0c8eb82b7a48446b1d8b99c5afe
19930,af9df3c695668194238df779b85b6b09
19942,dad74e25b6f75cdcc1f74b989b3563cd
19945,1c4f2b886e64839cb594ccb2e4b718aa
19960,c00effd476d6f7adfdc4ba71b6cc4ec7
19969,5cdfd1c8689b7d18aaa531a65a3a2ab4
19975,e2d8dd911413d94e011a41f84acca090
19996,8eb93c6e9bfe3cbb73d7b1f426ec9878
20014,643f6f2da81565f8d324c4dc410131cb
20017,d6e858d7f3c4cd406ca7be3f8b1328ba
20035,781db75f6f68462e74946da38771f6ae
20044,ee4ae135d55c52cf10a3204ad9c2b23a
20050,0da9b16562a77fcbdea65941c3a5588a
20056,84ca236a5dab9e0aeeeda4798f50d36c
20071,fd02051b13c1289f7dcee425ad31dbec
20101,e15a3b07f9def074137eb736c6fa701b
20107,0ab96f80a694cc3c14cc2900e7b0b455
20122,cfa8ad7bf8c0dbe8c8030a92c2ab12ec
20131,62db63af5ffa22b114e2aff57fae9abe
20137,07842785fcc3fa4f45739a255f6c420b
20140,153ffe25a86f50267f9e745ef21acc8f
20161,240c461571fdc2ccc4608146874a6862
20179,79dca3ff3e483add7f701c33d55cbfce
20182,f2dcb59ce408ef1f1cd80c7e3af883e7
20194,c5383be74ed866dcf414db4489062caa
20197,6ac920e84666d7afae42c3f3466c88ab
20200,82307e6781d99ae8984b956cd7c045c3
20209,f09e214d690fe09f26c49862b503d9dd
20242,683bca6ce0a8145368f717ca906da58e
20257,2104e9070cadff4fbeb82307628af096
20260,44571a79d4c993b6b2ca561633e0db2f
20263,21c9f06b752492d879cd6d8bd6c6479e
20275,a8ee0d0fad9141069d043db8c33c878a
20285,d9c38b2c6c54b261185852c6581b9373
20305,13e6c79fd279f4bfad99c6c90bdc1bb3
20308,e96155fe16c33fd4db72ccef7f29795a
20314,e70e6fb0b6de6c6f0d2708d89d50d15c
20320,e8412f7df5a5597480a9c9af6e00a656
20332,90fb5e9a0a8e2b994d9db19799015b87
20333,71ba22e49120d8d2738bf2810fd51df6
20335,211e85170a2cdf0096c35981fcb3a5db
20341,32b43b0a4917fa50e55b03dd8befe438
20350,0bd19b9fb7590ba1528c221b717ab00f
20356,96ca0c3d95a10ace4d7c4115a2002dca
20364,866c8638f435522fe866cc88923e757b
20380,d06b6e41c75cd84647fba3588a0ccd4f
20392,f84e0294aaba9c9b113b178f74995198
20401,82f91ba306d712da1a118e51d547b75b
20410,f8a988d0257d3002d81aa124db5a3fe9
20413,5fa259a1b7bc79e8603d0b6b4fe6167e
20434,2a121a34ec4c717727c7c2ef22726649
20443,81e5247612cdbec7659613db9c7f88d8
20455,c91f9879e487dd56ca896962277460f8
20458,994a85f337452332a1003d635098bd5c
20467,fe06b957266fb95c150dd7920bd4a3f9
20476,91935db07c01d44cca3a6195d31a9623
20485,db104439cb0b91314979971a140dbcd4
20494,53fbeb8606e1c9fb16e2269b23e19b86
20500,38c70b417bc7af38fb229e75ff5afb75
20506,bea3098151a54b21a75a5c49a8d28fe4
20515,4e96724b3e619477a7bc1e61c22f348e
20539,2fe732fede5c8665e403a1f62510899c
20542,545a4382376dbef66ebdfe70e2488915
20551,b32c891c6ba763e97f0bc71235dcacae
20557,3c93e4f1e598ba0a4edea5726fcc460a
20569,bdd1600284daebd0afa24b9f88144c89
20575,b03dd0f35970529bbdb11c2b1ab828a2
20579,cfac56eaec028838825f6f4756795add
20587,c3bb65435da5038ee68171b9429b4fcf
20599,4a4e6ce54fc3268fe763c0486b0256ac
20611,c4ae4f2b484bfe904bdbc8bda507d598
20623,88f8dc452408f567e8ecc1fb35fe4966
20635,b4bf165e13c70ea107b3bd0d98f6b033
20641,613b0017df628a975c9bbbd5a59dc93f
20650,3b9e72df7cf30411214f73199871664a
20656,b64656fa029ecf3052e63ad1ce4e5c34
20662,cf9ca6488a6593f7ab895dc797600271
20669,d00641a7dc9ba10a6b25b9ccbac80f72
20695,50f05963e117611810f787a6eeaba8f2
20698,05bf3584c88ac4a989e0495c7d85331b
20704,f070967c0e1e8ad367d24b0ec936c3d1
20707,4ae9d79fca8582c0c4e839ebe59caf8f
20710,0a5b541901af87eb758200a7e70705c3
20716,fc53cda8639137aaabc8d18c41abf67d
20722,f83b432fc5819011ecad7d6917fe05c2
20728,9a94c5d21204b28cf4411a69af932c41
20734,243aab08723a05875b42397548c75eb4
20740,5d577e1a4a1e7fad3941db06709346a6
20752,5f2f6f7b8ab090b2e7f6a20e804f9b1e
20767,8941a7a4cb9eb6e570d7066df9d1bc1f
20770,d866930af71e13f196a0b8d33f128a86
20779,47c57adb99a40d20a26a35bbeb336257
20791,3977ac4dcacd64472915e99b48ddeb29
20794,c3c51142505c89375899e4ddc8e15142
20818,1def7ba1882d507923690c32e87674d6
20827,dc50f78a74e08dd6e3634eb205618525
20836,86f9df33029fd288729dd4d133d09a8e
20848,6c5475bc0e7d2ce9f251a8c0ce7dda65
20854,4db29c37d795a2e11e811b9640412dc5
20857,94b5040425d7a2953f0c02f1dbb95883
20875,6755ad011e29054ee9974573b374bd0f
20878,bc3ae3f060cb0e774c6ddd7465449174
20900,501b07baa00cb5c32c8c2ec08349e447
20908,b0140d79a1033710c89e36c282d6213a
20920,190f30d1726f9c0c8e21d37c120d12c5
20923,44d431f65eb9f8ee24a208ee5ecd0761
20929,1022d1a2601c0953d3de6f53c71b2e49
20938,f4e3126760a9cb8f0fc89f85b6e3c2d1
20941,81b0b93795ef5ca699d44efd3e62188d
20944,efeededb72c95657ae10d31979167c66
20950,2e61ffd186960ff315761f383e91cc28
20959,b8e7d271d449be6ce17feb616e6ea724
20965,c11854c4e59fabf0562159a1fada5923
20971,6d71bd66c17200daaceb06a36a2952c1
20977,82b40587ec3956e7651d798a02a32568
20984,a987768bc0b7677a260a0384b34560af
20992,10f73a97a4a5eb4b3f0a2621b479bdcb
21004,975034cb05b07cc2a35ea5d65608bf04
21025,47dc52568b9bff6248f4900915404f40
21028,dbb03dcc20aea8ed954181c1936d918d
21034,4e6ebc1deca9a8de728b8b4bd5c9173f
21040,807440787eb33989342c04b2d9396088
21061,58a940e76da5c829ce6f27863f0dd09a
21085,f012d1946ebe7041279e99ead7b9cf81
21100,0f26a288eae3d4686c650cfe90ead1ea
21109,f8ed6c01af794d8c33cf29c2cdd5731b
21115,7773bbc1c2ec59bcefa1ac08d0a669bf
21124,83249674fc71bc11ae8b4c7b325df330
21127,14f43e56b5de1f4b77ff9a5dc2927956
21136,8a49a94f705244249a29a5c12aac5c65
21154,498c4c69fde19f3785d4010fcb58ef2b
21157,6aa16ae00ade47397e9fda6f34e2ebab
21172,cb96becc60988cc6f0c974a8a8470e07
21181,dc22fd2acf6a3c05cbce631f152d0965
21196,e78708e954050dd5aff170f574e362ca
21205,77126c076ae7979597c21818733fd1b7
21211,6d5abbd09298e73597f7e31edaf2c6d4
21220,e9898d2563525f7b051d489e219af0a3
21235,98c99ae006d74ce6d18376270e5d82ad
21238,42b9245a3eeabf0e9fe963edf54cb7dc
21244,7c9d19bec3f8599977efa1d4244944db
21250,ada5ea47a6000c6b4ea298dd0719f2b4
21289,1ba9c6a9b8628d809a29a7f0d722829d
21292,9e0b66d070f0771d9db54fc60e3b972f
21307,04d6810c6c4002b6fe2f19b18a9ec01f
21319,000d6ab6a6d23c68123016e4fb527da5
21325,9c3cd443cebb681fcd92e991df3d2897
21334,80a2fd66575afe34ab402bb1b9fc59da
21340,8c5d769e7d594b551571012e4c0ce050
21343,2d016d98c86244de913068df8751f954
21349,568b0d0f46e8043a5197ade9ed740109
21361,70f169aacfda7e8406cc6a412addc68c
21364,f6eb77985e9739c453afc399dbdc49dc
21370,170d31474d0a2c723120b921323bf247
21385,96d441ffdf67ae2d0d78e78006c84929
21388,798493a63c18a7e7ab9801251440ff32
21400,36062d4b3eb37cca26ca8ff9ff416f00
21409,ec113a0263338f6c4b381442e2f62e16
21421,317a242494c280407808e074651da262
21433,ba5effc44432a14caefcad6ec04c365e
21439,835373f873e0a55f96bfdd167b77b7ab
21451,e168d4d79d334800a98c8d88eebdccb7
21457,8e8023ec59786b5c5454d80f4ea5cb8f
21472,20f3f9992f1ff9f00ac45fada472ce9b
21478,3c2aff1db492b41e80fc3f2ed90c1c78
21484,2b22e3df4e38635a043fc54395421de5
21490,9900a555aa0d7050ac26f815a9401c45
21496,09fd7144e9a0c226f791d01e3627590e
21499,1e3cb78a84e7c7f30091ac5ba83de1fb
21520,7f482a4b1d909430b493e8ae78338c62
21523,d2210a8242f7051ab5b4e164dbf27a67
21529,56850dd34a9aee4a4a3f49acc74a0b31
21538,79b6da4de5e2d595df49c13dc04dcaad
21548,513f674b6a54bd5e2b31b9e1937a9511
21553,4209765e801d8cfc01a761db8dd17a6b
21583,707c00d165770d900b4fe625dab3acbe
21589,850d83a3971bb08ffc46e2edf50caeb0
21592,29bcb340e7aa5ac06c598b8503c90d98
21601,919bff0fe1b2df2dd57f964bf47e7533
21607,74883d96d2848d4d4e434667b17c94e4
21609,3f7c6110b88be1a9ecbcf70344e97989
21616,324273e3992701cf62476fd0f0689e5e
21622,ca6fa827e02a700812c0cf153fb87da2
21628,98c5f23f39b43fb22e8ce3b3e61823a4
21637,1c6d43efce4ce73263db1e4af59d5dea
21640,592d7bca7dd18b05ca0002170667cd9f
21655,98ee31d3d7b9c4fcfdc6b72dc5600fa3
21661,7a258a83d758a79aa4ddd94a55ebde8e
21664,4985e83893eeb61adffbb72ee8008b7c
21670,5cf540deeee2fde3a893e81d1abbc173
21673,8027df5e20a06200232ff821f4a7b582
21688,a05214015349d05cd3d0269e978351a1
21697,723914a966bad3537c6911fb31ccabb2
21703,6360b6a1e6a7ec78ed1dd0da5340de70
21715,a2cb00f17ebb6a6c31d69e30e681a4e6
21727,584bd654624ec512352b85193590daa3
21730,921c2d938f96586bc05b23d5b6195a45
21733,90c441e54c26c09e53904b78ad265298
21739,07a276adbac7d42d5aefbe28e4aee8ca
21751,76e8c517670d4b8b3bafb5656d20f986
21757,6be825ff6989493fd0ba042165cfa951
21769,2409fd5cb47f51aaf002a372b96e42cf
21775,288739d7311b4891b7899e638bfe4f6f
21786,64a56056367613b6b8dc43e2ec4add39
21787,3429140ce5cbe80dcf545f24a731e44c
21796,cbc0d4ad22884e4986a37bbb412dd5e1
21805,3c521e70ae5a9ef0147c1cf1cd7a564a
21808,91792c7dec19da923e3837a0c0f8ab01
21817,45fe52c1efca8f21baf380af594462be
21820,fbfec38d734d0a264b0c3f7a43beaa3c
21829,952531940bb834f2196d3b17a9e62f4e
21835,c3d7b94838ec9f02aaf9adf3d1613f75
21853,74f3f0760f6284315a1b479ae5bffc83
21859,a2d653ddf83015e3f3ba7f45a3ed186b
21868,0b3e7aef5901b3c961be112c5cb930dc
21871,91b8b641dee38145dd08107c5bf755aa
21880,e149faf61357de692e8df850c5638dc2
21892,3239962197742a54114138801443d557
21901,800532bd7ca11763390bcb5bd12517e6
21907,2f927852a74b1f77f09b3f12555e094d
21910,d888221f9fdda0173b88b1811331d7ba
21925,46eeeb62ce7545300d597b17812bfe04
21934,e056164db3c2b4c01d80a29a3c351781
21940,d5f50618ec85038480c05f8d1c564d44
21943,ec3c59f78046080f079446fe0fd3ec2f
21952,2faf342ba1068058c0bc588c7a72b325
21964,c4a73304b38c9bdc0c201984e9767bc3
21970,b40f1ddda269874f07cbfb548a6bbd92
21985,6ba2dbbbbc7b2ac2c7e07f99b810c9ab
21994,c64d6b1697b680de8c7a0207738981f3
21997,34e5f9c1d71f6863c6721847e710f8b1
22006,81a30ca9a3833bc9ca38d04fff644c2d
22015,97aa299a5e4ec293f38d9b234b10e06d
22045,f290e58e8be53c16d2114c8b30151958
22051,646af2a47d47e1582878a33006c0ffbf
22057,3e4cdefd75b98861e048fbfa2515853a
22060,85bc2e6cf02f27bed2242dea0dcf9dbe
22075,bdbe8c9212db5962a187930e91f45c8f
22076,1553c409a1740dc6e29240d8fe13e128
22081,9f21610ad3e0e18c04ee609e6b4a9316
22090,b2c7f7494de2e50fb37dcd533ab49b26
22096,4b113a725d9294416ca209b2741a0203
22111,6da361b5386dc6e5741689871cc47af6
22114,d19f45d0a59c73d0b2216f194a9192c8
22120,f7d5bc162d9f361d22ee92f44ccaff02
22132,d2d9ac3a410bf45a06a36c7b22492125
22147,1af08880231d6270b39b8412f61b6a8f
22153,6e5fd3df5e2d0c5018d96538f428304e
22165,76fd5017abb95a546f5d841e56bc5b00
22171,5744aa76094aa91becb4a68c07da9473
22177,e07975811fe21b182099188c6f9c36d6
22192,bb87f255992d76f6778c61f45d886757
22207,3273a3f5cbb17d22916d78bc5015f095
22222,66525c78ee8b26a897416936b6ab0201
22225,c2e66e5286390d4d2fd3256fcb17eb36
22237,971e3614cbd42631dec39cd328eddaaa
22240,241d7a97e724df06e59a14f71218b2f1
22250,0c2272cff935ac4242caf59a6b7e5816
22255,9a030bd11c8e714f12e576d21506ad5d
22258,be5468bbedada08cc14c156e2b48a2b4
22261,bb17925b62437f59c3c088d7f2decd63
22276,a0c9b45e2ab047e9373107c8f238e30f
22285,a3cb1c34b07512af60cc43edb90b9fb0
22291,46f24ba767e5b831e129b3596b98ecd2
22303,8c5c05ef9612996fee326e8411271adf
22319,a23c0a7b3888f172aee14a3eb331ce60
22333,b083770f6b952b194154ecf07df9fe4d
22366,c9b9a55501abfda28e7915177f71bfe8
22390,6c487235f0ace9d83dcd3cb6178ce17e
22402,5ad44a645290c012bb3fb51d9df2a2c4
22411,1e9c7c1566e9c8e144b4db76bcada16e
22420,af0dd9b913053069c7bd32a0cdf08d3a
22423,2676d5be600436c1b4caa23480997c86
22432,d449758ceb4e37c701bf8784aa615d05
22435,8d0081426ed4c0e74f9a44e6d22a9696
22453,6381d9e58c43c27e1c03815644afdff4
22465,1d22fb3ddef3a398d4739b9bc6d6ff2e
22480,0a6eb710beba313b3b5532f82412e66b
22489,965c73e03fba8fd7bb992174ba863055
22498,1c2347a5f16ed21b0a48bb7eab12805e
22504,c110e5378a134eabfd044c3109c44d0c
22516,cd14744945b4e541c0a11635fbe494d9
22525,1ba9137e8c7c4f098abbea382cb332b2
22528,4ad4751dcfdff73181681ec725adf501
22546,2acbaa7e91dbf68cde7d20e2b396f9fc
22552,9f5f640ddecf7afc5539b35e0acf9fc5
22558,5c2936ce16c58a688fcd8982496ea2e0
22561,844d0f345d9b5994bc8ebbf3cdca6664
22576,694356c73d31cae2b5408fcd72285cd8
22591,967be82d594c79b28ae3190b874e231d
22597,715bc010e5e8f88eb3aab7647743ef06
22609,578bf7a256f73831ba3513297b4fd011
22612,556560b2b8c8073c7f315fe831cffc83
22615,ea7e40eef40833a3729a9c4874813301
22624,d0f696951bd44546ab8015cd69933334
22648,f64e7a3f709a38fa17ded5d8baecafc9
22651,79521fef010a0428dd54fb88a5e890d6
22657,ae0f9ac0069209f2f98fb250e7eaa98f
22660,dda83be3c09271c2184a3028f4a242ec
22672,7328de9341b61059b8b925641fb3ca1c
22678,f4c3eb1e6113b84855be5a1a1f16c6f2
22702,0803d285f54ed5e623d047662e1bf358
22708,22b91d2dd9944c172199c9c8ca93f26b
22714,182ae80dafd28a2ccb91287d96dbcad3
22720,08963e0e0e00b95080739712676e0a44
22732,fc43f1a8406c7fa11d1a672845a03c25
22736,b1b243392a3a786f900723e40dd14dea
22738,fdbcb05de9161c94f514b05db4266023
22741,4729083aa3a3b256e275fde5a84adfc6
22759,f2b3354c80368d8c9f9b305049eecbc3
22780,8caa1be20314421c7ad9df3b9f7894d2
22786,ab83fadb8e8c95f337bef65443cee239
22795,a56a358042a64d8abc2450c83a2caf1b
22801,6b8148f90be3d207de407b18e4a7827e
22810,e71151e5de8c41188fd94934a79f6c53
22813,38b6ed65164cd052faf6a60893fc376d
22822,d84e613f9f9c9bd4228f2768520678d0
22828,80a81382eaf341271ade5368025a8707
22834,1ff696f390f38c74ddb648626876696d
22840,5c4452b060de17734a2e2d7d41c76b50
22846,228ffcd671341db3755b8f373d76e702
22849,e04cbca0420146f03009a970ece7fb8d
22852,f6c1de2567237696186ea79fd72fac73
22861,206ebf911cf67f55be4c96ef5d3996eb
22870,21e835e153f083b4306138af291f9998
22873,232dbaf1e56df1ac8b755472494fb7d6
22888,1bf9da1fc19518fa68e53537727783a1
22891,3d4a8f639dc30ba483c3681f2b7b606c
22897,2c4e0459af7436e27bce8bd553eb394d
22900,726053d8e852b6e835474aa7cfcd0bf0
22909,f116237bd9f33aeecbef1a4f96486d22
22918,1b7d7388d3b0577fd52e5e8e37bf5fef
22924,bff73e129cf0dc22df6b42b93104b16c
22933,5e7e331e167384bf47ed2de7419de190
22945,d822cf84b5bb7652f99ef243675f25bc
22954,a4ed0a7b0f1f92502ab4a6bb4fdbffff
22960,12d21650ad0980fdaabba5cb73852ebc
22963,3dc645b389e3731cdcb647f19f05bc47
22969,7d5b6bac1bbb1f5075d61a41558198bf
22972,3eac701e4523d34799bda9e160524880
22978,c0fdd480c6d86867c99d28425b0fa5d2
22981,d5228c9a01f3a55c78721f34396a45d6
23005,a37593129397f865d831f26d940d749c
23008,5a1db0ed3151581555ac79c548f72666
23020,980e8318bead16d7789fb1bc0be4a199
23023,ef3e033b4f153028da43d4fbd32b4c85
23032,05c3fed4caed2c2e4b10ff3325e33d79
23041,077fb0d609569f5828cfd830ea748ff3
23053,715f6e603be78d0c3125c770afb60eb3
23059,edfcb33ab9b04e37c77aee75719e896b
23065,65e692f85a1fbcc47c126b9d6ede18ef
23074,5f3fdef182b39344046acd3aa40f3b77
23086,df846f35dc08d707bcde9cffbcf6b1c0
23089,cbf4d36cf696bc58ad6b01872ccd37cb
23095,2578f71a0633d029cd50ea8b229846c5
23110,23e848c8b57a3e13b5d18c7ec963c839
23122,04343e9d63190ab39fbd56e8d0b08bf9
23128,5801df94a370246c71c90d38b364e08b
23134,eeede6d5c2e8adc5169c6a3a088b3ac5
23143,160fe5964844098dce7316e2a55bc6e2
23149,5d6d831beb69463bd81a4995536a5ac4
23152,241b0a36ea8cb418bfe787a550985ead
23158,60b7e6655260e18ebdb265ec0c27c1b1
23173,d03e3ba9dd73be53541ddd2c4eb5ee09
23188,8b680c1c7b124e34f5b54c48f037db7a
23191,5c9f8b4f1f8ed8d4fbdb83af5f2e2b0a
23194,03a85c5cfe3c40df0c07f6def35a1953
23200,5c243839cf431e717fc33ff65fa34070
23227,74338b77679b80615c512866a97dc0c3
23230,e8e5ba89d606c5c6ebc6a58bcca50b96
23231,4bd52aae9df6119d4903863680171f89
23235,b7d4327ca18a3771027e2e47d9a28922
23236,f71504bc37f70f74e216e74cb9cb5bb9
23246,d458da48da6f4be6e12f0424e54e9549
23266,d3430445aeacc84b55f1a31f4d72b1d7
23272,5d1f881d8c3fb9caa19f7cb4ca609081
23284,455fe5153a589a0560b2207ef2fff797
23293,50adb71977d1fbdc8a102dcc6c6a25e2
23302,6bb2e669670c5e31e6e519a4b6d92f42
23317,87514f025d6a738b7582119fcf5554bc
23326,d72d4a43bc80d002b2c35e08172c3b23
23332,b70329dfa89c8963ead1cf7f33e3a244
23341,92cb299a02a66df83d09bea3055cef0e
23344,8d47d41f9d3869c999f67d75aecd446e
23356,051b26aa943a3cd9ebdf34cb16265f71
23365,e7120152064ec536cf69fcd012d578fd
23368,9371ef42a58e8a7434a291690d889bd8
23374,e5a4114a1646982b4d55e91fc59e24dc
23377,1e211c8fb1a998174e785bc0305349d9
23383,7c59b664910c18f0019ba59cf8d03959
23392,636f319667739ee34f9d1ab5dbad480c
23401,f811d26ee4ca9b4d8ba1737b8a4f1b96
23416,4d4903c5716c70907c7bc6014de5757f
23419,eb1ca5223d0e9b30b1e99f5b878a4bbc
23425,423754d4202d4df407dee18bc73a24e3
23428,9b9ebe252d1844b9f9dfec7a476e6e3f
23430,9f1282d1249164db444c38533a181398
23446,a1553b9110a84c6bc2f76343a40926ec
23455,841f492883af45ed2b4f9192f091df5d
23473,65514145d87804e54f765c64e5de57af
23476,2371dc953b380cd51d051c93cc7d8ceb
23479,1a43ae32d76aef09fce0ade3b1c8ea87
23485,7469148ef19c7bd5e125072c56537d09
23497,2c458f05f6da20832e2eb761f819f478
23500,e0c18a16b9a3a841803aa11ed9d64ce2
23504,d1add09dc49d842c1482a412f083aedd
23510,d2064dac5167f6e418ff61a8ab86492d
23512,3216df4734111f2a0dcb62097867326b
23515,6a6e3a5a4f30cfe802add47508ea6c1b
23527,b5d03cb542d749128812d19275c62f01
23530,bb16fe954867855533f9b1ae5455167a
23534,b067939b8aac2b194e28b1f437a0e82d
23535,d747a776068991c7020dbf56e2bcfb11
23536,87bd651671c2ec7e8f4a0b796ea8a3a3
23538,c5a9ccdeeddd18c286d2f23a8ec04724
23548,e990c6bba57e505d7aa4450f80e0e182
23563,2006235065daf041316339688508fddd
23575,087e58aa0e1c5c9aee7183cbb9b53ec1
23584,b97daf979851d1eba1e9e42512b6dda3
23586,dd47415e0104780903b5c8bbdb1eef7e
23590,86df0610d626397b25a85ade629bc8a2
23602,44af859cab212901532aff3177ecf726
23611,0f4f34909c6aed0fc94e0466cd4f8d1b
23614,c5a4a3d7ce18d6dcb3b5409f5fb88ac2
23617,8719905e1a84be660b9342f640c9d17e
23629,67fb108bb0bd73f67d38a0c0243e4ee5
23638,5da81e9ae99bd8f2a906f4672262c0c2
23644,71736e8dd18ef3d75c1615e55fee5359
23647,c3c00f5f1776b35e76e2d18c927358ed
23650,48dfae043b11386b13cc8afcd2e56e07
23668,fd4785b08b3e65890ddac377ce1946cf
23674,aab1b7b74757aa72962d765c9dee6d7d
23677,cf2bebaaaa15d3936531fc7d85a47027
23683,8ab52f12b8d09d97b578f217ca31143c
23701,9e9be123abb9402106b2af2e25531837
23710,5e959584642b9283d7854c87ae86eb5f
23714,3cf436e6796dbd083a20f36662b6b421
23722,c3dd4a5e7d070e28903b33e96fa2dc88
23728,b235675ed4a7c03fe4b10efe135150a0
23734,34b9710cbf98262c82e9338d4ac66275
23749,db9b8d70b5594eab1e01520b65b6e8da
23764,2f6ba55281fe2c340db3d71876c56047
23767,7c723f586aea20c4e1c1d22f4cc87a39
23776,0dc925b44db130da8dbc9653c413a934
23782,365d3f2f428deb6c21b591a8320c5598
23788,5d8983e9cc8e3200d7598b278a9ac603
23794,e21cda0515a630ed5e9aa2e3d67a4568
23798,58a472a856f7fcba5a71ceb209a94bc3
23799,ec6a995c4338c0630554e3d58a860bb7
23812,f7cad4e747edd85a2914e265e2423acb
23818,15d1850fd144e90d92a34c441029ddf1
23824,7d007e8c594cab8cbaa07588d19c54e7
23830,d038720a05c6441851f46320583e6902
23833,73fda6e71d32d34e1353b8eb349e9562
23839,afb3939f5dc0965aa37017ef2b32acbb
23842,bd430e7348399a91d483ab60fa650158
23851,4e10f71022e20211270094559881bbfb
23857,b2c402940ca6454594fe9a6649a68e78
23866,fd29ba4b095c5e23b4d2b6cf953fa980
23869,d2e188f395d0d5433737b4db814b0cbc
23872,a1ffd7ed368c8c05dca367a4c7ded539
23881,459ac9c9dacb902f9b6dd106992feaba
23884,7167019bdc219c31be8d9814fb1f254c
23887,f7a86d054b2b4ae726deca0e96285910
23896,4100975fcc816b1cfa9d6f288234871a
23908,039d9688d09910a295669b142289f866
23911,d485ccfc939bb2a4c277e80278dbfe7e
23917,9104564bdaa29c748d22b7137e0cbb72
23926,8b92139da2ea253fb557ccdf246cf3af
23935,3d67943b89e64fdd55c0140333183f70
23938,8b771e689c5a3858ddb6d5a393613a8a
23941,fb273be9415832b38d7e1d651e1db7f5
23942,768269b505081029830fbfe941dee58d
23947,b80e2dc2301f309eb745090d233cbdb3
23954,944543881948dd5c79b982bb263a3289
23971,794184e5c5f97deee6dbd365cc004335
23977,5a840e817791da121c76a46ed15bd0ca
23986,693e449bc739bc7b6a0fa90e3daccf34
23995,1a2f1f0686d60585d87e90a073487153
24007,9034c28d27ecea23556d9418f55d6f62
24013,8e2b295f6a6ee7f706c86bd10a0f717c
24022,dfe0b90c4ad1b9876f5c71480754e102
24028,0596acdfeadd950a7b9ac14960f8b80c
24043,0e3eab2522150375252dc5e36dc58456
24044,9145d91985fda758e76aec2a17814304
24049,83bb6877efcb95c964f4b38b1e296625
24061,3302108f2cc80013d9a422e94cdaafa3
24065,c4cf1fbef90f916cd10097b0cdacca4a
24073,180fb4f6281c127e20d5024422e0e268
24076,9ce66ff2acec2a301d933dd1d6899767
24100,e975ec350492ad24aa16445cc1887dff
24109,7cd840ce4f396b667da0a1b7ec48d552
24112,f4f9139e56d3773a9b64dcf2aac73e65
24121,6ba1c8a2b88e3162f72f9065b0f95003
24133,5e5a9314dde239d2968ff6da60529e68
24154,c04d422250c3dff444ae3676ae73c0ae
24163,303947cc883ceaf6dd761dff2d001e68
24169,ae1a5ba59c9a236ac93f6cb160cd16fd
24175,eeecd4cc9ce4cb59dfea3c29604b1cc1
24181,5855540fb039709997c238874d009cf2
24184,a8e54c948a07b699eef08c1d3bce9431
24187,7d6a4e1a0a4380c4610e7fda3b87aa99
24193,44de49919064332d3511aa1ea4b60adf
24208,43d66ff45f55f088daeecf2d31905f05
24211,52bc1e8db839d768921d003395b4448f
24214,291e907ad2b627572ec1d4bd288bb2ea
24217,51f8b5f06a8d98ee6fc79f0cf280e943
24221,7e639548c74fad8b4844ae28445ece7a
24229,19b61a9f26f6828fdd8f1353d7ae2ad0
24235,8abbaf60293e8b4ab071f7a7a8099b42
24241,aeaab04c8065090f9bea331b61cce247
24250,328f585005b2269274bf8450e0344ab9
24259,1cd9f88df092b3dce4cd1e80e1a99e79
24265,99a4b0fea556c0c033f57ac4efddcbc5
24277,80d3c151ad581464bf581a241f85e21d
24280,77f7bc987b7d28a7b671f76bfb64c338
24286,3bc188524f94d273fde287714f33002f
24301,0cf3fee287dbe118f4e39a4a2723c762
24305,ce4a05158ed372d509b5e681d6c667c3
24310,6e93ee707f521e04625096add75cebc4
24313,74e487e13a49921f2692020843e3a35f
24316,9f6493ebeaabdc62f3c4fa2be511fa12
24328,a580b183a890102264559f0e7b5885ba
24340,d085c86b6285b0f9be1931f736abf3c7
24343,211fdb8e07bcb6f83e9cb4b1b92a4ceb
24346,ce21b8a8158b2617315dc9bc2ac30cfd
24352,4e2f06fff938082d887bd50b9dfe7bad
24364,cce9224e545cc4ff9f47645ece10caba
24373,2196d5d7aa437a99be3d8eb3d19d3707
24376,2918d753fe71eba3ea1f00f7418720fe
24400,17818fb105624f0ee962ea32b1c90a60
24403,62dd7c3b4e4dff2b468142a7ddc326db
24406,691cff6f2cadb122d189e2115c768379
24412,0276b976035451e99330eda0c75b19c7
24415,c4eef9c0c56a57da51bb66a1e70e4c3c
24433,cda875ec3d9c7840bd75c9e59e008600
24436,53fc1a97fee74ef11dbc1c6eb5294333
24444,e8bad794dac266663ee8d536625ae987
24445,c89c5b572a167d0478600db3a6496f69
24448,1597ff7efb88bfff9b9e0a8f1a648218
24454,c98d12975a37d6c938d71ad7eb3be813
24472,b1f73709f297c8c639885876e18bc534
24478,49ded14e5857e1aeff24a04c00e8a468
24484,54f056ace2392ea41fccf60e56b0b79a
24490,d27bf176dc20fbc5137fb5c527622dcb
24496,aac8efd28aee1bb31be93f596f16883f
24502,26495101d294383510f46fd9948cd524
24505,93aff23868f791dc13d8dd18d18805d9
24526,ca960846983aa36369a06e8177fe47ed
24529,21f7ad2f464c4a3ce4bb2202442cf7cf
24538,851bf260d405d693f9f059e1934144bf
24540,ae4bbfa8a680c650a5dbf608a9b5a25f
24544,b0162457a7d559bfc6fd127858ad59ab
24559,d250cfbf3e1fcfb6dc6c52d4b0955fb8
24561,29c2b40f2d75a4e0ee2ec3d65c2de674
24568,c860e666051c82b0acd8b3cacfc76a4a
24580,f9bd4aa992406c20012c623d8b5d9fcd
24595,33ba22fa9b9cdf968e872a2bd7f63e72
24598,1e61624c5d19936ffcc4dc618f691448
24604,9855b6556f8634ea86692bc5c2fcd938
24607,b9d402992f297256a602a3bf1bc8c414
24611,de02039a274c884b8dff8e77129c93de
24615,5e172c00a6798b2e9729ef61ec1ff72f
24616,0cb711e93792bc5830b8f2c3f101708e
24617,ce3eb2ff0c9a1eae2cad641bbd6ccb31
24620,d448c5970add790d41052a0aa13c5ec3
24631,80c37645e4136d5b38e82d651c6e3aea
24637,3d77dcbf3b0f95fc42f246452cf35df0
24640,f284f89754428dc6a15fd5c5cb06e64a
24646,ae137def006228a2a5a16071adcc7b9d
24649,ed5945a081817150cb0d030e667888e7
24664,b57151fc7a68c86b1022c03c1d84cdbb
24670,53b50c692241be3795c7b33a66cf008c
24678,01bd2f349a2a8b6f088a2d386ee60fec
24682,e8cb843baa668f2e78553f5490f418a6
24688,04c384c9907a8006de581d36da5cf6c9
24697,0567f20fadb3c4920d2273190c37bb10
24703,fa7302a3e803c88cb168c722b38fc31c
24712,26259ec7eac63b3e4fd2c869c53407d8
24717,4d50e8ea1926c98831869c9883e20193
24718,429904fd50e2d7b760930fbacf750d3c
24722,c3bbde8493e7ff4644f6e1d735489ea0
24730,cbdf706c5cc8648ba38071ae13a0caa0
24733,df3c95077ee19e1bb82c7ed28012770d
24736,f747f00fa3dfacf934a7ff733dc59aa1
24739,a7b503b482a8301e10e72bf81111a4f9
24748,10a369b394e8639e9709bbd9ab9efd62
24751,8efd1aef5262f1775ec1aca4c50163cc
24760,fad051632c5c8b8dbdb49328f98d0142
24778,ffee2efeafc45718f3f9c99b91921f95
24781,5c0106f8d051c3e481ad14e8e5abe1fd
24787,fbea80777dbaf41e69780e152418e3c1
24805,a57d190e162b120c3e7ddcb5ba8f5db6
24820,108ad63e88c709ebe065ae0815c00c6f
24823,21eb63586072a10f44a659a017ff9153
24829,97df657ea7e5fb5f6a1439a76cfc0e67
24841,b6b3b18502829f9d883b8ffc2218d2b1
24846,002652ef8d6ff2278c6f6596b794d64d
24848,83ad7fdf27f780018309c71507334e9c
24853,ef31407758f1f8b4e49dac69bdc46147
24868,747a207a53dbd6b920be92442629a3fc
24871,a89ce149e3036847b266cd97412a0e29
24875,e31fd77cc4f57709cbc0bad89cee43f1
24877,36e6cdbbc0e0ae8826535735ed9aee74
24883,773108eed5c7e945a0adf9963725aeeb
24886,a73e084525dc0f79ff58d73a6c6cb645
24895,4556fe1d102012ecc229722bcaac7d9e
24907,1320f26144059e5ae446f2e4ead37c17
24916,064722aaa791511134fc1561cd6066b2
24931,e517b39c1131631605420066961a891a
24934,7e376a34d7d9c5f8c085f4bfdabd91ad
24943,790d337915b2d2dc53cae7faf4b5ca68
24955,3d4aef05a8d158d5e2e678a4b21337b5
24958,8534688ce09f3a8b21e634c741584686
24967,d6fda7111201439df4008dc560e7e70e
24976,b78f5c534928365af0e4e8e2aeb7b53a
24985,d157e1f3b8e4aa18f86d86bb5d7615c0
24988,585031e7b42facb52494ac2ee3c0f248
24991,2b088912f15e93b83aae0663e6470eb6
25000,38b8347c18d8d4a060be17736ecdd9c8
25007,9b7e34c38cc2c3bb16531ae3b771c775
25015,5a66305a0e7a03fd74f03fdbdd50eebe
25018,f0cd47d8ebe2990bcee20cb0a1610d26
25036,bef5482f8f87d5171e37784e546adf3d
25042,8ae5ac39020ef036cfb05a25d853e98a
25051,b0f5c434d7c08723b8c6d34929146bd2
25054,1a7737924c021f4aa91bb41baa59c44a
25057,9e4caa24a6f400f64dca6dc64ec5eb89
25063,b05d3c333625d6f470c3168cec5706a6
25084,ec220466e6c8614f2d47c0f48e65c528
25093,712d221d479d35c6437e7bd3fbb9e378
25099,2d5069ce1c025165f5442af0a0b42b0b
25105,9a5b7b5772731f4c97e61068cd4d6dfd
25114,271232be29340e18bd628e619d9c63da
25126,39ead6d4b104e0ba70bcf22a27884826
25135,42152f6d97dde5f702b7bb602bf48690
25138,fadc465cd6ba897552ab390b179d204e
25159,42e918ac9cae95d6f3edc13aab762931
25162,457d72d5ffacd78bf1535aa3246d243d
25180,513ac82633ae341e534107f8d17d3d90
25195,1f0b3488474ede42db8b2fc16a9e4fc3
25210,9bcaca3e6fab83ca04220e2ff5169baa
25217,ec15c4a2881529a4c016adf551151a76
25220,3c6df227949afca8a4823d02040c4ebc
25222,347d6286ce3d407dba5b6c9d8c9b454f
25225,010a1849bbfac40e459ee73576b71b96
25231,5b8055b1b45a6aa1e6ec80b6d7fb08ed
25246,dce6bd2222cb8a30be9d0a6bfbac9727
25252,dfc5b59e9dd285a914f4473cb90fa897
25255,f7b714126e1ec477b991edaad20115ab
25261,98397404054f9e7fb0d47abbd566e011
25267,92940d1afba5a2ea3c3119e6efdb06ec
25270,74a3983d6fc9e71c4015c6a5be28f2ad
25279,f8986c125bc67de05d56774a9ba9c305
25280,c920f1831bb1e4ae5440ca179b3fe647
25292,507fe12a9901ef174db189d815779add
25294,08905115becfac80894b833e7c4da3fe
25303,752bab10bae4c5c8647f01a5e896435d
25308,f71af0d0459243c1095fa0b306af5f69
25309,2ae4eee6af215faa48e9817dfbf43e30
25318,76033d7956b5c9c8c076047a8cd69f98
25326,c2beeee4480641383c1ef5910b6ad609
25333,cc902737a4bdad1f89868286d7944213
25345,3d11369e2537a84e473a4c73ed70d43d
25349,c9587594f5089671c46ed95fadc2893f
25351,5c059304e3999cf2d5b7231ed63c735a
25357,72110c5b1d6b7f4bf3373a117b99e018
25363,a63b351eb9f79ca63241ee9ff0738f38
25378,652331b2d1d2bdc882aa0e584bd294b7
25387,0d2611f06e442f51281100380db4ae83
25390,b9f82c605235deeb7f0de9586959cadf
25396,8f9657cad3f659bd6456aef3b58ba2a2
25399,a85fc52db7f951b6b597201ed160b639
25402,0413a80b04e01d10cbf5ac72fbf7510d
25405,d538b200274be43806bec93efc477a1c
25417,173c6d993651a8aa381dd72c91058278
25420,3e2150c8f4269ed4972a9b5b1a3e4ddf
25432,3dd652ecf32981bea32145e43775659c
25441,78bea32f8c970fe6ea824b0c9c07d3a3
25450,216785047b9cb3376dd058e3d7757cf7
25459,0551d3edc835f90d7dd38104ec9414d6
25480,21018ef9b9d7d563cbc759e904d4c2b3
25486,90802be5c59bfb47a0bb2aaf9a9cdf71
25489,bf46fc3ce54ab343d806a0c0caf02139
25498,992cd5db3efb4caba56b293fb55f1c4d
25510,5e561ca9c23c4ec3f171e4ed01e37e6e
25516,dff4d114e1b5f5b91fae00925efdd5c1
25522,5d9fcbed2a84cfaf9c4d2870ad3c8322
25525,34666eb2164578bdc3f017ccfb08cf27
25531,038c3469210403691c4a037ac322db14
25534,aa16cc4f6d44c1f875d90561742e2ba3
25549,5674262b1706829d725c8db06ac86e98
25552,f3bc14e43a50f00a59e5db9fed6eff13
25567,ca981e82ea54459d8b517b390c3797f5
25573,ce77fb6a3719179038deca71618deaef
25579,e63678965c8823bd84cff946ec8bc965
25585,65e5781eff5cac58f32b34e59f07f6bb
25588,7e9fbfafbef735efd1f0ea8063b368b4
25591,2d594e640ba2429dc82c09b857c46e7f
25606,7df2b722ba17d6df560cb04e25d741bd
25621,9125439587af583df09317554bb3e0f3
25630,caca50f5448b417d9d78af1aea6bcfaf
25633,713a9b6fda1a34bb38ae1404772e81d8
25645,1e27f3c070e136b4582906595ae6a156
25654,751bd6a63bd4952ff3c1a36f98ea4a60
25657,784b056584caf6b92e5253fa8ec23b68
25663,fb9cd075fb8dc84eccb963e374670e0e
25666,0115e4db6c567b6df8a596d94520f651
25672,fbe42768f6ff620b8a64a4f8b8db286b
25681,f6234f230f3283be45880eb15e5e4aa9
25684,c20e618493b18aa61746a96bd366ac32
25702,c49e106c989f34cf5932c4e6047c4e7e
25708,0a3227b07506901aeeefab3148ea1357
25711,52ad0a334d5e70ae908216e7116fcf85
25729,70116960648e72970bd1d630e3373c74
25732,4ee53f6b68cc0fa6399acefee5696e5e
25747,4c40d16826ce93a8f6d86a8a7a99d3fc
25750,0f39c37204c24e2ffcdc80f5ac98426f
25760,00de90c27c97bbd03f3d4b58ae006629
25768,0865fde86863a61ba160849908c524d6
25771,1818be6a61d13cabb37180947998000b
25777,98862fbaac8e4b2aec0e54f5f99e69cf
25780,a2b73fdf84b8c6ce829fbef05a19041d
25792,1d8b1f0a0598eced074a14f337f658df
25807,5d9f30c4789946ded3352e1991448047
25813,1e53e50a2e22e20f875afe204a60b527
25819,10389de64b7ac46e7c05d5fc9212af94
25822,463ed1b67a40fbad820bbf5d1158143e
25837,4283df328f0619fcc265e7efbb33e695
25840,c67eefe64a8d621b0c7a79251744ece8
25843,fa88cb5378b38efcbae66d799e184d2d
25846,e34d329ca502d691646138bf33fe7c72
25849,78b0797af40b614bad9b085ba1064c16
25858,faf6c9591ecfd87c530cc804eb56b274
25864,1205b0623c8991f1694e678b683b2492
25867,9447bf8b1d449f465ea259370881df62
25882,bf7a6dfe64dc88fb55c9488115be5d20
25888,187b9a2c7b12fd8818702b95145cc51c
25891,ca1434b51a26186a6cace3e769cb2d53
25906,33b6893c03d4572ddd56e8da53af9096
25909,fd3f8a8330aefa07725d4db4297a3015
25912,bb6f2f7b11c11bc93e6c90db3b0565fb
25915,feb7dd879ce83887cbdbbcbf3cb760d8
25920,3535bb4c0f8d2abeedd31dbd1fdce5b5
25942,e2b20dfd9fe655a6d86f4af6bb643fa3
25945,d3a78eb642d8bda9d7a5d9628045f2a3
25951,50ada245ae8aba72691eb222f3ebd31c
25966,169e581269b8667e25c7985edd45df20
25969,5ac947ea96d0b88f3c2af3ed733f4198
25975,e122c3d33edf7ba4f61daea2ec0401e6
25978,927519f0fc3ad3e86fd58738ef09eb1e
25987,d08a1fe9103eeebd899d965f6c8451d2
25993,849354143fd61d8bd7140fa2d1ae0e04
26005,6e94268a9bb129d9eb6c19c71414d6a1
26017,ad5f67b157263efbd3c3587b5d08fdbd
26020,c6187886871ff9cf9c5058165821aa3a
26041,ef2184f86bc69278881fa01946eebe05
26068,a89b2c69d81ce6572934b5c04e663bcc
26080,78c5ff246234677fc5b727c46f53fd2d
26089,7a6b95626c75a6597c8ce42018977798
26098,e936d969fae7351e37c88c9a05e0fc90
26104,5527059e02c0315edeb5a450f5f846c7
26113,20cd2da76920c6b11a1ca503bdc2143b
26116,c786942eb9e2f90d4116ff1d6271047e
26119,79b8a580f2f8d7e4a9bcf443347a5846
26122,b313820bb3d85e00f3695ba731d1be39
26134,372824d329b93e71dd6829bec8fbf897
26158,36a931bb57e82a385cff0452bea675bc
26170,5b9583c1825de2911b15176a49dd91d2
26173,29c056390c91bd38a555ac26c2645f33
26179,254d37b81238fccf3a3336ad81b6e3b7
26188,a0bd814327f4d8cc0347a49b4e863696
26206,f2d98960328259d9ac655ee46bd84840
26209,a5af03b86c0998f8aeed059b3a33ae85
26215,33ed6d8f36ee90e167727ad14e033776
26221,beaad011d48c3976222191b8bcb64843
26227,1765b804c4fd316d442bae1728e139e0
26248,f4245205311e7d605c3c347f5eeb6c01
26254,5cd10f8e628db2e8eb6a5a9288eece79
26278,63c24b8eb333cc21d78e5deba9306dac
26281,86b42f3ac4cc2abd9abbb3bf7ed3e4a4
26296,3f786d5cc26c2a8e47772015ecb73fb7
26299,0e683663f9e59e38738afa27c651e9ae
26311,9244b3ea5bfb6f8334ba856f95fa7d9c
26326,ed04e8eb1a08bbbb2b349661cbfbfde1
26332,6d115f1f81479f68db70f8781407908f
26341,f0edcb53a1828c9decb0b3393d4be944
26347,f8781c217f1b9c7b48f64d99e4360b8e
26359,7e3f8d0e68193617f37db335fe5e3017
26362,19c5cedc2c26f2d1be6a764744d4de8a
26368,9d73add305d9f358d78d8fd88b0ceff1
26374,c164d9b5dd7693233a22e51307daaa9a
26377,0f848df9536b0dc2636181dd65a98bdf
26380,a82ad30182460a6e4f08d0daee376114
26383,fcc7502c0d527c926db93c4e90e9e47b
26389,d101f9bbb78871a1dc188b311255e7fb
26413,d10b660c7e13ca61362a43e2f1977076
26422,88a0846ef238391d19feaba5c1eb325c
26425,6356b6fd040edf698c3277cd1152f714
26428,2cdf8d5d3ab4ea0a647835c0a06c9734
26434,d11fb8ff23158353b66725596ac6d224
26446,5d34eb339db4ebeb5fa7fa96dc97acc1
26458,29b7d3888d90944b78cc9c36bba81d25
26461,15ccbd15bb6675c8675c62625258dcb7
26485,c5bd62f3c799662c37a285ad710a9bf0
26491,d718ae47bd2f936aff0dc821b7bb8884
26503,a8d4092bf489deec2d89249f4041c68a
26506,657bc45e0f8308e54d003b77fce13565
26526,4b394cf35916839b982833e3fb26af7d
26536,92376d45656526392a11cd401f24312b
26542,113bd7672b457f9fdc13e8cbb097689c
26545,9cc5bc52cbe1aef1c82d4c1561dfedfe
26560,107f0667e8a98450f354742be3665e97
26566,6a373954e88b5da0418d7f82ba675f4d
26572,c26baf34fe8c82be8da11020bdd17d2b
26575,c07008539e061ab4b0d808f8e9e63a61
26584,520d50dc14804ee60c819bf2ecb64f83
26590,35a8ae3de7ad12654eae8cf840c2fe97
26596,2a00662a5a950275db136096d96b004c
26608,938577fdbcf5f6fdbab23ea68994cee7
26617,0f511b2a80be3e03d864cafe2fd93804
26620,97cbe87f8f541a61ab6b7ab91fef22cf
26632,bcc9c7458d1b84f278a9f0c2f1693dac
26638,059ba2f99eebe8317ce189055881a320
26641,83bf55a546287e09ffaa51060dacc4ea
26647,0b81e46abc1a371315ee70ab82318a43
26656,cdb425470f72f376dbc2b20797b10189
26659,69ca1b59d44e7e9732fb75491b4001dc
26662,c7d5bbe93921dac2202350c7fd37d411
26680,a09ceabb2b6b574166ce87b06c762bdc
26686,dd908360f80bdd5aa308343e5b71c5a7
26704,5cc8f1f0b912b7712b04f5524b8f5da7
26710,6e24ea422fc3684589cbce391331ba89
26713,1c70c277dbc36e9ef4fe4cb13a93b309
26725,704246b62932568d3e9aa1344cdebd6a
26728,2d6267631516c4b15aaa971d1d05933b
26732,6a1e471a311f84a8d2e1b32d1b1fe348
26737,6876beddad2805fa69568ae5655aed37
26740,5ddf9739121ac9c95592227ec8758cf3
26743,2bfb023ce46c45f192546ed04937c79f
26758,fd6931af3c67c97a3efc57e049d1cb28
26767,e57c1ec801a7f2062b06d4c093ae5590
26773,baaaf2d5a3c3486f2ef1d603f070f0e2
26782,3dee1a29e7e399a4310609c4a59309c9
26785,f76d98e1525afc68f7285f4b5a15fd0b
26791,54d4870fc1f46ed32483534e57205b45
26800,a157c202eb8e9992e8ae391fe9c88c9e
26803,b26473b2a5cec767bbd0a25c56806321
26809,70913d2ce020d63209db027fb6df8921
26824,497af7a5641b65a2565f335eee8c707e
26833,ce3e924dd75bb707a95af997728e46df
26842,0fe6c3c11a1a7877918c0161c5d66bf6
26848,becb811b4b7939d12b323f296c8242d1
26857,fa710c449096d0416c9b2f450ac734ab
26860,12609c24d052abca7ba14a0b861731fc
26876,0853df66ef694caee67c4ad5e41a47eb
26878,f9da9ae16ae6a75fcf67e7831e618007
26882,86334c74d0349571a9497f1e1acae380
26884,98876d2987716223a83b80ef9c93016d
26890,d17078d0e024e71274a0808c2aaca54b
26898,25d17a69832a784cba1eb8036d4b66ed
26905,603cf9653163ce8898951e8c088a6d07
26911,155517cf01f83c57289bb496ab4964e1
26929,9e9d8e432bcbf3057877d702324cb6df
26944,15037bea669fb4b9716dc29468b99580
26956,839be0c8901139e009d7a627e9b8e201
26968,4a8619697d58958c4fef9961fda10b3b
26977,62560cc1c19dec6b22630fddaa871589
26983,8135c441a7d0e2beadf91ebbe62d097f
26995,dac0ec58d281883e9af34ed163112e52
27004,7a2b493a0f48b4dc5b0aab931922c9f0
27007,cd33df077ae6717214152fc337fb7111
27013,e73f6f01b21f244ac24edac50e769eb4
27019,20e1ba42b3aa88faee724e165fc7b949
27022,623c0dbcb7d32c3e2985cb9ad716541d
27028,823be62834a9c9b407b92bca92611e93
27031,990617cc86afa5c96b1d7ecbd9876538
27043,e3cfe135e788872de48fbf9a6d8ab40f
27058,5094bd5747b5d32727f56c53b372e344
27073,131ecb828b8692fa618a366080828823
27094,c67c431db03d9b40c244834faee80e5d
27097,f85456aa330c318d962d410721e17b62
27112,6c7dc77a48606af230ec8c290009f6a2
27139,4388120d547de14acd39588a1c427d3c
27142,b032953fc8518aedf20d2df2c98305d1
27154,dfe478206aeec7def5581fa0e273d680
27163,11d6f28f0b1f201ded0e604ea88fb7dc
27169,04d18f2ef73a2bb51b7ffa56f28ed86c
27190,79106bc2b54371c4bd8e6a923b6cf92a
27211,618dea88b7b565d8612b8bd5264fbbe6
27226,15996dfba43416922e6406af899cd9b7
27232,d826caa512886b5e89c18f2c4788af51
27238,24bf64c05f466fef85bbd92297872a17
27259,579c05b664c2fc9298ab6e5796e712d4
27265,03aae61efc6342d53634321c6e8c1586
27286,3147e7363112ec824d7feaf3abc7eb17
27301,ee8d0cced20237a11e4f6f348e7a275a
27316,7baa4f49b49ad0009784c2b06f495b7a
27343,0eeb407b34c90dc3c4da2d55a4f32a7b
27349,750cb06e5f40e4c60e1618a641665a22
27364,511f1f517bd00a0c3adca62f06e70381
27367,6c17da464631bd90636679fd575e7025
27373,26c329516df2c3d1bd7a1390c27affba
27418,036ca16198fc697073a507133e488a50
27424,12ac0893ec5c2539e33da872cda28615
27427,df4a1147176d5c650a2305d1e2664642
27439,c52a208e9c1e72a915f8a1b1db21f258
27442,bb9873db20ccc82086ea955c860c97f1
27448,457045b427a2ecea3c802cf22d809bd9
27457,d2a19d8b4a77175acd3d95fc81d2dbb6
27460,749663db70411584c199664883f4b65c
27475,589b1abb4800683ccdf0c13971376fb0
27478,46fb3742946eb431f42b29fad73edfbb
27484,015b988aef3d06198c0244876b6eae46
27487,381ef20efe81dc3be48986973e54e7c8
27496,b5433e585fb3a4218e84db238d7c9e73
27508,2b929932b019b15c0130148a3de903b0
27511,52ba811871d09856186536ba195265a5
27526,b112ce8b94b4668eefacd08b4bd55bf1
27541,d2403b6e707351ef12a140965d579377
27544,09278fbbc374a3156cd89b856e4ea74b
27553,c74289146a96e461cf2dc8e410edc279
27559,c9773f3c678df66f8a2d2ac47aaf8992
27568,da3a6acb41fc3b6cb5a516a1da4f1b7b
27577,61d10f14db8313d2691d111ce284e470
27592,fa415ff5a058d0336fd3b6de0aa737ce
27595,489119bbae6a0edddd47e42114cd25bb
27601,d8633e65460eecea9947248bd8658f4b
27604,250029e0b9d1b168abcac625af55b007
27610,554ba610e50a783e2c2ea3d9c083c4c2
27619,52a6686bff35af31c1b6e1caa0cf568c
27628,5c18883cea0b3fe92afc0d4aa9745297
27637,44acf6ce7cae25099140cdbc216312e0
27655,2c2621671b257ff2ac4e18c845a59650
27658,6d2a25d7cca9aaf2b41c757de84639a1
27664,82a423bb32749ac189077b32ebab754b
27667,73f18c984236417e8f5a552c6c3e9830
27673,4d8b844d1e128849b52ebd67c741a4e7
27676,35ceedc17629efe19c5890914a06aa0c
27694,ba2ba7fe0e2d02672f11d9fafee2a01a
27712,483eeaf31716b39d7c98b4272136a1c4
27715,5976e3ff5760d8ad85a2e82cd1deab51
27721,f85a82f6c75fce951ea32fe3250239bf
27727,0de29167804dc5bdb78da8d4ec2c31f8
27736,7d6e2c917e9fd0c2adef273ef99297ae
27748,12c810861bd0ba345ba57f2e0b06a0eb
27757,1514ef75e4d2817ac2e9177afd670370
27763,fd494051bbb64c7a30405f13012804e2
27775,1cc36e76466f594a35f50b60bc43a9b1
27787,eeaf95297c93e6befd4fbf8c1a18ea1f
27793,fd44b1d6bcc998326cd3e1316a2e33cf
27811,5ace611a8e78908e51fbc8a3ce09c68f
27817,68fc844173e1fa38dc121a909a7ecf17
27823,419b2e25d8b6f721c361d856a0947a8c
27826,c4c619401b30f66f098de025095f57b6
27838,e9afb52a2b85e490ec5c866f47aacb27
27841,bafaaa3c50f07f4b5608e739eecdb5f8
27856,fd42e20e3173157333d10b91b5477505
27865,98f501c6eae9436a40664ba1ca91a4b4
27868,2e26979ee4707ffabc920feae176fe8e
27877,d21db3360f64bc12a8d238d60edf2753
27889,b345417ba1399465c349995e60ee493e
27898,260711ad36e3086c5f0a9c9f9b159d09
27907,de093b69af27becb90852ba0711e29df
27925,30940844ecd7e81057dc423a37fa033a
27931,83b18917fe87c0a596ced1ae445f8da5
27937,b058bde730a3979edf4ad40421267d2d
27943,71f28e26af359bbe7ab17069ac38eaac
27952,d46559e9eafb2692ebcb372629532c6a
27964,7f4367f589a9ec46f2527956836c1b01
27976,955347c2dfdff96f8ad137aa638c3886
27979,4046d27da829ef8e870bca4c6b3acf44
27991,ad8483380e3a4107c058059ce582b9a6
27994,8b73e8cc17d06295d51e00f0de75b939
28003,2eae8ee7d5bac17c7ea6a1b1aeed8396
28015,41f9cd2561a887af88d13cd989a69b88
28018,6d629f8124d05cbe7cf2e94b34c1f767
28036,15b35b392e46d394d4a121753ddf4bb4
28051,f72467d3730dc075261010b5f5f11e60
28066,f461ec11dabbcdc2bf68627ad2a2148b
28072,aca0040290179c07ffd55e6b8c101ecc
28075,0b6fa6ad7a403d3c5fc49688d7df337d
28087,07798e3d85ab6555b4198ac13146f5d8
28093,dd42b34a0cf425cbc05420a2e0af6b3d
28108,0b632b72b881860508cecb89bc52d9aa
28114,070639f74b13f85b5a9fff71c4d5c2cb
28126,a8ee63fad707879625558ba80808d350
28132,3c6113c6528d44df2f5f58299fba57d2
28138,23f85944850fbe37f2a155cce0a6713b
28144,bef057ddadb845f98473c130d031276b
28159,791fa9a5f081292f84b8071a45da1631
28165,bce2c1a121cfd2d28ebbf72ac98c3b27
28177,f7deeaad99d54b3be8c7599742c951ad
28201,b6e7d2d7aaefe524febd3032675d8115
28207,a855187a1fbaf46ce4574b3f098b1a32
28210,f22b793ca60ab05267775562fcce910a
28222,0c88c736dbb34b3067a033607b795261
28225,12eee1a25864843609be98b6a77a75f9
28243,6e48c87e3131a4d1a5f9e8c5b3f57dca
28249,87119c776fce485b1ba46979c1a4c329
28261,174fcafc03f98ed53268c9ff9f212782
28270,4303f3683b33e1af9abc6edc5a7b517a
28273,94114c5c65f5b614ac9d5273dcc9ff24
28285,3456e5cb0d728716c0ed162fccb4f3c1
28297,d1f0a69a59956ba9b3d65ed4ff154133
28306,0b17cff1df094b60897ae9e4e3551a1e
28315,7bdc98b4d3ae4e12812191d5aa9c5ce1
28321,19c6f17d505834f51bfdda1156c7f1a3
28327,0e04917721e0b5a2f1cf47c6bc9e8d4b
28336,a829d016ede3c9f92aa322dbfb2a1772
28345,f2a695613353650511e1d50a634b7326
28360,6044842765a70815211c3f9c90dbe861
28366,8efe3671ae279523dd914f0c948421e9
28378,71a0a3583ec55feb47da95860071280b
28393,fbc792e985768a9f9072ea5efde12fe0
28405,06ff38be0b0f93490f12de4607292be3
28414,09375757610b2dc62ae5aea315df91f3
28426,236621462bc277ee55563b6814f7016b
28429,2e5940e96a02a838d978b9a9d406f503
28435,2d269672e8e4eb98e0aead97814450a3
28436,0a93f619193b7445590825a5b3339a2e
28439,fd4418f992b4d424d2b4f99c2d77a149
28444,37ea93b1519d3e1d7ef925da4281d37a
28456,2c7f3cde4618100de70dd1b5a5a60a5a
28468,2e09038e1e82dfd573a7eac98d020ba5
28471,a756c1b8e3e67ed50cbad05ceed48163
28477,b5f3d36bf52fbda610209ced1c1a2bd0
28501,75a6018ebde833a575b17a4ad1b3a370
28504,65e403d8d859d72621c4a0036c4d19b9
28516,289bc450d52cc850ff0ad3e9cf982970
28519,7c33daa9fc95c212a4948e1b4f8fcf93
28525,48b80eb1b2a3ff48ece252dedf9ab65b
28537,f2fe1dec3f409012b4fcb8ea15b0d736
28543,0873246f691fcfafab405f00af8921f5
28564,fc4f9e2a18b870f8193465d8ff5b8b63
28576,11ed58708206bc553384743920bc9fcd
28582,4a8816becf224dc239e44608f20ac394
28594,3ff111e265bf06b456a29b3e643161a9
28603,3d4ee589d7cf51e1aee80f4d0548c180
28615,1f2dc19ba1dcada53bc9034a07df5936
28627,1a2efbf55caeb41602811a09ca799531
28633,b265e47437013e3d881e7ba0b1071a96
28648,3a1610dd10c32104c48703feca6b0182
28651,e0de24620fb164de195a333d50eabbe5
28660,c4e451a1b890c14c699c8cf769fa6dcb
28663,45933656508dfc8d55f13188b082b4d3
28678,80bc140986a48403072c42b14451b863
28687,266798c92d1dffd1a0e2a3c1f5baef01
28693,a3c845908419c30779e7d7bd21a2859f
28696,217242a9b1fc340fffc37ab1471818f2
28702,0ea4dad6b7394b1bec323f2aa39168e0
28720,d12f1255263bfa6ea260e32f2f292e7c
28723,e13d43973c5363e20feba6ef220a12a9
28729,5fbcf04dad0457feaf07999c2705b97c
28738,1d6f823575d2cc183a1550ef3c9c91b4
28747,8cb03f8b79753c970c950e265ce09df4
28756,85311275c21b41965a289fe8fafb97a8
28777,4aeb82f863e8f364a715b3f146a184aa
28783,17c126b8e7474758b1da89b5f213fb92
28789,e053133e254f237add3409abf820cfd2
28807,3e19f76c523a7f739bb7807d23455425
28810,3adaaa987636966f3d2e8af43b0d5488
28840,641dddf0d1c668768ea3425671d58dd6
28858,c79b45e0f4a805273b6cef5f4027aafa
28861,cb46eb56893a7694c76f97c7c0403a80
28870,bebb6e5162db7a86b609159f82bb25f7
28879,982b3cca2e3975731937d5f89aaae761
28894,dfeaf69eb25f08eef44ceab49f5d19c6
28901,19d401b012f2fc3e7faa7eba53fbd2db
28903,5f7cf3b20d6119e8222fe1de519b85df
28915,4c4915a9808dc011311c9a1e88bae2ee
28921,95a5b3461b7875cf889179c69fc7a547
28945,b3c848051a895f069da6260be734ab19
28948,4f07333d58f2f5f61502843514a38aa8
28957,080b86bc6b91569da7478c94b18162a0
28969,f01db25dfbd7d1c7f6bb1da521e7b2c3
28981,a705ea002bfcd46925c3570c81277d62
28984,879cb225c8f68b85ae94fbacb27ff3c2
28987,1043f067a69f1f3c1ca0642946e69857
28993,74d65aee29302a72bec2d3256629623c
28996,64e024d652135650d5ba51b03ffcdc44
29020,1688fa0b54e7ea91d55cbb57a14f5bef
29029,2c49e2736ac3677c06903863a9785071
29044,56fef8ef6259528793e7be8559d86808
29050,cf37f893a411b561d64be15fdfced3af
29062,a964b40bee78080a8b9aef5f473658b5
29077,f3e53c7e8c3bc4dd576e94f5bd963f54
29083,b0213f376eec4797fe2d893ce0fe511c
29089,9d90cbf1e43454f3c44e6b23b6e204f3
29104,c325e920acc4b34b78ce83ea3e564d37
29107,41ffe769b3341f752a21639e8c2f45da
29110,7f7f862a5f081611314daa9734dd2276
29122,9ed816d237dee4760a12adf599841a21
29125,fb58bb06df8e18d92cea0d7f76ce4b5d
29137,8886f8d0b11983f343bd2ead44c95311
29143,3fd69c5b46c4d2015125e6c0ee7cf45f
29158,920e53dbd32a7a201df64216f9b5e04f
29167,9055a2ef25dbbda434ee556e40ca67f6
29182,f6617c302421a10693de79968cfd39bf
29191,6afffe1dfc7640191197714b3ac7879a
29194,cc695de2405f49f93b1dd684a0f4af71
29221,31882ee79049e1b09a8a5168781e03f8
29224,d31ab353c9222fff286023918f762c46
29227,40e8ec65697e64605942b35db03bf78d
29242,9a129cc88272b5993b8543f6ffda70a6
29254,b65ee6575d32f9de11fc7dc76b11b6ab
29263,e64634153415d2dc52885f3daee0ce66
29266,81412ae51c55efeb3ca4bbb9d2cf13be
29275,ea60f8b5c80869faf00b6bae2a91dd07
29278,5d8f30317f3693d3fcba234b4deb3196
29287,e6094332356f8a47b575acb99fc02949
29302,caded747e9ac284714d31ab29756dd34
29308,18996415e41e1bb5a1b929086b0f9644
29317,41d3201606e3dbee6b7c4303fc81838c
29329,2fbf27e2d158b766336b2d7336befd12
29335,314b58d8c778d6d83be69c43e62070c5
29341,df75b9a47d04755cc3466ee29fed072c
29362,fd7c876f644a6b29d8342f3bd4f56259
29365,678bc67ae42affaa827931c88eb0604b
29371,465cebc4ca8c98f5dc6c67d5a2a6098d
29374,18a992fbd0b995e7f8b8919536091ef1
29386,76ee7171b6d52eee4e4d875999f6e738
29398,b65172187c5591b43487139d90279e61
29407,def292468ea99ad1be3412b7bf56d7b1
29410,daa556b52332fb3c1de90aa0ed4d573f
29413,856ec2b24e9e9c39e15a2a74a7e83537
29416,30c0d348a880800b4bb398ef50a2bfeb
29419,d36fb0e51c1636799c29cfea1b5171d0
29431,dd77ea1055df24fb12af956a0c43e835
29446,d1d8c8ab0693b9f88cf441231bd10f28
29455,6ed2539aad275b203e1901391c6fefc2
29461,2bea45c2f1ed04e1c92dde1ff61c2324
29467,5720e5fb1442252c7f27a941e18685be
29476,a041c63335871327a8702ef3cbe6c303
29489,2591a15ac6ff57f8391280c08a709e7d
29491,7e35ab21346067c54940cd6800c1ce26
29497,875eb3f316d31d7856dd11d43a20bec8
29506,6ea401d05327dae9bc76a38c76c37b28
29512,7711295d4d3d80121c8e3a800064fa02
29513,66e1afd2862f967f45d98e8c9a5732e8
29516,bf622cf5c961403cf3c11c0282760cd9
29518,d9ff5b48ca17eee16a1c655c66379738
29530,f80a161ef8e3b60158e74a9ef5cda4cb
29533,3c2e144539d1db79dff371d26debc299
29536,fd2c96c90b40fab99192f7858dab5f3b
29551,d6a400617fd6fda1d5988a6cbedfac43
29557,1003e8be3a27cc40833f5fc1014badff
29566,bdb53893cdefc67f13da44fc34640767
29584,60677741c618f825a4c565bed6c70fca
29590,d7ca2063d01eff6b650b3a1fe0da4d67
29593,89570db7a75060772736efc106c87dba
29602,be961a2fd00c16e9b31f71b21bae3e86
29611,4b224cfba79c693e399d7f885b1a232e
29623,08216d0448eeeac352ced7667c16ad99
29638,25947b46005b06443e0abda477f7310f
29641,ae20d15a0d139022ae013531b2ee93ea
29653,6da79db6773cbf51d01ebeca4596212c
29659,0874675a39397d8f0f061abd0228f511
29668,64bd281b4d53ba3e340e95538f0073ca
29677,06968236a0d8fb23e42b1cb24188f5bb
29683,0b193f133aaa344edf95a09cd5ded81d
29698,00e5be3c6714fce6c2778ef15ecdd1cb
29701,9fdcbf41e124a20d5acdcb0253550008
29713,36f961958932d27698196c4526697a38
29719,42fb917e01f37225d135e78f0c59de65
29728,55f35efc389d014dd471303345856e2c
29734,8dfc37e8ee0abb5b11715b113ddcb80e
29740,4ba1b7a9d58694022560d1906039d4eb
29767,3f6f825440f100fec4402e103c16d4a0
29770,af7d16bb599b53faf1e1bc342099cf0f
29771,671845084bb355666d59070e69ecfcaf
29785,1d7c1df68b6b2103115e18867da33d0b
29788,1ca1a489b62739899482276af8b349d9
29800,f79b360528fd4b7d532908d37ee7d698
29812,4f03ee2d92ecfa7cf5d47f734f387887
29821,8d028b55c97bf85eebf95d34ee66b4b0
29830,a23e32bcea8b043d7212ed7fc9bb61e9
29836,2477998c92defe4986f054a5188215cb
29845,12be69f6c6d9e12285ff80d2ff9a49ea
29857,a2dcf77cf767acd1672d965ac2ed3d2a
29869,f540e05529a70b66fbc9b26fa28c003a
29884,90b9011d23fdf2ed357efab41dab78dd
29888,bd10b1a0bbf4a80b4954f730275bd8a8
29905,2d0839d9d2030f4245d42561517c897a
29926,6c399368cc8876e8c2bacc1e6d1e4cbe
29929,17be41781930fedbd4fe7d941dce6542
29938,b43ade520b5577a25fddccb6121a6593
29944,486bdacff00d69942afc5b6325d326d0
29954,471bdf2943105fd9690d470b44c37440
29955,27855ae542149358f4474d0364677961
29971,ab65cd724d940b544676c17bcea30120
29978,e5ca76821d451853f75beb1763c06b26
29983,d8fedd7e37daa4b72560b4a07fd2dea4
29992,ef65c1d4bc5b79c795c0945dc212263b
30001,32e214bbcbbea3a807dbdba774b5dff9
30010,fb06ac12864868376586f0ab147ca42a
30019,d2aec6025a188be3c4a30715898f0482
30025,d03425d102955d5e00b5f34d9fe1a9a3
30028,74a1872e825c9a543c16283c7f9c2184
30034,72bab567acfacfb06abff484f0ef21d5
30037,7f264a0490f3df652963d062f0d82de8
30043,f5c1e4c5c99a4878544d8c4ee90dd7d0
30046,a9b48665eaa5f028b72bc46f3334dc3d
30055,c7fd33a5e84ae1cec11ca91f0a74e249
30061,5213b9c2986f59a9a8c58d85e1b0b032
30073,f29da2abce4fdb254c65fabede1c18c5
30076,d3816ad3a87a13c5efa169329b8ddbe8
30085,5d0a398284c8963b8175d84be8dd463a
30088,a7eccc5a6338c727b6046b17f12ffdef
30112,5dfcffd630d75c9247a688569dca1e83
30118,e46b796ca5ab200fe53d888672ba5641
30130,bebf25027ff90126351bc17a2d4967fc
30154,2bcfe2e2b54500cf38ba69a301a0db1b
30157,65b09a69eec34b363367325f5b6ab18d
30163,162474568464ff17eb48934367deef4e
30169,e6667543ff9d0cee11fc982d011d1548
30178,c8f823f2afe0e06a02bd9a8a38dd9976
30184,5343d72c6953811b6574ae3596a5a02a
30208,abd17daa1548f2dc4183cacbc89c0244
30214,adc08b62e066bf23f08ec9921296f167
30226,1a6aef4cbd71d8726815b3e77ad1a985
30235,8411a7d1e84a27fb68699fb1b9c3b80b
30244,639f65aec258fa3c6d38e4c1fb4bc7af
30253,1737b0ada9b696c6214d32c27f32a68a
30259,03a9c792c60ab8f91433c25ef2cb4d33
30292,d0b3ad6531cf5c82d4382aa19e9c1dd6
30301,52121c1793fc0c1904129cb716e496a2
30307,aa622dd44d8c9a8092a5daeeb9fd41fc
30313,4ce0373671bfa0e4663a4326d1ef24cf
30316,b59e433ec0e5d94f3a30077d4e7a99b0
30325,7d60304c199ead453721f55d5e7a3eb2
30337,e359e6b980932865bb5b2a0c9b20b2f2
30341,a3f7dea3ec1b23e4e9f4faa4553914a9
30346,5b49cf10ae6970381d4108a38b2ec9a9
30352,6ad400e89518947438a4e7652e760db8
30367,4d624737006fa890a23c617738704142
30376,bb14adcca8dddadcd2859c484f57cd1a
30377,0775b709122c5a3cb1a257eb964946cc
30385,42403e295a68a239ff2d6afe6a265ae8
30388,78dd2ac0bcc9dc3f0a1a0d7b05dc7897
30403,08707d521ab2ee2f88f36b33cd31effc
30406,9be4607a23a49923ffb606c0c535d2d1
30409,90c7b04be5e370247ba42f0aef30ea98
30421,12f8f197a3b275a58652e69713953166
30430,ca9741515ce8edd047dc3454bad39297
30436,cb77d03349d9013f16fcb4ff1a42a865
30445,1e97a4ab3b356fbd40845afde802fa6e
30463,195a3c30900b674ac82d670b15454f6c
30469,b15949e8be45531872e051c9200d4a56
30478,3ac879dc2bda4ac855d6549f1cdb26a6
30481,41700ac8978041c712e8340741ae45d8
30487,6d38eb2ee794e1fb6f8fe2853cd0288d
30502,5f217abd3c927bc9ab8b03fdcb681fa7
30505,b740b1b47c09ba2b033d93bda9833629
30520,14b8dba0575b063df5e476025112c160
30526,1fe6ba15a59e8c189b8192c3d1214c68
30538,43ceec9708de0e1a8b64b59cb61a8c2f
30544,9405d32d6bcae41f6403a34a7b740a92
30547,2b2a8ecd707f79ec7e06c8d73ed258eb
30568,518a975ce5aad3ed402b656590be59e3
30577,d0e0316003d0beb3b65fb40e3d2bea64
30580,243a5954ea58ffd87e452b0519dc0561
30589,2a1ece042f0806ab719c95156c4eb559
30595,b116701fee9cabe44ef9885d207dc85b
30604,b7a9313f42b01a9054663520dbea6dfb
30607,9858c4844a2d45c3e1ceb14e0c22b019
30619,08cb60f1aa40d4166d8e21992709d748
30628,2a5b83ef67d9dd8a57057da42c398ae9
30631,430092905f604215fbc8ee0407c5df01
30643,87b650258ffd07e11062dc34024f8b3a
30658,a40f17f43d26c06dd105941ed524c46d
30664,1c9ba9eefe5ddd98cc8edf258b4f6e72
30673,a45c21d2db34c4989149b9000e9438f8
30682,cd56e51ae356e547fb929715dde26a64
30685,21512beaf116fe7c3e23617404f86073
30688,073bbeb67d1531b0ed0a72d6c5ceb3df
30691,0ee8f9901ed9743330f52b95f37f0b74
30697,9873c5ac605124963e519b18e2e890a0
30709,64560158b463122772f4a0b44ba1629a
30742,0f162deb3815ce4da6bed248f3572336
30760,d44e601b0d955f5606fce83fb55b0c01
30766,ffa42117bae9d1bf8478c10591270a30
30769,23d538b8bbf5cdd7ba49cf90f31e7d5e
30781,afca46e5a442238857f7a055f40d6bb8
30787,673594e6e48d60f8e5e2461a55168d92
30790,87fb70b5301c7b7342072b564a55342a
30793,b689d51593336c0127ac3f0498476081
30796,1bba6f18b7b5954f480d924e26c153f8
30811,718aab9ca8f5e61420d0df929abcdbd7
30814,7202e755647bb6a87aea82574947dbb8
30817,87588e31285e8d5b70c4d3801171bd57
30823,2916963565ce10899d9d5dd0873f989e
30826,4d2ed730011176afff5edd93c82adfb3
30835,bbb3411244ceae0c95915c2890aca412
30838,3a6bd08455ced16f7c8ff236b80dec14
30850,3f64ca1432b247c6181394210f6fae08
30856,333ffb500241818ffab7411266073b37
30874,1fb1215299581b35316785bb66032419
30880,82cf4a979e5331a52b07aab70599107d
30886,b6e17074cbee2810d398618e86738361
30898,639ea04d3e6f9bfdb7492dcad224cb09
30904,1ee49f85f09dc3bbfda6be544585c578
30910,43905ca007bca3c46e6202ec5eacb8b3
30928,399687e8a077d39bec3661c68c7ab72c
30934,c162d9fe6bdf711671687c56589cd2cd
30943,3b78636c953fd827adcf2d73dc8d4bad
30949,85840cc8ee85567691f3e6d0a9378d1b
30952,a6eec198b205e9bc897192d87c412b2f
30958,cdbdd08c4464f35a43085ffdf162a375
30970,183ff517823a0550460b2caed828ec5f
30982,c8d02d3a4eaede759d0777ea197df038
30985,25a907d48c69f97c3f5aba988851f188
30988,b423b459673dd8bfc1ba3fcc26cb09e2
31006,7bf45692edb11e0dce2006675f4c971e
31012,1fd277aaa143df2b533c767e08942297
31018,eb0add35e75b0f0aa6a283ea32ccc6fe
31024,f47f513050abbab4bf5c63eaf259f336
31027,d2a6b645e1067332567b8da82e344706
31031,9e9b5c8093025b114b48cb1bfd92cf7a
31036,9265d0bf63f3686047233704bdcb280a
31042,345e200ca142c44afee58c6dce334056
31051,640b51a5f28fa8453cc8940bf4908823
31064,c99306b25150fabcf3d711a32056473a
31069,11738d361cdda10590db71e6a400f9d7
31078,a8a9d35c3aa9a5e14f157ebfab282957
31105,0cf9cdd112ebb09b8701cade3907afe9
31108,bde2daf9889bd8b6f848507c25979126
31120,1038d6adc7a2185da969ee5575d5f51e
31135,6e421db261cfd96b6c8fc021ad9bd31d
31147,32d48533ebbc61ea98ecfb21b1586b2f
31150,a0fdefc5f36fb0e5c1689b4a9278e500
31153,8445beb794599e77cc32631c469a45b9
31157,f66194b140fb5dd5930500c782d4d9d3
31162,2cf4ec0fafd5dde4e2392992715b1f06
31168,b443322a00aace6229a180e9c38411f0
31174,85fc40029db62c1a210756498ef15854
31183,8e8863c5ae024358edf4078ce6eacb33
31186,6618e8a29bea3a7e6c39b67255b25198
31201,124ce892464cfea75ef48d465751f4ce
31207,0a0a0361b2930b18a9ed2aab4896779c
31213,9cde0355cec26db111d75c04b25d1e10
31217,b60e808ccb59b7e5e1673c098ca41997
31228,bc9f9c07c0fceee57a68872e2c7d1c15
31231,477ddf2b4706e26608bbb0ef05d0e60e
31232,da608daeddd5ca8789b8b9b169e26b68
31237,68d7e10923ff9289687db8083f3d2436
31246,e4c3796307dbf29d2e3c794be965a90b
31249,840047277db9c1540efc13276e23d9bd
31255,c3192bf3172a2c342d8234995f1d6190
31258,59575283375f5ed83328ba8813128cbf
31261,38e7807aef3c2dc482350bf5b602e591
31264,e8b81823dc2b1f83bf02429d024d0423
31273,2e5e5de79ba470b6926124d811eec1bf
31282,d1da692211ca946993b116d6542cfc8a
31288,3cc20e9c0bcfe7058afd4ce2ccf4663e
31294,49680bff0ba768831d1cc8bd09fe4e62
31299,d713e34f1634bdf40d86085a0f01705b
31309,c09a4b9c3df262ad5e6cea058751255c
31315,998bce600ec2cace454a23d3479afc9a
31321,3672e0d45824c5aec95bcb54a84542eb
31333,21e2c72d366e712fc2e2ce5ed05819ff
31338,0c6637dd05d348fa443340cdab99aff6
31340,40c12e505c79eea64b110bd51cbe0079
31342,4cc90baf720dd9cd26351ac46107a8dc
31348,70a88cab1a084cc0876fd3da6618e7ba
31360,a5065f59759badee2f2278b015aebe8f
31366,3c69a88f96de2824c5224c01bbfa8594
31369,1bb6e73de9fbe718bb887a4603aaf34e
31378,3e78d8063ff6d0ffe003116b5d1dccab
31393,302dd50061f5c601f89c77cd52134ecd
31396,3f90fa9e8cc5c06eb2b9e4dfbd9bbdb0
31399,4b34eca0e89fafe7834aba220fc2173c
31408,08fb7aa6830e9cd6e6adcd970f58a3c9
31411,83fdc61f2e5184ba51a6ba843accf3ac
31420,c72a23afc8eec556062a4738a54ee076
31426,6d7fe7addfe502b3833ce29f516661ec
31432,39dba30baa9d1d122961d462b53b3fa4
31441,1d218dd23a8c57abbec780115bfb0eff
31453,a96c3bc07173a8fe8f2eecbf1197ef58
31459,f2f8bd04e4064fa3ee19040d6a20ce97
31465,d0e5f56de0e7dbf80e7b0a9af5609bbf
31471,a330e389958bc80e623d2c92476bff5e
31473,6a0ce678f96894e3629dce077525c220
31480,e80e546c98d0df03e8f22dff6a3edab4
31489,bf08f779873e33b9802ccbdcf3bed167
31492,b57909cc5849111fc807c692e7f0555d
31495,4ee2a79680ca2ee3be0333560a855ae2
31507,ee34945d56479126c483c0688b6ceccb
31510,e2579acfcdd207200ba80ec19b53b25b
31528,628d592bd8ca69fa450176f333ee71b0
31531,3cec0fd05f2132b609b5d0202a49d264
31537,5db9107ab31c4e45883362b5fe48e0ae
31540,0710f79b51655059b15533b9bbd5d112
31552,af8fa4c1f7c359a0d83e56a2b34c2a21
31561,40da98ddca184998ada5d67ee24cc919
31567,326d8fde08500deb574030d145e7c811
31569,6d2d9a1942c5eea4cdaa573426f4ceb7
31570,fc2a5f6fd311d3b5d8993f9992966bc5
31579,a61baafba00aadae835a790a20e7a1c2
31582,1a22b086b461ca6a6a42fe7113f08acb
31591,9f765cd552fdb7088ea65234f662fa1b
31594,dc2ad3f851750aff42743dabed97b64e
31603,58580bf15692c4b0d794bad8c293372f
31615,80fdda4b38be4c74eed6f950948ae10f
31633,42016a0342f74d32d390a6c24ac1b57e
31639,482c793e09c36634e734a08a8fd73a3d
31645,1ba887aff85069df551a74df0040d46e
31654,249083c97d5da4c311b6fc5e9771edf8
31666,2de0cc279129ec427996447a7b604f7b
31673,7c13d38d433417e33c4ec01a6e194b17
31675,c772a8c310fef0d8313972757bc1be5c
31679,a2001d88e8436db3b955533137ee1d69
31684,c324e5827c93b0bb8f779aee0dbd7d06
31687,b988203ef5062bcaeea0e90063c3957d
31699,060288a058a2605d7c678dedd8531077
31708,644e58e70a2815ace4b6fe2d8230f8c7
31717,6a352bc4fd1141b1b284379c9355deee
31723,ceae7d6ced0d7e282bae7dbacb1caea4
31726,0ef0c4e2536783ffc3af3b224628a256
31732,8caa0d90240e0da921037254f30be2c2
31741,b3f5cf7ed46de2cf11fe827ef7dc7075
31753,dd22047864ecc2879936c257d34d7ee9
31756,cdb461932c02409fb6e23a40a1c7c467
31759,3903c4361639450a53e4d7094d62277e
31777,d43f960324d62e40df8abab9b7b69293
31783,d39c06813ea9bc8476b218f5bfe616d5
31789,84c6c36d1b998d5ae9f02b93ce63e80f
31795,1fc526010766994892a2a17591578573
31804,cd35826074bf4b4839d74dbd03224225
31810,9e24e2ce6f240d5a587754dd95879fc2
31825,d9b0aa3f2258335433467c509f0b197e
31834,76fcc03e0091060381dd6a8157520b87
31840,e28634ba1bfe615c53787b6bdf29d1dd
31843,535bee070d27f4e88b3fb0d2387ab887
31849,40ac36676be1b24dd115a56033f31879
31858,3782264fe7d663c32ba2548c00410165
31864,0fbbb7b5862bf79740da9c26af7af2cd
31867,8e3b6bbf9a2c93b5e6d2495de43cb75f
31876,647bd2aec000e5b272d7fef19af95999
31882,7d921cc6183f17bd42b1c526424b8a3d
31885,c0bc8bc454e878a91cd60edcccb7c77a
31891,d5175b4dcec17f8c57e67a0d56c1fa59
31894,2e428e20a25b46834349d8f1fb4934d2
31900,c3844057db7c8961eaaa8b982efea468
31906,c9e150ef58a6f3e5201e977167812c24
31918,c4b4f1ae4c4d6eb53a64f305a21b2f8c
31927,5067023cd8c97603f41d03f6b448ba20
31942,9cbc3d12de83787405dfb568d0ebca86
31951,a68cd94d58c709e557b3632259a33313
31957,f1cce17ed98cd040154968d7f10aec72
31972,ed1324c8435ebc8df43d13d0e3173891
31975,5ed31461efb820a0fe5804961d3f7599
31985,c6b57b959d74717d0fe83d51bf6ab156
31988,7be7b4a37a12a5bc1284c4cbe39e7837
31993,ed8da2bffd36a4ef3c126087029d2bbd
32002,3b4499ae4854f4d81c5581f5e0ae0d36
32014,7563be17ad4cc3222c17455f5082eb0c
32025,7a9e89f82eb26cb4955df952cce7a6a8
32041,29756c455281f55b173fb926acdb1c85
32044,dc8d2c93232ed5e3bac0fe06f1116659
32047,e20029e74cca242935e5bac7fdd0c66e
32059,fa5443529a2c48274ce96f0165a571b0
32062,e8c64b55d5bb9b4f050a9a5592a9e7d6
32065,6a6a7ba19f71871615841ef981b06dca
32069,4b63780c0da4ef3095f6b15a70d24494
32071,9a253757c85e56a73424187185880e85
32083,0a3af5b5cc28de88431211ae8d847dd7
32092,61762b66a28ea61e0d3fbe5d4838eefe
32095,228488cac3866c49fd7f6e5f134c301c
32098,27647509d56ab7eaae83c7415483a990
32104,810aec5011dcd6e1e3150781ba24c4a6
32110,d0d0318d371bd0b277443404c1395c72
32119,36af5d22b0ca8ef73cf8fed8d37e1a3a
32128,3ae35274efdd99788eabb2cd33769566
32134,f5146417439e2a91203ab71f75d7138d
32137,654dd3a80c12ff7cee61dc84981b2685
32140,6a10784616a0a844efb731836a04dfe6
32152,1549f7a85b586cde343ba253fe003c38
32155,cbc2dfe76d7550ce63781f77cfa2e8a5
32161,43d9be865d0dd3448655e7675902d319
32167,abaa55aa10a8371884f54102cbe96054
32182,a6eeedd136dcba3b60057f9c9607e1ae
32185,ec0db34baeb7e593e4b946f64d833f93
32188,9751b4ce3a375333fb464acc6b279ebb
32191,fecd7f520b997b937a57667fd2aa2d9b
32201,908307c9aae15aa0e7d751c1b437f9d2
32206,4275825207a93b0c706566583e889e3c
32212,9b40f194ec86699cbce601f46e11065b
32214,a9c36eeb0f9f43db3f849e3d23e3a9bf
32218,2576ad58d1c04a7dd7ca1fba40592501
32227,182095961048d5d8c48263200e270ef8
32236,382241d66cd0769f049978e978b62d82
32244,7671edc879b704edabca17febd2a3cf8
32248,f86b82a5b9bbf654ce76512c5c6b22c5
