{
"type": "FeatureCollection",
"name": "industrial-parks",
"crs": { "type": "name", "properties": { "name": "urn:ogc:def:crs:OGC:1.3:CRS84" } },
"features": [
{ "type": "Feature", "properties": { "id": "osm_relation_19849694", "name_vi": "Khu Công nghệ cao Hòa Lạc", "name_en": "Hoa Lac Hi-Tech Park", "aliases": "Hoa Lac Hi-Tech Park", "category": "hi_tech_park", "province_code": "01", "province_en": "Ha Noi", "former_province_code": "01", "status": "unknown", "area_ha": 1075.369344720792, "developer": null, "website": null, "geometry_type": "polygon", "location_accuracy": "site", "part_count": 1, "osm_ids": "osm_relation_19849694", "source": "OpenStreetMap", "source_url": "https://www.openstreetmap.org/relation/19849694", "verified_on": "2026-08-31", "attribute_source": "osm", "geometry_observed_on": "2026-08-31" }, "geometry": { "type": "MultiPolygon", "coordinates": [ [ [ [ 105.528757207570536, 20.990835196015166 ], [ 105.52838860757096, 20.990965696014964 ], [ 105.528154907571292, 20.9911565960148 ], [ 105.527977907571611, 20.991388296014666 ], [ 105.527841707571937, 20.991704596014507 ], [ 105.527691507572342, 20.992137496014312 ], [ 105.527479607572772, 20.992505196014125 ], [ 105.527256007573087, 20.992725496013968 ], [ 105.526911707573547, 20.992917496013757 ], [ 105.526534507574027, 20.993093796013543 ], [ 105.526130507574436, 20.993148896013352 ], [ 105.525668507574835, 20.993096096013151 ], [ 105.525358507575106, 20.993075396013005 ], [ 105.525143507575322, 20.993085496012924 ], [ 105.524929907575554, 20.993120296012819 ], [ 105.524721807575801, 20.993203996012692 ], [ 105.524529407576068, 20.993329896012565 ], [ 105.524354907576338, 20.993498596012444 ], [ 105.524258307576531, 20.993686496012351 ], [ 105.523838607577787, 20.995086596011781 ], [ 105.523694807578252, 20.995644596011555 ], [ 105.530675607568682, 20.990826096016015 ], [ 105.529596207569725, 20.990808896015544 ], [ 105.528757207570536, 20.990835196015166 ] ] ], [ [ [ 105.541384207578716, 21.023863896011708 ], [ 105.542585807578419, 21.025245896011871 ], [ 105.542864807579662, 21.0277093960113 ], [ 105.542704607581513, 21.030509496010456 ], [ 105.543325307581199, 21.030914196010627 ], [ 105.543637307581136, 21.031304496010659 ], [ 105.545276007579531, 21.031232196011416 ], [ 105.545203707578764, 21.029872496011766 ], [ 105.545439707577927, 21.028851096012147 ], [ 105.546319507576484, 21.02787969601281 ], [ 105.547199207575233, 21.027148596013401 ], [ 105.547531807574813, 21.026973296013601 ], [ 105.547944907574049, 21.026392496013951 ], [ 105.548240007573412, 21.025771596014255 ], [ 105.548932007571921, 21.024439696014937 ], [ 105.549138507571485, 21.024036596015137 ], [ 105.549280607571191, 21.023784996015273 ], [ 105.549554207570566, 21.023172796015558 ], [ 105.54967490757025, 21.022824796015708 ], [ 105.549656207569768, 21.022001096015941 ], [ 105.549672207569458, 21.021555396016055 ], [ 105.549565007569385, 21.021267496016094 ], [ 105.54937720756935, 21.020894496016115 ], [ 105.549304807569285, 21.020696696016142 ], [ 105.54928060756923, 21.020561496016153 ], [ 105.549374607568978, 21.020316196016282 ], [ 105.549551507568651, 21.020025696016429 ], [ 105.54952210756845, 21.019670196016527 ], [ 105.548266707568544, 21.017884996016441 ], [ 105.54780810756813, 21.016477896016632 ], [ 105.54740310756776, 21.015235996016791 ], [ 105.547309207567707, 21.014988096016811 ], [ 105.547309207567622, 21.014835396016871 ], [ 105.547340107567507, 21.014708896016913 ], [ 105.547403107567348, 21.014572496016978 ], [ 105.547521107567164, 21.014439796017065 ], [ 105.547666007566974, 21.014344596017157 ], [ 105.547877807566721, 21.014307096017266 ], [ 105.548333807566323, 21.01434709601746 ], [ 105.549379907565424, 21.014464796017894 ], [ 105.550063807564825, 21.014542396018179 ], [ 105.550404507564494, 21.014542396018324 ], [ 105.550616407564263, 21.014479796018438 ], [ 105.550890007563893, 21.014334596018607 ], [ 105.551042907563684, 21.014199396018711 ], [ 105.551142107563479, 21.014031696018801 ], [ 105.55137280756297, 21.013570896019033 ], [ 105.551514907562634, 21.013225396019195 ], [ 105.551657107562335, 21.012959996019337 ], [ 105.551788507562094, 21.012764696019449 ], [ 105.551962807561807, 21.01256189601958 ], [ 105.552249807561395, 21.012328996019768 ], [ 105.552400007561175, 21.012188796019885 ], [ 105.552528807560989, 21.012091196019973 ], [ 105.552579807560903, 21.012036096019994 ], [ 105.552636107560801, 21.011960996020058 ], [ 105.552687007560678, 21.01181069602011 ], [ 105.552754107560403, 21.011482696020234 ], [ 105.552842607560009, 21.010949396020425 ], [ 105.553014207559286, 21.010057996020741 ], [ 105.55467720755307, 21.002440996023605 ], [ 105.55586810754842, 20.996681696025721 ], [ 105.555353207546517, 20.992750196026574 ], [ 105.555181507545441, 20.990716696027064 ], [ 105.551211807549379, 20.991017196025201 ], [ 105.541848207558246, 20.991029796020989 ], [ 105.53814610756173, 20.990964296019346 ], [ 105.537712307562117, 20.990956596019149 ], [ 105.530675607568682, 20.990826096016015 ], [ 105.537800807581192, 21.022361696010513 ], [ 105.53807970758136, 21.023082696010441 ], [ 105.539646107580083, 21.023403196011049 ], [ 105.541384207578716, 21.023863896011708 ] ] ], [ [ [ 105.521793307583977, 21.002070396008929 ], [ 105.520098207587196, 21.004694596007454 ], [ 105.519239907589096, 21.006487496006574 ], [ 105.518944907590068, 21.007644196006119 ], [ 105.518853707591077, 21.009141596005666 ], [ 105.519149507591791, 21.010775596005345 ], [ 105.520232907591407, 21.01183169600553 ], [ 105.521882807589932, 21.011964396006249 ], [ 105.521726007591681, 21.014578996005461 ], [ 105.519523507593718, 21.014488796004493 ], [ 105.520092107595261, 21.017922196003788 ], [ 105.520298107595721, 21.018975996003586 ], [ 105.521231407594655, 21.018677196004091 ], [ 105.521358807595419, 21.020155196003742 ], [ 105.52183010759498, 21.020149796003945 ], [ 105.521896407595307, 21.020766496003819 ], [ 105.521834107596561, 21.022732196003254 ], [ 105.524625807594816, 21.024244396004079 ], [ 105.526599907593493, 21.025125696004718 ], [ 105.529445807591316, 21.025975196005763 ], [ 105.531005507589185, 21.02488549600676 ], [ 105.532864907588646, 21.026875096007061 ], [ 105.534353107586014, 21.024877696008279 ], [ 105.53428170758535, 21.023703596008566 ], [ 105.534818207584664, 21.023403196008889 ], [ 105.536381307583355, 21.023680196009504 ], [ 105.536779707582625, 21.023123896009832 ], [ 105.536363107582631, 21.022441796009854 ], [ 105.537800807581192, 21.022361696010513 ], [ 105.523694807578252, 20.995644596011555 ], [ 105.522984307580472, 20.998133996010552 ], [ 105.522952107581546, 20.999866896010072 ], [ 105.521793307583977, 21.002070396008929 ] ] ] ] } },
{ "type": "Feature", "properties": { "id": "osm_way_1389555876", "name_vi": "Cụm công nghiệp Bích Hoà", "name_en": null, "aliases": null, "category": "industrial_cluster", "province_code": "01", "province_en": "Ha Noi", "former_province_code": "01", "status": "unknown", "area_ha": 9.7442408793635202, "developer": null, "website": null, "geometry_type": "polygon", "location_accuracy": "site", "part_count": 1, "osm_ids": "osm_way_1389555876", "source": "OpenStreetMap", "source_url": "https://www.openstreetmap.org/way/1389555876", "verified_on": "2026-08-31", "attribute_source": "osm", "geometry_observed_on": "2026-08-31" }, "geometry": { "type": "Polygon", "coordinates": [ [ [ 105.760529507300959, 20.908611996142458 ], [ 105.760588007300896, 20.908621596142478 ], [ 105.760876107299822, 20.907272796142994 ], [ 105.757873207302453, 20.906933196141722 ], [ 105.757969807302615, 20.907380196141641 ], [ 105.757934807302746, 20.907521296141596 ], [ 105.757173307304683, 20.909513096140689 ], [ 105.75998420730248, 20.910274796141739 ], [ 105.760021807302365, 20.910139496141806 ], [ 105.760145207302259, 20.910169596141831 ], [ 105.760529507300959, 20.908611996142458 ] ] ] } },
{ "type": "Feature", "properties": { "id": "osm_way_842611501", "name_vi": "Cụm công nghiệp Biên Giang", "name_en": null, "aliases": null, "category": "industrial_cluster", "province_code": "01", "province_en": "Ha Noi", "former_province_code": "01", "status": "unknown", "area_ha": 14.568585834534408, "developer": null, "website": null, "geometry_type": "polygon", "location_accuracy": "site", "part_count": 1, "osm_ids": "osm_way_842611501", "source": "OpenStreetMap", "source_url": "https://www.openstreetmap.org/way/842611501", "verified_on": "2026-08-31", "attribute_source": "osm", "geometry_observed_on": "2026-08-31" }, "geometry": { "type": "Polygon", "coordinates": [ [ [ 105.718461207355176, 20.932249496116857 ], [ 105.717589307356221, 20.932602696116358 ], [ 105.717516807356176, 20.932432296116364 ], [ 105.716119407357795, 20.93290829611561 ], [ 105.716162307357848, 20.933044796115599 ], [ 105.715902107358119, 20.933116196115449 ], [ 105.715875307358118, 20.933051096115449 ], [ 105.714974107359112, 20.933270296115001 ], [ 105.714908407359019, 20.933049896115008 ], [ 105.71453560735948, 20.933196396114816 ], [ 105.714233807359818, 20.933304096114632 ], [ 105.714003107360085, 20.933357996114516 ], [ 105.714020607360084, 20.933430596114508 ], [ 105.713642407360524, 20.933522096114306 ], [ 105.713338007360832, 20.933560896114169 ], [ 105.712712407361494, 20.933667496113856 ], [ 105.712802307361756, 20.93424289611373 ], [ 105.712855207361812, 20.934426396113711 ], [ 105.712388507362306, 20.934479096113485 ], [ 105.712388507362206, 20.934321196113533 ], [ 105.711860107362725, 20.934388896113269 ], [ 105.711924407363, 20.934922496113145 ], [ 105.711913707363209, 20.93527819611305 ], [ 105.712177907362957, 20.935263196113166 ], [ 105.712375007362752, 20.935231896113276 ], [ 105.712354907362538, 20.934859796113376 ], [ 105.713005407361877, 20.934782196113677 ], [ 105.71298390736186, 20.934706996113693 ], [ 105.713579407361223, 20.934581796113999 ], [ 105.713678607361388, 20.93500759611392 ], [ 105.71328160736185, 20.9351553961137 ], [ 105.713265507362507, 20.936210096113392 ], [ 105.713407707362478, 20.936347896113428 ], [ 105.714437707360929, 20.935430996114139 ], [ 105.715025707360155, 20.935090996114504 ], [ 105.715668807359378, 20.934789696114876 ], [ 105.715607107359318, 20.934601796114904 ], [ 105.716577107358276, 20.93440529611539 ], [ 105.7192794073556, 20.934190096116676 ], [ 105.719346107355619, 20.934351296116667 ], [ 105.719539207355481, 20.934403896116727 ], [ 105.719820907355242, 20.934458996116849 ], [ 105.719753807354806, 20.933602196117064 ], [ 105.719507007355062, 20.933652396116926 ], [ 105.719482907355015, 20.933552096116944 ], [ 105.719381007354968, 20.933321696116963 ], [ 105.719356807354842, 20.933063596117027 ], [ 105.718978107355255, 20.933171196116845 ], [ 105.718734607355174, 20.932630196116868 ], [ 105.718461207355176, 20.932249496116857 ] ] ] } },
{ "type": "Feature", "properties": { "id": "osm_relation_16130748", "name_vi": "Cụm công nghiệp Bình Phú I", "name_en": null, "aliases": null, "category": "industrial_cluster", "province_code": "01", "province_en": "Ha Noi", "former_province_code": "01", "status": "unknown", "area_ha": 16.467055052482092, "developer": null, "website": null, "geometry_type": "polygon", "location_accuracy": "site", "part_count": 1, "osm_ids": "osm_relation_16130748", "source": "OpenStreetMap", "source_url": "https://www.openstreetmap.org/relation/16130748", "verified_on": "2026-08-31", "attribute_source": "osm", "geometry_observed_on": "2026-08-31" }, "geometry": { "type": "MultiPolygon", "coordinates": [ [ [ [ 105.603105407519266, 21.022208496039884 ], [ 105.600938107522282, 21.023810896038469 ], [ 105.602247107522132, 21.025608496038554 ], [ 105.604564507518887, 21.023870996040074 ], [ 105.603105407519266, 21.022208496039884 ] ] ], [ [ [ 105.604677407518835, 21.023953796040118 ], [ 105.602362207522106, 21.025730496038573 ], [ 105.603873707522084, 21.028055796038611 ], [ 105.604733407521223, 21.027940096039032 ], [ 105.604717407520994, 21.027551896039121 ], [ 105.604941307520747, 21.027529496039243 ], [ 105.604812107520289, 21.026519096039451 ], [ 105.604979307520026, 21.026368696039572 ], [ 105.606404807518089, 21.025405696040483 ], [ 105.604677407518835, 21.023953796040118 ] ] ] ] } },
{ "type": "Feature", "properties": { "id": "osm_way_1345355014", "name_vi": "Cụm công nghiệp Cầu Nổi", "name_en": null, "aliases": null, "category": "industrial_cluster", "province_code": "01", "province_en": "Ha Noi", "former_province_code": "01", "status": "unknown", "area_ha": 12.726569170873336, "developer": null, "website": null, "geometry_type": "polygon", "location_accuracy": "site", "part_count": 1, "osm_ids": "osm_way_1345355014", "source": "OpenStreetMap", "source_url": "https://www.openstreetmap.org/way/1345355014", "verified_on": "2026-08-31", "attribute_source": "osm", "geometry_observed_on": "2026-08-31" }, "geometry": { "type": "Polygon", "coordinates": [ [ [ 105.731365707394446, 21.016690196099162 ], [ 105.731578907394038, 21.016360896099332 ], [ 105.731516107393929, 21.016082096099396 ], [ 105.731680607393628, 21.015843196099524 ], [ 105.731807407393575, 21.015939596099567 ], [ 105.73256360739245, 21.015275096100083 ], [ 105.732736707392334, 21.015365196100127 ], [ 105.732992907392372, 21.01579949610014 ], [ 105.733269507392279, 21.016095896100175 ], [ 105.734012507391171, 21.015415596100699 ], [ 105.73268720739101, 21.013130996100745 ], [ 105.73233340739074, 21.012126496100862 ], [ 105.732296907390719, 21.012022796100872 ], [ 105.731963607391165, 21.012273296100645 ], [ 105.731394407392358, 21.013313196100111 ], [ 105.72997960739437, 21.014421296099158 ], [ 105.7293291073956, 21.015423196098592 ], [ 105.730036507395397, 21.016182196098686 ], [ 105.730158507395245, 21.016106296098773 ], [ 105.730296707395183, 21.016265696098795 ], [ 105.729939007396055, 21.017123396098388 ], [ 105.730264207395976, 21.017480096098424 ], [ 105.730922807394919, 21.016796996098922 ], [ 105.731117907394889, 21.017039896098936 ], [ 105.731329307394645, 21.016979196099058 ], [ 105.731365707394446, 21.016690196099162 ] ] ] } },
{ "type": "Feature", "properties": { "id": "osm_way_1389555875", "name_vi": "Cụm công nghiệp Chàng Sơn", "name_en": null, "aliases": null, "category": "industrial_cluster", "province_code": "01", "province_en": "Ha Noi", "former_province_code": "01", "status": "unknown", "area_ha": 16.495950329427341, "developer": null, "website": null, "geometry_type": "polygon", "location_accuracy": "site", "part_count": 1, "osm_ids": "osm_way_1389555875", "source": "OpenStreetMap", "source_url": "https://www.openstreetmap.org/way/1389555875", "verified_on": "2026-08-31", "attribute_source": "osm", "geometry_observed_on": "2026-08-31" }, "geometry": { "type": "Polygon", "coordinates": [ [ [ 105.588344307543395, 21.03884499602864 ], [ 105.589250907542734, 21.039205496028949 ], [ 105.587775707545703, 21.041748896027588 ], [ 105.588526707544915, 21.041623696027973 ], [ 105.588709107544531, 21.041288296028146 ], [ 105.588923707544026, 21.040787596028366 ], [ 105.589342107543544, 21.040627396028611 ], [ 105.589728407542836, 21.040091696028917 ], [ 105.589808807542553, 21.03975619602905 ], [ 105.589926807542341, 21.039570996029159 ], [ 105.5901360075421, 21.039510896029267 ], [ 105.590404307541519, 21.038965096029546 ], [ 105.590227207541631, 21.03887999602949 ], [ 105.590404307541291, 21.038604596029636 ], [ 105.590559807541169, 21.03865969602969 ], [ 105.590651007541027, 21.038534596029763 ], [ 105.590538407541047, 21.038404396029762 ], [ 105.590651007540757, 21.038113996029882 ], [ 105.591021207539924, 21.037307896030267 ], [ 105.591117707539837, 21.037322896030307 ], [ 105.5915040075391, 21.036712096030666 ], [ 105.591412807539086, 21.036561896030644 ], [ 105.591681007538526, 21.036071196030914 ], [ 105.591890207538285, 21.035996096031013 ], [ 105.59199210753809, 21.035815796031141 ], [ 105.591911707538102, 21.035710696031121 ], [ 105.592131607537652, 21.035300096031328 ], [ 105.592335507537442, 21.035290096031435 ], [ 105.592442707537259, 21.035139896031517 ], [ 105.592303307537321, 21.035034696031481 ], [ 105.592346207537162, 21.034854496031553 ], [ 105.592437407536991, 21.034714296031627 ], [ 105.592737807536679, 21.034669196031775 ], [ 105.592807507536563, 21.03457909603182 ], [ 105.592716307536605, 21.034523996031815 ], [ 105.592786107536469, 21.034403896031879 ], [ 105.592909407536368, 21.034403896031925 ], [ 105.593301107535879, 21.034233596032148 ], [ 105.593193807535755, 21.033843096032211 ], [ 105.593408307535483, 21.033747996032329 ], [ 105.593853607534527, 21.032866696032769 ], [ 105.592839707535248, 21.032476096032426 ], [ 105.592150307535746, 21.032210496032196 ], [ 105.591375407537441, 21.033768096031405 ], [ 105.590630207538894, 21.035025296030724 ], [ 105.589873207540478, 21.036446696029987 ], [ 105.589282807541721, 21.037578496029415 ], [ 105.589231607541834, 21.037676596029357 ], [ 105.588789607542139, 21.037478096029218 ], [ 105.588612607542515, 21.037808596029063 ], [ 105.588827107542357, 21.037893696029123 ], [ 105.588344307543395, 21.03884499602864 ] ] ] } },
{ "type": "Feature", "properties": { "id": "osm_way_1389555880", "name_vi": "Cụm công nghiệp Đắc Sở", "name_en": null, "aliases": null, "category": "industrial_cluster", "province_code": "01", "province_en": "Ha Noi", "former_province_code": "01", "status": "unknown", "area_ha": 5.3850351419880109, "developer": null, "website": null, "geometry_type": "polygon", "location_accuracy": "site", "part_count": 1, "osm_ids": "osm_way_1389555880", "source": "OpenStreetMap", "source_url": "https://www.openstreetmap.org/way/1389555880", "verified_on": "2026-08-31", "attribute_source": "osm", "geometry_observed_on": "2026-08-31" }, "geometry": { "type": "Polygon", "coordinates": [ [ [ 105.694892407438374, 21.032120696078422 ], [ 105.696609007436095, 21.031026596079506 ], [ 105.696517807436052, 21.03082629607951 ], [ 105.696496407436001, 21.030688696079544 ], [ 105.696512507435912, 21.030580996079586 ], [ 105.696584907435792, 21.03045579607965 ], [ 105.695833907436253, 21.030077796079425 ], [ 105.692357707439925, 21.030676096077691 ], [ 105.694892407438374, 21.032120696078422 ] ] ] } },
{ "type": "Feature", "properties": { "id": "osm_way_1345355008", "name_vi": "Cụm công nghiệp Di Trạch", "name_en": null, "aliases": null, "category": "industrial_cluster", "province_code": "01", "province_en": "Ha Noi", "former_province_code": "01", "status": "unknown", "area_ha": 10.63761962597869, "developer": null, "website": null, "geometry_type": "polygon", "location_accuracy": "site", "part_count": 1, "osm_ids": "osm_way_1345355008", "source": "OpenStreetMap", "source_url": "https://www.openstreetmap.org/way/1345355008", "verified_on": "2026-08-31", "attribute_source": "osm", "geometry_observed_on": "2026-08-31" }, "geometry": { "type": "Polygon", "coordinates": [ [ [ 105.716293307424166, 21.042040996085301 ], [ 105.71627910742454, 21.042609196085149 ], [ 105.716224907424802, 21.042947396085026 ], [ 105.71599960742526, 21.043347896084828 ], [ 105.715876207425524, 21.043588196084681 ], [ 105.715844007425858, 21.04410389608454 ], [ 105.715881507425948, 21.044299196084488 ], [ 105.719722507421309, 21.042656996086667 ], [ 105.720750307419934, 21.042002596087322 ], [ 105.721032607419488, 21.041721996087521 ], [ 105.720551407419336, 21.04071039608759 ], [ 105.720162607419809, 21.040877796087372 ], [ 105.720013507419722, 21.04053389608741 ], [ 105.717072407423245, 21.041700696085748 ], [ 105.716293307424166, 21.042040996085301 ] ] ] } },
{ "type": "Feature", "properties": { "id": "osm_way_1389555878", "name_vi": "Cụm công nghiệp Đông Sơn", "name_en": null, "aliases": null, "category": "industrial_cluster", "province_code": "01", "province_en": "Ha Noi", "former_province_code": "01", "status": "unknown", "area_ha": 4.5795909994302271, "developer": null, "website": null, "geometry_type": "polygon", "location_accuracy": "site", "part_count": 1, "osm_ids": "osm_way_1389555878", "source": "OpenStreetMap", "source_url": "https://www.openstreetmap.org/way/1389555878", "verified_on": "2026-08-31", "attribute_source": "osm", "geometry_observed_on": "2026-08-31" }, "geometry": { "type": "Polygon", "coordinates": [ [ [ 105.606551207448732, 20.911878296072025 ], [ 105.607667007446736, 20.910334896072957 ], [ 105.606749607447441, 20.910064296072612 ], [ 105.606905207447141, 20.909828796072752 ], [ 105.604952607448709, 20.909337696072011 ], [ 105.60459850744968, 20.910400096071559 ], [ 105.605065207449329, 20.910555396071718 ], [ 105.605049107449389, 20.910600496071702 ], [ 105.606551207448732, 20.911878296072025 ] ] ] } },
{ "type": "Feature", "properties": { "id": "osm_relation_18876246", "name_vi": "Cụm công nghiệp Dương Liễu", "name_en": null, "aliases": null, "category": "industrial_cluster", "province_code": "01", "province_en": "Ha Noi", "former_province_code": "01", "status": "unknown", "area_ha": 11.582939409694937, "developer": null, "website": null, "geometry_type": "polygon", "location_accuracy": "site", "part_count": 1, "osm_ids": "osm_relation_18876246", "source": "OpenStreetMap", "source_url": "https://www.openstreetmap.org/relation/18876246", "verified_on": "2026-08-31", "attribute_source": "osm", "geometry_observed_on": "2026-08-31" }, "geometry": { "type": "MultiPolygon", "coordinates": [ [ [ [ 105.680007007469769, 21.060432196063864 ], [ 105.68024220746959, 21.060490296063957 ], [ 105.680883207467772, 21.058554196064776 ], [ 105.680593507468018, 21.058479096064673 ], [ 105.680604307467974, 21.058415296064691 ], [ 105.679751307468621, 21.058182496064372 ], [ 105.679475607469584, 21.059326096063934 ], [ 105.680253507469004, 21.059529396064232 ], [ 105.680007007469769, 21.060432196063864 ] ] ], [ [ [ 105.67843970747208, 21.061799396062774 ], [ 105.676763407475761, 21.06523599606107 ], [ 105.676696307475922, 21.065381196060986 ], [ 105.677150907475621, 21.065611496061141 ], [ 105.677429207475441, 21.065733496061231 ], [ 105.677529807475366, 21.065772296061262 ], [ 105.678455807474649, 21.066026996061609 ], [ 105.680167107469742, 21.06065549606387 ], [ 105.679021807470647, 21.060322596063443 ], [ 105.678335107472122, 21.061729296062744 ], [ 105.67843970747208, 21.061799396062774 ] ] ] ] } },
{ "type": "Feature", "properties": { "id": "osm_way_1298270127", "name_vi": "Cụm công nghiệp Duyên Thái", "name_en": null, "aliases": null, "category": "industrial_cluster", "province_code": "01", "province_en": "Ha Noi", "former_province_code": "01", "status": "unknown", "area_ha": 19.767300578363891, "developer": null, "website": null, "geometry_type": "polygon", "location_accuracy": "site", "part_count": 1, "osm_ids": "osm_way_1298270127", "source": "OpenStreetMap", "source_url": "https://www.openstreetmap.org/way/1298270127", "verified_on": "2026-08-31", "attribute_source": "osm", "geometry_observed_on": "2026-08-31" }, "geometry": { "type": "Polygon", "coordinates": [ [ [ 105.853893207208557, 20.902044796186576 ], [ 105.854336807208199, 20.902149496186748 ], [ 105.854502307208136, 20.902308596186774 ], [ 105.855010707207811, 20.902555396186937 ], [ 105.855354907207641, 20.902812696187024 ], [ 105.85586390720735, 20.903126796187166 ], [ 105.856797907207124, 20.90416069618729 ], [ 105.859296407203828, 20.902646896188863 ], [ 105.858764007203831, 20.901861596188823 ], [ 105.859221607203267, 20.90160859618911 ], [ 105.858614507203214, 20.900613896189107 ], [ 105.858325007203348, 20.900360796189041 ], [ 105.857946707203538, 20.900064196188964 ], [ 105.857115507204071, 20.899662796188707 ], [ 105.855971307204911, 20.899265796188303 ], [ 105.854635707206043, 20.899034496187763 ], [ 105.853991207207898, 20.901111196186886 ], [ 105.854126707207797, 20.901141696186937 ], [ 105.853893207208557, 20.902044796186576 ] ] ] } },
{ "type": "Feature", "properties": { "id": "osm_way_593793804", "name_vi": "Cụm công nghiệp Hà Bình Phương", "name_en": null, "aliases": null, "category": "industrial_cluster", "province_code": "01", "province_en": "Ha Noi", "former_province_code": "01", "status": "unknown", "area_ha": 47.173006909800641, "developer": null, "website": null, "geometry_type": "polygon", "location_accuracy": "site", "part_count": 1, "osm_ids": "osm_way_593793804", "source": "OpenStreetMap", "source_url": "https://www.openstreetmap.org/way/593793804", "verified_on": "2026-08-31", "attribute_source": "osm", "geometry_observed_on": "2026-08-31" }, "geometry": { "type": "Polygon", "coordinates": [ [ [ 105.871215507179954, 20.881961796200077 ], [ 105.871759907179396, 20.881909196200329 ], [ 105.877145807169086, 20.873338296205169 ], [ 105.877009007168581, 20.872310796205401 ], [ 105.87323780717233, 20.872581396203618 ], [ 105.873152007171683, 20.8713934962039 ], [ 105.870252507174698, 20.871834596202458 ], [ 105.87026600717509, 20.872531296202265 ], [ 105.870366107176679, 20.875299296201529 ], [ 105.870489807177336, 20.876556396201249 ], [ 105.871215507179954, 20.881961796200077 ] ] ] } },
{ "type": "Feature", "properties": { "id": "osm_way_1389555879", "name_vi": "Cụm công nghiệp Hồ Điền", "name_en": null, "aliases": null, "category": "industrial_cluster", "province_code": "01", "province_en": "Ha Noi", "former_province_code": "01", "status": "unknown", "area_ha": 12.900523586009164, "developer": null, "website": null, "geometry_type": "polygon", "location_accuracy": "site", "part_count": 1, "osm_ids": "osm_way_1389555879", "source": "OpenStreetMap", "source_url": "https://www.openstreetmap.org/way/1389555879", "verified_on": "2026-08-31", "attribute_source": "osm", "geometry_observed_on": "2026-08-31" }, "geometry": { "type": "Polygon", "coordinates": [ [ [ 105.72826310744793, 21.099505096074729 ], [ 105.727898307448385, 21.099686596074509 ], [ 105.728082107448415, 21.100023096074484 ], [ 105.726850907449929, 21.100601196073779 ], [ 105.726703407449875, 21.100265896073811 ], [ 105.726059707450531, 21.100340896073508 ], [ 105.725689507450809, 21.100250896073362 ], [ 105.725255007451153, 21.100130696073187 ], [ 105.724943907451419, 21.100075696073077 ], [ 105.724654207451707, 21.100130696072924 ], [ 105.724082907452342, 21.10027339607262 ], [ 105.72399440745248, 21.100365996072558 ], [ 105.723967507452642, 21.1005610960725 ], [ 105.723694007453304, 21.101241796072195 ], [ 105.723018007454584, 21.102272796071599 ], [ 105.722733707455063, 21.102608096071364 ], [ 105.723066307455255, 21.103448896071285 ], [ 105.723275507455185, 21.103679096071321 ], [ 105.725480307452145, 21.102095096072748 ], [ 105.725941707451568, 21.10188489607302 ], [ 105.729541207447483, 21.100766296074948 ], [ 105.729812107447231, 21.100778896075052 ], [ 105.729715507447139, 21.100493596075101 ], [ 105.729425807447157, 21.100040696075105 ], [ 105.729483507446858, 21.099650296075236 ], [ 105.729401707446897, 21.099601496075195 ], [ 105.729207207447075, 21.099592696075128 ], [ 105.728937707447372, 21.099642796074981 ], [ 105.728677507447728, 21.09984299607482 ], [ 105.72826310744793, 21.099505096074729 ] ] ] } },
{ "type": "Feature", "properties": { "id": "osm_way_1389555874", "name_vi": "Cụm công nghiệp Kim Quan", "name_en": null, "aliases": null, "category": "industrial_cluster", "province_code": "01", "province_en": "Ha Noi", "former_province_code": "01", "status": "unknown", "area_ha": 12.723499155968312, "developer": null, "website": null, "geometry_type": "polygon", "location_accuracy": "site", "part_count": 1, "osm_ids": "osm_way_1389555874", "source": "OpenStreetMap", "source_url": "https://www.openstreetmap.org/way/1389555874", "verified_on": "2026-08-31", "attribute_source": "osm", "geometry_observed_on": "2026-08-31" }, "geometry": { "type": "Polygon", "coordinates": [ [ [ 105.584857507551433, 21.046615296024932 ], [ 105.587775707545703, 21.041748896027588 ], [ 105.589250907542734, 21.039205496028949 ], [ 105.588344307543395, 21.03884499602864 ], [ 105.587528907543955, 21.038524496028366 ], [ 105.587614807544469, 21.03950089602813 ], [ 105.587394807544712, 21.03954589602802 ], [ 105.586198607547161, 21.041688796026893 ], [ 105.58644530754701, 21.04180899602698 ], [ 105.586445307547152, 21.042079296026891 ], [ 105.586316607547388, 21.042249596026796 ], [ 105.586091307547619, 21.042309696026685 ], [ 105.58365580755239, 21.046294896024481 ], [ 105.584857507551433, 21.046615296024932 ] ] ] } },
{ "type": "Feature", "properties": { "id": "osm_relation_18458660", "name_vi": "Cụm công nghiệp La Phù", "name_en": null, "aliases": null, "category": "industrial_cluster", "province_code": "01", "province_en": "Ha Noi", "former_province_code": "01", "status": "unknown", "area_ha": 13.623313897109229, "developer": null, "website": null, "geometry_type": "polygon", "location_accuracy": "site", "part_count": 1, "osm_ids": "osm_relation_18458660", "source": "OpenStreetMap", "source_url": "https://www.openstreetmap.org/relation/18458660", "verified_on": "2026-08-31", "attribute_source": "osm", "geometry_observed_on": "2026-08-31" }, "geometry": { "type": "Polygon", "coordinates": [ [ [ 105.728832907379015, 20.987490396106136 ], [ 105.728715807379132, 20.987461696106095 ], [ 105.728592607379369, 20.987674596105983 ], [ 105.728789807379215, 20.987732096106058 ], [ 105.728734307379412, 20.987956496105966 ], [ 105.728339907379691, 20.987824096105825 ], [ 105.72805030738003, 20.987898896105683 ], [ 105.727791507380488, 20.988261396105461 ], [ 105.728278307380407, 20.988865496105515 ], [ 105.728111907380736, 20.989164596105354 ], [ 105.727976407380922, 20.989256696105262 ], [ 105.727927107381063, 20.989388996105198 ], [ 105.72800100738111, 20.989590396105186 ], [ 105.728690407380654, 20.9899379961054 ], [ 105.728799807380412, 20.989678296105524 ], [ 105.729110207380145, 20.989774496105635 ], [ 105.729085607380242, 20.989860796105596 ], [ 105.730688507379114, 20.990524796106133 ], [ 105.73074210737883, 20.990129096106262 ], [ 105.730559707378902, 20.989938796106241 ], [ 105.730436307378454, 20.989032296106444 ], [ 105.730709907377744, 20.988295996106768 ], [ 105.730849407377534, 20.988155796106867 ], [ 105.731353607376349, 20.987003796107423 ], [ 105.73029690737566, 20.984223996107723 ], [ 105.730192207375822, 20.98433669610764 ], [ 105.730093007375885, 20.984279096107599 ], [ 105.729891807376049, 20.984223996107538 ], [ 105.729886507376079, 20.984249096107533 ], [ 105.729848907376095, 20.984249096107504 ], [ 105.729838207376133, 20.984274096107487 ], [ 105.72979260737614, 20.98426659610746 ], [ 105.729765807376211, 20.98433169610745 ], [ 105.729599507376363, 20.984281596107376 ], [ 105.728832907379015, 20.987490396106136 ] ] ] } },
{ "type": "Feature", "properties": { "id": "osm_way_632763524", "name_vi": "Cụm công nghiệp Lai Xá", "name_en": null, "aliases": null, "category": "industrial_cluster", "province_code": "01", "province_en": "Ha Noi", "former_province_code": "01", "status": "unknown", "area_ha": 32.192862114930392, "developer": null, "website": null, "geometry_type": "polygon", "location_accuracy": "site", "part_count": 1, "osm_ids": "osm_way_632763524", "source": "OpenStreetMap", "source_url": "https://www.openstreetmap.org/way/632763524", "verified_on": "2026-08-31", "attribute_source": "osm", "geometry_observed_on": "2026-08-31" }, "geometry": { "type": "Polygon", "coordinates": [ [ [ 105.722260907430581, 21.061780896082503 ], [ 105.725195807429813, 21.065123096082889 ], [ 105.728985607423724, 21.060989796085746 ], [ 105.730240207420593, 21.057802396087194 ], [ 105.729075707421217, 21.057035296086891 ], [ 105.722260907430581, 21.061780896082503 ] ] ] } },
{ "type": "Feature", "properties": { "id": "osm_way_1230260364", "name_vi": "Cụm công nghiệp Lại Yên", "name_en": null, "aliases": null, "category": "industrial_cluster", "province_code": "01", "province_en": "Ha Noi", "former_province_code": "01", "status": "unknown", "area_ha": 31.288256154640052, "developer": null, "website": null, "geometry_type": "polygon", "location_accuracy": "site", "part_count": 1, "osm_ids": "osm_way_1230260364", "source": "OpenStreetMap", "source_url": "https://www.openstreetmap.org/way/1230260364", "verified_on": "2026-08-31", "attribute_source": "osm", "geometry_observed_on": "2026-08-31" }, "geometry": { "type": "Polygon", "coordinates": [ [ [ 105.716381907414259, 21.025945696089824 ], [ 105.71740430741356, 21.026377596090168 ], [ 105.718775507411678, 21.025400196091059 ], [ 105.719483607410339, 21.02432149609168 ], [ 105.72056290740845, 21.022908296092542 ], [ 105.722433407405106, 21.020290596094124 ], [ 105.721290307405937, 21.019876096093725 ], [ 105.720818207406367, 21.019876096093508 ], [ 105.72040720740668, 21.019728396093381 ], [ 105.71898850740763, 21.01908009609291 ], [ 105.718262207408969, 21.020196896092266 ], [ 105.717586507409379, 21.019811296092065 ], [ 105.717248907409726, 21.019821496091911 ], [ 105.715828607411112, 21.019888896091278 ], [ 105.715527407411656, 21.020332596090999 ], [ 105.715428107412009, 21.020737196090842 ], [ 105.715488707411964, 21.020769196090864 ], [ 105.714936507413015, 21.021657296090368 ], [ 105.716621107412038, 21.02266199609085 ], [ 105.716269607412741, 21.023229096090535 ], [ 105.716547207412489, 21.023289996090639 ], [ 105.71643470741283, 21.023659196090495 ], [ 105.716727907412576, 21.023726596090597 ], [ 105.716736907412567, 21.023692896090612 ], [ 105.717260207412139, 21.023802396090808 ], [ 105.716860507412846, 21.024342196090497 ], [ 105.717059007412743, 21.024467596090556 ], [ 105.71704370741277, 21.024493696090516 ], [ 105.717185107412689, 21.02458009609056 ], [ 105.716381907414259, 21.025945696089824 ] ] ] } },
{ "type": "Feature", "properties": { "id": "osm_node_12672418260", "name_vi": "Cụm Công Nghiệp Lam Điền", "name_en": null, "aliases": null, "category": "industrial_cluster", "province_code": "01", "province_en": "Ha Noi", "former_province_code": "01", "status": "unknown", "area_ha": null, "developer": null, "website": null, "geometry_type": "point", "location_accuracy": "locality", "part_count": 1, "osm_ids": "osm_node_12672418260", "source": "OpenStreetMap", "source_url": "https://www.openstreetmap.org/node/12672418260", "verified_on": "2026-08-31", "attribute_source": "osm", "geometry_observed_on": "2026-08-31" }, "geometry": { "type": "Point", "coordinates": [ 105.7280393, 20.8921864 ] } },
{ "type": "Feature", "properties": { "id": "osm_way_1389555865", "name_vi": "Cụm công nghiệp làng nghề Bát Tràng", "name_en": null, "aliases": null, "category": "industrial_cluster", "province_code": "01", "province_en": "Ha Noi", "former_province_code": "01", "status": "unknown", "area_ha": 15.789251047247115, "developer": null, "website": null, "geometry_type": "polygon", "location_accuracy": "site", "part_count": 1, "osm_ids": "osm_way_1389555865", "source": "OpenStreetMap", "source_url": "https://www.openstreetmap.org/way/1389555865", "verified_on": "2026-08-31", "attribute_source": "osm", "geometry_observed_on": "2026-08-31" }, "geometry": { "type": "Polygon", "coordinates": [ [ [ 105.922552907187765, 20.974573696197368 ], [ 105.920273107189971, 20.97461879619631 ], [ 105.920557407192405, 20.979071696195199 ], [ 105.921313807191723, 20.979166896195505 ], [ 105.921582007190921, 20.978240196195891 ], [ 105.922424207190133, 20.978250196196267 ], [ 105.925101007187294, 20.977779396197622 ], [ 105.924312507186812, 20.975715796197839 ], [ 105.922526107188474, 20.975695696197025 ], [ 105.922552907187765, 20.974573696197368 ] ] ] } },
{ "type": "Feature", "properties": { "id": "osm_way_1458080168", "name_vi": "Cụm công nghiệp làng nghề cơ khí - mộc Nguyên Hanh", "name_en": null, "aliases": null, "category": "industrial_cluster", "province_code": "01", "province_en": "Ha Noi", "former_province_code": "01", "status": "unknown", "area_ha": 7.1255769351869152, "developer": null, "website": null, "geometry_type": "polygon", "location_accuracy": "site", "part_count": 1, "osm_ids": "osm_way_1458080168", "source": "OpenStreetMap", "source_url": "https://www.openstreetmap.org/way/1458080168", "verified_on": "2026-08-31", "attribute_source": "osm", "geometry_observed_on": "2026-08-31" }, "geometry": { "type": "Polygon", "coordinates": [ [ [ 105.896958007092934, 20.779018796240692 ], [ 105.89864850709165, 20.779520596241312 ], [ 105.898752407091479, 20.779385896241408 ], [ 105.898316907089196, 20.77494559624245 ], [ 105.898152007089365, 20.774990296242365 ], [ 105.898106307089336, 20.774863096242377 ], [ 105.896451007091642, 20.776089696241279 ], [ 105.89690120709146, 20.776483696241375 ], [ 105.897329707091799, 20.777712896241216 ], [ 105.896958007092934, 20.779018796240692 ] ] ] } },
{ "type": "Feature", "properties": { "id": "osm_way_1389555864", "name_vi": "Cụm công nghiệp làng nghề Đại Thắng", "name_en": null, "aliases": null, "category": "industrial_cluster", "province_code": "01", "province_en": "Ha Noi", "former_province_code": "01", "status": "under_construction", "area_ha": 7.4571991303687728, "developer": null, "website": null, "geometry_type": "polygon", "location_accuracy": "site", "part_count": 1, "osm_ids": "osm_way_1389555864", "source": "OpenStreetMap", "source_url": "https://www.openstreetmap.org/way/1389555864", "verified_on": "2026-08-31", "attribute_source": "osm", "geometry_observed_on": "2026-08-31" }, "geometry": { "type": "Polygon", "coordinates": [ [ [ 105.872111307114807, 20.776277896230155 ], [ 105.875187807111814, 20.776142396231592 ], [ 105.875849007109878, 20.774004496232486 ], [ 105.873267407112564, 20.774422096231191 ], [ 105.872100607113694, 20.774435896230663 ], [ 105.872111307114807, 20.776277896230155 ] ] ] } },
{ "type": "Feature", "properties": { "id": "osm_way_1389555863", "name_vi": "Cụm công nghiệp làng nghề Phú Túc", "name_en": null, "aliases": null, "category": "industrial_cluster", "province_code": "01", "province_en": "Ha Noi", "former_province_code": "01", "status": "unknown", "area_ha": 7.2314028013025586, "developer": null, "website": null, "geometry_type": "polygon", "location_accuracy": "site", "part_count": 1, "osm_ids": "osm_way_1389555863", "source": "OpenStreetMap", "source_url": "https://www.openstreetmap.org/way/1389555863", "verified_on": "2026-08-31", "attribute_source": "osm", "geometry_observed_on": "2026-08-31" }, "geometry": { "type": "Polygon", "coordinates": [ [ [ 105.810962307164928, 20.763527696205919 ], [ 105.811471907163295, 20.761641696206691 ], [ 105.808467907165593, 20.760758896205573 ], [ 105.807995807167288, 20.762815496204784 ], [ 105.810962307164928, 20.763527696205919 ] ] ] } },
{ "type": "Feature", "properties": { "id": "osm_way_1370236504", "name_vi": "Cụm công nghiệp làng nghề Phú Yên", "name_en": null, "aliases": null, "category": "industrial_cluster", "province_code": "01", "province_en": "Ha Noi", "former_province_code": "01", "status": "under_construction", "area_ha": 13.372954102219827, "developer": null, "website": null, "geometry_type": "polygon", "location_accuracy": "site", "part_count": 1, "osm_ids": "osm_way_1370236504", "source": "OpenStreetMap", "source_url": "https://www.openstreetmap.org/way/1370236504", "verified_on": "2026-08-31", "attribute_source": "osm", "geometry_observed_on": "2026-08-31" }, "geometry": { "type": "Polygon", "coordinates": [ [ [ 105.906824507033491, 20.6965491962684 ], [ 105.906550907037143, 20.702144396266711 ], [ 105.909388707034424, 20.702069096268009 ], [ 105.909447707034289, 20.701973796268064 ], [ 105.909407407034053, 20.701502096268186 ], [ 105.909273307033828, 20.700927496268292 ], [ 105.909115107033699, 20.700465896268348 ], [ 105.908964907033649, 20.700142196268363 ], [ 105.908715407033597, 20.699660496268383 ], [ 105.908549107033465, 20.699181196268444 ], [ 105.908490107033373, 20.69894039626849 ], [ 105.90843920703314, 20.698463596268603 ], [ 105.908423107032959, 20.698144996268681 ], [ 105.908490107032591, 20.697640696268859 ], [ 105.908659107031994, 20.696950696269123 ], [ 105.908597407031991, 20.696850296269123 ], [ 105.906824507033491, 20.6965491962684 ] ] ] } },
{ "type": "Feature", "properties": { "id": "osm_way_759194964", "name_vi": "Cụm công nghiệp làng nghề Tân Triều", "name_en": null, "aliases": null, "category": "industrial_cluster", "province_code": "01", "province_en": "Ha Noi", "former_province_code": "01", "status": "unknown", "area_ha": 7.3254478264958278, "developer": null, "website": null, "geometry_type": "polygon", "location_accuracy": "site", "part_count": 1, "osm_ids": "osm_way_759194964", "source": "OpenStreetMap", "source_url": "https://www.openstreetmap.org/way/759194964", "verified_on": "2026-08-31", "attribute_source": "osm", "geometry_observed_on": "2026-08-31" }, "geometry": { "type": "Polygon", "coordinates": [ [ [ 105.808618007297028, 20.976865396145143 ], [ 105.806954407296388, 20.973266896145397 ], [ 105.805780507297925, 20.973957396144666 ], [ 105.80590590729814, 20.974484896144574 ], [ 105.806768307298796, 20.976905696144293 ], [ 105.808010007298179, 20.977806296144593 ], [ 105.808618007297028, 20.976865396145143 ] ] ] } },
{ "type": "Feature", "properties": { "id": "osm_way_1389431587", "name_vi": "Cụm công nghiệp làng nghề xã Kiêu Kỵ", "name_en": null, "aliases": null, "category": "industrial_cluster", "province_code": "01", "province_en": "Ha Noi", "former_province_code": "01", "status": "unknown", "area_ha": 10.817105206071846, "developer": null, "website": null, "geometry_type": "polygon", "location_accuracy": "site", "part_count": 1, "osm_ids": "osm_way_1389431587", "source": "OpenStreetMap", "source_url": "https://www.openstreetmap.org/way/1389431587", "verified_on": "2026-08-31", "attribute_source": "osm", "geometry_observed_on": "2026-08-31" }, "geometry": { "type": "Polygon", "coordinates": [ [ [ 105.953256207165097, 20.985067096208336 ], [ 105.95384630716606, 20.987583896207894 ], [ 105.95740020716228, 20.986895296209713 ], [ 105.956836907161289, 20.984365896210164 ], [ 105.953256207165097, 20.985067096208336 ] ] ] } },
{ "type": "Feature", "properties": { "id": "osm_way_560585167", "name_vi": "Cụm công nghiệp Liên Hà", "name_en": null, "aliases": null, "category": "industrial_cluster", "province_code": "01", "province_en": "Ha Noi", "former_province_code": "01", "status": "unknown", "area_ha": 17.715199140091784, "developer": null, "website": null, "geometry_type": "polygon", "location_accuracy": "site", "part_count": 1, "osm_ids": "osm_way_560585167", "source": "OpenStreetMap", "source_url": "https://www.openstreetmap.org/way/560585167", "verified_on": "2026-08-31", "attribute_source": "osm", "geometry_observed_on": "2026-08-31" }, "geometry": { "type": "Polygon", "coordinates": [ [ [ 105.706561107476745, 21.1130596960612 ], [ 105.708051307474477, 21.111669596062256 ], [ 105.708739707474308, 21.112425596062341 ], [ 105.709349707473251, 21.111669596062825 ], [ 105.711458607471954, 21.112815796063462 ], [ 105.712748407469974, 21.111563896064389 ], [ 105.709707007471636, 21.109563996063589 ], [ 105.704609007477004, 21.11045009606104 ], [ 105.706561107476745, 21.1130596960612 ] ] ] } },
{ "type": "Feature", "properties": { "id": "osm_way_1389555877", "name_vi": "Cụm công nghiệp Liên Hà", "name_en": null, "aliases": null, "category": "industrial_cluster", "province_code": "01", "province_en": "Ha Noi", "former_province_code": "01", "status": "unknown", "area_ha": 2.9011412870860269, "developer": null, "website": null, "geometry_type": "polygon", "location_accuracy": "site", "part_count": 1, "osm_ids": "osm_way_1389555877", "source": "OpenStreetMap", "source_url": "https://www.openstreetmap.org/way/1389555877", "verified_on": "2026-08-31", "attribute_source": "osm", "geometry_observed_on": "2026-08-31" }, "geometry": { "type": "Polygon", "coordinates": [ [ [ 105.902313007306617, 21.137946796142447 ], [ 105.903933007304673, 21.137316396143341 ], [ 105.903471707304391, 21.136140496143476 ], [ 105.903385907304468, 21.136095496143433 ], [ 105.901803407306133, 21.136360696142638 ], [ 105.902313007306617, 21.137946796142447 ] ] ] } },
{ "type": "Feature", "properties": { "id": "osm_way_1458203103", "name_vi": "Cụm công nghiệp Liên Hà 2", "name_en": null, "aliases": null, "category": "industrial_cluster", "province_code": "01", "province_en": "Ha Noi", "former_province_code": "01", "status": "unknown", "area_ha": 20.838802498915573, "developer": null, "website": null, "geometry_type": "polygon", "location_accuracy": "site", "part_count": 1, "osm_ids": "osm_way_1458203103", "source": "OpenStreetMap", "source_url": "https://www.openstreetmap.org/way/1458203103", "verified_on": "2026-08-31", "attribute_source": "osm", "geometry_observed_on": "2026-08-31" }, "geometry": { "type": "Polygon", "coordinates": [ [ [ 105.891376307322119, 21.146392396135141 ], [ 105.891458107321867, 21.146132296135253 ], [ 105.891431307321881, 21.146118496135252 ], [ 105.892700007318055, 21.141779396137029 ], [ 105.892359307317307, 21.14005579613735 ], [ 105.890098207320023, 21.140956396136087 ], [ 105.889864907320401, 21.141211496135902 ], [ 105.889679807320519, 21.141141496135841 ], [ 105.888201907324998, 21.14618229613377 ], [ 105.888515707324785, 21.146299896133879 ], [ 105.891376307322119, 21.146392396135141 ] ] ] } },
{ "type": "Feature", "properties": { "id": "osm_way_1345355003", "name_vi": "Cụm công nghiệp Liên Hiệp", "name_en": null, "aliases": null, "category": "industrial_cluster", "province_code": "01", "province_en": "Ha Noi", "former_province_code": "01", "status": "unknown", "area_ha": 3.3622560110451212, "developer": null, "website": null, "geometry_type": "polygon", "location_accuracy": "site", "part_count": 1, "osm_ids": "osm_way_1345355003", "source": "OpenStreetMap", "source_url": "https://www.openstreetmap.org/way/1345355003", "verified_on": "2026-08-31", "attribute_source": "osm", "geometry_observed_on": "2026-08-31" }, "geometry": { "type": "Polygon", "coordinates": [ [ [ 105.644534507494512, 21.045932896051941 ], [ 105.644732807493867, 21.045205396052225 ], [ 105.644466207493537, 21.044235496052384 ], [ 105.643809807494108, 21.044171596052088 ], [ 105.642893607495012, 21.044216296051662 ], [ 105.642250907496205, 21.045192596051109 ], [ 105.644534507494512, 21.045932896051941 ] ] ] } },
{ "type": "Feature", "properties": { "id": "osm_relation_20618281", "name_vi": "Cụm công nghiệp Liên Phương", "name_en": null, "aliases": null, "category": "industrial_cluster", "province_code": "01", "province_en": "Ha Noi", "former_province_code": "01", "status": "unknown", "area_ha": 17.143491804677552, "developer": null, "website": null, "geometry_type": "polygon", "location_accuracy": "site", "part_count": 1, "osm_ids": "osm_relation_20618281", "source": "OpenStreetMap", "source_url": "https://www.openstreetmap.org/relation/20618281", "verified_on": "2026-08-31", "attribute_source": "osm", "geometry_observed_on": "2026-08-31" }, "geometry": { "type": "MultiPolygon", "coordinates": [ [ [ [ 105.88397200716031, 20.869568996209331 ], [ 105.884787407160843, 20.871704296209089 ], [ 105.887566207157491, 20.870521296210693 ], [ 105.886874207157163, 20.868892296210831 ], [ 105.88397200716031, 20.869568996209331 ] ] ], [ [ [ 105.883494607160856, 20.869689296209078 ], [ 105.880474407164229, 20.870521296207475 ], [ 105.881520507165249, 20.873849596207013 ], [ 105.883333707163303, 20.873453596207952 ], [ 105.883494607160856, 20.869689296209078 ] ] ] ] } },
{ "type": "Feature", "properties": { "id": "osm_way_1105528602", "name_vi": "Cụm công nghiệp Ngọc Hoà", "name_en": null, "aliases": null, "category": "industrial_cluster", "province_code": "01", "province_en": "Ha Noi", "former_province_code": "01", "status": "unknown", "area_ha": 11.638638373223552, "developer": null, "website": null, "geometry_type": "polygon", "location_accuracy": "site", "part_count": 1, "osm_ids": "osm_way_1105528602", "source": "OpenStreetMap", "source_url": "https://www.openstreetmap.org/way/1105528602", "verified_on": "2026-08-31", "attribute_source": "osm", "geometry_observed_on": "2026-08-31" }, "geometry": { "type": "Polygon", "coordinates": [ [ [ 105.698004807369443, 20.923861596109941 ], [ 105.697828907368915, 20.922731196110174 ], [ 105.697695807369058, 20.922743296110124 ], [ 105.69740830736815, 20.920791096110534 ], [ 105.697013507368411, 20.92064679611039 ], [ 105.695322607370287, 20.921099096109501 ], [ 105.695521207370817, 20.92228199610927 ], [ 105.69415280737222, 20.922442396108597 ], [ 105.694077707371875, 20.921795796108739 ], [ 105.692151207374522, 20.923079996107521 ], [ 105.692859307374079, 20.923520896107714 ], [ 105.694399907372613, 20.923484796108418 ], [ 105.696065007371146, 20.923637196109134 ], [ 105.696090807371192, 20.923785496109108 ], [ 105.698004807369443, 20.923861596109941 ] ] ] } },
{ "type": "Feature", "properties": { "id": "osm_way_251931709", "name_vi": "Cụm công nghiệp Ngọc Hồi", "name_en": null, "aliases": null, "category": "industrial_cluster", "province_code": "01", "province_en": "Ha Noi", "former_province_code": "01", "status": "unknown", "area_ha": 55.876953402511283, "developer": null, "website": null, "geometry_type": "polygon", "location_accuracy": "site", "part_count": 1, "osm_ids": "osm_way_251931709", "source": "OpenStreetMap", "source_url": "https://www.openstreetmap.org/way/251931709", "verified_on": "2026-08-31", "attribute_source": "osm", "geometry_observed_on": "2026-08-31" }, "geometry": { "type": "Polygon", "coordinates": [ [ [ 105.844040507227888, 20.918456996177515 ], [ 105.846373907226223, 20.919342196178324 ], [ 105.852223907220647, 20.919287396180994 ], [ 105.852252707216465, 20.912476096182903 ], [ 105.848851807219702, 20.912482796181362 ], [ 105.846819907221175, 20.911735696180664 ], [ 105.844040507227888, 20.918456996177515 ] ] ] } },
{ "type": "Feature", "properties": { "id": "osm_way_1348434387", "name_vi": "Cụm công nghiệp Ngọc Liệp", "name_en": null, "aliases": null, "category": "industrial_cluster", "province_code": "01", "province_en": "Ha Noi", "former_province_code": "01", "status": "unknown", "area_ha": 23.146264195177597, "developer": null, "website": null, "geometry_type": "polygon", "location_accuracy": "site", "part_count": 1, "osm_ids": "osm_way_1348434387", "source": "OpenStreetMap", "source_url": "https://www.openstreetmap.org/way/1348434387", "verified_on": "2026-08-31", "attribute_source": "osm", "geometry_observed_on": "2026-08-31" }, "geometry": { "type": "Polygon", "coordinates": [ [ [ 105.600887507509597, 21.002932496044224 ], [ 105.601232607509047, 21.002551496044486 ], [ 105.605486607505213, 21.002865396046325 ], [ 105.605083607506401, 21.00420399604576 ], [ 105.605131407506434, 21.004302896045747 ], [ 105.605439607506256, 21.004507696045845 ], [ 105.605534707506095, 21.004369596045922 ], [ 105.605614407505982, 21.004345696045945 ], [ 105.605756207505891, 21.004398796046001 ], [ 105.60583780750585, 21.004460496046029 ], [ 105.606018107505676, 21.004466196046106 ], [ 105.606257407505481, 21.004502096046203 ], [ 105.606430707505282, 21.004438796046305 ], [ 105.606764907504953, 21.004435496046447 ], [ 105.606793807504786, 21.004200896046527 ], [ 105.606744907504662, 21.003926496046578 ], [ 105.606840807504369, 21.003591596046711 ], [ 105.606946707504164, 21.003443596046811 ], [ 105.607022507503927, 21.003165296046912 ], [ 105.60775830750336, 21.003372396047183 ], [ 105.60967050750186, 21.00388449604791 ], [ 105.610123507500106, 21.001690596048729 ], [ 105.60296020750674, 21.001452696045572 ], [ 105.601969207507608, 21.001333696045151 ], [ 105.600751707508607, 21.001069396044681 ], [ 105.598670207510139, 21.000393796043934 ], [ 105.597946507511068, 21.000765796043506 ], [ 105.599166207510763, 21.00215489604367 ], [ 105.600887507509597, 21.002932496044224 ] ] ] } },
{ "type": "Feature", "properties": { "id": "osm_way_1389555869", "name_vi": "Cụm công nghiệp Ngọc Sơn", "name_en": null, "aliases": null, "category": "industrial_cluster", "province_code": "01", "province_en": "Ha Noi", "former_province_code": "01", "status": "unknown", "area_ha": 14.223718135809678, "developer": null, "website": null, "geometry_type": "polygon", "location_accuracy": "site", "part_count": 1, "osm_ids": "osm_way_1389555869", "source": "OpenStreetMap", "source_url": "https://www.openstreetmap.org/way/1389555869", "verified_on": "2026-08-31", "attribute_source": "osm", "geometry_observed_on": "2026-08-31" }, "geometry": { "type": "Polygon", "coordinates": [ [ [ 105.714365207355002, 20.925577996116875 ], [ 105.715298607352594, 20.923102696117958 ], [ 105.710459907356835, 20.92252149611593 ], [ 105.709065207359345, 20.924495696114761 ], [ 105.710084407358536, 20.924746196115148 ], [ 105.714365207355002, 20.925577996116875 ] ] ] } },
{ "type": "Feature", "properties": { "id": "osm_way_1330108881", "name_vi": "Cụm công nghiệp Nguyên Khê", "name_en": null, "aliases": null, "category": "industrial_cluster", "province_code": "01", "province_en": "Ha Noi", "former_province_code": "01", "status": "unknown", "area_ha": 98.015391003069766, "developer": null, "website": null, "geometry_type": "polygon", "location_accuracy": "site", "part_count": 1, "osm_ids": "osm_way_1330108881", "source": "OpenStreetMap", "source_url": "https://www.openstreetmap.org/way/1330108881", "verified_on": "2026-08-31", "attribute_source": "osm", "geometry_observed_on": "2026-08-31" }, "geometry": { "type": "Polygon", "coordinates": [ [ [ 105.832214007388473, 21.163331196103751 ], [ 105.832359307390433, 21.166760596102858 ], [ 105.833377307389455, 21.166717096103319 ], [ 105.833424007389866, 21.167474796103132 ], [ 105.832387307390903, 21.167544496102657 ], [ 105.832394807391097, 21.167865396102577 ], [ 105.832406007391356, 21.168345796102432 ], [ 105.831369207392569, 21.168737696101864 ], [ 105.830659407393526, 21.169173196101411 ], [ 105.830435207393933, 21.169504196101229 ], [ 105.830351207394258, 21.16992229610106 ], [ 105.830351207394585, 21.170462296100922 ], [ 105.830678107394419, 21.170662596101014 ], [ 105.830855507394531, 21.171098096100977 ], [ 105.83082750739473, 21.171385496100886 ], [ 105.831845607393717, 21.171333196101365 ], [ 105.831892307394639, 21.172892196100932 ], [ 105.832704807393924, 21.172970596101287 ], [ 105.832711107396491, 21.177227096100101 ], [ 105.833890107395476, 21.177386296100586 ], [ 105.839150807390482, 21.177325696102965 ], [ 105.839394707389843, 21.176688796103264 ], [ 105.839679307388934, 21.175642496103674 ], [ 105.838744307389817, 21.175627396103263 ], [ 105.838719907389603, 21.175240696103373 ], [ 105.838825607389495, 21.175240696103412 ], [ 105.838825607388657, 21.173868296103802 ], [ 105.83789550738949, 21.173763996103396 ], [ 105.838002807387952, 21.171412896104094 ], [ 105.836854807388988, 21.171342896103614 ], [ 105.835878507389623, 21.17085269610331 ], [ 105.836543707388287, 21.169722096103911 ], [ 105.837176707387911, 21.170072296104117 ], [ 105.837251807386295, 21.167521096104849 ], [ 105.838324707385311, 21.1676210961053 ], [ 105.838426807384508, 21.166467296105676 ], [ 105.83862200738433, 21.166474896105751 ], [ 105.838874007383552, 21.165564996106127 ], [ 105.83901230738249, 21.164056096106602 ], [ 105.839140207381888, 21.163273696106881 ], [ 105.832214007388473, 21.163331196103751 ] ] ] } },
{ "type": "Feature", "properties": { "id": "osm_way_693979021", "name_vi": "Cụm công nghiệp Ninh Hiệp", "name_en": null, "aliases": null, "category": "industrial_cluster", "province_code": "01", "province_en": "Ha Noi", "former_province_code": "01", "status": "unknown", "area_ha": 62.028555936186606, "developer": null, "website": null, "geometry_type": "polygon", "location_accuracy": "site", "part_count": 1, "osm_ids": "osm_way_693979021", "source": "OpenStreetMap", "source_url": "https://www.openstreetmap.org/way/693979021", "verified_on": "2026-08-31", "attribute_source": "osm", "geometry_observed_on": "2026-08-31" }, "geometry": { "type": "Polygon", "coordinates": [ [ [ 105.951931507222682, 21.077396896181835 ], [ 105.953404307220481, 21.076085096182851 ], [ 105.954006807220026, 21.076264696183078 ], [ 105.954416807219587, 21.076178796183289 ], [ 105.955387507217949, 21.074991996184057 ], [ 105.955421007216856, 21.073289796184543 ], [ 105.955722207216596, 21.07332889618467 ], [ 105.955738907214936, 21.07065059618542 ], [ 105.955580007214948, 21.070408496185433 ], [ 105.955571607213983, 21.068799996185877 ], [ 105.954751507214311, 21.068089396185709 ], [ 105.952358307216173, 21.067425696184802 ], [ 105.950718207218756, 21.069091996183587 ], [ 105.946986107224589, 21.072883796180847 ], [ 105.951931507222682, 21.077396896181835 ] ] ] } },
{ "type": "Feature", "properties": { "id": "osm_way_1416954379", "name_vi": "Cụm công nghiệp Ô tô Nguyên Khê", "name_en": null, "aliases": null, "category": "industrial_cluster", "province_code": "01", "province_en": "Ha Noi", "former_province_code": "01", "status": "unknown", "area_ha": 18.784426287631803, "developer": null, "website": null, "geometry_type": "polygon", "location_accuracy": "site", "part_count": 1, "osm_ids": "osm_way_1416954379", "source": "OpenStreetMap", "source_url": "https://www.openstreetmap.org/way/1416954379", "verified_on": "2026-08-31", "attribute_source": "osm", "geometry_observed_on": "2026-08-31" }, "geometry": { "type": "Polygon", "coordinates": [ [ [ 105.851947207376256, 21.173885296109695 ], [ 105.852396907377752, 21.17703189610901 ], [ 105.852843607377736, 21.177687496109044 ], [ 105.856052907374647, 21.177630996110505 ], [ 105.856119107374553, 21.177542996110553 ], [ 105.856045407372406, 21.173922896111538 ], [ 105.85627070737128, 21.17244539611205 ], [ 105.855551507371857, 21.172267596111773 ], [ 105.854917207372424, 21.172213596111497 ], [ 105.854712407373754, 21.174079896110879 ], [ 105.851947207376256, 21.173885296109695 ] ] ] } },
{ "type": "Feature", "properties": { "id": "osm_way_351035451", "name_vi": "Cụm công nghiệp Phú Minh", "name_en": null, "aliases": null, "category": "industrial_cluster", "province_code": "01", "province_en": "Ha Noi", "former_province_code": "01", "status": "unknown", "area_ha": 34.083057687463992, "developer": null, "website": null, "geometry_type": "polygon", "location_accuracy": "site", "part_count": 1, "osm_ids": "osm_way_351035451", "source": "OpenStreetMap", "source_url": "https://www.openstreetmap.org/way/351035451", "verified_on": "2026-08-31", "attribute_source": "osm", "geometry_observed_on": "2026-08-31" }, "geometry": { "type": "Polygon", "coordinates": [ [ [ 105.764143007391752, 21.063136596100993 ], [ 105.764401807391252, 21.062734096101227 ], [ 105.76478390739031, 21.061796796101664 ], [ 105.765554207389741, 21.062043996101952 ], [ 105.766127207389275, 21.062176296102162 ], [ 105.767026907388427, 21.062187796102556 ], [ 105.768031307386181, 21.060042896103617 ], [ 105.767932707386123, 21.059824396103618 ], [ 105.767778707386256, 21.059772596103578 ], [ 105.767667807386175, 21.059473596103608 ], [ 105.767125507386552, 21.05924929610342 ], [ 105.766566407387032, 21.059156196103199 ], [ 105.765710807387805, 21.059143696102804 ], [ 105.764806607388834, 21.059373296102333 ], [ 105.764683907388687, 21.058966496102407 ], [ 105.763606907389885, 21.059260796101839 ], [ 105.761111307392881, 21.060307396100416 ], [ 105.760248607394288, 21.061267696099765 ], [ 105.760131507395059, 21.062348796099403 ], [ 105.759848007395334, 21.062343096099287 ], [ 105.759823407395558, 21.062676596099177 ], [ 105.75917020739621, 21.062728296098872 ], [ 105.759219507396509, 21.063314896098728 ], [ 105.75804260739767, 21.06338959609818 ], [ 105.757974807399023, 21.065517196097556 ], [ 105.758837507398155, 21.06541369609797 ], [ 105.759073807398025, 21.065603896098022 ], [ 105.759652007397349, 21.06535289609835 ], [ 105.761320807394824, 21.063803696099534 ], [ 105.761419407394357, 21.063205596099746 ], [ 105.763169407392724, 21.063199896100542 ], [ 105.764143007391752, 21.063136596100993 ] ] ] } },
{ "type": "Feature", "properties": { "id": "osm_way_1189779471", "name_vi": "Cụm công nghiệp Phú Thị", "name_en": null, "aliases": null, "category": "industrial_cluster", "province_code": "01", "province_en": "Ha Noi", "former_province_code": "01", "status": "unknown", "area_ha": 33.677098684956938, "developer": null, "website": null, "geometry_type": "polygon", "location_accuracy": "site", "part_count": 1, "osm_ids": "osm_way_1189779471", "source": "OpenStreetMap", "source_url": "https://www.openstreetmap.org/way/1189779471", "verified_on": "2026-08-31", "attribute_source": "osm", "geometry_observed_on": "2026-08-31" }, "geometry": { "type": "Polygon", "coordinates": [ [ [ 105.963129507173278, 21.013815496204739 ], [ 105.962448007173478, 21.013095396204619 ], [ 105.962080807173564, 21.012649496204578 ], [ 105.959843707173619, 21.009254896204531 ], [ 105.957494607176557, 21.010443996203126 ], [ 105.957196507176917, 21.010570196202945 ], [ 105.956501207177951, 21.011193496202473 ], [ 105.955757207179076, 21.011860496201944 ], [ 105.956106507178973, 21.01223409620199 ], [ 105.957074407178453, 21.012920296202239 ], [ 105.956797907178924, 21.013246396202021 ], [ 105.956099307180097, 21.014081896201475 ], [ 105.958406207178925, 21.015759896202049 ], [ 105.958588107178656, 21.015576496202183 ], [ 105.959548707178129, 21.016221796202423 ], [ 105.960283807177248, 21.015895796202862 ], [ 105.960676707176631, 21.01550179620315 ], [ 105.960887807176533, 21.015678396203196 ], [ 105.963129507173278, 21.013815496204739 ] ] ] } },
{ "type": "Feature", "properties": { "id": "osm_way_1389555866", "name_vi": "Cụm công nghiệp Phú Thịnh", "name_en": null, "aliases": null, "category": "industrial_cluster", "province_code": "01", "province_en": "Ha Noi", "former_province_code": "01", "status": "unknown", "area_ha": 8.2354643038202937, "developer": null, "website": null, "geometry_type": "polygon", "location_accuracy": "site", "part_count": 1, "osm_ids": "osm_way_1389555866", "source": "OpenStreetMap", "source_url": "https://www.openstreetmap.org/way/1389555866", "verified_on": "2026-08-31", "attribute_source": "osm", "geometry_observed_on": "2026-08-31" }, "geometry": { "type": "Polygon", "coordinates": [ [ [ 105.502073807692199, 21.148698895959676 ], [ 105.502063007691035, 21.146792695960201 ], [ 105.498485007694143, 21.146352395958726 ], [ 105.498173807695593, 21.148243595958057 ], [ 105.502073807692199, 21.148698895959676 ] ] ] } },
{ "type": "Feature", "properties": { "id": "osm_way_741264059", "name_vi": "Cụm công nghiệp Phùng", "name_en": null, "aliases": null, "category": "industrial_cluster", "province_code": "01", "province_en": "Ha Noi", "former_province_code": "01", "status": "unknown", "area_ha": 35.343489642468896, "developer": null, "website": null, "geometry_type": "polygon", "location_accuracy": "site", "part_count": 1, "osm_ids": "osm_way_741264059", "source": "OpenStreetMap", "source_url": "https://www.openstreetmap.org/way/741264059", "verified_on": "2026-08-31", "attribute_source": "osm", "geometry_observed_on": "2026-08-31" }, "geometry": { "type": "Polygon", "coordinates": [ [ [ 105.671513407495624, 21.089613096051949 ], [ 105.67366470749522, 21.092310996052156 ], [ 105.674962907494987, 21.093938996052284 ], [ 105.682347607485553, 21.08994019605673 ], [ 105.676070207490753, 21.088714296054249 ], [ 105.673202907493177, 21.088205796053114 ], [ 105.672861207493597, 21.088390096052901 ], [ 105.672712607493807, 21.088500796052784 ], [ 105.672929907493767, 21.088782096052814 ], [ 105.671513407495624, 21.089613096051949 ] ] ] } },
{ "type": "Feature", "properties": { "id": "osm_way_1192433611", "name_vi": "Cụm công nghiệp Phùng Xá", "name_en": null, "aliases": null, "category": "industrial_cluster", "province_code": "01", "province_en": "Ha Noi", "former_province_code": "01", "status": "unknown", "area_ha": 11.488333085373899, "developer": null, "website": null, "geometry_type": "polygon", "location_accuracy": "site", "part_count": 1, "osm_ids": "osm_way_1192433611", "source": "OpenStreetMap", "source_url": "https://www.openstreetmap.org/way/1192433611", "verified_on": "2026-08-31", "attribute_source": "osm", "geometry_observed_on": "2026-08-31" }, "geometry": { "type": "Polygon", "coordinates": [ [ [ 105.619376307500119, 21.016097996048881 ], [ 105.617516807500735, 21.014208096048563 ], [ 105.614566907504937, 21.016523396046605 ], [ 105.616242007504539, 21.018472396046835 ], [ 105.618890507500808, 21.016469196048579 ], [ 105.619376307500119, 21.016097996048881 ] ] ] } },
{ "type": "Feature", "properties": { "id": "osm_way_1188779455", "name_vi": "Cụm công nghiệp Quất Động", "name_en": null, "aliases": null, "category": "industrial_cluster", "province_code": "01", "province_en": "Ha Noi", "former_province_code": "01", "status": "unknown", "area_ha": 70.719528729794789, "developer": null, "website": null, "geometry_type": "polygon", "location_accuracy": "site", "part_count": 1, "osm_ids": "osm_way_1188779455", "source": "OpenStreetMap", "source_url": "https://www.openstreetmap.org/way/1188779455", "verified_on": "2026-08-31", "attribute_source": "osm", "geometry_observed_on": "2026-08-31" }, "geometry": { "type": "Polygon", "coordinates": [ [ [ 105.864386307165631, 20.847821096206562 ], [ 105.866810007163522, 20.848144196207553 ], [ 105.867108307163193, 20.848069996207716 ], [ 105.867338907162861, 20.84787249620787 ], [ 105.867359307162729, 20.847670996207928 ], [ 105.867299307162085, 20.846523896208236 ], [ 105.869367807160032, 20.846371496209215 ], [ 105.869488007160442, 20.847245796209023 ], [ 105.871333307158608, 20.847069396209907 ], [ 105.872184907155599, 20.843452396211312 ], [ 105.873020207152521, 20.839715696212746 ], [ 105.867337107157937, 20.839761896210145 ], [ 105.867162507158099, 20.839771996210061 ], [ 105.867063107158188, 20.839763396210017 ], [ 105.866995407158228, 20.839730196209999 ], [ 105.866935407158238, 20.839641896209997 ], [ 105.866900807158189, 20.839531596210009 ], [ 105.86690010715806, 20.839332996210061 ], [ 105.866932507157941, 20.839134396210142 ], [ 105.866975507157761, 20.838953796210209 ], [ 105.864382907160106, 20.838781396209075 ], [ 105.864595507162775, 20.843460896207862 ], [ 105.864058307163276, 20.843451296207615 ], [ 105.864287707165701, 20.847768696206511 ], [ 105.864386307165631, 20.847821096206562 ] ] ] } },
{ "type": "Feature", "properties": { "id": "osm_way_1389555862", "name_vi": "Cụm công nghiệp Song Phượng", "name_en": null, "aliases": null, "category": "industrial_cluster", "province_code": "01", "province_en": "Ha Noi", "former_province_code": "01", "status": "under_construction", "area_ha": 7.0851953554296783, "developer": null, "website": null, "geometry_type": "polygon", "location_accuracy": "site", "part_count": 1, "osm_ids": "osm_way_1389555862", "source": "OpenStreetMap", "source_url": "https://www.openstreetmap.org/way/1389555862", "verified_on": "2026-08-31", "attribute_source": "osm", "geometry_observed_on": "2026-08-31" }, "geometry": { "type": "Polygon", "coordinates": [ [ [ 105.665970107492825, 21.076448896053105 ], [ 105.665409607494169, 21.077767796052498 ], [ 105.669808407490891, 21.079229396054064 ], [ 105.67019460748979, 21.078023096054565 ], [ 105.665970107492825, 21.076448896053105 ] ] ] } },
{ "type": "Feature", "properties": { "id": "osm_way_595927298", "name_vi": "Cụm công nghiệp Thanh Oai", "name_en": null, "aliases": null, "category": "industrial_cluster", "province_code": "01", "province_en": "Ha Noi", "former_province_code": "01", "status": "unknown", "area_ha": 53.710893778158223, "developer": null, "website": null, "geometry_type": "polygon", "location_accuracy": "site", "part_count": 1, "osm_ids": "osm_way_595927298", "source": "OpenStreetMap", "source_url": "https://www.openstreetmap.org/way/595927298", "verified_on": "2026-08-31", "attribute_source": "osm", "geometry_observed_on": "2026-08-31" }, "geometry": { "type": "Polygon", "coordinates": [ [ [ 105.751315307318634, 20.923323196134181 ], [ 105.749845507323258, 20.928634396132036 ], [ 105.750532107323934, 20.930818996131741 ], [ 105.752098507322387, 20.930698696132477 ], [ 105.753622007320345, 20.929736696133439 ], [ 105.757291307317317, 20.930418196134905 ], [ 105.757988707312975, 20.924405496136895 ], [ 105.751315307318634, 20.923323196134181 ] ] ] } },
{ "type": "Feature", "properties": { "id": "osm_relation_17036129", "name_vi": "Cụm Công nghiệp Thanh Oai - Xuân Đỉnh", "name_en": "Thanh Oai Industrial Cluster - Xuan Dinh Ward", "aliases": "Thanh Oai Industrial Cluster - Xuan Dinh Ward", "category": "industrial_cluster", "province_code": "01", "province_en": "Ha Noi", "former_province_code": "01", "status": "unknown", "area_ha": null, "developer": "Trung tâm Tân Đạt", "website": null, "geometry_type": "point", "location_accuracy": "locality", "part_count": 1, "osm_ids": "osm_relation_17036129", "source": "OpenStreetMap", "source_url": "https://www.openstreetmap.org/relation/17036129", "verified_on": "2026-08-31", "attribute_source": "osm", "geometry_observed_on": "2026-08-31" }, "geometry": { "type": "Point", "coordinates": [ 105.7820239, 20.9977715 ] } },
{ "type": "Feature", "properties": { "id": "osm_way_1370166337", "name_vi": "Cụm công nghiệp Thanh Thuỳ", "name_en": null, "aliases": null, "category": "industrial_cluster", "province_code": "01", "province_en": "Ha Noi", "former_province_code": "01", "status": "unknown", "area_ha": 5.3473997401710465, "developer": null, "website": null, "geometry_type": "polygon", "location_accuracy": "site", "part_count": 1, "osm_ids": "osm_way_1370166337", "source": "OpenStreetMap", "source_url": "https://www.openstreetmap.org/way/1370166337", "verified_on": "2026-08-31", "attribute_source": "osm", "geometry_observed_on": "2026-08-31" }, "geometry": { "type": "Polygon", "coordinates": [ [ [ 105.801343907239115, 20.870501296171593 ], [ 105.799654107241238, 20.871408496170574 ], [ 105.800120807241157, 20.87193979617064 ], [ 105.801563907240663, 20.873388396170878 ], [ 105.802915707238768, 20.872400996171759 ], [ 105.801343907239115, 20.870501296171593 ] ] ] } },
{ "type": "Feature", "properties": { "id": "osm_way_1436050210", "name_vi": "Cụm công nghiệp thực phẩm Hapro", "name_en": null, "aliases": null, "category": "industrial_cluster", "province_code": "01", "province_en": "Ha Noi", "former_province_code": "01", "status": "unknown", "area_ha": 25.547199907262261, "developer": null, "website": null, "geometry_type": "polygon", "location_accuracy": "site", "part_count": 1, "osm_ids": "osm_way_1436050210", "source": "OpenStreetMap", "source_url": "https://www.openstreetmap.org/way/1436050210", "verified_on": "2026-08-31", "attribute_source": "osm", "geometry_observed_on": "2026-08-31" }, "geometry": { "type": "Polygon", "coordinates": [ [ [ 106.010200407139109, 21.03083339622129 ], [ 106.010071907139334, 21.0309846962212 ], [ 106.00955530714252, 21.035438396219707 ], [ 106.011624607140533, 21.035364596220667 ], [ 106.014943907137194, 21.035057096222264 ], [ 106.015465907136573, 21.034856396222558 ], [ 106.016143007135682, 21.034430296222993 ], [ 106.013363507136134, 21.030879696222719 ], [ 106.01200880713742, 21.030859996222119 ], [ 106.011999707137562, 21.031063296222044 ], [ 106.011030607138352, 21.030879696221668 ], [ 106.010200407139109, 21.03083339622129 ] ] ] } },
{ "type": "Feature", "properties": { "id": "osm_way_1345355012", "name_vi": "Cụm công nghiệp Trường An", "name_en": null, "aliases": null, "category": "industrial_cluster", "province_code": "01", "province_en": "Ha Noi", "former_province_code": "01", "status": "unknown", "area_ha": 11.354804684534578, "developer": null, "website": null, "geometry_type": "polygon", "location_accuracy": "site", "part_count": 1, "osm_ids": "osm_way_1345355012", "source": "OpenStreetMap", "source_url": "https://www.openstreetmap.org/way/1345355012", "verified_on": "2026-08-31", "attribute_source": "osm", "geometry_observed_on": "2026-08-31" }, "geometry": { "type": "Polygon", "coordinates": [ [ [ 105.724676907389238, 20.997742196101417 ], [ 105.72762450738702, 20.998693396102478 ], [ 105.727603007387202, 20.998963896102381 ], [ 105.729512807385447, 20.999094096103221 ], [ 105.72962010738371, 20.996369596104014 ], [ 105.724622607388625, 20.99668789610168 ], [ 105.724676907389238, 20.997742196101417 ] ] ] } },
{ "type": "Feature", "properties": { "id": "osm_way_1389555867", "name_vi": "Cụm công nghiệp Vân Hà", "name_en": null, "aliases": null, "category": "industrial_cluster", "province_code": "01", "province_en": "Ha Noi", "former_province_code": "01", "status": "unknown", "area_ha": 4.9392811127188603, "developer": null, "website": null, "geometry_type": "polygon", "location_accuracy": "site", "part_count": 1, "osm_ids": "osm_way_1389555867", "source": "OpenStreetMap", "source_url": "https://www.openstreetmap.org/way/1389555867", "verified_on": "2026-08-31", "attribute_source": "osm", "geometry_observed_on": "2026-08-31" }, "geometry": { "type": "Polygon", "coordinates": [ [ [ 105.91452240729673, 21.140693696147171 ], [ 105.914125407297263, 21.140933796146943 ], [ 105.913412007298064, 21.141158996146551 ], [ 105.913406607298981, 21.142604996146147 ], [ 105.914066407298151, 21.142334796146518 ], [ 105.914028907298984, 21.143610596146146 ], [ 105.914399007298783, 21.143870796146242 ], [ 105.915858107296145, 21.141844496147474 ], [ 105.91452240729673, 21.140693696147171 ] ] ] } },
{ "type": "Feature", "properties": { "id": "osm_way_1345355007", "name_vi": "Cụm công nghiệp Võng Xuyên", "name_en": null, "aliases": null, "category": "industrial_cluster", "province_code": "01", "province_en": "Ha Noi", "former_province_code": "01", "status": "under_construction", "area_ha": 5.8346290586972547, "developer": null, "website": null, "geometry_type": "polygon", "location_accuracy": "site", "part_count": 1, "osm_ids": "osm_way_1345355007", "source": "OpenStreetMap", "source_url": "https://www.openstreetmap.org/way/1345355007", "verified_on": "2026-08-31", "attribute_source": "osm", "geometry_observed_on": "2026-08-31" }, "geometry": { "type": "Polygon", "coordinates": [ [ [ 105.545218807637667, 21.126325295985144 ], [ 105.546999007635335, 21.125295295986231 ], [ 105.545785007635033, 21.122921595986345 ], [ 105.545395707635521, 21.123126295986101 ], [ 105.544656007636519, 21.123595095985635 ], [ 105.545098407636502, 21.124255395985664 ], [ 105.544157007637764, 21.12485299598508 ], [ 105.545218807637667, 21.126325295985144 ] ] ] } },
{ "type": "Feature", "properties": { "id": "osm_relation_18027474", "name_vi": "Cụm công nghiệp vừa và nhỏ Từ Liêm", "name_en": null, "aliases": null, "category": "industrial_cluster", "province_code": "01", "province_en": "Ha Noi", "former_province_code": "01", "status": "unknown", "area_ha": 63.327051679675876, "developer": null, "website": null, "geometry_type": "polygon", "location_accuracy": "site", "part_count": 1, "osm_ids": "osm_relation_18027474", "source": "OpenStreetMap", "source_url": "https://www.openstreetmap.org/relation/18027474", "verified_on": "2026-08-31", "attribute_source": "osm", "geometry_observed_on": "2026-08-31" }, "geometry": { "type": "Polygon", "coordinates": [ [ [ 105.737388607405478, 21.044126396094235 ], [ 105.73686560740677, 21.045413096093636 ], [ 105.737852607406026, 21.045773596093973 ], [ 105.738163807406096, 21.046354296093956 ], [ 105.739124007405067, 21.046134096094455 ], [ 105.739322507405205, 21.046669796094395 ], [ 105.739037907405546, 21.046775996094244 ], [ 105.73919240740554, 21.047068196094219 ], [ 105.738936307405922, 21.04721989609407 ], [ 105.739021607405945, 21.047428596094051 ], [ 105.73845650740661, 21.047652496093729 ], [ 105.738237007406795, 21.047618296093638 ], [ 105.737952407407008, 21.047527296093538 ], [ 105.737615007407328, 21.047496896093399 ], [ 105.737590607407526, 21.047777696093306 ], [ 105.7376231074076, 21.047993896093264 ], [ 105.737879307407667, 21.048487196093237 ], [ 105.738501307408001, 21.049989696093114 ], [ 105.738617107408032, 21.050221096093086 ], [ 105.744041007401563, 21.04804999609614 ], [ 105.743951207400784, 21.046650696096478 ], [ 105.744008107400489, 21.046248496096631 ], [ 105.743861707400143, 21.045421396096792 ], [ 105.743064907399727, 21.043501396096953 ], [ 105.745520507396876, 21.042643896098312 ], [ 105.745160807396658, 21.041750096098397 ], [ 105.744935507396661, 21.04138959609838 ], [ 105.744613607396829, 21.041189296098306 ], [ 105.744152307397187, 21.041049096098138 ], [ 105.743431607396829, 21.039339996098285 ], [ 105.743233207396997, 21.039309996098208 ], [ 105.738212107402958, 21.041267596095402 ], [ 105.738040407403318, 21.041577996095238 ], [ 105.738051107403535, 21.041938496095142 ], [ 105.738002807403916, 21.042499196094962 ], [ 105.73791170740418, 21.042839696094823 ], [ 105.737388607405478, 21.044126396094235 ] ] ] } },
{ "type": "Feature", "properties": { "id": "osm_way_1389555873", "name_vi": "Cụm công nghiệp Yên Sơn", "name_en": null, "aliases": null, "category": "industrial_cluster", "province_code": "01", "province_en": "Ha Noi", "former_province_code": "01", "status": "unknown", "area_ha": 8.3203213223763051, "developer": null, "website": null, "geometry_type": "polygon", "location_accuracy": "site", "part_count": 1, "osm_ids": "osm_way_1389555873", "source": "OpenStreetMap", "source_url": "https://www.openstreetmap.org/way/1389555873", "verified_on": "2026-08-31", "attribute_source": "osm", "geometry_observed_on": "2026-08-31" }, "geometry": { "type": "Polygon", "coordinates": [ [ [ 105.650947107464035, 21.005936596065919 ], [ 105.654444707459689, 21.004243896067958 ], [ 105.65582870745807, 21.003743096068728 ], [ 105.655753607457882, 21.003332396068807 ], [ 105.650603807462986, 21.003682996066381 ], [ 105.650399907463253, 21.003823196066254 ], [ 105.650239007463597, 21.004143696066091 ], [ 105.650260407463733, 21.004394096066029 ], [ 105.650947107464035, 21.005936596065919 ] ] ] } },
{ "type": "Feature", "properties": { "id": "osm_way_1230260365", "name_vi": "Khu công nghiệp An Ninh", "name_en": null, "aliases": null, "category": "industrial_park", "province_code": "01", "province_en": "Ha Noi", "former_province_code": "01", "status": "unknown", "area_ha": 8.0474085192301086, "developer": null, "website": null, "geometry_type": "polygon", "location_accuracy": "site", "part_count": 1, "osm_ids": "osm_way_1230260365", "source": "OpenStreetMap", "source_url": "https://www.openstreetmap.org/way/1230260365", "verified_on": "2026-08-31", "attribute_source": "osm", "geometry_observed_on": "2026-08-31" }, "geometry": { "type": "Polygon", "coordinates": [ [ [ 105.718775507411678, 21.025400196091059 ], [ 105.721383907407997, 21.023413096092785 ], [ 105.724671907403447, 21.021051296094914 ], [ 105.722433407405106, 21.020290596094124 ], [ 105.72056290740845, 21.022908296092542 ], [ 105.719483607410339, 21.02432149609168 ], [ 105.718775507411678, 21.025400196091059 ] ] ] } },
{ "type": "Feature", "properties": { "id": "osm_way_384465529", "name_vi": "Khu công nghiệp Bắc Thăng Long", "name_en": null, "aliases": null, "category": "industrial_park", "province_code": "01", "province_en": "Ha Noi", "former_province_code": "01", "status": "unknown", "area_ha": 296.80338852995413, "developer": null, "website": null, "geometry_type": "polygon", "location_accuracy": "site", "part_count": 1, "osm_ids": "osm_way_384465529", "source": "OpenStreetMap", "source_url": "https://www.openstreetmap.org/way/384465529", "verified_on": "2026-08-31", "attribute_source": "osm", "geometry_observed_on": "2026-08-31" }, "geometry": { "type": "Polygon", "coordinates": [ [ [ 105.768883807421631, 21.119437096087466 ], [ 105.769226307421292, 21.119410296087612 ], [ 105.770130807420486, 21.119477596088 ], [ 105.771586107419282, 21.119789496088583 ], [ 105.772558407418629, 21.120223396088903 ], [ 105.773105607418373, 21.120653796089023 ], [ 105.773452507418313, 21.121081196089058 ], [ 105.773776807418216, 21.121438596089099 ], [ 105.7749081074179, 21.12268539608927 ], [ 105.775787807417544, 21.123445996089458 ], [ 105.776716407416956, 21.123922196089737 ], [ 105.780493107414088, 21.125089396091106 ], [ 105.780767407413848, 21.125107296091233 ], [ 105.780943007413356, 21.124586896091458 ], [ 105.783689607405748, 21.116395296094979 ], [ 105.783568907405865, 21.116367796094934 ], [ 105.785180907401426, 21.111606196096979 ], [ 105.785963507399188, 21.109209996097999 ], [ 105.785858307399181, 21.108987996098012 ], [ 105.782160007402553, 21.108773596096416 ], [ 105.778404007405925, 21.1084750960948 ], [ 105.778107907406167, 21.108400896094686 ], [ 105.777426307406941, 21.108640196094306 ], [ 105.777003707407388, 21.1087115960941 ], [ 105.77659540740774, 21.108636496093951 ], [ 105.775348207408712, 21.108335796093449 ], [ 105.771077607413716, 21.109886196091107 ], [ 105.770799607414034, 21.109977696090951 ], [ 105.769126007415807, 21.110262796090122 ], [ 105.766876907418123, 21.110598296089012 ], [ 105.766254207418839, 21.110783596088677 ], [ 105.762264107423618, 21.112436896086418 ], [ 105.760397307425919, 21.113317696085343 ], [ 105.760288107426248, 21.113688896085183 ], [ 105.762514707426078, 21.116830396085319 ], [ 105.763806107425992, 21.118715796085375 ], [ 105.76430350742595, 21.119441896085409 ], [ 105.76476460742596, 21.120115096085417 ], [ 105.764976407425848, 21.120291796085464 ], [ 105.768883807421631, 21.119437096087466 ] ] ] } },
{ "type": "Feature", "properties": { "id": "osm_relation_12993849", "name_vi": "Khu công nghiệp Bắc Thăng Long - Bến xe Gia Lâm", "name_en": "Bac Thang Long Industrial Park - Gia Lam Bus Station", "aliases": "Bac Thang Long Industrial Park - Gia Lam Bus Station", "category": "industrial_park", "province_code": "01", "province_en": "Ha Noi", "former_province_code": "01", "status": "unknown", "area_ha": null, "developer": "Công ty Cổ phẩn xe khách Hà Nội", "website": null, "geometry_type": "point", "location_accuracy": "locality", "part_count": 1, "osm_ids": "osm_relation_12993849", "source": "OpenStreetMap", "source_url": "https://www.openstreetmap.org/relation/12993849", "verified_on": "2026-08-31", "attribute_source": "osm", "geometry_observed_on": "2026-08-31" }, "geometry": { "type": "Point", "coordinates": [ 105.83473335, 21.0865369 ] } },
{ "type": "Feature", "properties": { "id": "osm_relation_17054991", "name_vi": "Khu công nghiệp Bắc Thăng Long - Tiến Thịnh (Mê Linh)", "name_en": "Bac Thang Long Industrial Park - Tien Thinh (Yen Lang Commune)", "aliases": "Bac Thang Long Industrial Park - Tien Thinh (Yen Lang Commune)", "category": "industrial_park", "province_code": "01", "province_en": "Ha Noi", "former_province_code": "01", "status": "unknown", "area_ha": null, "developer": "Xí nghiệp Xe buýt Yên Viên", "website": null, "geometry_type": "point", "location_accuracy": "locality", "part_count": 1, "osm_ids": "osm_relation_17054991", "source": "OpenStreetMap", "source_url": "https://www.openstreetmap.org/relation/17054991", "verified_on": "2026-08-31", "attribute_source": "osm", "geometry_observed_on": "2026-08-31" }, "geometry": { "type": "Point", "coordinates": [ 105.71199185, 21.17472635 ] } },
{ "type": "Feature", "properties": { "id": "osm_way_1024692744", "name_vi": "Khu công nghiệp Cầu Giáo", "name_en": null, "aliases": null, "category": "industrial_park", "province_code": "01", "province_en": "Ha Noi", "former_province_code": "01", "status": "unknown", "area_ha": 21.163448863610647, "developer": null, "website": null, "geometry_type": "polygon", "location_accuracy": "site", "part_count": 1, "osm_ids": "osm_way_1024692744", "source": "OpenStreetMap", "source_url": "https://www.openstreetmap.org/way/1024692744", "verified_on": "2026-08-31", "attribute_source": "osm", "geometry_observed_on": "2026-08-31" }, "geometry": { "type": "Polygon", "coordinates": [ [ [ 105.656844007510671, 21.091519696044823 ], [ 105.655821807511742, 21.091674796044334 ], [ 105.655841307511821, 21.091843696044283 ], [ 105.655318007512378, 21.091944096044028 ], [ 105.655601707512858, 21.093121396043838 ], [ 105.655083307513394, 21.093230896043568 ], [ 105.655743507514487, 21.096037196043081 ], [ 105.654304207515992, 21.096290696042367 ], [ 105.652500607516004, 21.093516896042324 ], [ 105.651894107516881, 21.093995996041915 ], [ 105.6528527075168, 21.095373996041968 ], [ 105.654454607517408, 21.098833896041736 ], [ 105.655437907516074, 21.098203396042344 ], [ 105.655324307516068, 21.097970796042357 ], [ 105.65673160751416, 21.097061396043252 ], [ 105.656956307513923, 21.097001096043364 ], [ 105.656935607512793, 21.095148496043858 ], [ 105.657740607512011, 21.095114396044242 ], [ 105.65825580751094, 21.094150096044718 ], [ 105.659050107509898, 21.093677996045212 ], [ 105.658979507509571, 21.093013696045372 ], [ 105.658432307509827, 21.092590996045235 ], [ 105.656884907511483, 21.092920396044452 ], [ 105.656844007510671, 21.091519696044823 ] ] ] } },
{ "type": "Feature", "properties": { "id": "osm_way_637656011", "name_vi": "Khu công nghiệp Dương Xá A", "name_en": null, "aliases": null, "category": "industrial_park", "province_code": "01", "province_en": "Ha Noi", "former_province_code": "01", "status": "unknown", "area_ha": 37.959927378941693, "developer": null, "website": null, "geometry_type": "polygon", "location_accuracy": "site", "part_count": 1, "osm_ids": "osm_way_637656011", "source": "OpenStreetMap", "source_url": "https://www.openstreetmap.org/way/637656011", "verified_on": "2026-08-31", "attribute_source": "osm", "geometry_observed_on": "2026-08-31" }, "geometry": { "type": "Polygon", "coordinates": [ [ [ 105.959843707173619, 21.009254896204531 ], [ 105.962080807173564, 21.012649496204578 ], [ 105.962448007173478, 21.013095396204619 ], [ 105.963129507173278, 21.013815496204739 ], [ 105.963209307173159, 21.013749096204798 ], [ 105.965945607168877, 21.010963696206829 ], [ 105.964934007169305, 21.010080596206606 ], [ 105.965989207167894, 21.009407996207276 ], [ 105.965567207167894, 21.008776196207258 ], [ 105.965137807168432, 21.009000396207 ], [ 105.964373707168406, 21.007757196207002 ], [ 105.96463560716802, 21.007532996207193 ], [ 105.964111707167902, 21.006534296207224 ], [ 105.964701107167073, 21.006079096207618 ], [ 105.964133507167233, 21.005440496207537 ], [ 105.964533807166617, 21.005053296207834 ], [ 105.963907907166785, 21.004394296207732 ], [ 105.962721707168456, 21.005263896206962 ], [ 105.959007007173923, 21.008456896204383 ], [ 105.959843707173619, 21.009254896204531 ] ] ] } },
{ "type": "Feature", "properties": { "id": "osm_way_908338997", "name_vi": "Khu công nghiệp Hà Nội - Đài Tư", "name_en": "Hanoi – Dai Tu Industrial Park", "aliases": "Hanoi – Dai Tu Industrial Park", "category": "industrial_park", "province_code": "01", "province_en": "Ha Noi", "former_province_code": "01", "status": "unknown", "area_ha": 40.040962343999205, "developer": null, "website": null, "geometry_type": "polygon", "location_accuracy": "site", "part_count": 1, "osm_ids": "osm_way_908338997", "source": "OpenStreetMap", "source_url": "https://www.openstreetmap.org/way/908338997", "verified_on": "2026-08-31", "attribute_source": "osm", "geometry_observed_on": "2026-08-31" }, "geometry": { "type": "Polygon", "coordinates": [ [ [ 105.920208507224999, 21.031985496180205 ], [ 105.920105207225163, 21.032113296180103 ], [ 105.920042307225302, 21.03222689618006 ], [ 105.92000720722541, 21.032348696180005 ], [ 105.920000907225472, 21.032449296179966 ], [ 105.920012207225497, 21.032526796179951 ], [ 105.920019907225537, 21.032562396179959 ], [ 105.920087507225517, 21.03266449617994 ], [ 105.920170807225489, 21.032763496179964 ], [ 105.920918807225306, 21.033594196180083 ], [ 105.922023307225004, 21.034820796180224 ], [ 105.92230740722475, 21.034870896180333 ], [ 105.923088107223805, 21.034476896180795 ], [ 105.923557607223174, 21.034201896181088 ], [ 105.928143207217175, 21.03151629618392 ], [ 105.927697707216794, 21.030173596184099 ], [ 105.926813907216342, 21.028053596184282 ], [ 105.925395607217339, 21.027483396183811 ], [ 105.92522570721745, 21.027409496183743 ], [ 105.925164007217489, 21.027386996183726 ], [ 105.92508870721754, 21.027356596183715 ], [ 105.925077207217569, 21.027351896183685 ], [ 105.924974207217616, 21.027310096183665 ], [ 105.924851207217714, 21.027259796183628 ], [ 105.92482220721773, 21.027248096183609 ], [ 105.924813507217721, 21.027244596183607 ], [ 105.924728907217812, 21.027210396183577 ], [ 105.92455820721797, 21.027206296183493 ], [ 105.924421307218111, 21.027202296183443 ], [ 105.923854507218735, 21.027382996183132 ], [ 105.92383980721894, 21.027712996183041 ], [ 105.923587807219505, 21.028210096182786 ], [ 105.922782807220841, 21.02919669618213 ], [ 105.921624207222806, 21.030608296181224 ], [ 105.920208507224999, 21.031985496180205 ] ] ] } },
{ "type": "Feature", "properties": { "id": "osm_way_1493788014", "name_vi": "Khu công nghiệp Hoàng Mai", "name_en": null, "aliases": "Khu công nghiệp Vĩnh Tuy;Khu công nghiệp Lĩnh Nam|Cụm tiểu thủ công nghiệp Hai Bà Trưng;Khu công nghiệp Hai Bà Trưng;Cụm công nghiệp Hoàng Mai", "category": "industrial_park", "province_code": "01", "province_en": "Ha Noi", "former_province_code": "01", "status": "unknown", "area_ha": 19.568564817472566, "developer": null, "website": null, "geometry_type": "polygon", "location_accuracy": "site", "part_count": 2, "osm_ids": "osm_way_1493788014|osm_way_1527128710", "source": "OpenStreetMap", "source_url": "https://www.openstreetmap.org/way/1493788014", "verified_on": "2026-08-31", "attribute_source": "osm", "geometry_observed_on": "2026-08-31" }, "geometry": { "type": "MultiPolygon", "coordinates": [ [ [ [ 105.874758107238264, 20.983216696173276 ], [ 105.87436110723803, 20.982174596173397 ], [ 105.874641707237672, 20.982067696173562 ], [ 105.87453380723764, 20.981862596173556 ], [ 105.874596707237586, 20.981834496173605 ], [ 105.874571507237576, 20.981783196173598 ], [ 105.874760607237363, 20.981704096173711 ], [ 105.87472420723735, 20.981624496173708 ], [ 105.874569607237277, 20.98126569617375 ], [ 105.874384107237105, 20.980735896173812 ], [ 105.874235807237241, 20.980742396173728 ], [ 105.87386390723762, 20.980743596173578 ], [ 105.87244670723905, 20.980879696172899 ], [ 105.871583107239843, 20.980865396172508 ], [ 105.871076807239476, 20.979494396172662 ], [ 105.869752607240898, 20.979730696171995 ], [ 105.869994507241358, 20.980856696171788 ], [ 105.870012107241706, 20.98148589617162 ], [ 105.870478407241279, 20.981484996171833 ], [ 105.870478707241318, 20.981559496171812 ], [ 105.871450507240382, 20.981556496172249 ], [ 105.871452507240761, 20.982140496172089 ], [ 105.870480807241663, 20.982143296171653 ], [ 105.870492107241986, 20.982662196171503 ], [ 105.870203607242232, 20.982664196171374 ], [ 105.870207907242616, 20.983274296171221 ], [ 105.870405007242425, 20.983273896171294 ], [ 105.870654407242355, 20.983502096171346 ], [ 105.874824807238383, 20.983503296173229 ], [ 105.874758107238264, 20.983216696173276 ] ] ], [ [ [ 105.870013707242435, 20.982669196171287 ], [ 105.867025807245241, 20.982661696169924 ], [ 105.866221807245893, 20.982438496169642 ], [ 105.865744307246558, 20.982805396169315 ], [ 105.865747107246776, 20.983198396169207 ], [ 105.864689207247807, 20.983201996168724 ], [ 105.864285707248229, 20.98328279616851 ], [ 105.864280507248395, 20.983541996168448 ], [ 105.869732107243223, 20.983528196170916 ], [ 105.870024507242789, 20.983275196171135 ], [ 105.870013707242435, 20.982669196171287 ] ] ] ] } },
{ "type": "Feature", "properties": { "id": "osm_way_676033260", "name_vi": "Khu công nghiệp Nam Thăng Long", "name_en": null, "aliases": null, "category": "industrial_park", "province_code": "01", "province_en": "Ha Noi", "former_province_code": "01", "status": "unknown", "area_ha": 30.635351455604848, "developer": null, "website": null, "geometry_type": "polygon", "location_accuracy": "site", "part_count": 1, "osm_ids": "osm_way_676033260", "source": "OpenStreetMap", "source_url": "https://www.openstreetmap.org/way/676033260", "verified_on": "2026-08-31", "attribute_source": "osm", "geometry_observed_on": "2026-08-31" }, "geometry": { "type": "Polygon", "coordinates": [ [ [ 105.76114300740619, 21.082157596094348 ], [ 105.762242707405505, 21.082708196094696 ], [ 105.763331707404745, 21.083183696095034 ], [ 105.765375507403363, 21.084059596095731 ], [ 105.765273607402108, 21.081877296096291 ], [ 105.764903407402045, 21.081181596096307 ], [ 105.763648107401238, 21.077910496096663 ], [ 105.763378607401535, 21.077989296096508 ], [ 105.757430807407943, 21.079264496093487 ], [ 105.75787720740847, 21.080811596093248 ], [ 105.75906860740767, 21.081347596093643 ], [ 105.76114300740619, 21.082157596094348 ] ] ] } },
{ "type": "Feature", "properties": { "id": "osm_way_642234178", "name_vi": "Khu công nghiệp Nội Bài", "name_en": null, "aliases": null, "category": "industrial_park", "province_code": "01", "province_en": "Ha Noi", "former_province_code": "01", "status": "unknown", "area_ha": 114.82984250918192, "developer": null, "website": null, "geometry_type": "polygon", "location_accuracy": "site", "part_count": 1, "osm_ids": "osm_way_642234178", "source": "OpenStreetMap", "source_url": "https://www.openstreetmap.org/way/642234178", "verified_on": "2026-08-31", "attribute_source": "osm", "geometry_observed_on": "2026-08-31" }, "geometry": { "type": "Polygon", "coordinates": [ [ [ 105.808042907451949, 21.2296906960744 ], [ 105.805789207456826, 21.234195896072137 ], [ 105.806140707456592, 21.234355296072255 ], [ 105.81383920745138, 21.23776079607476 ], [ 105.81410780745108, 21.237670996074915 ], [ 105.815794507447436, 21.23435319607659 ], [ 105.816049307447003, 21.234006696076797 ], [ 105.816345307446525, 21.23369219607703 ], [ 105.816730907446001, 21.233461196077254 ], [ 105.817075107445589, 21.233294296077453 ], [ 105.821701707440369, 21.231927396079914 ], [ 105.821839407440081, 21.231670696080055 ], [ 105.819973607438484, 21.226138696080742 ], [ 105.808042907451949, 21.2296906960744 ] ] ] } },
{ "type": "Feature", "properties": { "id": "osm_way_842611500", "name_vi": "Khu công nghiệp Phú Nghĩa", "name_en": null, "aliases": null, "category": "industrial_park", "province_code": "01", "province_en": "Ha Noi", "former_province_code": "01", "status": "unknown", "area_ha": 172.69250577749045, "developer": null, "website": null, "geometry_type": "polygon", "location_accuracy": "site", "part_count": 1, "osm_ids": "osm_way_842611500", "source": "OpenStreetMap", "source_url": "https://www.openstreetmap.org/way/842611500", "verified_on": "2026-08-31", "attribute_source": "osm", "geometry_observed_on": "2026-08-31" }, "geometry": { "type": "Polygon", "coordinates": [ [ [ 105.674598807398525, 20.935221196096226 ], [ 105.674995807394012, 20.928427096098286 ], [ 105.676808907392314, 20.928507296099088 ], [ 105.680359207389003, 20.928567796100662 ], [ 105.680388807388724, 20.928135096100807 ], [ 105.680716907387961, 20.927428896101155 ], [ 105.678894907388951, 20.926195996100667 ], [ 105.678839607389037, 20.926241996100625 ], [ 105.67859770738913, 20.926018196100593 ], [ 105.67864660738897, 20.925859296100654 ], [ 105.678266407389145, 20.925544996100577 ], [ 105.678138207389125, 20.925315896100567 ], [ 105.67772040738933, 20.92499159610048 ], [ 105.677449407389588, 20.924987096100349 ], [ 105.677379307389614, 20.92492799610034 ], [ 105.676892807390388, 20.925457296099964 ], [ 105.676613107390452, 20.925141396099935 ], [ 105.676554607390344, 20.924844896099984 ], [ 105.676543807389905, 20.924079596100203 ], [ 105.674619707391429, 20.923628596099451 ], [ 105.674251207391762, 20.923593496099297 ], [ 105.672784607393254, 20.923743696098608 ], [ 105.672294407393821, 20.92393399609832 ], [ 105.67197590739417, 20.924014096098158 ], [ 105.669881207396159, 20.923992696097219 ], [ 105.669761307396328, 20.924064696097155 ], [ 105.669449807397513, 20.925574896096578 ], [ 105.668757507398524, 20.926132996096111 ], [ 105.667276207400505, 20.927098996095172 ], [ 105.666802807400529, 20.92640549609515 ], [ 105.665680307401459, 20.926192996094709 ], [ 105.665532107401418, 20.925876296094724 ], [ 105.665147907401646, 20.925669796094631 ], [ 105.665743307400646, 20.924919996095102 ], [ 105.66535690740082, 20.924622796094997 ], [ 105.663672307403971, 20.927175096093539 ], [ 105.663890607404895, 20.929041596093111 ], [ 105.662054307406606, 20.929024196092289 ], [ 105.662041807406766, 20.929222196092216 ], [ 105.662394207407175, 20.930442296092036 ], [ 105.659058607411083, 20.931706696090192 ], [ 105.659181907411195, 20.932075096090134 ], [ 105.658807107411633, 20.932190996089936 ], [ 105.658565707411853, 20.932192996089835 ], [ 105.658356607412117, 20.932275096089704 ], [ 105.658238807412303, 20.932409396089632 ], [ 105.657820707412782, 20.932547496089391 ], [ 105.658001507412934, 20.933088196089326 ], [ 105.657493907413453, 20.933127496089085 ], [ 105.657470507414246, 20.93440619608872 ], [ 105.674598807398525, 20.935221196096226 ] ] ] } },
{ "type": "Feature", "properties": { "id": "osm_relation_17047068", "name_vi": "Khu công nghiệp Phú Nghĩa - Nam Thăng Long", "name_en": "Phu Nghia Industrial Park - Nam Thang Long Bus Interchange", "aliases": "Phu Nghia Industrial Park - Nam Thang Long Bus Interchange", "category": "industrial_park", "province_code": "01", "province_en": "Ha Noi", "former_province_code": "01", "status": "unknown", "area_ha": null, "developer": "Công ty Bảo Yến", "website": null, "geometry_type": "point", "location_accuracy": "locality", "part_count": 1, "osm_ids": "osm_relation_17047068", "source": "OpenStreetMap", "source_url": "https://www.openstreetmap.org/relation/17047068", "verified_on": "2026-08-31", "attribute_source": "osm", "geometry_observed_on": "2026-08-31" }, "geometry": { "type": "Point", "coordinates": [ 105.722185700000011, 21.00761105 ] } },
{ "type": "Feature", "properties": { "id": "osm_way_597870255", "name_vi": "Khu công nghiệp Quang Minh", "name_en": null, "aliases": null, "category": "industrial_park", "province_code": "01", "province_en": "Ha Noi", "former_province_code": "01", "status": "unknown", "area_ha": 314.75747197560014, "developer": null, "website": null, "geometry_type": "polygon", "location_accuracy": "site", "part_count": 1, "osm_ids": "osm_way_597870255", "source": "OpenStreetMap", "source_url": "https://www.openstreetmap.org/way/597870255", "verified_on": "2026-08-31", "attribute_source": "osm", "geometry_observed_on": "2026-08-31" }, "geometry": { "type": "Polygon", "coordinates": [ [ [ 105.745339407496431, 21.205348296053 ], [ 105.747367107495791, 21.207468696053311 ], [ 105.748912607493551, 21.206172896054365 ], [ 105.751728407489409, 21.20376279605631 ], [ 105.75331900748894, 21.205440796056568 ], [ 105.752995507489359, 21.205651796056344 ], [ 105.752265407490356, 21.206131696055888 ], [ 105.753025707490252, 21.207164296055943 ], [ 105.753568407490363, 21.20815889605592 ], [ 105.754941707488399, 21.207073596056834 ], [ 105.756781707485757, 21.205628296058062 ], [ 105.758530507483229, 21.20417799605924 ], [ 105.761454107479025, 21.201867396061207 ], [ 105.762639607477198, 21.200667096062077 ], [ 105.763830507475319, 21.199454196062948 ], [ 105.763283407475299, 21.198586496062937 ], [ 105.763101007475413, 21.198456396062884 ], [ 105.763481907474798, 21.19807629606316 ], [ 105.763117107474812, 21.197526196063148 ], [ 105.761362907475402, 21.195795696062849 ], [ 105.762945407473197, 21.1945902960639 ], [ 105.765970907471939, 21.197246096064511 ], [ 105.769273007466722, 21.193833096066943 ], [ 105.77294470746142, 21.190854096069426 ], [ 105.774114107460079, 21.190473996070065 ], [ 105.774800807459343, 21.190343896070402 ], [ 105.774688107459269, 21.190013796070435 ], [ 105.775227207458713, 21.189957496070697 ], [ 105.775239307458875, 21.19024449607063 ], [ 105.776217007457859, 21.190078796071109 ], [ 105.77629740745688, 21.188588296071572 ], [ 105.777405907455829, 21.188571596072052 ], [ 105.777424507456274, 21.189368396071856 ], [ 105.77745980745668, 21.190095596071657 ], [ 105.779944007454205, 21.189898696072834 ], [ 105.779575107447968, 21.179089696075678 ], [ 105.775873707452376, 21.180600296073592 ], [ 105.773019807455967, 21.182040896071911 ], [ 105.768127407463041, 21.186032396068601 ], [ 105.7617438074723, 21.191314196064265 ], [ 105.75555320748137, 21.196555896060023 ], [ 105.750473107488901, 21.201002096056513 ], [ 105.750070807489536, 21.201402296056223 ], [ 105.745339407496431, 21.205348296053 ] ] ] } },
{ "type": "Feature", "properties": { "id": "osm_way_28475336", "name_vi": "Khu công nghiệp Sài Đồng B", "name_en": "Sai Dong B Industrial Park", "aliases": "Sai Dong B Industrial Park", "category": "industrial_park", "province_code": "01", "province_en": "Ha Noi", "former_province_code": "01", "status": "unknown", "area_ha": 68.018433067463704, "developer": null, "website": null, "geometry_type": "polygon", "location_accuracy": "site", "part_count": 1, "osm_ids": "osm_way_28475336", "source": "OpenStreetMap", "source_url": "https://www.openstreetmap.org/way/28475336", "verified_on": "2026-08-31", "attribute_source": "osm", "geometry_observed_on": "2026-08-31" }, "geometry": { "type": "Polygon", "coordinates": [ [ [ 105.898498007243759, 21.029037696171198 ], [ 105.898457707243807, 21.029085596171161 ], [ 105.898443507243854, 21.029140696171126 ], [ 105.89844170724389, 21.02918179617112 ], [ 105.898453707243902, 21.029222096171125 ], [ 105.899748407243536, 21.03065129617131 ], [ 105.900626707243347, 21.031676596171422 ], [ 105.900671207243334, 21.031741296171408 ], [ 105.901365407243333, 21.032792496171435 ], [ 105.901502407243342, 21.033058796171431 ], [ 105.901653507243424, 21.0333944961714 ], [ 105.901891007243592, 21.034025496171342 ], [ 105.901967807243622, 21.034254896171305 ], [ 105.902043107243699, 21.034475396171274 ], [ 105.902280607243839, 21.035073096171214 ], [ 105.904999407240467, 21.033770596172811 ], [ 105.908598007236037, 21.032054496174926 ], [ 105.904084507235169, 21.02369019617522 ], [ 105.902790907236792, 21.024298096174455 ], [ 105.901325407238602, 21.025013796173599 ], [ 105.900697307239412, 21.025332296173215 ], [ 105.900508907239654, 21.025420296173113 ], [ 105.901658207239848, 21.027553596173039 ], [ 105.90149530724004, 21.027630396172935 ], [ 105.89932680724273, 21.028652196171677 ], [ 105.898498007243759, 21.029037696171198 ] ] ] } },
{ "type": "Feature", "properties": { "id": "osm_relation_16130747", "name_vi": "Khu công nghiệp Thạch Thất - Quốc Oai", "name_en": null, "aliases": null, "category": "industrial_park", "province_code": "01", "province_en": "Ha Noi", "former_province_code": "01", "status": "unknown", "area_ha": 157.28462087028424, "developer": null, "website": null, "geometry_type": "polygon", "location_accuracy": "site", "part_count": 1, "osm_ids": "osm_relation_16130747", "source": "OpenStreetMap", "source_url": "https://www.openstreetmap.org/relation/16130747", "verified_on": "2026-08-31", "attribute_source": "osm", "geometry_observed_on": "2026-08-31" }, "geometry": { "type": "MultiPolygon", "coordinates": [ [ [ [ 105.624731107490106, 21.007978996053552 ], [ 105.628858207483219, 21.003104796056761 ], [ 105.627658507484256, 21.002949796056257 ], [ 105.622392107492615, 21.008464996052364 ], [ 105.622444807492585, 21.008504896052372 ], [ 105.620967207494942, 21.010062296051274 ], [ 105.621583607494813, 21.010854396051339 ], [ 105.62229950749385, 21.010342496051798 ], [ 105.623508807492058, 21.009310296052632 ], [ 105.624172707491056, 21.008662296053121 ], [ 105.624731107490106, 21.007978996053552 ] ] ], [ [ [ 105.63971730747356, 21.004163496061356 ], [ 105.629252007482776, 21.002999696056964 ], [ 105.629003107483143, 21.003191996056803 ], [ 105.62889580748336, 21.003404296056694 ], [ 105.628363707484212, 21.003965196056296 ], [ 105.628646907484097, 21.004205596056366 ], [ 105.62855530748422, 21.004302996056285 ], [ 105.62493140749018, 21.008425396053518 ], [ 105.628576707488492, 21.011310896054351 ], [ 105.628836107488027, 21.01093169605458 ], [ 105.629226207487307, 21.010361596054906 ], [ 105.629914607487095, 21.01109099605501 ], [ 105.634864807485599, 21.016336696055788 ], [ 105.638800207479918, 21.013130596058449 ], [ 105.639677807477796, 21.011020496059434 ], [ 105.63971730747356, 21.004163496061356 ] ] ] ] } },
{ "type": "Feature", "properties": { "id": "osm_way_1524898082", "name_vi": "Khu công nghiệp Vĩnh Hoàng", "name_en": null, "aliases": null, "category": "industrial_park", "province_code": "01", "province_en": "Ha Noi", "former_province_code": "01", "status": "unknown", "area_ha": 1.3746032452036117, "developer": null, "website": null, "geometry_type": "polygon", "location_accuracy": "site", "part_count": 1, "osm_ids": "osm_way_1524898082", "source": "OpenStreetMap", "source_url": "https://www.openstreetmap.org/way/1524898082", "verified_on": "2026-08-31", "attribute_source": "osm", "geometry_observed_on": "2026-08-31" }, "geometry": { "type": "Polygon", "coordinates": [ [ [ 105.870204507243358, 20.984489096170861 ], [ 105.870413307243282, 20.984682396170907 ], [ 105.870562007243066, 20.984546896171018 ], [ 105.870685907242915, 20.984492396171092 ], [ 105.870891107242869, 20.984773296171102 ], [ 105.871061507242686, 20.984699996171194 ], [ 105.8711180072427, 20.984808996171179 ], [ 105.871452107242305, 20.984680796171379 ], [ 105.871380607242273, 20.984543096171379 ], [ 105.871786607241773, 20.984355796171624 ], [ 105.871891307241839, 20.984576896171614 ], [ 105.872129407241559, 20.984476596171749 ], [ 105.871825207241457, 20.983869796171778 ], [ 105.871273407241972, 20.983876096171517 ], [ 105.870664607242546, 20.983869496171241 ], [ 105.870415107242962, 20.98417019617105 ], [ 105.870193907243177, 20.984160296170959 ], [ 105.870204507243358, 20.984489096170861 ] ] ] } },
{ "type": "Feature", "properties": { "id": "osm_way_1487151130", "name_vi": "Khu công nghiệp Chu Trinh", "name_en": null, "aliases": null, "category": "industrial_park", "province_code": "04", "province_en": "Cao Bang", "former_province_code": "04", "status": "unknown", "area_ha": 56.463290633921758, "developer": null, "website": null, "geometry_type": "polygon", "location_accuracy": "site", "part_count": 1, "osm_ids": "osm_way_1487151130", "source": "OpenStreetMap", "source_url": "https://www.openstreetmap.org/way/1487151130", "verified_on": "2026-08-31", "attribute_source": "osm", "geometry_observed_on": "2026-08-31" }, "geometry": { "type": "Polygon", "coordinates": [ [ [ 106.308792007817956, 22.591347495919386 ], [ 106.308821607817592, 22.590811695919538 ], [ 106.307645807818488, 22.590440995919117 ], [ 106.308158707817185, 22.589136595919712 ], [ 106.299691407823843, 22.586957195916586 ], [ 106.297996007828971, 22.592593595914288 ], [ 106.300410007827068, 22.593207695915194 ], [ 106.305326407823145, 22.594412695917011 ], [ 106.305985907822333, 22.594094795917385 ], [ 106.306458007821163, 22.592953495917904 ], [ 106.307391107818958, 22.590833595918902 ], [ 106.308792007817956, 22.591347495919386 ] ] ] } },
{ "type": "Feature", "properties": { "id": "osm_way_1417711908", "name_vi": "Khu công nghiệp Bình Vàng", "name_en": null, "aliases": null, "category": "industrial_park", "province_code": "08", "province_en": "Tuyen Quang", "former_province_code": "02", "status": "unknown", "area_ha": 105.84832274435288, "developer": null, "website": null, "geometry_type": "polygon", "location_accuracy": "site", "part_count": 1, "osm_ids": "osm_way_1417711908", "source": "OpenStreetMap", "source_url": "https://www.openstreetmap.org/way/1417711908", "verified_on": "2026-08-31", "attribute_source": "osm", "geometry_observed_on": "2026-08-31" }, "geometry": { "type": "Polygon", "coordinates": [ [ [ 104.970980609162368, 22.7134828953095 ], [ 104.974764709158592, 22.713183695311177 ], [ 104.979098909154331, 22.712935695313078 ], [ 104.978905809153233, 22.710861295313535 ], [ 104.98095770915134, 22.71094539531439 ], [ 104.981074609151065, 22.710682895314495 ], [ 104.980895509151026, 22.710387395314509 ], [ 104.980888009150888, 22.710157895314556 ], [ 104.981001209150548, 22.709779195314699 ], [ 104.980882509150078, 22.708815595314913 ], [ 104.980659209150005, 22.708369695314929 ], [ 104.980433609149941, 22.707927795314937 ], [ 104.980369209149728, 22.707503795315024 ], [ 104.980186609149726, 22.707234295315025 ], [ 104.980161009149512, 22.706845095315103 ], [ 104.980899509148813, 22.706840795315426 ], [ 104.981366609148338, 22.706773695315647 ], [ 104.981370909148211, 22.706601295315693 ], [ 104.980866209148232, 22.70588399531567 ], [ 104.980644909147401, 22.704203695316007 ], [ 104.979376809148647, 22.704271395315459 ], [ 104.978503809148847, 22.703235795315351 ], [ 104.977394909150007, 22.70344329531483 ], [ 104.974566009152824, 22.70365609531358 ], [ 104.973878309153648, 22.703911095313217 ], [ 104.970357909158409, 22.706195695311141 ], [ 104.97014170915871, 22.706329095311009 ], [ 104.97001630915895, 22.706542795310899 ], [ 104.969984009159148, 22.706821595310821 ], [ 104.970284309160675, 22.709699195310183 ], [ 104.969320009161905, 22.710232695309639 ], [ 104.969516309162898, 22.712098895309243 ], [ 104.970140809162601, 22.712588195309383 ], [ 104.970578609162146, 22.712543395309588 ], [ 104.970641209162494, 22.713164595309433 ], [ 104.970980609162368, 22.7134828953095 ] ] ] } },
{ "type": "Feature", "properties": { "id": "osm_way_886686184", "name_vi": "Cụm Công nghiệp Việt Cường 1", "name_en": null, "aliases": null, "category": "industrial_cluster", "province_code": "19", "province_en": "Thai Nguyen", "former_province_code": "19", "status": "unknown", "area_ha": 17.497301064073397, "developer": null, "website": null, "geometry_type": "polygon", "location_accuracy": "site", "part_count": 1, "osm_ids": "osm_way_886686184", "source": "OpenStreetMap", "source_url": "https://www.openstreetmap.org/way/886686184", "verified_on": "2026-08-31", "attribute_source": "osm", "geometry_observed_on": "2026-08-31" }, "geometry": { "type": "Polygon", "coordinates": [ [ [ 105.800337607724131, 21.661563495951356 ], [ 105.800667407723935, 21.661755695951452 ], [ 105.801564507723299, 21.662108795951745 ], [ 105.802479907722301, 21.661891895952216 ], [ 105.803152707721566, 21.661708895952568 ], [ 105.803546407720731, 21.660981495952946 ], [ 105.803940007720058, 21.660488095953259 ], [ 105.804672307719272, 21.660356195953611 ], [ 105.8053223077182, 21.659586195954123 ], [ 105.805569407717925, 21.659535195954248 ], [ 105.806297207716767, 21.658769495954779 ], [ 105.806663407716172, 21.658361095955058 ], [ 105.803537207718136, 21.656748795954101 ], [ 105.803244307718728, 21.657225295953843 ], [ 105.803079507719048, 21.657514595953693 ], [ 105.802951307719511, 21.658042095953491 ], [ 105.802768207719851, 21.65831009595335 ], [ 105.802681307720164, 21.658714195953184 ], [ 105.802342607720689, 21.65904169595294 ], [ 105.801907707721369, 21.659488395952625 ], [ 105.801505007721943, 21.659777695952364 ], [ 105.80127610772233, 21.660062695952188 ], [ 105.80090540772278, 21.660228595951978 ], [ 105.800511707723317, 21.660500795951727 ], [ 105.800562107723465, 21.660828395951658 ], [ 105.800575107723574, 21.66100879595162 ], [ 105.800548407723696, 21.66118789595156 ], [ 105.80048610772387, 21.661352595951481 ], [ 105.80039420772404, 21.661497695951397 ], [ 105.800337607724131, 21.661563495951356 ] ] ] } },
{ "type": "Feature", "properties": { "id": "osm_way_886686617", "name_vi": "Cụm Công nghiệp Việt Cường 2", "name_en": null, "aliases": null, "category": "industrial_cluster", "province_code": "19", "province_en": "Thai Nguyen", "former_province_code": "19", "status": "unknown", "area_ha": 29.985195580396447, "developer": null, "website": null, "geometry_type": "polygon", "location_accuracy": "site", "part_count": 1, "osm_ids": "osm_way_886686617", "source": "OpenStreetMap", "source_url": "https://www.openstreetmap.org/way/886686617", "verified_on": "2026-08-31", "attribute_source": "osm", "geometry_observed_on": "2026-08-31" }, "geometry": { "type": "Polygon", "coordinates": [ [ [ 105.811497007710415, 21.656430195957732 ], [ 105.811800207709879, 21.656033395957976 ], [ 105.812315107708955, 21.655295895958403 ], [ 105.812331107708914, 21.655271595958425 ], [ 105.81280340770806, 21.654605795958808 ], [ 105.813249107707307, 21.654097795959149 ], [ 105.813700107706623, 21.653663795959474 ], [ 105.814618207705138, 21.652672395960153 ], [ 105.814185707705036, 21.651840595960191 ], [ 105.813100707705829, 21.651432395959837 ], [ 105.811176007707232, 21.650772095959159 ], [ 105.810336407707766, 21.650351895958881 ], [ 105.809393507709245, 21.651300295958215 ], [ 105.808631307710627, 21.652344795957578 ], [ 105.807455907712153, 21.65304119595687 ], [ 105.805492507714632, 21.654061595955714 ], [ 105.806543207714526, 21.655469195955799 ], [ 105.808967207711405, 21.654133695957238 ], [ 105.811497007710415, 21.656430195957732 ] ] ] } },
{ "type": "Feature", "properties": { "id": "osm_way_595823815", "name_vi": "Khu công nghiệp Điềm Thụy", "name_en": "Diem Thuy Industrial Zone", "aliases": "Diem Thuy Industrial Zone", "category": "industrial_park", "province_code": "19", "province_en": "Thai Nguyen", "former_province_code": "19", "status": "unknown", "area_ha": 146.49294976246125, "developer": null, "website": null, "geometry_type": "polygon", "location_accuracy": "site", "part_count": 1, "osm_ids": "osm_way_595823815", "source": "OpenStreetMap", "source_url": "https://www.openstreetmap.org/way/595823815", "verified_on": "2026-08-31", "attribute_source": "osm", "geometry_observed_on": "2026-08-31" }, "geometry": { "type": "Polygon", "coordinates": [ [ [ 105.885887107525534, 21.470142896042486 ], [ 105.889062807522492, 21.470082996043917 ], [ 105.889105807524658, 21.473717296042938 ], [ 105.893568907520205, 21.473317896045032 ], [ 105.893568907515046, 21.464930996047375 ], [ 105.897302607511506, 21.464890996049053 ], [ 105.897380907509159, 21.461200096050113 ], [ 105.89519970751013, 21.459419296049628 ], [ 105.894727707509162, 21.45714269605006 ], [ 105.891806707511947, 21.457157596048752 ], [ 105.891806707513268, 21.459285896048151 ], [ 105.885289307519358, 21.459196696045261 ], [ 105.885605407522633, 21.464985196043799 ], [ 105.885613407522712, 21.465131896043765 ], [ 105.885623307522806, 21.465312096043704 ], [ 105.885887107525534, 21.470142896042486 ] ] ] } },
{ "type": "Feature", "properties": { "id": "osm_way_483040802", "name_vi": "Khu công nghiệp Gang Thép Thái Nguyên", "name_en": "Thái Nguyên Steel", "aliases": "Thái Nguyên Steel", "category": "industrial_park", "province_code": "19", "province_en": "Thai Nguyen", "former_province_code": "19", "status": "unknown", "area_ha": 220.1565798614395, "developer": null, "website": null, "geometry_type": "polygon", "location_accuracy": "site", "part_count": 1, "osm_ids": "osm_way_483040802", "source": "OpenStreetMap", "source_url": "https://www.openstreetmap.org/way/483040802", "verified_on": "2026-08-31", "attribute_source": "osm", "geometry_observed_on": "2026-08-31" }, "geometry": { "type": "Polygon", "coordinates": [ [ [ 105.862223107604905, 21.562950296006179 ], [ 105.863047907604042, 21.562835996006577 ], [ 105.863966707603225, 21.562889796006974 ], [ 105.86478420760254, 21.563051296007302 ], [ 105.865724707601856, 21.56339439600761 ], [ 105.866151607602163, 21.564538296007491 ], [ 105.866318007602132, 21.564733396007501 ], [ 105.867924107601354, 21.565937796007891 ], [ 105.869638807600325, 21.566913396008392 ], [ 105.87151980759964, 21.568709796008726 ], [ 105.872185407598636, 21.568104296009192 ], [ 105.873755407596732, 21.567411296010082 ], [ 105.873089807596443, 21.565917596010213 ], [ 105.872460407596833, 21.565614796010003 ], [ 105.873183807595467, 21.564484396010641 ], [ 105.872583407595698, 21.563925996010525 ], [ 105.873769907592674, 21.560837596011911 ], [ 105.874138807592317, 21.560810696012087 ], [ 105.874688707591147, 21.559781196012615 ], [ 105.875918607589583, 21.559108296013353 ], [ 105.876526307588961, 21.559047796013637 ], [ 105.878754707586566, 21.558596896014759 ], [ 105.880035207584243, 21.556780196015822 ], [ 105.881757107582331, 21.55631589601672 ], [ 105.881699207582216, 21.556026596016792 ], [ 105.881113207582786, 21.556060196016524 ], [ 105.880440407583308, 21.555891996016264 ], [ 105.879810907583732, 21.555629596016054 ], [ 105.879217707584047, 21.555198896015916 ], [ 105.878226507584003, 21.553570496015912 ], [ 105.877806907584471, 21.553725296015699 ], [ 105.877524707584413, 21.553193696015711 ], [ 105.871584907590901, 21.554579896012669 ], [ 105.871295607591108, 21.554478896012576 ], [ 105.870803607590716, 21.553065896012736 ], [ 105.870159707591426, 21.553260996012398 ], [ 105.869754507591693, 21.553059096012266 ], [ 105.869515807591924, 21.553065896012168 ], [ 105.8688285075918, 21.551800796012216 ], [ 105.868256907592311, 21.55174019601197 ], [ 105.867945807592008, 21.550777996012105 ], [ 105.867215107592529, 21.550502096011844 ], [ 105.866925707592614, 21.550212796011799 ], [ 105.866289107593616, 21.550818396011348 ], [ 105.866687007594408, 21.55274959601099 ], [ 105.863236007598346, 21.553826196009155 ], [ 105.860674807601214, 21.554566396007811 ], [ 105.861022107601613, 21.555730496007641 ], [ 105.859401507604417, 21.557789496006343 ], [ 105.857802607606388, 21.558563296005417 ], [ 105.857896707606599, 21.55905449600532 ], [ 105.857607307607211, 21.559586096005052 ], [ 105.857903907607479, 21.560501096004927 ], [ 105.859075907606424, 21.560575196005423 ], [ 105.860942507604378, 21.560131096006391 ], [ 105.861260907604773, 21.561241296006223 ], [ 105.861796207604641, 21.561866996006284 ], [ 105.862223107604905, 21.562950296006179 ] ] ] } },
{ "type": "Feature", "properties": { "id": "osm_way_483072761", "name_vi": "Khu công nghiệp Sông Công I", "name_en": null, "aliases": null, "category": "industrial_park", "province_code": "19", "province_en": "Thai Nguyen", "former_province_code": "19", "status": "unknown", "area_ha": 89.721925670674068, "developer": null, "website": null, "geometry_type": "polygon", "location_accuracy": "site", "part_count": 2, "osm_ids": "osm_way_483072761|osm_way_483072762", "source": "OpenStreetMap", "source_url": "https://www.openstreetmap.org/way/483072761", "verified_on": "2026-08-31", "attribute_source": "osm", "geometry_observed_on": "2026-08-31" }, "geometry": { "type": "MultiPolygon", "coordinates": [ [ [ [ 105.869071007547234, 21.479566796032348 ], [ 105.867430107549097, 21.480066996031471 ], [ 105.867133007549, 21.479481296031501 ], [ 105.865280007551007, 21.479876196030574 ], [ 105.865230507551246, 21.480178896030463 ], [ 105.862818707553856, 21.480698796029241 ], [ 105.863045007554177, 21.481613596029085 ], [ 105.862528707554773, 21.481758396028813 ], [ 105.862698507555223, 21.482752196028617 ], [ 105.872593107544475, 21.48053429603365 ], [ 105.871320107544918, 21.479264096033443 ], [ 105.869071007547234, 21.479566796032348 ] ] ], [ [ [ 105.865888307552041, 21.482502096030117 ], [ 105.863577107554519, 21.48295949602894 ], [ 105.863845307556417, 21.486470896028091 ], [ 105.863873607556556, 21.486745496028039 ], [ 105.863947307556899, 21.487419096027867 ], [ 105.864418007557063, 21.488413296027815 ], [ 105.865330007556352, 21.488670696028148 ], [ 105.866238707555581, 21.488819696028514 ], [ 105.867079407554712, 21.488690096028925 ], [ 105.867346907554335, 21.488483096029107 ], [ 105.867549707554062, 21.488360696029229 ], [ 105.868072107553417, 21.488100396029534 ], [ 105.868745607552682, 21.487945496029873 ], [ 105.868995107552351, 21.487773696030029 ], [ 105.869715907551736, 21.48788969603034 ], [ 105.870086507551378, 21.487890196030492 ], [ 105.871165607550267, 21.487769096031009 ], [ 105.871457007550106, 21.487931796031098 ], [ 105.871973307549496, 21.487749496031373 ], [ 105.872229807549076, 21.487439396031579 ], [ 105.872499807548735, 21.487330496031728 ], [ 105.872434507548547, 21.486914996031807 ], [ 105.872778807548102, 21.486691696032029 ], [ 105.872594807547998, 21.486259496032076 ], [ 105.873548907546819, 21.485809796032619 ], [ 105.873549807546567, 21.485392496032741 ], [ 105.873413607546283, 21.484719996032858 ], [ 105.874467407545239, 21.484667396033345 ], [ 105.874524007544508, 21.483561696033679 ], [ 105.874156207544331, 21.482692996033748 ], [ 105.873243807544597, 21.481718896033627 ], [ 105.872989207544393, 21.480948896033727 ], [ 105.87272750754461, 21.4809422960336 ], [ 105.865888307552041, 21.482502096030117 ] ] ] ] } },
{ "type": "Feature", "properties": { "id": "osm_way_854769497", "name_vi": "Khu công nghiệp Sông Công II", "name_en": "Song Cong II Industrial Park", "aliases": "Song Cong II Industrial Park", "category": "industrial_park", "province_code": "19", "province_en": "Thai Nguyen", "former_province_code": "19", "status": "unknown", "area_ha": 238.64199827118659, "developer": null, "website": null, "geometry_type": "polygon", "location_accuracy": "site", "part_count": 1, "osm_ids": "osm_way_854769497", "source": "OpenStreetMap", "source_url": "https://www.openstreetmap.org/way/854769497", "verified_on": "2026-08-31", "attribute_source": "osm", "geometry_observed_on": "2026-08-31" }, "geometry": { "type": "Polygon", "coordinates": [ [ [ 105.852394607578219, 21.504353396018022 ], [ 105.841440907585394, 21.499123196014569 ], [ 105.835358707597905, 21.510122996008814 ], [ 105.835394607597962, 21.510276796008778 ], [ 105.837908307596351, 21.511525596009562 ], [ 105.83472850760252, 21.516667196006715 ], [ 105.834727307602705, 21.516965496006616 ], [ 105.842382107597771, 21.520758996009004 ], [ 105.842688407597464, 21.520710496009155 ], [ 105.852394607578219, 21.504353396018022 ] ] ] } },
{ "type": "Feature", "properties": { "id": "osm_way_1137272848", "name_vi": "Khu công nghiệp Thanh Bình", "name_en": null, "aliases": null, "category": "industrial_park", "province_code": "19", "province_en": "Thai Nguyen", "former_province_code": "06", "status": "unknown", "area_ha": 41.200069280920047, "developer": null, "website": null, "geometry_type": "polygon", "location_accuracy": "site", "part_count": 1, "osm_ids": "osm_way_1137272848", "source": "OpenStreetMap", "source_url": "https://www.openstreetmap.org/way/1137272848", "verified_on": "2026-08-31", "attribute_source": "osm", "geometry_observed_on": "2026-08-31" }, "geometry": { "type": "Polygon", "coordinates": [ [ [ 105.80138680788933, 21.931206795877664 ], [ 105.80132900789296, 21.937022195876036 ], [ 105.807309107887392, 21.93716899587864 ], [ 105.807588107883419, 21.931152895880409 ], [ 105.80138680788933, 21.931206795877664 ] ] ] } },
{ "type": "Feature", "properties": { "id": "osm_way_482837619", "name_vi": "Khu công nghiệp Yên Bình", "name_en": "Yen Binh Industrial Zone", "aliases": "Yen Binh Industrial Zone", "category": "industrial_park", "province_code": "19", "province_en": "Thai Nguyen", "former_province_code": "19", "status": "unknown", "area_ha": 406.34916445129682, "developer": null, "website": null, "geometry_type": "polygon", "location_accuracy": "site", "part_count": 1, "osm_ids": "osm_way_482837619", "source": "OpenStreetMap", "source_url": "https://www.openstreetmap.org/way/482837619", "verified_on": "2026-08-31", "attribute_source": "osm", "geometry_observed_on": "2026-08-31" }, "geometry": { "type": "Polygon", "coordinates": [ [ [ 105.885973007510501, 21.445763196049295 ], [ 105.894366607502562, 21.445786196053049 ], [ 105.900164907497071, 21.445802596055653 ], [ 105.900206407491822, 21.437328496057997 ], [ 105.903795907488387, 21.437247896059649 ], [ 105.903942707483509, 21.429503096061868 ], [ 105.904013507483356, 21.429369096061937 ], [ 105.904024207483204, 21.429176296061996 ], [ 105.903766707482902, 21.428247496062141 ], [ 105.903766707482475, 21.427548396062342 ], [ 105.903932607482318, 21.427556596062402 ], [ 105.903927707482808, 21.428384896062166 ], [ 105.904743107482304, 21.428791796062423 ], [ 105.904919707481923, 21.428455596062598 ], [ 105.904962007479455, 21.424493496063715 ], [ 105.904965707477572, 21.421436096064568 ], [ 105.900943807481397, 21.42144339606277 ], [ 105.900937107481212, 21.421146096062841 ], [ 105.900296107481822, 21.421126796062566 ], [ 105.891574307490046, 21.421121396058648 ], [ 105.891158407490408, 21.421036996058486 ], [ 105.88990580749163, 21.421120096057901 ], [ 105.889953207495111, 21.42687589605632 ], [ 105.889504507497918, 21.430732596055059 ], [ 105.889399107498363, 21.431278896054852 ], [ 105.887757407503543, 21.437201896052471 ], [ 105.887938407503384, 21.437223696052541 ], [ 105.887946207503475, 21.437345196052519 ], [ 105.885875107510486, 21.445608696049291 ], [ 105.885896107510519, 21.445704896049278 ], [ 105.885973007510501, 21.445763196049295 ] ] ] } },
{ "type": "Feature", "properties": { "id": "osm_relation_19873792", "name_vi": "Cụm công nghiệp Phương Nam", "name_en": null, "aliases": null, "category": "industrial_cluster", "province_code": "22", "province_en": "Quang Ninh", "former_province_code": "22", "status": "unknown", "area_ha": 62.678649945781359, "developer": null, "website": null, "geometry_type": "polygon", "location_accuracy": "site", "part_count": 1, "osm_ids": "osm_relation_19873792", "source": "OpenStreetMap", "source_url": "https://www.openstreetmap.org/relation/19873792", "verified_on": "2026-08-31", "attribute_source": "osm", "geometry_observed_on": "2026-08-31" }, "geometry": { "type": "Polygon", "coordinates": [ [ [ 106.694360306482253, 21.014781396538723 ], [ 106.694933706482047, 21.015328896538829 ], [ 106.696845706481199, 21.016911896539263 ], [ 106.697389306480176, 21.01607809653974 ], [ 106.697234006479192, 21.01421729654021 ], [ 106.697583506478352, 21.013371396540624 ], [ 106.698567306477173, 21.012972596541189 ], [ 106.700030006476183, 21.013588896541695 ], [ 106.70069020647496, 21.012646396542277 ], [ 106.701298606474595, 21.012924296542465 ], [ 106.701453606474246, 21.012637396542612 ], [ 106.701599906473916, 21.012310496542781 ], [ 106.701944206473456, 21.012097196542992 ], [ 106.702052206473311, 21.012057396543057 ], [ 106.702157806473139, 21.011925396543145 ], [ 106.702383406472606, 21.011400696543404 ], [ 106.702607406472097, 21.010880196543649 ], [ 106.702719706471868, 21.010692196543772 ], [ 106.702854306471664, 21.010562496543859 ], [ 106.703024606471416, 21.010425596543978 ], [ 106.703118306471254, 21.010309096544063 ], [ 106.703598306470241, 21.009407296544545 ], [ 106.703750706469989, 21.009210296544669 ], [ 106.703980406469611, 21.00894129654484 ], [ 106.705341006467833, 21.008114696545718 ], [ 106.705536806467592, 21.008026696545826 ], [ 106.706968306465953, 21.007570796546634 ], [ 106.706774106465801, 21.007039096546684 ], [ 106.705130106467365, 21.007063296545919 ], [ 106.704418206468048, 21.007039096545601 ], [ 106.704495906466576, 21.004767296546287 ], [ 106.703330906467031, 21.003727996546047 ], [ 106.702683606467758, 21.003897196545708 ], [ 106.702748406469027, 21.006056796545113 ], [ 106.701751606470594, 21.007108096544357 ], [ 106.702709506470313, 21.008111096544511 ], [ 106.702502406470629, 21.008328596544349 ], [ 106.701117406472406, 21.00908989654349 ], [ 106.700703106472417, 21.008497796543473 ], [ 106.698800306473586, 21.007422296542902 ], [ 106.699589906472482, 21.006830196543444 ], [ 106.699641706472178, 21.006419296543577 ], [ 106.699395706471947, 21.005682196543667 ], [ 106.699952306471189, 21.005283396544048 ], [ 106.700159506470641, 21.004703396544318 ], [ 106.700276006470375, 21.004461696544446 ], [ 106.699978206470249, 21.003772896544501 ], [ 106.69802360647256, 21.004522096543386 ], [ 106.697920106472523, 21.004316696543391 ], [ 106.695305306475504, 21.005138396541941 ], [ 106.695745406475837, 21.006395196541781 ], [ 106.695574106476073, 21.006498996541676 ], [ 106.699331006474893, 21.010394996542303 ], [ 106.694360306482253, 21.014781396538723 ] ] ] } },
{ "type": "Feature", "properties": { "id": "osm_way_1342598567", "name_vi": "Khu công nghiệp Bắc Tiền Phong", "name_en": null, "aliases": null, "category": "industrial_park", "province_code": "22", "province_en": "Quang Ninh", "former_province_code": "22", "status": "unknown", "area_ha": 158.96081445877894, "developer": null, "website": null, "geometry_type": "polygon", "location_accuracy": "site", "part_count": 1, "osm_ids": "osm_way_1342598567", "source": "OpenStreetMap", "source_url": "https://www.openstreetmap.org/way/1342598567", "verified_on": "2026-08-31", "attribute_source": "osm", "geometry_observed_on": "2026-08-31" }, "geometry": { "type": "Polygon", "coordinates": [ [ [ 106.83458950627697, 20.895170596638181 ], [ 106.815064906286793, 20.880977296633272 ], [ 106.80907610629653, 20.887711196628533 ], [ 106.814378406294111, 20.891977196629746 ], [ 106.816461306290719, 20.889632396631395 ], [ 106.82197240628814, 20.893947196632698 ], [ 106.823589506285543, 20.892194696633958 ], [ 106.82897780628285, 20.896122596635323 ], [ 106.829282406282516, 20.896080896635468 ], [ 106.831362906279267, 20.893928996637054 ], [ 106.834077106277888, 20.895885996637748 ], [ 106.83458950627697, 20.895170596638181 ] ] ] } },
{ "type": "Feature", "properties": { "id": "osm_relation_19047910", "name_vi": "Khu công nghiệp Cái Lân", "name_en": "Cái Lân Industrial Zone", "aliases": "Cái Lân Industrial Zone", "category": "industrial_park", "province_code": "22", "province_en": "Quang Ninh", "former_province_code": "22", "status": "unknown", "area_ha": 149.90910460665177, "developer": null, "website": null, "geometry_type": "polygon", "location_accuracy": "site", "part_count": 1, "osm_ids": "osm_relation_19047910", "source": "OpenStreetMap", "source_url": "https://www.openstreetmap.org/relation/19047910", "verified_on": "2026-08-31", "attribute_source": "osm", "geometry_observed_on": "2026-08-31" }, "geometry": { "type": "MultiPolygon", "coordinates": [ [ [ [ 107.02366460615049, 20.980764196701006 ], [ 107.023943206150207, 20.980734996701148 ], [ 107.025616306148621, 20.980734996701923 ], [ 107.025618106148599, 20.980712596701938 ], [ 107.0257270061485, 20.980707396701984 ], [ 107.025725106148514, 20.980734996701965 ], [ 107.025911406148339, 20.980747496702048 ], [ 107.027523206146839, 20.9807601967028 ], [ 107.025136084715413, 20.980204126709459 ], [ 107.027525306146472, 20.980201196702968 ], [ 107.029854106144285, 20.980198396704058 ], [ 107.023936106149705, 20.979924596701384 ], [ 107.02379690614984, 20.979925296701314 ], [ 107.023793806150067, 20.980268196701225 ], [ 107.023887806150171, 20.980602296701171 ], [ 107.023675706150371, 20.980617796701058 ], [ 107.02366460615049, 20.980764196701006 ] ] ], [ [ [ 107.030596806143734, 20.980444096704332 ], [ 107.030364406144031, 20.980559496704192 ], [ 107.03018180614427, 20.980664596704063 ], [ 107.030034206144464, 20.980766196703971 ], [ 107.030960206143334, 20.980328696704536 ], [ 107.030833006143467, 20.980356296704464 ], [ 107.030596806143734, 20.980444096704332 ] ] ], [ [ [ 107.030034206144464, 20.980766196703971 ], [ 107.030103206144403, 20.980768196704005 ], [ 107.03023430614428, 20.980771996704057 ], [ 107.030330138088871, 20.980774727823494 ], [ 107.030034206144464, 20.980766196703971 ] ] ], [ [ [ 107.030330138088871, 20.980774727823494 ], [ 107.03045740614408, 20.980778396704153 ], [ 107.030392206144128, 20.980776496704127 ], [ 107.030330138088871, 20.980774727823494 ] ] ], [ [ [ 107.030078706144579, 20.981026196703919 ], [ 107.02984320614496, 20.981263296703737 ], [ 107.029591106145389, 20.98158119670352 ], [ 107.028517406147358, 20.983166596702564 ], [ 107.028475106147454, 20.98328179670251 ], [ 107.028463706147534, 20.983366796702473 ], [ 107.028452406147736, 20.983667096702391 ], [ 107.030269906144326, 20.980880896704061 ], [ 107.030078706144579, 20.981026196703919 ] ] ], [ [ [ 107.025905206150782, 20.98474529670089 ], [ 107.02619110615052, 20.984742596701022 ], [ 107.026525706150167, 20.984709896701194 ], [ 107.026864106149816, 20.984648096701353 ], [ 107.027233806149397, 20.984515896701563 ], [ 107.027560306148985, 20.98434209670177 ], [ 107.027924906148485, 20.984090596702028 ], [ 107.028127006148154, 20.983878796702172 ], [ 107.028288306147886, 20.983667096702312 ], [ 107.025905206150782, 20.98474529670089 ] ] ], [ [ [ 107.029658906149606, 20.988605696701512 ], [ 107.029602506149672, 20.988645696701468 ], [ 107.029497906149771, 20.988655796701408 ], [ 107.029361106149906, 20.988665796701341 ], [ 107.029098306150104, 20.988588096701253 ], [ 107.028844806150346, 20.988576896701133 ], [ 107.028749606150413, 20.988539296701095 ], [ 107.028686606150487, 20.988536796701073 ], [ 107.028602106150558, 20.988536796701034 ], [ 107.028493406150659, 20.988521796700997 ], [ 107.028486706150687, 20.988561796700978 ], [ 107.02855780615063, 20.988626996700994 ], [ 107.02872410615052, 20.988650696701058 ], [ 107.028744206150506, 20.988688296701046 ], [ 107.028754906150539, 20.988754696701044 ], [ 107.028738561885476, 20.988774500941584 ], [ 107.030582965300255, 20.988604689153043 ], [ 107.030490306148735, 20.988495496701923 ], [ 107.03036160614883, 20.988415396701885 ], [ 107.030222106148955, 20.988440396701819 ], [ 107.030117506149082, 20.988482996701745 ], [ 107.029978006149278, 20.988593196701654 ], [ 107.02989490614938, 20.988608196701612 ], [ 107.029841206149413, 20.988588096701601 ], [ 107.029750006149513, 20.988595696701541 ], [ 107.029658906149606, 20.988605696701512 ] ] ], [ [ [ 107.026190806152897, 20.988648196699888 ], [ 107.025858206153202, 20.988639496699726 ], [ 107.026236080089546, 20.988670444121936 ], [ 107.026190806152897, 20.988648196699888 ] ] ], [ [ [ 107.031075106148336, 20.988752196702116 ], [ 107.031358006148068, 20.988735896702252 ], [ 107.031359406148027, 20.988658296702276 ], [ 107.031989706147399, 20.988620696702586 ], [ 107.031981606147724, 20.989140296702427 ], [ 107.032489906147262, 20.989147796702653 ], [ 107.032620006147113, 20.989130296702733 ], [ 107.033275806146477, 20.98909269670304 ], [ 107.033990806145809, 20.989079996703381 ], [ 107.034043406145756, 20.989072396703403 ], [ 107.034058806145694, 20.989044796703418 ], [ 107.034019206145572, 20.988755796703497 ], [ 107.034007406145406, 20.988488896703554 ], [ 107.033998806145348, 20.988358796703587 ], [ 107.033987506145309, 20.988307996703611 ], [ 107.033989295238342, 20.988291072850597 ], [ 107.030582965300255, 20.988604689153043 ], [ 107.030592306148719, 20.988615696701928 ], [ 107.030713006148659, 20.988673296701968 ], [ 107.030769306148613, 20.988725896701968 ], [ 107.030833706148599, 20.988793496702005 ], [ 107.030886006148506, 20.988720896702038 ], [ 107.030962406148419, 20.988678296702091 ], [ 107.031006706148375, 20.988683296702106 ], [ 107.031045606148368, 20.988708296702114 ], [ 107.031075106148336, 20.988752196702116 ] ] ], [ [ [ 107.028417006150903, 20.988824796700865 ], [ 107.028705306150613, 20.988814796700989 ], [ 107.028738561885476, 20.988774500941584 ], [ 107.028158606151138, 20.988827896700748 ], [ 107.028417006150903, 20.988824796700865 ] ] ], [ [ [ 107.026373106153031, 20.989145296699824 ], [ 107.026346306153073, 20.989175396699785 ], [ 107.026353006153101, 20.989222996699773 ], [ 107.02638520615308, 20.989241796699783 ], [ 107.026445606153004, 20.989216696699835 ], [ 107.026518006152912, 20.989189196699879 ], [ 107.026573006152859, 20.989199196699897 ], [ 107.02663730615285, 20.989247996699902 ], [ 107.026695006152806, 20.989270496699945 ], [ 107.026758006152747, 20.989271796699963 ], [ 107.026817106152691, 20.98926929669998 ], [ 107.026870706152636, 20.989246796700019 ], [ 107.026923006152515, 20.989197896700048 ], [ 107.026955206152465, 20.989134096700088 ], [ 107.026971306152419, 20.989056396700132 ], [ 107.026990106152368, 20.988997596700138 ], [ 107.027041006152274, 20.988953796700194 ], [ 107.027093306152238, 20.988933696700219 ], [ 107.027204606152111, 20.988928696700277 ], [ 107.027278406152035, 20.988916196700306 ], [ 107.027387006151898, 20.988863596700376 ], [ 107.027464806151826, 20.988886096700398 ], [ 107.027554706151747, 20.98889369670043 ], [ 107.027648506151635, 20.988847296700506 ], [ 107.027714306151566, 20.988838596700543 ], [ 107.027821506151497, 20.988873596700568 ], [ 107.02792480615139, 20.98887859670063 ], [ 107.028001206151316, 20.98885359670065 ], [ 107.028095106151213, 20.988828596700714 ], [ 107.028158606151138, 20.988827896700748 ], [ 107.026236080089546, 20.988670444121936 ], [ 107.026295406152812, 20.988699596699917 ], [ 107.026414706152721, 20.988688296699976 ], [ 107.026515306152632, 20.988718396700001 ], [ 107.026556906152635, 20.988760896700008 ], [ 107.026591706152644, 20.988857296699997 ], [ 107.026526006152764, 20.988956296699939 ], [ 107.026471006152875, 20.989053896699879 ], [ 107.026440206152941, 20.989091496699871 ], [ 107.026373106153031, 20.989145296699824 ] ] ], [ [ [ 107.051551006117251, 20.969376796717306 ], [ 107.050454006118855, 20.970353596716503 ], [ 107.049778106119859, 20.970959696716022 ], [ 107.053744906114019, 20.967513196718862 ], [ 107.05361440611415, 20.967513396718807 ], [ 107.052666806115568, 20.968379996718124 ], [ 107.051551006117251, 20.969376796717306 ] ] ], [ [ [ 107.049862606119987, 20.971295296715965 ], [ 107.049902206119938, 20.971267496715981 ], [ 107.049810906119916, 20.971077196715999 ], [ 107.049778106119859, 20.970959696716022 ], [ 107.049862606119987, 20.971295296715965 ] ] ], [ [ [ 107.034219206137124, 20.975208896707528 ], [ 107.034217233075694, 20.974773261243737 ], [ 107.048227124745409, 20.971724628708589 ], [ 107.045867306123995, 20.971706396713977 ], [ 107.045867306124023, 20.971748696713966 ], [ 107.045384106124501, 20.971740596713751 ], [ 107.044603206125245, 20.971750696713375 ], [ 107.044327006125499, 20.971780896713241 ], [ 107.044104806125745, 20.971833296713115 ], [ 107.043591406126311, 20.971970296712851 ], [ 107.043185806126729, 20.972018596712633 ], [ 107.041511806128312, 20.972024696711863 ], [ 107.041518306128225, 20.971881596711903 ], [ 107.037410806132115, 20.971903796709988 ], [ 107.037967406131656, 20.972008596710204 ], [ 107.038280206131375, 20.972042796710355 ], [ 107.03913330613058, 20.972030296710752 ], [ 107.039123306130648, 20.972149696710716 ], [ 107.039214906130582, 20.972173096710755 ], [ 107.039231706130536, 20.972146396710755 ], [ 107.039282106130472, 20.972135396710797 ], [ 107.03935270613043, 20.97214799671081 ], [ 107.039393106130404, 20.97219659671082 ], [ 107.039566206130246, 20.972198196710902 ], [ 107.039566206130303, 20.972303396710881 ], [ 107.039386306130481, 20.972281396710802 ], [ 107.039351006130545, 20.972333196710768 ], [ 107.039260306130629, 20.972336296710726 ], [ 107.039201406130658, 20.9723127967107 ], [ 107.039182906130648, 20.972254696710703 ], [ 107.038241306131553, 20.972290796710251 ], [ 107.037928506131863, 20.972283096710115 ], [ 107.0382721061316, 20.972422896710221 ], [ 107.038235806131709, 20.972524396710195 ], [ 107.037157006132432, 20.972028296709841 ], [ 107.036829006132635, 20.971871096709727 ], [ 107.036522706132885, 20.97178449670961 ], [ 107.035208906134102, 20.971764396709005 ], [ 107.03520250613407, 20.971715996709026 ], [ 107.034755906134507, 20.971720096708804 ], [ 107.033759206135443, 20.971689796708354 ], [ 107.033062406136125, 20.97172809670802 ], [ 107.032676306136509, 20.971782496707803 ], [ 107.032156406137076, 20.971923496707539 ], [ 107.031410006137975, 20.972221596707104 ], [ 107.030989306138508, 20.972441196706864 ], [ 107.03011340613962, 20.972916596706295 ], [ 107.029528806140362, 20.973238896705929 ], [ 107.029114606140922, 20.973492696705662 ], [ 107.028916106141196, 20.973651796705518 ], [ 107.028706906141494, 20.973837196705379 ], [ 107.028469606141897, 20.974100996705186 ], [ 107.027600206143347, 20.975164596704477 ], [ 107.027382306143721, 20.975424496704296 ], [ 107.027224806143948, 20.97557549670417 ], [ 107.026628206144792, 20.97603039670377 ], [ 107.026171206145392, 20.976304196703481 ], [ 107.025526006146151, 20.976550696703104 ], [ 107.023920006147947, 20.977013996702226 ], [ 107.032421258830126, 20.975164075508864 ], [ 107.034145006140278, 20.980262596706027 ], [ 107.034143140593912, 20.979884704897266 ], [ 107.034280106140159, 20.980262596706087 ], [ 107.034242906137663, 20.976137696707276 ], [ 107.034219206137124, 20.975208896707528 ] ] ], [ [ [ 107.039819106137202, 20.984015296707561 ], [ 107.039856606137121, 20.983935196707606 ], [ 107.039891506137053, 20.983892596707641 ], [ 107.039896806137008, 20.983832496707652 ], [ 107.039910306136989, 20.983789896707684 ], [ 107.039939806136928, 20.983734796707694 ], [ 107.039921006136908, 20.983667196707714 ], [ 107.03985120613693, 20.983614596707703 ], [ 107.039816406136922, 20.983534496707716 ], [ 107.03981370613684, 20.98341929670773 ], [ 107.039870006136482, 20.982893396707929 ], [ 107.039864706136427, 20.982815696707938 ], [ 107.039800306136456, 20.982735596707936 ], [ 107.039768106136421, 20.982650496707929 ], [ 107.03977880613634, 20.982550296707974 ], [ 107.03984590613625, 20.982455096708037 ], [ 107.03994510613613, 20.982417496708099 ], [ 107.040068506135995, 20.982412496708164 ], [ 107.040272406135799, 20.982392496708258 ], [ 107.040621006135396, 20.982289796708436 ], [ 107.040739106135234, 20.982202196708524 ], [ 107.04083290613508, 20.982106996708602 ], [ 107.040918806134982, 20.98205189670864 ], [ 107.040988506134909, 20.982046896708688 ], [ 107.041216506134873, 20.98231989670872 ], [ 107.041338706134681, 20.982227196708784 ], [ 107.042683506132789, 20.981200696709713 ], [ 107.042952306132477, 20.98108419670989 ], [ 107.044312406130899, 20.980621396710649 ], [ 107.044587406130546, 20.980494396710814 ], [ 107.045186206130325, 20.981022596710933 ], [ 107.045859406129381, 20.980534296711394 ], [ 107.046370506128696, 20.980206496711727 ], [ 107.046465506128669, 20.980289896711739 ], [ 107.046713906128559, 20.9804954967118 ], [ 107.047261306127751, 20.979996396712206 ], [ 107.047090906127806, 20.979831796712169 ], [ 107.047413906127346, 20.979568096712413 ], [ 107.047689606127221, 20.979810196712453 ], [ 107.048837206125498, 20.978776796713294 ], [ 107.052981106119319, 20.975063396716308 ], [ 107.057491406112604, 20.971003796719579 ], [ 107.05728290611269, 20.970811896719542 ], [ 107.057202506112773, 20.970846996719494 ], [ 107.057146106112839, 20.970839496719478 ], [ 107.05703080611292, 20.970789396719432 ], [ 107.05538330611347, 20.969157196719156 ], [ 107.05499970611362, 20.968811596719064 ], [ 107.054670106113704, 20.968466196719021 ], [ 107.053744906114019, 20.967513196718862 ], [ 107.052092030867826, 20.96927017866529 ], [ 107.050553006118946, 20.970660496716462 ], [ 107.050121206119655, 20.971117696716131 ], [ 107.050075206119701, 20.97117309671609 ], [ 107.049936106119901, 20.971287196715991 ], [ 107.049774106120111, 20.971387996715887 ], [ 107.048227124745409, 20.971724628708589 ], [ 107.048468906121556, 20.971726496715192 ], [ 107.04945830612067, 20.971814396715612 ], [ 107.049597606120557, 20.971841796715673 ], [ 107.049667723728106, 20.971847181307773 ], [ 107.037810493905667, 20.984451241281921 ], [ 107.038484706138732, 20.984449796706819 ], [ 107.038478006138817, 20.984591296706771 ], [ 107.0396903061377, 20.984611296707332 ], [ 107.039698406137518, 20.984310796707422 ], [ 107.039789606137305, 20.984112996707523 ], [ 107.039819106137202, 20.984015296707561 ] ], [ [ 107.050119506119685, 20.971207196716101 ], [ 107.050171606119605, 20.971155396716149 ], [ 107.050277506119457, 20.971067496716216 ], [ 107.050667506118899, 20.970764596716489 ], [ 107.050779754919631, 20.970665108594254 ], [ 107.049747310415384, 20.971762581836014 ], [ 107.049600106120522, 20.971765096715703 ], [ 107.049462106120643, 20.971741596715635 ], [ 107.048912906121146, 20.971701796715404 ], [ 107.049200306120824, 20.971681396715539 ], [ 107.049440706120606, 20.971643796715654 ], [ 107.049549906120461, 20.971613896715713 ], [ 107.049726206120255, 20.971521096715836 ], [ 107.049971606119911, 20.97133119671599 ], [ 107.050119506119685, 20.971207196716101 ] ] ], [ [ [ 107.034145006140321, 20.980343996706008 ], [ 107.034145006140278, 20.980279396706024 ], [ 107.034145006140278, 20.980262596706027 ], [ 107.034144926957481, 20.980400454098973 ], [ 107.034145006140321, 20.980343996706008 ] ] ], [ [ [ 107.034280106140216, 20.980344296706061 ], [ 107.034280106140187, 20.980279496706093 ], [ 107.034280106140159, 20.980262596706087 ], [ 107.034280026588135, 20.980401176452879 ], [ 107.034280106140216, 20.980344296706061 ] ] ], [ [ [ 107.034144926957481, 20.980400454098973 ], [ 107.034144906140369, 20.980415296705971 ], [ 107.034144906140398, 20.980436696705976 ], [ 107.034144926957481, 20.980400454098973 ] ] ], [ [ [ 107.03428000614025, 20.980415796706048 ], [ 107.03428000614025, 20.980436796706037 ], [ 107.034280026588135, 20.980401176452879 ], [ 107.03428000614025, 20.980415796706048 ] ] ], [ [ [ 107.037093906140242, 20.984751596706079 ], [ 107.036919606140387, 20.984739096706004 ], [ 107.036894919973818, 20.985424482833327 ], [ 107.037810493905667, 20.984451241281921 ], [ 107.037317906139847, 20.98445229670628 ], [ 107.037309906139811, 20.984412196706302 ], [ 107.037275006139836, 20.984404696706267 ], [ 107.037271006139804, 20.984314596706284 ], [ 107.037174406139869, 20.984293296706259 ], [ 107.037163706140262, 20.984918096706082 ], [ 107.03710470614034, 20.984926896706042 ], [ 107.037093906140242, 20.984751596706079 ] ] ], [ [ [ 107.036208806142795, 20.987591496704837 ], [ 107.0362437061425, 20.987198296704968 ], [ 107.036506506142231, 20.987128196705136 ], [ 107.036651406142099, 20.987120596705186 ], [ 107.036890106141783, 20.987020496705327 ], [ 107.037150306141484, 20.986910296705485 ], [ 107.037257506141373, 20.986915296705526 ], [ 107.037359506141314, 20.986947896705555 ], [ 107.037442606141198, 20.986895296705622 ], [ 107.037458706141095, 20.986742496705673 ], [ 107.037364806140999, 20.986431996705718 ], [ 107.037383606140864, 20.98625419670579 ], [ 107.037354106140839, 20.986156496705792 ], [ 107.037287106140852, 20.986071396705793 ], [ 107.037276306140825, 20.986003696705811 ], [ 107.03726560614075, 20.985916096705825 ], [ 107.037222706140781, 20.985853496705825 ], [ 107.037182406140786, 20.985793396705827 ], [ 107.037093906140839, 20.985728296705805 ], [ 107.036887406140963, 20.98563309670574 ], [ 107.036894919973818, 20.985424482833327 ], [ 107.034268906145002, 20.988215896703768 ], [ 107.034342006144939, 20.98821749670379 ], [ 107.03434740614523, 20.988690796703668 ], [ 107.034360806145216, 20.988710896703662 ], [ 107.034961606144464, 20.98842659670402 ], [ 107.034826106144436, 20.98813489670404 ], [ 107.034875706144305, 20.988009696704101 ], [ 107.034937406144223, 20.987957096704143 ], [ 107.034999106144141, 20.987933296704199 ], [ 107.036208806142795, 20.987591496704837 ] ] ], [ [ [ 107.034093306145209, 20.98828149670365 ], [ 107.033991206145316, 20.988272996703603 ], [ 107.033989295238342, 20.988291072850597 ], [ 107.034093306145209, 20.98828149670365 ] ] ] ] } },
{ "type": "Feature", "properties": { "id": "osm_way_1183626964", "name_vi": "Khu công nghiệp Đông Mai", "name_en": null, "aliases": null, "category": "industrial_park", "province_code": "22", "province_en": "Quang Ninh", "former_province_code": "22", "status": "unknown", "area_ha": 156.04808343435664, "developer": null, "website": null, "geometry_type": "polygon", "location_accuracy": "site", "part_count": 1, "osm_ids": "osm_way_1183626964", "source": "OpenStreetMap", "source_url": "https://www.openstreetmap.org/way/1183626964", "verified_on": "2026-08-31", "attribute_source": "osm", "geometry_observed_on": "2026-08-31" }, "geometry": { "type": "Polygon", "coordinates": [ [ [ 106.824941206351824, 21.003195996602372 ], [ 106.82490370635189, 21.003271096602326 ], [ 106.824914406352036, 21.003516496602252 ], [ 106.825434806352064, 21.004367396602252 ], [ 106.824040006353798, 21.005043496601413 ], [ 106.824420906353851, 21.005729596601377 ], [ 106.823887106354533, 21.006042896601056 ], [ 106.825980006354797, 21.009715596600937 ], [ 106.828155406352394, 21.009113296602134 ], [ 106.83287390634645, 21.006694496605011 ], [ 106.833217306346882, 21.007916396604831 ], [ 106.83647880634328, 21.007075096606567 ], [ 106.83675780634286, 21.006794596606781 ], [ 106.842808806335896, 21.00477139661017 ], [ 106.839783306333857, 20.996738396611104 ], [ 106.833388906341199, 20.998861896607529 ], [ 106.824941206351824, 21.003195996602372 ] ] ] } },
{ "type": "Feature", "properties": { "id": "osm_way_286780042", "name_vi": "Khu công nghiệp Hải Hòa", "name_en": null, "aliases": null, "category": "industrial_park", "province_code": "22", "province_en": "Quang Ninh", "former_province_code": "22", "status": "unknown", "area_ha": 4.8170676632251253, "developer": null, "website": null, "geometry_type": "polygon", "location_accuracy": "site", "part_count": 1, "osm_ids": "osm_way_286780042", "source": "OpenStreetMap", "source_url": "https://www.openstreetmap.org/way/286780042", "verified_on": "2026-08-31", "attribute_source": "osm", "geometry_observed_on": "2026-08-31" }, "geometry": { "type": "Polygon", "coordinates": [ [ [ 107.975906605585521, 21.5262755969841 ], [ 107.976774605583714, 21.524639096985002 ], [ 107.976557905583718, 21.524353496984972 ], [ 107.974068305586826, 21.525570996983443 ], [ 107.973824705587162, 21.525762496983262 ], [ 107.973511005587667, 21.526079996983032 ], [ 107.975009005586941, 21.527222996983394 ], [ 107.975906605585521, 21.5262755969841 ] ] ] } },
{ "type": "Feature", "properties": { "id": "osm_way_487991000", "name_vi": "Khu công nghiệp Hải Yên", "name_en": null, "aliases": null, "category": "industrial_park", "province_code": "22", "province_en": "Quang Ninh", "former_province_code": "22", "status": "unknown", "area_ha": 86.572363174339472, "developer": null, "website": null, "geometry_type": "polygon", "location_accuracy": "site", "part_count": 1, "osm_ids": "osm_way_487991000", "source": "OpenStreetMap", "source_url": "https://www.openstreetmap.org/way/487991000", "verified_on": "2026-08-31", "attribute_source": "osm", "geometry_observed_on": "2026-08-31" }, "geometry": { "type": "Polygon", "coordinates": [ [ [ 107.911413605656108, 21.54239289694905 ], [ 107.918902405649661, 21.54338079695227 ], [ 107.919739205644987, 21.537033796954553 ], [ 107.919567505644821, 21.536514896954632 ], [ 107.919020405645156, 21.536205496954469 ], [ 107.917762705646084, 21.535763896954009 ], [ 107.91682690564646, 21.534923096953822 ], [ 107.916888305645401, 21.533313796954335 ], [ 107.914773305647003, 21.532688796953536 ], [ 107.913439905648289, 21.532732196952903 ], [ 107.912504905649371, 21.533033296952368 ], [ 107.911441205650476, 21.533214696951816 ], [ 107.908849505652967, 21.533321296950579 ], [ 107.908325105653546, 21.533454596950293 ], [ 107.908631605654392, 21.535287696949897 ], [ 107.91224250565115, 21.535543896951481 ], [ 107.911413605656108, 21.54239289694905 ] ] ] } },
{ "type": "Feature", "properties": { "id": "osm_way_1183626963", "name_vi": "Khu công nghiệp Sông Khoai", "name_en": null, "aliases": null, "category": "industrial_park", "province_code": "22", "province_en": "Quang Ninh", "former_province_code": "22", "status": "unknown", "area_ha": 231.17009889245634, "developer": null, "website": null, "geometry_type": "polygon", "location_accuracy": "site", "part_count": 1, "osm_ids": "osm_way_1183626963", "source": "OpenStreetMap", "source_url": "https://www.openstreetmap.org/way/1183626963", "verified_on": "2026-08-31", "attribute_source": "osm", "geometry_observed_on": "2026-08-31" }, "geometry": { "type": "Polygon", "coordinates": [ [ [ 106.801920706356086, 20.974485496600035 ], [ 106.802475706362003, 20.985068796597229 ], [ 106.80277530636512, 20.990653496595751 ], [ 106.803253206365042, 20.991255296595803 ], [ 106.804403106364418, 20.992016796596108 ], [ 106.806149306362755, 20.991992696596924 ], [ 106.807090006361648, 20.991638896597461 ], [ 106.811175506355667, 20.988160296600359 ], [ 106.810080406355951, 20.986931996600212 ], [ 106.816768106346814, 20.982289496604647 ], [ 106.81568450634694, 20.980816896604573 ], [ 106.816360406346021, 20.98036609660501 ], [ 106.816489106345941, 20.980426196605052 ], [ 106.817744406344232, 20.97958469660589 ], [ 106.811686306345635, 20.972453496605148 ], [ 106.810978206346235, 20.972353296604851 ], [ 106.80637530635164, 20.97410639660222 ], [ 106.801920706356086, 20.974485496600035 ] ] ] } },
{ "type": "Feature", "properties": { "id": "osm_relation_19202928", "name_vi": "Khu công nghiệp Việt Hưng", "name_en": null, "aliases": null, "category": "industrial_park", "province_code": "22", "province_en": "Quang Ninh", "former_province_code": "22", "status": "unknown", "area_ha": 78.685571249547479, "developer": null, "website": null, "geometry_type": "polygon", "location_accuracy": "site", "part_count": 1, "osm_ids": "osm_relation_19202928", "source": "OpenStreetMap", "source_url": "https://www.openstreetmap.org/relation/19202928", "verified_on": "2026-08-31", "attribute_source": "osm", "geometry_observed_on": "2026-08-31" }, "geometry": { "type": "Polygon", "coordinates": [ [ [ 106.998725006191307, 21.009141796681146 ], [ 106.99808030619009, 21.006165296681711 ], [ 106.997521406191098, 21.006924596681234 ], [ 106.997143606190335, 21.005140396681576 ], [ 106.995087106192543, 21.005512196680503 ], [ 106.994103006190713, 21.000983196681368 ], [ 106.989787606195307, 21.001845596679125 ], [ 106.990447806196215, 21.004351496678691 ], [ 106.990349106196746, 21.00508759667844 ], [ 106.98989050619808, 21.006588196677789 ], [ 106.988557106200489, 21.008465796676635 ], [ 106.988687606200671, 21.008950996676532 ], [ 106.99284370619867, 21.012118496677537 ], [ 106.994041106197173, 21.01149129667828 ], [ 106.994582206196526, 21.011325896678589 ], [ 106.998344206192499, 21.010501696680578 ], [ 106.999317606191283, 21.010036996681162 ], [ 106.998725006191307, 21.009141796681146 ] ] ] } },
{ "type": "Feature", "properties": { "id": "osm_way_690896893", "name_vi": "Texhong Vietnam Industrial Zone", "name_en": null, "aliases": null, "category": "industrial_park", "province_code": "22", "province_en": "Quang Ninh", "former_province_code": "22", "status": "unknown", "area_ha": 284.24536553517936, "developer": null, "website": null, "geometry_type": "polygon", "location_accuracy": "site", "part_count": 1, "osm_ids": "osm_way_690896893", "source": "OpenStreetMap", "source_url": "https://www.openstreetmap.org/way/690896893", "verified_on": "2026-08-31", "attribute_source": "osm", "geometry_observed_on": "2026-08-31" }, "geometry": { "type": "Polygon", "coordinates": [ [ [ 107.739163305741627, 21.416907896905904 ], [ 107.742092305736634, 21.413275896908345 ], [ 107.745100105735133, 21.415437296909118 ], [ 107.741221505741933, 21.420586096905769 ], [ 107.742537505741211, 21.421439196906128 ], [ 107.741186505743542, 21.423189896904976 ], [ 107.74778470574006, 21.427656996906723 ], [ 107.751096205734441, 21.423551996909492 ], [ 107.753516005733161, 21.42518799691015 ], [ 107.755845305729054, 21.422075996912163 ], [ 107.75494580572952, 21.421452496911929 ], [ 107.756623705726611, 21.41925499691337 ], [ 107.756643505726302, 21.418800596913517 ], [ 107.747056205731354, 21.412265196910969 ], [ 107.745012905734868, 21.414864896909233 ], [ 107.742655905736029, 21.413149396908647 ], [ 107.744629805732572, 21.410563396910348 ], [ 107.735743705737164, 21.404350596908035 ], [ 107.730056205740226, 21.400595096906503 ], [ 107.727954305743793, 21.403210896904731 ], [ 107.73364310574091, 21.407270096906167 ], [ 107.730805805745845, 21.410930196903756 ], [ 107.731055605745851, 21.411313796903766 ], [ 107.731391305745703, 21.411588296903847 ], [ 107.739163305741627, 21.416907896905904 ] ] ] } },
{ "type": "Feature", "properties": { "id": "osm_way_1467206617", "name_vi": "Cụm CN Thanh Vân - Bắc Giang", "name_en": null, "aliases": null, "category": "industrial_cluster", "province_code": "24", "province_en": "Bac Ninh", "former_province_code": "24", "status": "unknown", "area_ha": 55.908249301466157, "developer": null, "website": null, "geometry_type": "polygon", "location_accuracy": "site", "part_count": 1, "osm_ids": "osm_way_1467206617", "source": "OpenStreetMap", "source_url": "https://www.openstreetmap.org/way/1467206617", "verified_on": "2026-08-31", "attribute_source": "osm", "geometry_observed_on": "2026-08-31" }, "geometry": { "type": "Polygon", "coordinates": [ [ [ 105.979072907399143, 21.407917196101593 ], [ 105.980556007398363, 21.408934596101979 ], [ 105.981037407398119, 21.409261596102095 ], [ 105.982117207396783, 21.40880139610271 ], [ 105.981653507396075, 21.406935796103028 ], [ 105.981229507395469, 21.405274396103295 ], [ 105.979149207395096, 21.40144659610343 ], [ 105.978764707395527, 21.401565896103229 ], [ 105.977956207395366, 21.400087996103263 ], [ 105.976469907397259, 21.400857096102399 ], [ 105.975936507398018, 21.401244696102047 ], [ 105.97368590740021, 21.401347696101009 ], [ 105.973489607401163, 21.402633796100559 ], [ 105.973586707402561, 21.405047796099922 ], [ 105.97369880740267, 21.405416496099882 ], [ 105.973683807403305, 21.406418196099587 ], [ 105.973870607403313, 21.406696496099602 ], [ 105.97405740740345, 21.407218196099532 ], [ 105.974162107403501, 21.40746859609952 ], [ 105.974460907403326, 21.40767039609959 ], [ 105.975955307401946, 21.407691196100252 ], [ 105.976201907401702, 21.407670396100386 ], [ 105.976299007401423, 21.407392096100498 ], [ 105.976642807401134, 21.407447796100623 ], [ 105.976784707400853, 21.407211196100743 ], [ 105.977629107400091, 21.407280796101105 ], [ 105.978249207399614, 21.407461696101354 ], [ 105.979072907399143, 21.407917196101593 ] ] ] } },
{ "type": "Feature", "properties": { "id": "osm_way_661161690", "name_vi": "Cụm Công nghiệp Châu Khê", "name_en": null, "aliases": null, "category": "industrial_cluster", "province_code": "24", "province_en": "Bac Ninh", "former_province_code": "27", "status": "unknown", "area_ha": 14.02107064572064, "developer": null, "website": null, "geometry_type": "polygon", "location_accuracy": "site", "part_count": 1, "osm_ids": "osm_way_661161690", "source": "OpenStreetMap", "source_url": "https://www.openstreetmap.org/way/661161690", "verified_on": "2026-08-31", "attribute_source": "osm", "geometry_observed_on": "2026-08-31" }, "geometry": { "type": "Polygon", "coordinates": [ [ [ 105.928663007267374, 21.114529096160894 ], [ 105.926935707269138, 21.114761396160052 ], [ 105.926015707270082, 21.114886496159603 ], [ 105.925817207270285, 21.114906496159499 ], [ 105.923470307274584, 21.118301896157501 ], [ 105.923298607274845, 21.118454496157373 ], [ 105.923053707275159, 21.118615096157203 ], [ 105.922540707275871, 21.118951396156884 ], [ 105.923098807275892, 21.119860596156879 ], [ 105.923070607275932, 21.11988439615687 ], [ 105.923232907275931, 21.12012209615688 ], [ 105.923540007275861, 21.120503696156906 ], [ 105.924250807274902, 21.120043296157359 ], [ 105.92515470727362, 21.119337696157963 ], [ 105.925363907273294, 21.119135096158107 ], [ 105.925436307273173, 21.119037496158175 ], [ 105.925519507272995, 21.118884796158248 ], [ 105.925632107272747, 21.118632096158382 ], [ 105.926066607271807, 21.117783896158802 ], [ 105.926485107270821, 21.116825596159277 ], [ 105.927249507269408, 21.115697196159925 ], [ 105.927346007269264, 21.115584596160005 ], [ 105.927445307269124, 21.115524496160077 ], [ 105.927571407268999, 21.115491996160131 ], [ 105.927791307268762, 21.11548199616022 ], [ 105.928298207268284, 21.115499496160446 ], [ 105.928663007267374, 21.114529096160894 ] ] ] } },
{ "type": "Feature", "properties": { "id": "osm_way_875632633", "name_vi": "Cụm công nghiệp Châu Phong", "name_en": null, "aliases": null, "category": "industrial_cluster", "province_code": "24", "province_en": "Bac Ninh", "former_province_code": "27", "status": "unknown", "area_ha": 48.415673758853835, "developer": null, "website": null, "geometry_type": "polygon", "location_accuracy": "site", "part_count": 1, "osm_ids": "osm_way_875632633", "source": "OpenStreetMap", "source_url": "https://www.openstreetmap.org/way/875632633", "verified_on": "2026-08-31", "attribute_source": "osm", "geometry_observed_on": "2026-08-31" }, "geometry": { "type": "Polygon", "coordinates": [ [ [ 106.253663406966282, 21.125159596305298 ], [ 106.25630360696357, 21.124790596306596 ], [ 106.256440606963423, 21.124771496306678 ], [ 106.260806006958916, 21.124161396308825 ], [ 106.261086006958649, 21.124122296308965 ], [ 106.261083506958641, 21.124103496308972 ], [ 106.261080906958597, 21.124083796308984 ], [ 106.26075580695742, 21.121662096309521 ], [ 106.26074450695728, 21.121390296309592 ], [ 106.260813206955618, 21.118773296310358 ], [ 106.260834506955547, 21.118665896310407 ], [ 106.25286370696368, 21.119644296306493 ], [ 106.253254606964973, 21.122340596305907 ], [ 106.253421706965497, 21.123492696305657 ], [ 106.253663406966282, 21.125159596305298 ] ] ] } },
{ "type": "Feature", "properties": { "id": "osm_way_661161689", "name_vi": "Cụm Công nghiệp Đa Hội", "name_en": null, "aliases": null, "category": "industrial_cluster", "province_code": "24", "province_en": "Bac Ninh", "former_province_code": "27", "status": "unknown", "area_ha": 9.3272476974124086, "developer": null, "website": null, "geometry_type": "polygon", "location_accuracy": "site", "part_count": 1, "osm_ids": "osm_way_661161689", "source": "OpenStreetMap", "source_url": "https://www.openstreetmap.org/way/661161689", "verified_on": "2026-08-31", "attribute_source": "osm", "geometry_observed_on": "2026-08-31" }, "geometry": { "type": "Polygon", "coordinates": [ [ [ 105.922540707275871, 21.118951396156884 ], [ 105.923053707275159, 21.118615096157203 ], [ 105.923298607274845, 21.118454496157373 ], [ 105.923470307274584, 21.118301896157501 ], [ 105.925817207270285, 21.114906496159499 ], [ 105.925857407270144, 21.114753896159552 ], [ 105.925034007271009, 21.11487899615916 ], [ 105.924698707271403, 21.114999096158972 ], [ 105.924427807271826, 21.115269296158768 ], [ 105.923027707273519, 21.115854796157972 ], [ 105.921383507275351, 21.116342696157105 ], [ 105.921133107275665, 21.11640749615697 ], [ 105.922540707275871, 21.118951396156884 ] ] ] } },
{ "type": "Feature", "properties": { "id": "osm_way_1265422060", "name_vi": "Cụm công nghiệp đa nghề Đình Bảng", "name_en": null, "aliases": null, "category": "industrial_cluster", "province_code": "24", "province_en": "Bac Ninh", "former_province_code": "27", "status": "unknown", "area_ha": 14.792868176113412, "developer": null, "website": null, "geometry_type": "polygon", "location_accuracy": "site", "part_count": 1, "osm_ids": "osm_way_1265422060", "source": "OpenStreetMap", "source_url": "https://www.openstreetmap.org/way/1265422060", "verified_on": "2026-08-31", "attribute_source": "osm", "geometry_observed_on": "2026-08-31" }, "geometry": { "type": "Polygon", "coordinates": [ [ [ 105.939401507249428, 21.101780996169317 ], [ 105.941986607246974, 21.101802296170469 ], [ 105.941992007246867, 21.101642096170519 ], [ 105.942555307246323, 21.10164709617078 ], [ 105.942560607246463, 21.101817296170729 ], [ 105.944100207244986, 21.101812296171435 ], [ 105.944337907244744, 21.10181499617153 ], [ 105.944352107243887, 21.10040839617194 ], [ 105.942448007245716, 21.100414996171082 ], [ 105.942058707245621, 21.099699596171099 ], [ 105.941984307245605, 21.099557596171113 ], [ 105.941984307245349, 21.099115196171237 ], [ 105.941722407245607, 21.099115196171109 ], [ 105.941722407245564, 21.099055696171135 ], [ 105.940720907246487, 21.099039196170672 ], [ 105.940710207246482, 21.099002896170685 ], [ 105.940144207247016, 21.098979596170444 ], [ 105.940114707247005, 21.098974596170422 ], [ 105.940091907247037, 21.098962696170414 ], [ 105.940033607247045, 21.098880196170409 ], [ 105.939975207247031, 21.098754396170428 ], [ 105.939939007246977, 21.098639896170432 ], [ 105.939908207246901, 21.098437896170473 ], [ 105.939908207246859, 21.09837409617051 ], [ 105.939931607246734, 21.098228296170543 ], [ 105.939927007246709, 21.098165096170561 ], [ 105.939901507246702, 21.098112596170569 ], [ 105.939886007246685, 21.098067496170575 ], [ 105.939874607246622, 21.097947396170593 ], [ 105.93942670724708, 21.097999896170379 ], [ 105.939382807246886, 21.097608296170481 ], [ 105.938978807247295, 21.097644496170297 ], [ 105.939322207248026, 21.099356696169966 ], [ 105.939345607248114, 21.099574596169916 ], [ 105.938621707248814, 21.099600696169571 ], [ 105.938556307248916, 21.099618096169543 ], [ 105.938500307248987, 21.099666096169504 ], [ 105.938350907249657, 21.100554896169175 ], [ 105.938953307249079, 21.100559196169449 ], [ 105.938958007249582, 21.101369596169228 ], [ 105.939401607249167, 21.10138699616941 ], [ 105.939401507249428, 21.101780996169317 ] ] ] } },
{ "type": "Feature", "properties": { "id": "osm_way_1328569917", "name_vi": "Cụm công nghiệp dịch vụ làng nghề Apec Đa Hội", "name_en": null, "aliases": null, "category": "industrial_cluster", "province_code": "24", "province_en": "Bac Ninh", "former_province_code": "27", "status": "unknown", "area_ha": 14.715415488993894, "developer": null, "website": null, "geometry_type": "polygon", "location_accuracy": "site", "part_count": 1, "osm_ids": "osm_way_1328569917", "source": "OpenStreetMap", "source_url": "https://www.openstreetmap.org/way/1328569917", "verified_on": "2026-08-31", "attribute_source": "osm", "geometry_observed_on": "2026-08-31" }, "geometry": { "type": "Polygon", "coordinates": [ [ [ 105.924954707281103, 21.131263596154522 ], [ 105.922020907282658, 21.129286396153766 ], [ 105.921784607282902, 21.129328396153646 ], [ 105.920591507283561, 21.128537496153321 ], [ 105.919481007284091, 21.127673096153067 ], [ 105.918201707286215, 21.129191896152058 ], [ 105.919687407285451, 21.130224196152437 ], [ 105.923210207283574, 21.132635296153357 ], [ 105.923784207282594, 21.131910996153817 ], [ 105.92424570728231, 21.132162896153961 ], [ 105.924954707281103, 21.131263596154522 ] ] ] } },
{ "type": "Feature", "properties": { "id": "osm_way_749744617", "name_vi": "Cụm công nghiệp Đông Thọ", "name_en": null, "aliases": null, "category": "industrial_cluster", "province_code": "24", "province_en": "Bac Ninh", "former_province_code": "27", "status": "unknown", "area_ha": 60.361140536070081, "developer": null, "website": null, "geometry_type": "polygon", "location_accuracy": "site", "part_count": 1, "osm_ids": "osm_way_749744617", "source": "OpenStreetMap", "source_url": "https://www.openstreetmap.org/way/749744617", "verified_on": "2026-08-31", "attribute_source": "osm", "geometry_observed_on": "2026-08-31" }, "geometry": { "type": "Polygon", "coordinates": [ [ [ 105.944737507294761, 21.18427429614864 ], [ 105.947740307290815, 21.182458896150496 ], [ 105.950742007286522, 21.180084596152511 ], [ 105.950379607286479, 21.17947799615251 ], [ 105.952740107283191, 21.177744796154062 ], [ 105.952163907283108, 21.176722296154104 ], [ 105.952600707282599, 21.176574996154333 ], [ 105.951461707282419, 21.174518796154395 ], [ 105.947982607286647, 21.176032396152404 ], [ 105.94732910728753, 21.176442096151991 ], [ 105.94683930728813, 21.176668296151703 ], [ 105.946537007288498, 21.17681429615153 ], [ 105.94565850728965, 21.17735489615098 ], [ 105.942842607293088, 21.17862869614935 ], [ 105.941709207294522, 21.17918789614869 ], [ 105.941707307294536, 21.17922629614867 ], [ 105.942130407294627, 21.180044796148636 ], [ 105.942318207294662, 21.180381396148633 ], [ 105.942561707294715, 21.180830396148604 ], [ 105.943211207294695, 21.181847596148621 ], [ 105.944737507294761, 21.18427429614864 ] ] ] } },
{ "type": "Feature", "properties": { "id": "osm_node_12672420755", "name_vi": "Cụm Công Nghiệp Eco", "name_en": null, "aliases": null, "category": "industrial_cluster", "province_code": "24", "province_en": "Bac Ninh", "former_province_code": "27", "status": "unknown", "area_ha": null, "developer": null, "website": null, "geometry_type": "point", "location_accuracy": "locality", "part_count": 1, "osm_ids": "osm_node_12672420755", "source": "OpenStreetMap", "source_url": "https://www.openstreetmap.org/node/12672420755", "verified_on": "2026-08-31", "attribute_source": "osm", "geometry_observed_on": "2026-08-31" }, "geometry": { "type": "Point", "coordinates": [ 106.2557329, 21.1197158 ] } },
{ "type": "Feature", "properties": { "id": "osm_way_875632670", "name_vi": "Cụm công nghiệp Khắc Niệm", "name_en": null, "aliases": null, "category": "industrial_cluster", "province_code": "24", "province_en": "Bac Ninh", "former_province_code": "27", "status": "unknown", "area_ha": 118.1085338794026, "developer": null, "website": null, "geometry_type": "polygon", "location_accuracy": "site", "part_count": 1, "osm_ids": "osm_way_875632670", "source": "OpenStreetMap", "source_url": "https://www.openstreetmap.org/way/875632670", "verified_on": "2026-08-31", "attribute_source": "osm", "geometry_observed_on": "2026-08-31" }, "geometry": { "type": "Polygon", "coordinates": [ [ [ 106.072096707152383, 21.148569096216235 ], [ 106.071321407154315, 21.150546896215321 ], [ 106.065949407158229, 21.148610096213432 ], [ 106.064993207160612, 21.151014596212331 ], [ 106.065879307160913, 21.152857896212208 ], [ 106.065956107160915, 21.153024196212193 ], [ 106.065997107160925, 21.153098596212196 ], [ 106.066041007160905, 21.153143496212202 ], [ 106.066104507160887, 21.153197996212217 ], [ 106.066225907160842, 21.153296996212251 ], [ 106.066350807160759, 21.153391896212277 ], [ 106.06577320716228, 21.154992996211561 ], [ 106.065335307163693, 21.156585496210916 ], [ 106.064165507164603, 21.156296696210465 ], [ 106.063698207166013, 21.157861196209826 ], [ 106.06404030716574, 21.157951896209941 ], [ 106.063824007166389, 21.158676996209639 ], [ 106.065133307165397, 21.159068496210107 ], [ 106.065958907164742, 21.159297596210436 ], [ 106.067192207163771, 21.159613696210904 ], [ 106.0681856071608, 21.156297996212281 ], [ 106.069403507157475, 21.152683396213863 ], [ 106.070243307156815, 21.152937296214166 ], [ 106.06987770715773, 21.153876996213743 ], [ 106.071924707156256, 21.154667596214448 ], [ 106.072055807155863, 21.154168596214642 ], [ 106.072701507155344, 21.154361596214883 ], [ 106.073036307154581, 21.153595596215258 ], [ 106.075348307152851, 21.154369896216078 ], [ 106.076009407151361, 21.152960596216765 ], [ 106.076778407150726, 21.153124196217068 ], [ 106.080529207143869, 21.147688196220301 ], [ 106.07670780714588, 21.145054896219303 ], [ 106.075482407146552, 21.144245596218983 ], [ 106.075501907146318, 21.14390819621909 ], [ 106.075099907146551, 21.143682796218972 ], [ 106.074199407147091, 21.143177896218695 ], [ 106.073776007148169, 21.144263496218212 ], [ 106.072096707152383, 21.148569096216235 ] ] ] } },
{ "type": "Feature", "properties": { "id": "osm_way_1462757216", "name_vi": "Cụm Công Nghiệp Làng Nghề Đại Bái (Nghề đồng)", "name_en": null, "aliases": null, "category": "industrial_cluster", "province_code": "24", "province_en": "Bac Ninh", "former_province_code": "27", "status": "unknown", "area_ha": 22.657861970086557, "developer": null, "website": null, "geometry_type": "polygon", "location_accuracy": "site", "part_count": 1, "osm_ids": "osm_way_1462757216", "source": "OpenStreetMap", "source_url": "https://www.openstreetmap.org/way/1462757216", "verified_on": "2026-08-31", "attribute_source": "osm", "geometry_observed_on": "2026-08-31" }, "geometry": { "type": "Polygon", "coordinates": [ [ [ 106.139130007027788, 21.048371896274912 ], [ 106.142339007025342, 21.04930249627612 ], [ 106.142636007024166, 21.047838196276658 ], [ 106.143805007021143, 21.044712596278071 ], [ 106.13954440702409, 21.042927696276635 ], [ 106.139271207026312, 21.046151396275597 ], [ 106.139130007027788, 21.048371896274912 ] ] ] } },
{ "type": "Feature", "properties": { "id": "osm_way_1386085012", "name_vi": "Cụm Công Nghiệp Mả Ông", "name_en": null, "aliases": null, "category": "industrial_cluster", "province_code": "24", "province_en": "Bac Ninh", "former_province_code": "27", "status": "unknown", "area_ha": 5.259211571314375, "developer": null, "website": null, "geometry_type": "polygon", "location_accuracy": "site", "part_count": 1, "osm_ids": "osm_way_1386085012", "source": "OpenStreetMap", "source_url": "https://www.openstreetmap.org/way/1386085012", "verified_on": "2026-08-31", "attribute_source": "osm", "geometry_observed_on": "2026-08-31" }, "geometry": { "type": "Polygon", "coordinates": [ [ [ 105.93654830725697, 21.109722696165807 ], [ 105.937216507256153, 21.109424096166187 ], [ 105.938672407254415, 21.108857596166999 ], [ 105.939001707254036, 21.108718396167191 ], [ 105.939244207253708, 21.108588296167333 ], [ 105.939430907253453, 21.108436196167474 ], [ 105.939524207253285, 21.108328096167536 ], [ 105.939694807252977, 21.108090896167688 ], [ 105.939080107253375, 21.107764596167506 ], [ 105.938262507253867, 21.107332196167242 ], [ 105.937366507254396, 21.106796296166994 ], [ 105.936887907255212, 21.107376996166618 ], [ 105.937405607254931, 21.10771489616674 ], [ 105.936274707256985, 21.109338296165784 ], [ 105.93654830725697, 21.109722696165807 ] ] ] } },
{ "type": "Feature", "properties": { "id": "osm_way_628689959", "name_vi": "Cụm công nghiệp Phong Khê", "name_en": null, "aliases": null, "category": "industrial_cluster", "province_code": "24", "province_en": "Bac Ninh", "former_province_code": "27", "status": "unknown", "area_ha": 18.443527597764273, "developer": null, "website": null, "geometry_type": "polygon", "location_accuracy": "site", "part_count": 1, "osm_ids": "osm_way_628689959", "source": "OpenStreetMap", "source_url": "https://www.openstreetmap.org/way/628689959", "verified_on": "2026-08-31", "attribute_source": "osm", "geometry_observed_on": "2026-08-31" }, "geometry": { "type": "Polygon", "coordinates": [ [ [ 106.042132407191701, 21.166478996197625 ], [ 106.040982407192161, 21.165476696197391 ], [ 106.040525207192346, 21.165075996197306 ], [ 106.039912807192593, 21.164523396197179 ], [ 106.038418207194155, 21.164761196196437 ], [ 106.037964007194631, 21.164832296196213 ], [ 106.036718207195818, 21.164851596195636 ], [ 106.036776207196439, 21.165948396195354 ], [ 106.036916307196378, 21.166082296195377 ], [ 106.037469107195818, 21.166036196195648 ], [ 106.037480407195943, 21.166234696195591 ], [ 106.037835307195607, 21.166221896195754 ], [ 106.037878207195689, 21.166451996195718 ], [ 106.037365407196205, 21.166490096195474 ], [ 106.037333607196373, 21.166714496195393 ], [ 106.037175207196498, 21.166710596195319 ], [ 106.037172607196581, 21.166803596195287 ], [ 106.037669907196104, 21.166814496195514 ], [ 106.037649107196756, 21.167840496195218 ], [ 106.038553007195901, 21.167838496195628 ], [ 106.037710807197556, 21.169199996194877 ], [ 106.039280807196036, 21.169163896195588 ], [ 106.040416007194864, 21.168997396196151 ], [ 106.040517107194674, 21.168851796196225 ], [ 106.040521107194536, 21.168625896196286 ], [ 106.042132407191701, 21.166478996197625 ] ] ] } },
{ "type": "Feature", "properties": { "id": "osm_way_1451542942", "name_vi": "Cụm Công Nghiệp Phú Lâm", "name_en": null, "aliases": null, "category": "industrial_cluster", "province_code": "24", "province_en": "Bac Ninh", "former_province_code": "27", "status": "unknown", "area_ha": 23.893071221189061, "developer": null, "website": null, "geometry_type": "polygon", "location_accuracy": "site", "part_count": 1, "osm_ids": "osm_way_1451542942", "source": "OpenStreetMap", "source_url": "https://www.openstreetmap.org/way/1451542942", "verified_on": "2026-08-31", "attribute_source": "osm", "geometry_observed_on": "2026-08-31" }, "geometry": { "type": "Polygon", "coordinates": [ [ [ 106.023558207212616, 21.171978896187692 ], [ 106.023732407212393, 21.171871896187788 ], [ 106.023815707212393, 21.171990996187791 ], [ 106.024172507211986, 21.171877796187996 ], [ 106.0245778072115, 21.171687896188228 ], [ 106.024904707211036, 21.171494596188431 ], [ 106.025409107210365, 21.171133996188768 ], [ 106.025745307209846, 21.170806496189005 ], [ 106.026098407209233, 21.170374496189279 ], [ 106.026359907208715, 21.169909396189524 ], [ 106.026240407208761, 21.169787496189514 ], [ 106.026217907208675, 21.169658596189539 ], [ 106.026395407208483, 21.169567996189649 ], [ 106.026059207208689, 21.169395496189541 ], [ 106.026242207208313, 21.169048896189718 ], [ 106.026410307207797, 21.168522796189947 ], [ 106.026589707207492, 21.168270196190104 ], [ 106.026727907207189, 21.167989796190245 ], [ 106.02644580720731, 21.167721496190172 ], [ 106.026457007207213, 21.167611796190233 ], [ 106.02675220720694, 21.167625696190346 ], [ 106.026841807206964, 21.167792896190338 ], [ 106.027041707206749, 21.167773796190442 ], [ 106.027960807205588, 21.167266896191002 ], [ 106.027519907205615, 21.166618896190982 ], [ 106.027413507205068, 21.16561899619121 ], [ 106.027338707204933, 21.165251396191291 ], [ 106.027284607204948, 21.165171296191289 ], [ 106.027178107205017, 21.165129496191241 ], [ 106.027226707204903, 21.165017996191292 ], [ 106.026959507205063, 21.164871596191229 ], [ 106.026711607205499, 21.165188496191018 ], [ 106.02704650720537, 21.165513696191081 ], [ 106.027139907205338, 21.165613996191095 ], [ 106.027244707205611, 21.166221296190962 ], [ 106.027292807205569, 21.166210696190987 ], [ 106.027346607205715, 21.16651439619093 ], [ 106.027207907205863, 21.166569796190863 ], [ 106.027193707205981, 21.166738796190796 ], [ 106.027032307206227, 21.166868196190695 ], [ 106.026845507206517, 21.16706619619055 ], [ 106.026848307206549, 21.167142796190532 ], [ 106.026797307206607, 21.167169196190496 ], [ 106.026222607207174, 21.167142796190255 ], [ 106.026185807207426, 21.167538796190112 ], [ 106.025987607207625, 21.167562596190034 ], [ 106.025464307208082, 21.167474296189802 ], [ 106.025281907208608, 21.168076096189569 ], [ 106.024715607209089, 21.167970496189334 ], [ 106.023911507210286, 21.168685996188763 ], [ 106.023453507210434, 21.168217396188684 ], [ 106.022595607211642, 21.168856296188125 ], [ 106.021072307213842, 21.170128996187081 ], [ 106.020602307214531, 21.170519696186748 ], [ 106.019750107214904, 21.169833296186553 ], [ 106.019571707215178, 21.169970496186448 ], [ 106.018886507215413, 21.169315796186307 ], [ 106.018631707215761, 21.169479496186174 ], [ 106.018342907215882, 21.169228596186091 ], [ 106.017935207216468, 21.169555996185817 ], [ 106.019155507216027, 21.170709796186053 ], [ 106.018946007216343, 21.170939496185881 ], [ 106.019042207216359, 21.171071496185895 ], [ 106.019130007216219, 21.170984396185958 ], [ 106.019079107216214, 21.170907796185951 ], [ 106.019158307216088, 21.170818096186018 ], [ 106.019280107216062, 21.170965896186033 ], [ 106.019942607215086, 21.170408796186489 ], [ 106.020469207215029, 21.171105896186535 ], [ 106.020924007214376, 21.170769896186819 ], [ 106.021288307214249, 21.171149696186895 ], [ 106.020485007215427, 21.171801096186343 ], [ 106.02078580721539, 21.172206996186379 ], [ 106.021426507214471, 21.171698396186805 ], [ 106.021542307214432, 21.171808096186815 ], [ 106.021669407214262, 21.1717383961869 ], [ 106.021618907214275, 21.171654796186893 ], [ 106.021675007214185, 21.171604296186928 ], [ 106.022315707214076, 21.172409096187003 ], [ 106.022605207213715, 21.172294096187166 ], [ 106.023318807212945, 21.172139096187532 ], [ 106.023558207212616, 21.171978896187692 ] ] ] } },
{ "type": "Feature", "properties": { "id": "osm_way_1461790201", "name_vi": "Cụm Công Nghiệp Yên Lư", "name_en": null, "aliases": null, "category": "industrial_cluster", "province_code": "24", "province_en": "Bac Ninh", "former_province_code": "27", "status": "unknown", "area_ha": 453.13362937057195, "developer": null, "website": null, "geometry_type": "polygon", "location_accuracy": "site", "part_count": 1, "osm_ids": "osm_way_1461790201", "source": "OpenStreetMap", "source_url": "https://www.openstreetmap.org/way/1461790201", "verified_on": "2026-08-31", "attribute_source": "osm", "geometry_observed_on": "2026-08-31" }, "geometry": { "type": "Polygon", "coordinates": [ [ [ 106.19840910706337, 21.198488796259436 ], [ 106.202649107059202, 21.198264696261415 ], [ 106.202889407059018, 21.198312796261522 ], [ 106.202872307059195, 21.198592796261433 ], [ 106.204400007057757, 21.198576796262127 ], [ 106.204897907057344, 21.198704896262306 ], [ 106.205842007056845, 21.199337096262571 ], [ 106.206700307056039, 21.199385096262947 ], [ 106.206811907056093, 21.199633096262925 ], [ 106.207412707055497, 21.199593096263211 ], [ 106.20791910705492, 21.199417096263495 ], [ 106.208219507054508, 21.199216996263672 ], [ 106.208459807054297, 21.199224996263773 ], [ 106.208648707054039, 21.199096996263908 ], [ 106.208786007053774, 21.198888896264034 ], [ 106.208803207053691, 21.198760896264076 ], [ 106.209026307053477, 21.198768896264177 ], [ 106.20908640705332, 21.198616796264243 ], [ 106.209077807053234, 21.198440796264297 ], [ 106.209301007052971, 21.198400796264401 ], [ 106.209301007052858, 21.198200696264458 ], [ 106.209704407052428, 21.198080696264672 ], [ 106.20989320705219, 21.198016696264773 ], [ 106.209807407052111, 21.197752596264806 ], [ 106.210399607051471, 21.197592596265139 ], [ 106.211094807050841, 21.197648596265434 ], [ 106.211815807050272, 21.197864596265688 ], [ 106.212159107050098, 21.19810469626578 ], [ 106.212433807050104, 21.198488796265799 ], [ 106.212596907050084, 21.198752896265791 ], [ 106.213086107049392, 21.19836079626613 ], [ 106.213283507049098, 21.198224696266251 ], [ 106.213386507048952, 21.198112696266342 ], [ 106.214725507047248, 21.197400496267154 ], [ 106.21463960704726, 21.197288496267142 ], [ 106.21494000704692, 21.197192396267305 ], [ 106.215171807046616, 21.197056396267445 ], [ 106.215077407046564, 21.196832296267466 ], [ 106.215832707045678, 21.196552196267888 ], [ 106.216570807044846, 21.196312196268277 ], [ 106.21319770704298, 21.188069496269087 ], [ 106.212914407042845, 21.187365196269166 ], [ 106.212528207042098, 21.185572596269481 ], [ 106.21231360704121, 21.183779896269897 ], [ 106.210948907042464, 21.183699896269296 ], [ 106.20961000704385, 21.183939896268619 ], [ 106.208622907044841, 21.183995996268166 ], [ 106.205919207047387, 21.183979996266938 ], [ 106.20403100704921, 21.184051996266057 ], [ 106.203953707049109, 21.183771896266112 ], [ 106.203395807049603, 21.183739896265866 ], [ 106.203215607049756, 21.183683896265794 ], [ 106.203035307049845, 21.183563796265766 ], [ 106.202477407050267, 21.183371696265546 ], [ 106.201825107050809, 21.183251696265291 ], [ 106.201181407051678, 21.183667796264867 ], [ 106.200966807052083, 21.184003996264682 ], [ 106.20046900705249, 21.183899896264485 ], [ 106.199876807053101, 21.184011996264182 ], [ 106.198838207054436, 21.184540196263576 ], [ 106.198546407054792, 21.184700196263407 ], [ 106.198271707055085, 21.184748296263251 ], [ 106.197267507056182, 21.184996396262719 ], [ 106.196537907056978, 21.185140396262351 ], [ 106.195731107057711, 21.185092396262014 ], [ 106.194907207058407, 21.184972296261655 ], [ 106.194040307059183, 21.184892296261292 ], [ 106.193388007059923, 21.18511639626092 ], [ 106.193576807060225, 21.185884696260793 ], [ 106.19379990706058, 21.18678899626066 ], [ 106.193834307060598, 21.186909096260624 ], [ 106.194126107060356, 21.186949096260747 ], [ 106.19404890706096, 21.187813396260466 ], [ 106.193156207061747, 21.187733396260079 ], [ 106.19267560706227, 21.18783739625983 ], [ 106.192538207062469, 21.187941396259752 ], [ 106.192555407062528, 21.188069496259722 ], [ 106.192400907062677, 21.188085496259642 ], [ 106.192409507062834, 21.188349596259567 ], [ 106.192521107063428, 21.189541996259283 ], [ 106.19163420706434, 21.189619896258861 ], [ 106.191358107064147, 21.188847696258961 ], [ 106.190717207064779, 21.188939596258642 ], [ 106.190559507064748, 21.188590296258667 ], [ 106.189711607065547, 21.188617896258275 ], [ 106.189593307065579, 21.188470796258272 ], [ 106.188863707066318, 21.188553496257896 ], [ 106.188745407066222, 21.188231796257938 ], [ 106.185422807069543, 21.188507596256347 ], [ 106.185481907069885, 21.189178696256196 ], [ 106.18417060707128, 21.189436096255527 ], [ 106.184210107071635, 21.190051996255374 ], [ 106.183786107072095, 21.19013469625515 ], [ 106.186063607076221, 21.20044859625327 ], [ 106.186605907075673, 21.200374996253554 ], [ 106.187246807074956, 21.200218796253871 ], [ 106.188429907073626, 21.199878696254512 ], [ 106.190855307071075, 21.19944659625574 ], [ 106.192994807068757, 21.19895949625684 ], [ 106.194720107066985, 21.198747996257673 ], [ 106.197096207064646, 21.198564196258822 ], [ 106.19840910706337, 21.198488796259436 ] ] ] } },
{ "type": "Feature", "properties": { "id": "osm_way_1459341105", "name_vi": "KCN Quế Võ II - giai đoạn 2", "name_en": null, "aliases": null, "category": "industrial_park", "province_code": "24", "province_en": "Bac Ninh", "former_province_code": "27", "status": "under_construction", "area_ha": 238.70976377135855, "developer": null, "website": null, "geometry_type": "polygon", "location_accuracy": "site", "part_count": 1, "osm_ids": "osm_way_1459341105", "source": "OpenStreetMap", "source_url": "https://www.openstreetmap.org/way/1459341105", "verified_on": "2026-08-31", "attribute_source": "osm", "geometry_observed_on": "2026-08-31" }, "geometry": { "type": "Polygon", "coordinates": [ [ [ 106.260834506955547, 21.118665896310407 ], [ 106.26074450695728, 21.121390296309592 ], [ 106.26075580695742, 21.121662096309521 ], [ 106.261086006958649, 21.124122296308965 ], [ 106.253663406966282, 21.125159596305298 ], [ 106.25286370696368, 21.119644296306493 ], [ 106.251049106965553, 21.119912696305587 ], [ 106.252927706968833, 21.128191396304089 ], [ 106.2561208069679, 21.131631596304576 ], [ 106.259854606967082, 21.136058296305027 ], [ 106.263712906963136, 21.13556849630692 ], [ 106.263240806960738, 21.130897896308024 ], [ 106.275776106948086, 21.129606096314099 ], [ 106.275755706947962, 21.129366096314158 ], [ 106.275702206947614, 21.128737096314314 ], [ 106.278257906945058, 21.128495296315535 ], [ 106.277884506943607, 21.125557896316209 ], [ 106.277861506943523, 21.125376896316247 ], [ 106.277548306943842, 21.125415296316095 ], [ 106.275304906946118, 21.125690796315002 ], [ 106.265835406955802, 21.126853296310355 ], [ 106.264729806953383, 21.121170296311462 ], [ 106.272567606945174, 21.119874796315408 ], [ 106.272212306943942, 21.117296396315975 ], [ 106.265572506950676, 21.118060196312729 ], [ 106.260834506955547, 21.118665896310407 ] ] ] } },
{ "type": "Feature", "properties": { "id": "osm_relation_18888808", "name_vi": "KCN VSIP - Chi Lăng", "name_en": null, "aliases": null, "category": "industrial_park", "province_code": "24", "province_en": "Bac Ninh", "former_province_code": "27", "status": "unknown", "area_ha": null, "developer": null, "website": null, "geometry_type": "point", "location_accuracy": "locality", "part_count": 1, "osm_ids": "osm_relation_18888808", "source": "OpenStreetMap", "source_url": "https://www.openstreetmap.org/relation/18888808", "verified_on": "2026-08-31", "attribute_source": "osm", "geometry_observed_on": "2026-08-31" }, "geometry": { "type": "Point", "coordinates": [ 106.0574687, 21.1453136 ] } },
{ "type": "Feature", "properties": { "id": "osm_way_642268651", "name_vi": "Khu công nghiệp Đại Đồng - Hoàn Sơn", "name_en": "Dai Dong - Hoan Son Industrial Park", "aliases": "Dai Dong - Hoan Son Industrial Park", "category": "industrial_park", "province_code": "24", "province_en": "Bac Ninh", "former_province_code": "27", "status": "unknown", "area_ha": 268.30556619795487, "developer": null, "website": null, "geometry_type": "polygon", "location_accuracy": "site", "part_count": 1, "osm_ids": "osm_way_642268651", "source": "OpenStreetMap", "source_url": "https://www.openstreetmap.org/way/642268651", "verified_on": "2026-08-31", "attribute_source": "osm", "geometry_observed_on": "2026-08-31" }, "geometry": { "type": "Polygon", "coordinates": [ [ [ 105.990334107205896, 21.109458796190211 ], [ 106.009415707181716, 21.099433696201665 ], [ 106.009515007181307, 21.098939796201833 ], [ 106.00846930718113, 21.096996596201905 ], [ 106.007000607178909, 21.091102596202898 ], [ 105.986039007205662, 21.102413096190233 ], [ 105.983983407207774, 21.102715296189221 ], [ 105.983533607207846, 21.102110796189177 ], [ 105.979653307213724, 21.105739596186421 ], [ 105.979715507213811, 21.105966396186375 ], [ 105.986996007209427, 21.110075896188508 ], [ 105.990334107205896, 21.109458796190211 ] ] ] } },
{ "type": "Feature", "properties": { "id": "osm_way_597865634", "name_vi": "Khu công nghiệp Đình Trám", "name_en": null, "aliases": null, "category": "industrial_park", "province_code": "24", "province_en": "Bac Ninh", "former_province_code": "27", "status": "unknown", "area_ha": 145.11026706877428, "developer": null, "website": null, "geometry_type": "polygon", "location_accuracy": "site", "part_count": 1, "osm_ids": "osm_way_597865634", "source": "OpenStreetMap", "source_url": "https://www.openstreetmap.org/way/597865634", "verified_on": "2026-08-31", "attribute_source": "osm", "geometry_observed_on": "2026-08-31" }, "geometry": { "type": "Polygon", "coordinates": [ [ [ 106.128518007160324, 21.248928996213536 ], [ 106.128162607160718, 21.249021696213351 ], [ 106.127944507161004, 21.249134496213223 ], [ 106.127776407161249, 21.249299996213093 ], [ 106.127574807161494, 21.249380696212974 ], [ 106.127342907161719, 21.249382896212879 ], [ 106.12717080716186, 21.249363196212794 ], [ 106.126965507162083, 21.249390496212705 ], [ 106.126831107162289, 21.249528996212607 ], [ 106.126636307162599, 21.249711996212461 ], [ 106.126211107162888, 21.249575796212302 ], [ 106.126311607162677, 21.249390696212416 ], [ 106.125532307162487, 21.247862096212486 ], [ 106.12519810716239, 21.247162796212528 ], [ 106.123155407163608, 21.245999396211928 ], [ 106.121655407164525, 21.245197696211481 ], [ 106.121376807164935, 21.245435296211291 ], [ 106.117727807166659, 21.242584996210432 ], [ 106.115768807169815, 21.244726796208951 ], [ 106.11589140716984, 21.244958896208935 ], [ 106.117588007168564, 21.245506396209556 ], [ 106.117901707168642, 21.24609719620954 ], [ 106.119269707169082, 21.248920796209351 ], [ 106.120095007168771, 21.249684996209499 ], [ 106.12536760716543, 21.252423696211139 ], [ 106.124955107166585, 21.253661896210598 ], [ 106.124182607168123, 21.254971696209864 ], [ 106.123710607169087, 21.255804196209425 ], [ 106.122361407171013, 21.256871496208525 ], [ 106.118000107176996, 21.259921196205674 ], [ 106.118748107176842, 21.260813296205761 ], [ 106.119668507176641, 21.26191089620588 ], [ 106.120548207176014, 21.262240896206194 ], [ 106.120977407175346, 21.261830896206494 ], [ 106.124475007172961, 21.26335569620765 ], [ 106.128750407166692, 21.259711196210613 ], [ 106.128643207164856, 21.256544096211446 ], [ 106.127597107165471, 21.255931696211146 ], [ 106.127683907164197, 21.253978496211733 ], [ 106.128359607162693, 21.252558896212435 ], [ 106.129054607162189, 21.252824496212678 ], [ 106.130332907160934, 21.252761996213277 ], [ 106.131126907159754, 21.252051996213847 ], [ 106.133223307156655, 21.250217296215293 ], [ 106.130305607158874, 21.249324196214236 ], [ 106.129888107159218, 21.249231896214066 ], [ 106.128518007160324, 21.248928996213536 ] ] ] } },
{ "type": "Feature", "properties": { "id": "osm_way_1489181623", "name_vi": "Khu Công nghiệp Gia Bình I", "name_en": null, "aliases": null, "category": "industrial_park", "province_code": "24", "province_en": "Bac Ninh", "former_province_code": "27", "status": "unknown", "area_ha": 316.72699402492771, "developer": null, "website": null, "geometry_type": "polygon", "location_accuracy": "site", "part_count": 1, "osm_ids": "osm_way_1489181623", "source": "OpenStreetMap", "source_url": "https://www.openstreetmap.org/way/1489181623", "verified_on": "2026-08-31", "attribute_source": "osm", "geometry_observed_on": "2026-08-31" }, "geometry": { "type": "Polygon", "coordinates": [ [ [ 106.140716207031019, 21.056103196273451 ], [ 106.139390307034816, 21.060278796271668 ], [ 106.139533407034889, 21.060634796271628 ], [ 106.140448907034184, 21.060904996271969 ], [ 106.140153407035001, 21.061766196271602 ], [ 106.139403707035626, 21.061610096271309 ], [ 106.138246007038617, 21.064758496269874 ], [ 106.139416307040264, 21.069246396269151 ], [ 106.145124107035869, 21.070891096271275 ], [ 106.144871307037079, 21.072465296270714 ], [ 106.147458907034519, 21.072296896271936 ], [ 106.150518107025874, 21.062935996275979 ], [ 106.15753220702058, 21.065092496278556 ], [ 106.160317007016275, 21.062336296280595 ], [ 106.160139207015462, 21.060714096280982 ], [ 106.159394407011192, 21.052571796282955 ], [ 106.158108807012397, 21.052572496282366 ], [ 106.155470807014893, 21.052537096281174 ], [ 106.154336607015878, 21.052454496280681 ], [ 106.151779907018138, 21.052182296279597 ], [ 106.150805507020706, 21.054880296278377 ], [ 106.150484707021647, 21.055917096277941 ], [ 106.144058207026433, 21.053785096275625 ], [ 106.141818307028288, 21.053342896274735 ], [ 106.141654007028464, 21.053363496274656 ], [ 106.14153080702863, 21.053463796274581 ], [ 106.140716207031019, 21.056103196273451 ] ] ] } },
{ "type": "Feature", "properties": { "id": "osm_way_1346104850", "name_vi": "Khu công nghiệp Gia Bình II", "name_en": "Gia Binh II Industrial Zone", "aliases": "Gia Binh II Industrial Zone", "category": "industrial_park", "province_code": "24", "province_en": "Bac Ninh", "former_province_code": "27", "status": "unknown", "area_ha": 250.93417992924932, "developer": null, "website": null, "geometry_type": "polygon", "location_accuracy": "site", "part_count": 1, "osm_ids": "osm_way_1346104850", "source": "OpenStreetMap", "source_url": "https://www.openstreetmap.org/way/1346104850", "verified_on": "2026-08-31", "attribute_source": "osm", "geometry_observed_on": "2026-08-31" }, "geometry": { "type": "Polygon", "coordinates": [ [ [ 106.25086860695275, 21.098648896311531 ], [ 106.254912006945105, 21.092389296315154 ], [ 106.254976406944991, 21.092289596315204 ], [ 106.246583506949705, 21.087024096312884 ], [ 106.247422606948192, 21.0858598963136 ], [ 106.238949706953434, 21.081289396311032 ], [ 106.231202306968399, 21.093794596303962 ], [ 106.25086860695275, 21.098648896311531 ] ] ] } },
{ "type": "Feature", "properties": { "id": "osm_way_642268658", "name_vi": "Khu công nghiệp Hanaka", "name_en": null, "aliases": null, "category": "industrial_park", "province_code": "24", "province_en": "Bac Ninh", "former_province_code": "27", "status": "unknown", "area_ha": 48.701392586930552, "developer": null, "website": null, "geometry_type": "polygon", "location_accuracy": "site", "part_count": 1, "osm_ids": "osm_way_642268658", "source": "OpenStreetMap", "source_url": "https://www.openstreetmap.org/way/642268658", "verified_on": "2026-08-31", "attribute_source": "osm", "geometry_observed_on": "2026-08-31" }, "geometry": { "type": "Polygon", "coordinates": [ [ [ 105.959307607241499, 21.1196665961733 ], [ 105.959591007240817, 21.119002996173609 ], [ 105.958251307241611, 21.118235396173215 ], [ 105.955649707243239, 21.116880796172424 ], [ 105.95435000724585, 21.119107296171219 ], [ 105.955535707246739, 21.122425396170815 ], [ 105.955334807247027, 21.122568696170688 ], [ 105.955903107247494, 21.124218296170504 ], [ 105.956041407247383, 21.124239996170537 ], [ 105.956734407246159, 21.123317096171125 ], [ 105.957453107245783, 21.123808696171306 ], [ 105.957286407246059, 21.124027296171171 ], [ 105.95847080724532, 21.124650996171532 ], [ 105.961223907243607, 21.126100696172362 ], [ 105.96220660724164, 21.124399096173281 ], [ 105.96114340724229, 21.123845396172953 ], [ 105.961835207240966, 21.122708196173591 ], [ 105.962782107240301, 21.123099596173908 ], [ 105.963530607238866, 21.121898996174583 ], [ 105.959307607241499, 21.1196665961733 ] ] ] } },
{ "type": "Feature", "properties": { "id": "osm_way_1157349503", "name_vi": "Khu công nghiệp Hoà Phú", "name_en": null, "aliases": null, "category": "industrial_park", "province_code": "24", "province_en": "Bac Ninh", "former_province_code": "27", "status": "unknown", "area_ha": 187.11921584168823, "developer": null, "website": null, "geometry_type": "polygon", "location_accuracy": "site", "part_count": 1, "osm_ids": "osm_way_1157349503", "source": "OpenStreetMap", "source_url": "https://www.openstreetmap.org/way/1157349503", "verified_on": "2026-08-31", "attribute_source": "osm", "geometry_observed_on": "2026-08-31" }, "geometry": { "type": "Polygon", "coordinates": [ [ [ 105.960866907308656, 21.231972196142571 ], [ 105.959343407315117, 21.240212596139575 ], [ 105.959364907315219, 21.240412596139517 ], [ 105.959515107315127, 21.240472596139583 ], [ 105.961617907313311, 21.240772596140445 ], [ 105.960802607316865, 21.245352496138775 ], [ 105.963881707314314, 21.245932496140018 ], [ 105.963656407315469, 21.247442396139494 ], [ 105.965104807314205, 21.24763239614008 ], [ 105.964836607315405, 21.249172196139547 ], [ 105.967969407312708, 21.249612196140824 ], [ 105.968151807312495, 21.249542196140915 ], [ 105.968259107312292, 21.249392196141017 ], [ 105.970834007300667, 21.23435229614639 ], [ 105.971008707300101, 21.23370879614664 ], [ 105.971276807299475, 21.23308159614696 ], [ 105.971398907299218, 21.232881596147056 ], [ 105.971703607298664, 21.232423796147319 ], [ 105.971847707298409, 21.232244496147437 ], [ 105.972218507297825, 21.231859196147713 ], [ 105.972931407296798, 21.231307096148182 ], [ 105.973335007296285, 21.231050096148444 ], [ 105.970026207297593, 21.228069296147794 ], [ 105.969933907297644, 21.228023296147743 ], [ 105.969839807297731, 21.228019996147708 ], [ 105.968659107299786, 21.22955539614675 ], [ 105.968117107300728, 21.230241396146315 ], [ 105.967529307301646, 21.230851096145862 ], [ 105.966989207302433, 21.231293796145508 ], [ 105.966403007303171, 21.231612196145164 ], [ 105.966252807303263, 21.231492196145123 ], [ 105.965405207304229, 21.231772196144668 ], [ 105.964718607304917, 21.231852196144324 ], [ 105.961628707307909, 21.231932196142914 ], [ 105.960866907308656, 21.231972196142571 ] ] ] } },
{ "type": "Feature", "properties": { "id": "osm_way_1265422032", "name_vi": "Khu công nghiệp Nam Sơn - Hạp Lĩnh", "name_en": null, "aliases": null, "category": "industrial_park", "province_code": "24", "province_en": "Bac Ninh", "former_province_code": "27", "status": "unknown", "area_ha": 166.23985503748668, "developer": null, "website": null, "geometry_type": "polygon", "location_accuracy": "site", "part_count": 1, "osm_ids": "osm_way_1265422032", "source": "OpenStreetMap", "source_url": "https://www.openstreetmap.org/way/1265422032", "verified_on": "2026-08-31", "attribute_source": "osm", "geometry_observed_on": "2026-08-31" }, "geometry": { "type": "Polygon", "coordinates": [ [ [ 106.087642007123705, 21.125696996229717 ], [ 106.087620807125759, 21.129033396228767 ], [ 106.085159607128091, 21.129030196227649 ], [ 106.085247907128362, 21.12964659622752 ], [ 106.085930907130916, 21.13484689622636 ], [ 106.099548007117761, 21.13443139623265 ], [ 106.099560407117494, 21.133999396232781 ], [ 106.100961007116126, 21.133913796233429 ], [ 106.101773607113529, 21.130925596234658 ], [ 106.102137807112811, 21.130324496234987 ], [ 106.102259307112234, 21.129601396235241 ], [ 106.103482807111149, 21.129688496235772 ], [ 106.103791007109777, 21.127902596236403 ], [ 106.103520207110009, 21.127858996236309 ], [ 106.103520207108602, 21.125550296236955 ], [ 106.093570307118028, 21.125581596232443 ], [ 106.087642007123705, 21.125696996229717 ] ] ] } },
{ "type": "Feature", "properties": { "id": "osm_way_806896214", "name_vi": "Khu công nghiệp Quang Châu", "name_en": null, "aliases": null, "category": "industrial_park", "province_code": "24", "province_en": "Bac Ninh", "former_province_code": "27", "status": "unknown", "area_ha": 433.49843180213094, "developer": null, "website": null, "geometry_type": "polygon", "location_accuracy": "site", "part_count": 1, "osm_ids": "osm_way_806896214", "source": "OpenStreetMap", "source_url": "https://www.openstreetmap.org/way/806896214", "verified_on": "2026-08-31", "attribute_source": "osm", "geometry_observed_on": "2026-08-31" }, "geometry": { "type": "Polygon", "coordinates": [ [ [ 106.104772407162983, 21.216517396211902 ], [ 106.105925707164161, 21.220246296211382 ], [ 106.105992907164222, 21.220463396211358 ], [ 106.107319407162606, 21.219871596212116 ], [ 106.107770507162712, 21.220724596212079 ], [ 106.1088750071616, 21.220609896212615 ], [ 106.109101307161652, 21.221041896212597 ], [ 106.109351907161454, 21.221104596212694 ], [ 106.10939890716169, 21.221554396212582 ], [ 106.110361907161945, 21.223464096212481 ], [ 106.107750407166066, 21.226191496210532 ], [ 106.108645907166647, 21.228509696210292 ], [ 106.110597807167125, 21.232325196210095 ], [ 106.112085407167115, 21.234621496210117 ], [ 106.113013907166945, 21.235751896210221 ], [ 106.115041407166601, 21.238351496210409 ], [ 106.117077407165937, 21.240404596210766 ], [ 106.11867000716309, 21.238219896212094 ], [ 106.121807507157129, 21.23331499621489 ], [ 106.123033907156483, 21.234128496215213 ], [ 106.123915307155102, 21.23327069621585 ], [ 106.124806607153445, 21.231961796216627 ], [ 106.124067207153928, 21.231592996216399 ], [ 106.123192707154544, 21.231231896216098 ], [ 106.123112207154549, 21.231090796216108 ], [ 106.12374320715341, 21.230214596216644 ], [ 106.120296107152498, 21.223360796217008 ], [ 106.119872907152811, 21.22325149621685 ], [ 106.119786907152701, 21.222939396216894 ], [ 106.120018807152405, 21.22281449621704 ], [ 106.12168550715036, 21.22204499621802 ], [ 106.121831707150108, 21.221842096218129 ], [ 106.119987807149471, 21.217953696218391 ], [ 106.120395407148962, 21.217767196218631 ], [ 106.119241807148512, 21.215271196218804 ], [ 106.119008707148566, 21.215007496218771 ], [ 106.118692707148654, 21.21466559621873 ], [ 106.118133607149545, 21.215215296218325 ], [ 106.116123507149027, 21.211274696218524 ], [ 106.114449807151047, 21.211985896217573 ], [ 106.112826407150621, 21.208745696217751 ], [ 106.11297700715042, 21.208637796217843 ], [ 106.11515440714831, 21.208594896218855 ], [ 106.115181907146152, 21.20509699621984 ], [ 106.113109807147964, 21.204875596218969 ], [ 106.110353907150923, 21.205432296217541 ], [ 106.110276207152765, 21.208326596216697 ], [ 106.102942307160788, 21.210100496212874 ], [ 106.104772407162983, 21.216517396211902 ] ] ] } },
{ "type": "Feature", "properties": { "id": "osm_way_597872887", "name_vi": "Khu công nghiệp Quế Võ", "name_en": "Que Vo Industrial Zone", "aliases": "Que Vo Industrial Zone", "category": "industrial_park", "province_code": "24", "province_en": "Bac Ninh", "former_province_code": "27", "status": "unknown", "area_ha": 619.05760340864754, "developer": null, "website": null, "geometry_type": "polygon", "location_accuracy": "site", "part_count": 1, "osm_ids": "osm_way_597872887", "source": "OpenStreetMap", "source_url": "https://www.openstreetmap.org/way/597872887", "verified_on": "2026-08-31", "attribute_source": "osm", "geometry_observed_on": "2026-08-31" }, "geometry": { "type": "Polygon", "coordinates": [ [ [ 106.131376207089815, 21.137969596246101 ], [ 106.127545107093852, 21.138624396244175 ], [ 106.12628600709516, 21.138839596243535 ], [ 106.125399507096091, 21.138991096243092 ], [ 106.125917007097385, 21.141900896242515 ], [ 106.122119407101394, 21.142570096240604 ], [ 106.12227540710181, 21.143490996240413 ], [ 106.12321560710123, 21.14404949624068 ], [ 106.123858107102791, 21.147558196239977 ], [ 106.116773807110249, 21.148784596236425 ], [ 106.117061307110703, 21.150003896236221 ], [ 106.114865307113035, 21.1504025962351 ], [ 106.114860907113027, 21.150383196235101 ], [ 106.114789907112879, 21.150057096235155 ], [ 106.114748507112822, 21.149897996235193 ], [ 106.114709007112779, 21.149729596235222 ], [ 106.114560307112583, 21.149207796235288 ], [ 106.111793507115664, 21.149914596233845 ], [ 106.110355807117287, 21.150394896233045 ], [ 106.106081007123151, 21.153361596230283 ], [ 106.105238007123305, 21.15231269623019 ], [ 106.102062907127674, 21.154538996228133 ], [ 106.101464207128487, 21.154946196227733 ], [ 106.099362307131329, 21.156369096226385 ], [ 106.097412407134016, 21.157698896225128 ], [ 106.096365907135421, 21.158401196224467 ], [ 106.095393307136732, 21.159035196223847 ], [ 106.095411707136762, 21.159137196223824 ], [ 106.102887407135285, 21.168279496224631 ], [ 106.103069307135257, 21.168502196224644 ], [ 106.103109007135245, 21.168550796224661 ], [ 106.104712007134935, 21.170519196224838 ], [ 106.107506107131101, 21.168569796226652 ], [ 106.108886007129271, 21.167734496227503 ], [ 106.109830107129127, 21.168955096227592 ], [ 106.113317007124351, 21.166563896229842 ], [ 106.115543207122002, 21.166153696230964 ], [ 106.114819007122136, 21.165243296230898 ], [ 106.115827507120642, 21.164362796231615 ], [ 106.115398407120381, 21.163262196231717 ], [ 106.118187907116678, 21.161501296233482 ], [ 106.121550407113176, 21.160973996235157 ], [ 106.121586107113203, 21.161125296235127 ], [ 106.124189007110445, 21.16058879623645 ], [ 106.123593607109129, 21.157530996237053 ], [ 106.129084107103409, 21.156649296239785 ], [ 106.134157407098073, 21.155809696242311 ], [ 106.134389007097695, 21.155539496242501 ], [ 106.133504607095432, 21.150496596243535 ], [ 106.133149007094474, 21.148349396243976 ], [ 106.131376207089815, 21.137969596246101 ] ] ] } },
{ "type": "Feature", "properties": { "id": "osm_way_597920929", "name_vi": "Khu công nghiệp Quế Võ II", "name_en": null, "aliases": null, "category": "industrial_park", "province_code": "24", "province_en": "Bac Ninh", "former_province_code": "27", "status": "unknown", "area_ha": 126.88100221140543, "developer": null, "website": null, "geometry_type": "polygon", "location_accuracy": "site", "part_count": 1, "osm_ids": "osm_way_597920929", "source": "OpenStreetMap", "source_url": "https://www.openstreetmap.org/way/597920929", "verified_on": "2026-08-31", "attribute_source": "osm", "geometry_observed_on": "2026-08-31" }, "geometry": { "type": "Polygon", "coordinates": [ [ [ 106.212719607004786, 21.12477699628678 ], [ 106.212274407006731, 21.127264096285863 ], [ 106.215856707003709, 21.127869596287329 ], [ 106.216435007005515, 21.131707496286502 ], [ 106.216391207006325, 21.132952096286139 ], [ 106.217227607005654, 21.133194096286449 ], [ 106.218677707004133, 21.132942596287165 ], [ 106.22830870699427, 21.131672396291911 ], [ 106.227053506990245, 21.123185896293748 ], [ 106.222107406995306, 21.123816296291313 ], [ 106.21551190700211, 21.124709496288069 ], [ 106.215308007002108, 21.124429296288049 ], [ 106.212719607004786, 21.12477699628678 ] ] ] } },
{ "type": "Feature", "properties": { "id": "osm_way_1184113104", "name_vi": "Khu công nghiệp Quế Võ III", "name_en": null, "aliases": null, "category": "industrial_park", "province_code": "24", "province_en": "Bac Ninh", "former_province_code": "27", "status": "unknown", "area_ha": 139.12478252776461, "developer": null, "website": null, "geometry_type": "polygon", "location_accuracy": "site", "part_count": 1, "osm_ids": "osm_way_1184113104", "source": "OpenStreetMap", "source_url": "https://www.openstreetmap.org/way/1184113104", "verified_on": "2026-08-31", "attribute_source": "osm", "geometry_observed_on": "2026-08-31" }, "geometry": { "type": "Polygon", "coordinates": [ [ [ 106.169756907064084, 21.15531279625862 ], [ 106.169655007064335, 21.155562996258507 ], [ 106.1691990070656, 21.156918696257915 ], [ 106.169295607065592, 21.157058796257921 ], [ 106.174954107060785, 21.157988996260222 ], [ 106.174994407060765, 21.15798839626024 ], [ 106.175030807060722, 21.157971996260262 ], [ 106.175060307060676, 21.157947396260298 ], [ 106.176272207058929, 21.156978796261114 ], [ 106.176368707058728, 21.156788696261213 ], [ 106.176218507058792, 21.156638596261189 ], [ 106.17675500705792, 21.156068296261584 ], [ 106.176937407057821, 21.156178296261633 ], [ 106.177820307056436, 21.155295496262298 ], [ 106.178096407056358, 21.155580296262329 ], [ 106.178557207056187, 21.15603139626241 ], [ 106.179251307055921, 21.156667496262553 ], [ 106.179956807055632, 21.157280696262696 ], [ 106.180639107054787, 21.156977296263094 ], [ 106.18118600705408, 21.156658596263426 ], [ 106.183600007050742, 21.154917596265022 ], [ 106.185220007050305, 21.156708596265251 ], [ 106.193065807038963, 21.150294796270636 ], [ 106.191714007039394, 21.1488739962704 ], [ 106.184160907050256, 21.155017596265246 ], [ 106.183881907050392, 21.154757496265205 ], [ 106.184225307049871, 21.154477296265426 ], [ 106.181864907050638, 21.152075896265014 ], [ 106.182208207050223, 21.151875796265227 ], [ 106.180985107050645, 21.150695096265018 ], [ 106.181554907049758, 21.150146196265428 ], [ 106.181864907049643, 21.150414896265502 ], [ 106.182701807048375, 21.14965439626609 ], [ 106.182530107048464, 21.14951439626606 ], [ 106.182658807048213, 21.149314196266165 ], [ 106.181993707048449, 21.148653796266064 ], [ 106.182873407047055, 21.147733296266718 ], [ 106.183013807046791, 21.147544196266846 ], [ 106.183138107046489, 21.147237496266978 ], [ 106.183152707046375, 21.147074996267023 ], [ 106.183322807046054, 21.146836896267175 ], [ 106.185931407042261, 21.144628596268984 ], [ 106.185813107042293, 21.144504296268973 ], [ 106.185042507042525, 21.143695196268844 ], [ 106.184470207042708, 21.143094196268759 ], [ 106.181646807046803, 21.145415096266824 ], [ 106.180109907047296, 21.14385939626656 ], [ 106.180050607047306, 21.143790496266551 ], [ 106.179992207047306, 21.143683296266548 ], [ 106.179921207047173, 21.143368296266605 ], [ 106.179235507045135, 21.138951296267543 ], [ 106.179219007045091, 21.138865796267563 ], [ 106.178948407045041, 21.138364196267577 ], [ 106.17893730704499, 21.138272596267605 ], [ 106.178970307044906, 21.13817349626764 ], [ 106.178984807044856, 21.138121296267666 ], [ 106.179055507044723, 21.137988096267744 ], [ 106.179177207044518, 21.137877696267825 ], [ 106.179223007044413, 21.137766296267873 ], [ 106.177987007045914, 21.138310596267161 ], [ 106.178166507045745, 21.138315796267246 ], [ 106.178273307045657, 21.13833049626728 ], [ 106.178387607045565, 21.138376496267327 ], [ 106.178506507045512, 21.138449296267357 ], [ 106.178633907045466, 21.13860059626737 ], [ 106.178838207045558, 21.13903829626733 ], [ 106.178886107045614, 21.139184996267321 ], [ 106.179198807046518, 21.141210596266895 ], [ 106.179601107047731, 21.143790896266349 ], [ 106.179668507047779, 21.14395399626633 ], [ 106.17978030704775, 21.144087196266341 ], [ 106.181263807047358, 21.14574619626654 ], [ 106.178433307051435, 21.14806089626461 ], [ 106.169756907064084, 21.15531279625862 ] ] ] } },
{ "type": "Feature", "properties": { "id": "osm_way_1453949602", "name_vi": "Khu Công nghiệp Quế Võ mở rộng 2", "name_en": null, "aliases": null, "category": "industrial_park", "province_code": "24", "province_en": "Bac Ninh", "former_province_code": "27", "status": "under_construction", "area_ha": 173.73549987811566, "developer": null, "website": null, "geometry_type": "polygon", "location_accuracy": "site", "part_count": 1, "osm_ids": "osm_way_1453949602", "source": "OpenStreetMap", "source_url": "https://www.openstreetmap.org/way/1453949602", "verified_on": "2026-08-31", "attribute_source": "osm", "geometry_observed_on": "2026-08-31" }, "geometry": { "type": "Polygon", "coordinates": [ [ [ 106.154219807065829, 21.134081696257553 ], [ 106.154301407064821, 21.132554596258032 ], [ 106.154332107064207, 21.131603796258318 ], [ 106.152628907065633, 21.131279596257627 ], [ 106.152089107066061, 21.131153196257426 ], [ 106.151741607066313, 21.131040496257299 ], [ 106.151204307066763, 21.13093479625708 ], [ 106.148611307068975, 21.130559996256007 ], [ 106.14627210707097, 21.130208296255038 ], [ 106.144660107072355, 21.129978296254382 ], [ 106.143570707073309, 21.129821996253927 ], [ 106.142493507074235, 21.129670296253487 ], [ 106.141475507075086, 21.129520796253061 ], [ 106.140864307075631, 21.129428896252822 ], [ 106.140326907076101, 21.129355296252587 ], [ 106.139565307076737, 21.129244896252271 ], [ 106.139042807077175, 21.129169096252067 ], [ 106.138372307077759, 21.129058696251782 ], [ 106.137837407078194, 21.128971296251564 ], [ 106.13739870707856, 21.128863296251392 ], [ 106.136915607078919, 21.128736796251225 ], [ 106.136402907079315, 21.128580496251018 ], [ 106.135956807079623, 21.128398796250877 ], [ 106.135505707079929, 21.128184996250724 ], [ 106.135091607080199, 21.127987296250595 ], [ 106.13489440708031, 21.127881496250541 ], [ 106.134687407080435, 21.127752796250476 ], [ 106.134532107080517, 21.127640096250445 ], [ 106.13448030708139, 21.128968996250048 ], [ 106.134390607083787, 21.132742696248936 ], [ 106.130979107087057, 21.132849996247366 ], [ 106.131055507088021, 21.134515496246934 ], [ 106.131053707088043, 21.134590396246903 ], [ 106.131929707087266, 21.134653096247277 ], [ 106.13198770708722, 21.134680996247297 ], [ 106.132015707087234, 21.134719296247297 ], [ 106.132026907087237, 21.134755896247288 ], [ 106.132047407087299, 21.134867396247284 ], [ 106.132114707087425, 21.135194996247211 ], [ 106.132144607087611, 21.135562596247123 ], [ 106.132161407087622, 21.135607896247119 ], [ 106.132208107087607, 21.135635796247136 ], [ 106.132294007087523, 21.135656696247164 ], [ 106.132381807087469, 21.1356758962472 ], [ 106.132415407087464, 21.135708996247207 ], [ 106.132434107087491, 21.135782196247206 ], [ 106.13249370708796, 21.136677896246969 ], [ 106.132735807087755, 21.13668719624707 ], [ 106.137989007082197, 21.135728096249732 ], [ 106.138163007084572, 21.139896296248629 ], [ 106.144026807079115, 21.140045096251253 ], [ 106.143902107077508, 21.137212496251998 ], [ 106.154219807065829, 21.134081696257553 ] ] ] } },
{ "type": "Feature", "properties": { "id": "osm_relation_15646446", "name_vi": "Khu công nghiệp Song Khê - Nội Hoàng", "name_en": null, "aliases": null, "category": "industrial_park", "province_code": "24", "province_en": "Bac Ninh", "former_province_code": "27", "status": "unknown", "area_ha": 171.24496034166276, "developer": null, "website": null, "geometry_type": "polygon", "location_accuracy": "site", "part_count": 1, "osm_ids": "osm_relation_15646446", "source": "OpenStreetMap", "source_url": "https://www.openstreetmap.org/relation/15646446", "verified_on": "2026-08-31", "attribute_source": "osm", "geometry_observed_on": "2026-08-31" }, "geometry": { "type": "MultiPolygon", "coordinates": [ [ [ [ 106.168841007120704, 21.246541096232466 ], [ 106.169764407119501, 21.24599959623303 ], [ 106.171043807117456, 21.244614196234004 ], [ 106.171471307117116, 21.244735496234163 ], [ 106.17188020711643, 21.244250396234495 ], [ 106.172168207116172, 21.244266796234609 ], [ 106.173791407112944, 21.241522996236114 ], [ 106.175689707109811, 21.239317796237607 ], [ 106.176418607108772, 21.238774596238073 ], [ 106.177572007108438, 21.240004596238258 ], [ 106.182113407102179, 21.236749696241244 ], [ 106.177892307105637, 21.235907596239567 ], [ 106.175945307107327, 21.235682596238739 ], [ 106.175446907108068, 21.236089096238413 ], [ 106.172900207110331, 21.235856796237314 ], [ 106.171147907113493, 21.238310396235825 ], [ 106.172199307112933, 21.239029096236102 ], [ 106.170657207115923, 21.241555196234703 ], [ 106.16928650711823, 21.243181196233611 ], [ 106.168313007118854, 21.242702096233316 ], [ 106.167176007120531, 21.243667496232529 ], [ 106.165338007122372, 21.243812696231657 ], [ 106.165400307122809, 21.244661996231443 ], [ 106.163632407124638, 21.244908796230561 ], [ 106.163562307124778, 21.245039396230492 ], [ 106.165005407124582, 21.246931096230625 ], [ 106.167813507121792, 21.246736096231945 ], [ 106.168841007120704, 21.246541096232466 ] ] ], [ [ [ 106.17277900711737, 21.24716999623406 ], [ 106.17274490711749, 21.247322496234013 ], [ 106.172788707117604, 21.247570796233962 ], [ 106.172986707117502, 21.247732096234003 ], [ 106.174735207116143, 21.248219096234653 ], [ 106.175625707115486, 21.248529096234979 ], [ 106.182701407111068, 21.252222196237135 ], [ 106.182882807110843, 21.252161996237234 ], [ 106.186723707104377, 21.247522296240284 ], [ 106.184804207105429, 21.246237996239788 ], [ 106.182894507106298, 21.244718096239342 ], [ 106.182535507106451, 21.244438096239264 ], [ 106.180179507107496, 21.24250809623874 ], [ 106.179734207107671, 21.242093096238662 ], [ 106.179444607107754, 21.241763096238611 ], [ 106.179181707107873, 21.241548096238564 ], [ 106.178870607108053, 21.241368096238467 ], [ 106.177240307109471, 21.241173096237791 ], [ 106.175877707110715, 21.241073096237187 ], [ 106.175228607111151, 21.240828396236964 ], [ 106.174953607111846, 21.241539296236649 ], [ 106.174944307111915, 21.241563396236636 ], [ 106.174601007112599, 21.242208396236293 ], [ 106.173971307113916, 21.243355196235683 ], [ 106.174558507113517, 21.24361069623588 ], [ 106.173048007116776, 21.246639796234348 ], [ 106.17277900711737, 21.24716999623406 ] ] ] ] } },
{ "type": "Feature", "properties": { "id": "osm_way_1119170920", "name_vi": "Khu công nghiệp Thuận Thành 2", "name_en": null, "aliases": null, "category": "industrial_park", "province_code": "24", "province_en": "Bac Ninh", "former_province_code": "27", "status": "unknown", "area_ha": 213.07821480774061, "developer": null, "website": null, "geometry_type": "polygon", "location_accuracy": "site", "part_count": 1, "osm_ids": "osm_way_1119170920", "source": "OpenStreetMap", "source_url": "https://www.openstreetmap.org/way/1119170920", "verified_on": "2026-08-31", "attribute_source": "osm", "geometry_observed_on": "2026-08-31" }, "geometry": { "type": "Polygon", "coordinates": [ [ [ 106.10209930706462, 21.051272096257268 ], [ 106.101458007066611, 21.053575296256319 ], [ 106.105906907063357, 21.055134896257904 ], [ 106.104456707067072, 21.058970996256161 ], [ 106.100743407069842, 21.057746696254814 ], [ 106.099279007073591, 21.061615996253057 ], [ 106.115276107061689, 21.066928896258837 ], [ 106.118248407054026, 21.058987796262432 ], [ 106.119716507050285, 21.055137096264168 ], [ 106.114540407054449, 21.053936896262158 ], [ 106.110355007057805, 21.052948896260535 ], [ 106.1074037070602, 21.052251696259386 ], [ 106.105928807061375, 21.051902596258813 ], [ 106.105068507062015, 21.051621796258509 ], [ 106.10477740706223, 21.051522396258406 ], [ 106.104586007062366, 21.051482896258324 ], [ 106.103755607063121, 21.051411696257979 ], [ 106.10209930706462, 21.051272096257268 ] ] ] } },
{ "type": "Feature", "properties": { "id": "osm_way_1119170923", "name_vi": "Khu công nghiệp Thuận Thành 3", "name_en": null, "aliases": null, "category": "industrial_park", "province_code": "24", "province_en": "Bac Ninh", "former_province_code": "27", "status": "unknown", "area_ha": 107.73416116953103, "developer": null, "website": null, "geometry_type": "polygon", "location_accuracy": "site", "part_count": 1, "osm_ids": "osm_way_1119170923", "source": "OpenStreetMap", "source_url": "https://www.openstreetmap.org/way/1119170923", "verified_on": "2026-08-31", "attribute_source": "osm", "geometry_observed_on": "2026-08-31" }, "geometry": { "type": "Polygon", "coordinates": [ [ [ 106.05153610710768, 21.043427096236517 ], [ 106.051341107111128, 21.048777296234917 ], [ 106.057600607104845, 21.048186896237922 ], [ 106.062421907099363, 21.046691196240523 ], [ 106.062477207092698, 21.035853796243607 ], [ 106.056114707098899, 21.036168496240634 ], [ 106.056156007098991, 21.036357596240595 ], [ 106.055764607099391, 21.036407796240422 ], [ 106.055753207100835, 21.038762996239726 ], [ 106.05715610709953, 21.038810896240367 ], [ 106.057106207101327, 21.041641396239534 ], [ 106.056705507101682, 21.041637596239365 ], [ 106.056603607102275, 21.042436196239084 ], [ 106.0566079071031, 21.043781296238713 ], [ 106.05153610710768, 21.043427096236517 ] ] ] } },
{ "type": "Feature", "properties": { "id": "osm_way_1467190501", "name_vi": "Khu công nghiệp Thuận Thành III", "name_en": null, "aliases": null, "category": "industrial_park", "province_code": "24", "province_en": "Bac Ninh", "former_province_code": "27", "status": "unknown", "area_ha": 294.14323694679001, "developer": null, "website": null, "geometry_type": "polygon", "location_accuracy": "site", "part_count": 1, "osm_ids": "osm_way_1467190501", "source": "OpenStreetMap", "source_url": "https://www.openstreetmap.org/way/1467190501", "verified_on": "2026-08-31", "attribute_source": "osm", "geometry_observed_on": "2026-08-31" }, "geometry": { "type": "Polygon", "coordinates": [ [ [ 106.080977007076072, 21.037289796251613 ], [ 106.080436207076048, 21.036440596251598 ], [ 106.075741307079994, 21.035599496249713 ], [ 106.070522807084657, 21.035150796247468 ], [ 106.064875107090216, 21.035511296244799 ], [ 106.064935207094194, 21.042144396242957 ], [ 106.065681907093747, 21.042536896243188 ], [ 106.065621807095752, 21.045764196242246 ], [ 106.066647507094601, 21.045451796242805 ], [ 106.069047207098109, 21.054930996241222 ], [ 106.08051920708499, 21.051220396247466 ], [ 106.080414607083796, 21.04910049624803 ], [ 106.079727107083457, 21.047454796248179 ], [ 106.08118420708162, 21.04671559624904 ], [ 106.081146807080344, 21.044567696249644 ], [ 106.080977007076072, 21.037289796251613 ] ] ] } },
{ "type": "Feature", "properties": { "id": "osm_way_28473576", "name_vi": "Khu công nghiệp Tiên Sơn", "name_en": "Tien Son Industrial Park", "aliases": "Tien Son Industrial Park", "category": "industrial_park", "province_code": "24", "province_en": "Bac Ninh", "former_province_code": "27", "status": "unknown", "area_ha": 379.08938756813615, "developer": null, "website": null, "geometry_type": "polygon", "location_accuracy": "site", "part_count": 1, "osm_ids": "osm_way_28473576", "source": "OpenStreetMap", "source_url": "https://www.openstreetmap.org/way/28473576", "verified_on": "2026-08-31", "attribute_source": "osm", "geometry_observed_on": "2026-08-31" }, "geometry": { "type": "Polygon", "coordinates": [ [ [ 105.998193007209792, 21.128045296188539 ], [ 105.99830450720944, 21.127595196188729 ], [ 105.999319507205811, 21.123246596190402 ], [ 105.999532007205048, 21.122336096190754 ], [ 105.999670007204557, 21.121744896190979 ], [ 105.99984900720392, 21.120977796191269 ], [ 106.000019707203307, 21.120246396191561 ], [ 106.000071307203129, 21.120039896191642 ], [ 105.999360107203742, 21.11990669619135 ], [ 105.999019707204013, 21.119842896191198 ], [ 105.999137107203296, 21.118865996191555 ], [ 105.994485707205868, 21.115847796190288 ], [ 105.993592707208975, 21.119563196188849 ], [ 105.993192307210379, 21.121255896188192 ], [ 105.991334907211908, 21.120882696187444 ], [ 105.990510907211188, 21.11840249618777 ], [ 105.990378507210878, 21.117692496187921 ], [ 105.990013307209466, 21.114823396188555 ], [ 105.990955807207655, 21.113311296189408 ], [ 105.99079820720776, 21.113227196189357 ], [ 105.989724307208434, 21.112653696189025 ], [ 105.988177207209333, 21.11176389618857 ], [ 105.986657507210253, 21.110888996188134 ], [ 105.986539707210298, 21.1108252961881 ], [ 105.986445807210387, 21.110809896188059 ], [ 105.985932507210947, 21.110895796187794 ], [ 105.985579007211314, 21.110970196187633 ], [ 105.985116007211815, 21.111051396187385 ], [ 105.984726807212198, 21.11109299618721 ], [ 105.984375707212564, 21.111148796187027 ], [ 105.98429710721264, 21.111153996186989 ], [ 105.983623307213392, 21.111317196186647 ], [ 105.98225060721488, 21.111649496185933 ], [ 105.981598307215606, 21.111811496185592 ], [ 105.981165407216054, 21.111918896185355 ], [ 105.980989607216273, 21.111992996185258 ], [ 105.980564207216915, 21.112374796184966 ], [ 105.980283407217343, 21.112626896184764 ], [ 105.979095007219129, 21.113693596183928 ], [ 105.978134907220564, 21.114555296183251 ], [ 105.9777017072212, 21.11494419618294 ], [ 105.977604507221372, 21.115076796182869 ], [ 105.9772284072221, 21.115680896182528 ], [ 105.976802107222909, 21.116365596182138 ], [ 105.976600707223312, 21.116689196181955 ], [ 105.976549107223391, 21.116772096181919 ], [ 105.976355507223772, 21.11708309618173 ], [ 105.979492607221886, 21.118834596182658 ], [ 105.987543707217256, 21.123737096184936 ], [ 105.986123607222268, 21.129770896182603 ], [ 105.992608807216925, 21.131062896185153 ], [ 105.998445007212112, 21.132225596187482 ], [ 106.007357607204767, 21.134001196191033 ], [ 106.007560107204597, 21.134041496191102 ], [ 106.008199407203435, 21.133152396191647 ], [ 106.008923707202285, 21.132383996192178 ], [ 106.01361370719502, 21.127740596195597 ], [ 106.012769707195503, 21.127194396195375 ], [ 106.011674907196081, 21.126485596195081 ], [ 106.009260507197425, 21.12494719619443 ], [ 106.007691207198292, 21.123918996194007 ], [ 106.003640207205621, 21.129630796190565 ], [ 105.999438207209025, 21.12872919618891 ], [ 105.998193007209792, 21.128045296188539 ] ] ] } },
{ "type": "Feature", "properties": { "id": "osm_way_704069818", "name_vi": "Khu công nghiệp Vân Trung", "name_en": null, "aliases": null, "category": "industrial_park", "province_code": "24", "province_en": "Bac Ninh", "former_province_code": "27", "status": "unknown", "area_ha": 344.46440264019168, "developer": null, "website": null, "geometry_type": "polygon", "location_accuracy": "site", "part_count": 1, "osm_ids": "osm_way_704069818", "source": "OpenStreetMap", "source_url": "https://www.openstreetmap.org/way/704069818", "verified_on": "2026-08-31", "attribute_source": "osm", "geometry_observed_on": "2026-08-31" }, "geometry": { "type": "Polygon", "coordinates": [ [ [ 106.153814707136803, 21.249597996224797 ], [ 106.152601807131205, 21.238601596227337 ], [ 106.153944007129752, 21.238297596228037 ], [ 106.153051107128576, 21.234980796228559 ], [ 106.143177407139362, 21.237343396223444 ], [ 106.14319680713966, 21.237860396223287 ], [ 106.132560907149568, 21.237583696218554 ], [ 106.128926107157838, 21.245495796214687 ], [ 106.130802207157942, 21.248568996214669 ], [ 106.132318207156857, 21.249134196215191 ], [ 106.134156407155317, 21.249487396215933 ], [ 106.138912907151379, 21.250405896217831 ], [ 106.143461007147366, 21.250847396219768 ], [ 106.146000307144917, 21.250776696220921 ], [ 106.149221807141728, 21.250547096222448 ], [ 106.153814707136803, 21.249597996224797 ] ] ] } },
{ "type": "Feature", "properties": { "id": "osm_way_897187625", "name_vi": "Khu công nghiệp Việt Hàn", "name_en": null, "aliases": "KCN Việt Hàn", "category": "industrial_park", "province_code": "24", "province_en": "Bac Ninh", "former_province_code": "24", "status": "unknown", "area_ha": 52.859521153514457, "developer": null, "website": null, "geometry_type": "polygon", "location_accuracy": "site", "part_count": 2, "osm_ids": "osm_node_8339162584|osm_way_897187625", "source": "OpenStreetMap", "source_url": "https://www.openstreetmap.org/way/897187625", "verified_on": "2026-08-31", "attribute_source": "osm", "geometry_observed_on": "2026-08-31" }, "geometry": { "type": "Polygon", "coordinates": [ [ [ 106.148153307146998, 21.257498696220015 ], [ 106.148373407146607, 21.257193596220205 ], [ 106.14911530714555, 21.256641596220682 ], [ 106.148525007145764, 21.256061096220574 ], [ 106.149968307143467, 21.254562696221658 ], [ 106.151221907141476, 21.253253796222602 ], [ 106.150091507141909, 21.252171896222389 ], [ 106.149244907143441, 21.25337589622168 ], [ 106.148877107144159, 21.25398919622133 ], [ 106.148653307144443, 21.254109096221182 ], [ 106.147273007144804, 21.252568496220999 ], [ 106.146850307144845, 21.251991696220976 ], [ 106.146718007144742, 21.251622496221017 ], [ 106.143239107148091, 21.251697196219414 ], [ 106.142523307149361, 21.252685796218817 ], [ 106.141748607150703, 21.253673696218183 ], [ 106.141699507151856, 21.255474796217648 ], [ 106.142243507151747, 21.256130796217718 ], [ 106.142136307151915, 21.256236296217637 ], [ 106.141281707152885, 21.256531796217175 ], [ 106.141330407153021, 21.2568348962171 ], [ 106.141460507153141, 21.257213796217066 ], [ 106.141671907153224, 21.257653296217033 ], [ 106.141980907153155, 21.258047396217069 ], [ 106.142338707153058, 21.258441396217115 ], [ 106.142826507152762, 21.258714196217245 ], [ 106.143281907152513, 21.259002196217384 ], [ 106.143753507152127, 21.259093096217576 ], [ 106.144046207151803, 21.259017296217728 ], [ 106.144322607151395, 21.258789996217917 ], [ 106.144956807150606, 21.258456596218288 ], [ 106.145152007150543, 21.258653596218323 ], [ 106.145444707150304, 21.258729396218431 ], [ 106.145704907150034, 21.258698996218556 ], [ 106.145916307149676, 21.258441396218743 ], [ 106.145818707149502, 21.258001896218811 ], [ 106.146030107149159, 21.25774429621897 ], [ 106.147444907147886, 21.257895796219575 ], [ 106.147949007147247, 21.257638196219869 ], [ 106.148153307146998, 21.257498696220015 ] ] ] } },
{ "type": "Feature", "properties": { "id": "osm_way_642274405", "name_vi": "Khu công nghiệp VSIP Bắc Ninh", "name_en": "Vietnam-Singapore Industrial Park (VSIP Bac Ninh)", "aliases": "Vietnam-Singapore Industrial Park (VSIP Bac Ninh)", "category": "industrial_park", "province_code": "24", "province_en": "Bac Ninh", "former_province_code": "27", "status": "unknown", "area_ha": 435.58828600395134, "developer": null, "website": null, "geometry_type": "polygon", "location_accuracy": "site", "part_count": 1, "osm_ids": "osm_way_642274405", "source": "OpenStreetMap", "source_url": "https://www.openstreetmap.org/way/642274405", "verified_on": "2026-08-31", "attribute_source": "osm", "geometry_observed_on": "2026-08-31" }, "geometry": { "type": "Polygon", "coordinates": [ [ [ 105.969336507206791, 21.078381496189426 ], [ 105.968976307207583, 21.079142996189045 ], [ 105.967885607209993, 21.081355596187926 ], [ 105.967661907210584, 21.082004196187651 ], [ 105.971937807207425, 21.083434996189183 ], [ 105.97736120720333, 21.085129496191161 ], [ 105.977611707203906, 21.086489696190903 ], [ 105.981788007199597, 21.085899296192959 ], [ 105.982580307201729, 21.09062289619197 ], [ 105.983192607200749, 21.08995709619245 ], [ 105.983119707200572, 21.089572496192524 ], [ 105.986969407196455, 21.088765396194482 ], [ 105.986977907194003, 21.084807096195622 ], [ 105.989544207191372, 21.084446296196873 ], [ 105.99151810718854, 21.082881496198205 ], [ 105.992795407187245, 21.082715596198828 ], [ 105.992253607188957, 21.084705696198018 ], [ 105.99246890718976, 21.086351896197655 ], [ 105.99871090718328, 21.085419896200733 ], [ 105.997946407181402, 21.081102396201619 ], [ 105.99780030718135, 21.080858496201614 ], [ 105.997541607181518, 21.08069859620154 ], [ 105.997181907181854, 21.080715196201371 ], [ 105.993062507186139, 21.081327896199323 ], [ 105.992398207184223, 21.077166396200205 ], [ 105.994881207181606, 21.076761296201454 ], [ 105.996325707181029, 21.078037096201744 ], [ 105.998606407177519, 21.075798096203414 ], [ 105.998886007177106, 21.075534996203611 ], [ 105.999215007176588, 21.07520769620384 ], [ 105.999283407176407, 21.075027096203925 ], [ 105.999316907176251, 21.07484779620399 ], [ 105.999348307176064, 21.074586796204077 ], [ 105.99939110717601, 21.074541596204106 ], [ 105.997837107176665, 21.073209596203782 ], [ 105.9938600071781, 21.069408096203055 ], [ 105.993444707178327, 21.069098496202937 ], [ 105.993144207178631, 21.069136796202805 ], [ 105.990638207181206, 21.069463896201572 ], [ 105.988585107183326, 21.069787696200539 ], [ 105.98675120718525, 21.070077996199629 ], [ 105.986101707185881, 21.070099996199332 ], [ 105.98190750718986, 21.070110996197428 ], [ 105.980206507191483, 21.070142796196659 ], [ 105.978332107193353, 21.070296996195754 ], [ 105.976831607194882, 21.070489596195024 ], [ 105.975218607196652, 21.070847896194206 ], [ 105.975695907197931, 21.073715096193613 ], [ 105.976249507199284, 21.076799596192998 ], [ 105.976329307199521, 21.077292296192901 ], [ 105.969336507206791, 21.078381496189426 ] ] ] } },
{ "type": "Feature", "properties": { "id": "osm_way_875632648", "name_vi": "Khu công nghiệp Xử lý chất thải môi trường Đồng Sài - Phù Lãng", "name_en": null, "aliases": null, "category": "industrial_park", "province_code": "24", "province_en": "Bac Ninh", "former_province_code": "27", "status": "unknown", "area_ha": 60.598982218533394, "developer": null, "website": null, "geometry_type": "polygon", "location_accuracy": "site", "part_count": 1, "osm_ids": "osm_way_875632648", "source": "OpenStreetMap", "source_url": "https://www.openstreetmap.org/way/875632648", "verified_on": "2026-08-31", "attribute_source": "osm", "geometry_observed_on": "2026-08-31" }, "geometry": { "type": "Polygon", "coordinates": [ [ [ 106.235496906999941, 21.152129796289394 ], [ 106.23509930700277, 21.156139096288076 ], [ 106.231163207005764, 21.15496719628662 ], [ 106.23107180700616, 21.155475396286427 ], [ 106.231058907006286, 21.155658496286378 ], [ 106.230872707006768, 21.156128696286164 ], [ 106.230547907007491, 21.156814396285814 ], [ 106.230547907007505, 21.156838996285813 ], [ 106.230601707007494, 21.156930096285809 ], [ 106.230694607007464, 21.157004796285822 ], [ 106.231064107007313, 21.157328296285904 ], [ 106.235929407005798, 21.162399996286673 ], [ 106.236988307004211, 21.161427996287443 ], [ 106.237313307003703, 21.161129696287666 ], [ 106.237879007003173, 21.161129696287936 ], [ 106.239002407002133, 21.161129696288445 ], [ 106.239128007001995, 21.161148796288472 ], [ 106.239175407001539, 21.160456696288705 ], [ 106.239255907000583, 21.159010996289155 ], [ 106.239358007000035, 21.158269696289409 ], [ 106.239401706999644, 21.157683896289594 ], [ 106.239402006999484, 21.157438796289672 ], [ 106.239296806999192, 21.156808096289801 ], [ 106.238770806997778, 21.153654996290456 ], [ 106.238556306997253, 21.15246929629069 ], [ 106.238551306997067, 21.15215879629077 ], [ 106.238051906997526, 21.152139896290542 ], [ 106.235496906999941, 21.152129796289394 ] ] ] } },
{ "type": "Feature", "properties": { "id": "osm_way_598146230", "name_vi": "Khu công nghiệp Yên Phong - Giai đoạn 1", "name_en": "Yen Phong Industrial Zone - Phase 1", "aliases": "Yen Phong Industrial Zone - Phase 1", "category": "industrial_park", "province_code": "24", "province_en": "Bac Ninh", "former_province_code": "27", "status": "unknown", "area_ha": 302.06735043656261, "developer": null, "website": null, "geometry_type": "polygon", "location_accuracy": "site", "part_count": 1, "osm_ids": "osm_way_598146230", "source": "OpenStreetMap", "source_url": "https://www.openstreetmap.org/way/598146230", "verified_on": "2026-08-31", "attribute_source": "osm", "geometry_observed_on": "2026-08-31" }, "geometry": { "type": "Polygon", "coordinates": [ [ [ 106.004931007241993, 21.191180596173876 ], [ 106.002501007245257, 21.192734696172352 ], [ 105.997163307252322, 21.19603309616901 ], [ 105.996819507252724, 21.196180296168805 ], [ 105.993933507256102, 21.197216596167209 ], [ 105.992888007257335, 21.197634396166624 ], [ 105.992633907257598, 21.197672096166492 ], [ 105.992378007257855, 21.197709996166374 ], [ 105.991515507258768, 21.197827096165945 ], [ 105.990008607260322, 21.198038996165202 ], [ 105.98872030726163, 21.198207196164581 ], [ 105.988576607261777, 21.198233996164515 ], [ 105.987435807262969, 21.19839239616396 ], [ 105.985080107265404, 21.198725296162806 ], [ 105.983891207266637, 21.198898096162214 ], [ 105.983136107267413, 21.199009396161838 ], [ 105.982260007268323, 21.199133096161418 ], [ 105.981240807269359, 21.199276996160904 ], [ 105.980412107270212, 21.199393896160505 ], [ 105.980304607270412, 21.199531696160424 ], [ 105.980405507270689, 21.200126796160298 ], [ 105.980563707271145, 21.201118696160083 ], [ 105.980617507271305, 21.201496796160011 ], [ 105.980737907271632, 21.202201796159862 ], [ 105.980803307271884, 21.202700996159759 ], [ 105.980890907272098, 21.203168496159666 ], [ 105.98102020727255, 21.20412009615945 ], [ 105.981119907272884, 21.204853996159279 ], [ 105.981298707273538, 21.206169696158998 ], [ 105.98170780727331, 21.206440996159113 ], [ 105.981798307273252, 21.206500996159136 ], [ 105.98334670727165, 21.206284196159896 ], [ 105.985347707269582, 21.206003996160874 ], [ 105.988363807266481, 21.205581696162341 ], [ 105.990041707264751, 21.205346796163187 ], [ 105.991751907262966, 21.205107296164016 ], [ 105.993407207261271, 21.20489369616482 ], [ 105.993827607260855, 21.204840996165029 ], [ 105.994913307259736, 21.204688496165566 ], [ 105.995962007258527, 21.204357896166123 ], [ 105.997034607257362, 21.204087096166692 ], [ 105.997439507256914, 21.203986696166901 ], [ 105.998934007255286, 21.203616196167669 ], [ 106.000139607253956, 21.203320096168305 ], [ 106.000625207253407, 21.203177796168564 ], [ 106.00102180725294, 21.203019396168784 ], [ 106.001431407252426, 21.202825596169028 ], [ 106.002072907251573, 21.202418996169442 ], [ 106.003183707250074, 21.201694296170128 ], [ 106.004332907248582, 21.201025896170851 ], [ 106.005146507247488, 21.200518896171339 ], [ 106.005341107247233, 21.200399696171477 ], [ 106.006115107246757, 21.200787596171718 ], [ 106.006492507246705, 21.201323096171741 ], [ 106.006885807246249, 21.201165496171956 ], [ 106.007898007245217, 21.201045496172444 ], [ 106.008336907244768, 21.200984296172667 ], [ 106.008859007244254, 21.200980996172898 ], [ 106.009369107243856, 21.201094396173108 ], [ 106.013828707238034, 21.198452296175862 ], [ 106.012520707238068, 21.196505496175817 ], [ 106.013706507236506, 21.195807696176541 ], [ 106.01211400723669, 21.193616796176439 ], [ 106.010912907236744, 21.191872196176394 ], [ 106.010091907237239, 21.191388496176156 ], [ 106.008766807238402, 21.191251196175582 ], [ 106.008596107238532, 21.191192596175526 ], [ 106.007283507239777, 21.191176996174935 ], [ 106.004931007241993, 21.191180596173876 ] ] ] } },
{ "type": "Feature", "properties": { "id": "osm_way_1257183941", "name_vi": "Khu Công Nghiệp Yên Phong II", "name_en": "VSIP Yen Phong II Industrial Park", "aliases": "VSIP Yen Phong II Industrial Park", "category": "industrial_park", "province_code": "24", "province_en": "Bac Ninh", "former_province_code": "27", "status": "unknown", "area_ha": 326.95397051419701, "developer": null, "website": null, "geometry_type": "polygon", "location_accuracy": "site", "part_count": 2, "osm_ids": "osm_way_1257183941|osm_way_1257183942", "source": "OpenStreetMap", "source_url": "https://www.openstreetmap.org/way/1257183941", "verified_on": "2026-08-31", "attribute_source": "osm", "geometry_observed_on": "2026-08-31" }, "geometry": { "type": "MultiPolygon", "coordinates": [ [ [ [ 105.92927590733423, 21.224930296130285 ], [ 105.930105907331992, 21.222542096131313 ], [ 105.930593707330459, 21.220790696132028 ], [ 105.930800707329581, 21.219660996132447 ], [ 105.93098560732841, 21.218033196132986 ], [ 105.931059907327224, 21.216228796133521 ], [ 105.931034807325688, 21.213638296134231 ], [ 105.930903907324165, 21.210981196134917 ], [ 105.930456007324679, 21.211087696134676 ], [ 105.928435107326891, 21.211595796133622 ], [ 105.928120107327288, 21.211767396133443 ], [ 105.927996207327496, 21.211912496133351 ], [ 105.928001607327573, 21.2120722961333 ], [ 105.927924707327762, 21.212219696133236 ], [ 105.927818607327893, 21.212301196133158 ], [ 105.92778970732796, 21.21233649613313 ], [ 105.927787607327986, 21.212392496133116 ], [ 105.927466707328335, 21.212466596132945 ], [ 105.927651407328767, 21.213456696132763 ], [ 105.92787960732926, 21.214604196132544 ], [ 105.928083207329962, 21.216068796132227 ], [ 105.928069007330109, 21.216318696132152 ], [ 105.927995607330345, 21.21657939613204 ], [ 105.927875607330591, 21.216783196131921 ], [ 105.92773730733083, 21.216955796131817 ], [ 105.927451007331243, 21.217159296131637 ], [ 105.926939307331949, 21.217529196131316 ], [ 105.926609707332375, 21.217762396131089 ], [ 105.926453107332634, 21.217916696130967 ], [ 105.926312607332875, 21.218087496130856 ], [ 105.926136107333235, 21.21842749613069 ], [ 105.9209995073372, 21.216962396128785 ], [ 105.919744607338174, 21.216575596128333 ], [ 105.917181707340418, 21.21629069612726 ], [ 105.917320007341004, 21.217457996126988 ], [ 105.917704307341737, 21.21927569612664 ], [ 105.918089207342064, 21.220409496126496 ], [ 105.918715907342346, 21.221839096126377 ], [ 105.919131507342939, 21.223448896126122 ], [ 105.919301307343204, 21.224152396126005 ], [ 105.919767407343471, 21.225292196125896 ], [ 105.919883207343517, 21.225528796125882 ], [ 105.920596807343358, 21.226380596125964 ], [ 105.923401907342196, 21.228824196126549 ], [ 105.925890007341067, 21.230824996127119 ], [ 105.926984107340431, 21.23149409612741 ], [ 105.928855007335386, 21.226162496129753 ], [ 105.92927590733423, 21.224930296130285 ] ] ], [ [ [ 105.941617907317195, 21.216152496138307 ], [ 105.932257407324784, 21.214099296134659 ], [ 105.932192407326653, 21.217025196133815 ], [ 105.932094807327545, 21.218343996133402 ], [ 105.931907807328571, 21.219738696132932 ], [ 105.93166390732965, 21.221095496132435 ], [ 105.931306107330897, 21.22259619613186 ], [ 105.930737007332596, 21.224513796131067 ], [ 105.928260607339695, 21.232267496127772 ], [ 105.92833560733969, 21.232398896127783 ], [ 105.931623207337211, 21.233396596128973 ], [ 105.931761507337043, 21.23334359612906 ], [ 105.933599007332845, 21.229311496131007 ], [ 105.933875507331564, 21.227659196131597 ], [ 105.935133207328207, 21.224117396133153 ], [ 105.935121307327961, 21.223712396133259 ], [ 105.936538607326582, 21.223629096133916 ], [ 105.937229207325885, 21.223536096134268 ], [ 105.938033407325022, 21.22341309613466 ], [ 105.938603707324432, 21.223296396134959 ], [ 105.939628307323275, 21.223022396135498 ], [ 105.941484607321243, 21.222579496136454 ], [ 105.942350107320294, 21.222367396136899 ], [ 105.943269307319298, 21.222156296137371 ], [ 105.943502107319063, 21.222119196137491 ], [ 105.943871107318671, 21.222083096137663 ], [ 105.944464907318078, 21.222004696137954 ], [ 105.94480630731772, 21.221972196138115 ], [ 105.94459150731781, 21.221763196138085 ], [ 105.945529407313998, 21.216981996139843 ], [ 105.944102407315185, 21.216708796139269 ], [ 105.941617907317195, 21.216152496138307 ] ] ] ] } },
{ "type": "Feature", "properties": { "id": "osm_way_1257183934", "name_vi": "Khu Công Nghiệp Yên Phong II C", "name_en": "Yen Phong II C Industrial Park", "aliases": "Yen Phong II C Industrial Park", "category": "industrial_park", "province_code": "24", "province_en": "Bac Ninh", "former_province_code": "27", "status": "unknown", "area_ha": 174.27554340183633, "developer": null, "website": null, "geometry_type": "polygon", "location_accuracy": "site", "part_count": 1, "osm_ids": "osm_way_1257183934", "source": "OpenStreetMap", "source_url": "https://www.openstreetmap.org/way/1257183934", "verified_on": "2026-08-31", "attribute_source": "osm", "geometry_observed_on": "2026-08-31" }, "geometry": { "type": "Polygon", "coordinates": [ [ [ 105.957944607297406, 21.209031096147669 ], [ 105.952080207305514, 21.213254196143836 ], [ 105.952046007305555, 21.213285296143809 ], [ 105.952010807305669, 21.213369896143771 ], [ 105.951973407305857, 21.213627196143687 ], [ 105.95161890730715, 21.215205796143081 ], [ 105.946052507311961, 21.214468096140777 ], [ 105.945529407313998, 21.216981996139843 ], [ 105.944658007317528, 21.221370196138214 ], [ 105.94459150731781, 21.221763196138085 ], [ 105.94480630731772, 21.221972196138115 ], [ 105.945358607317175, 21.221917296138376 ], [ 105.946195407316338, 21.22185099613877 ], [ 105.947507307315064, 21.221804896139375 ], [ 105.948023407314579, 21.221784696139611 ], [ 105.948680507313924, 21.221762996139923 ], [ 105.950429507312265, 21.221736596140712 ], [ 105.950945407311778, 21.221741296140944 ], [ 105.952353707310436, 21.221736496141581 ], [ 105.953666207309197, 21.221728696142183 ], [ 105.953935907308932, 21.221715096142304 ], [ 105.954379007308475, 21.221690096142503 ], [ 105.954694007308206, 21.221667896142659 ], [ 105.955191607307697, 21.221636296142879 ], [ 105.955853807307022, 21.221595996143204 ], [ 105.956121507306776, 21.221576296143315 ], [ 105.956558707306328, 21.221536296143537 ], [ 105.957078907305814, 21.221474196143799 ], [ 105.957539807305352, 21.221413096144008 ], [ 105.957933807304912, 21.221344896144203 ], [ 105.958165307304682, 21.221301596144322 ], [ 105.9582215073046, 21.221288596144358 ], [ 105.958554607304251, 21.221207196144515 ], [ 105.958756907304007, 21.221156896144631 ], [ 105.959001507303753, 21.22109099614477 ], [ 105.959384007303328, 21.220972896144975 ], [ 105.959878207302751, 21.220808696145237 ], [ 105.960772007301699, 21.22045799614574 ], [ 105.961169307301205, 21.220276496145971 ], [ 105.961559207300724, 21.220080696146198 ], [ 105.962470207299546, 21.219568496146746 ], [ 105.962762907299137, 21.219379396146937 ], [ 105.963026007298794, 21.21919199614711 ], [ 105.963237907298492, 21.219044596147246 ], [ 105.963658307297905, 21.21872939614752 ], [ 105.963897407297566, 21.218549096147676 ], [ 105.964083407297309, 21.21841829614781 ], [ 105.964334907296944, 21.218218496147966 ], [ 105.963030107297214, 21.216652596147824 ], [ 105.962563407297154, 21.215827396147834 ], [ 105.962627707296704, 21.215192296148043 ], [ 105.960063507297164, 21.211931696147808 ], [ 105.959848207297, 21.211362796147867 ], [ 105.957944607297406, 21.209031096147669 ] ] ] } },
{ "type": "Feature", "properties": { "id": "osm_way_805410975", "name_vi": "Khu công nghiệp Yên Phong mở rộng", "name_en": null, "aliases": null, "category": "industrial_park", "province_code": "24", "province_en": "Bac Ninh", "former_province_code": "27", "status": "unknown", "area_ha": 284.09724149679528, "developer": null, "website": null, "geometry_type": "polygon", "location_accuracy": "site", "part_count": 1, "osm_ids": "osm_way_805410975", "source": "OpenStreetMap", "source_url": "https://www.openstreetmap.org/way/805410975", "verified_on": "2026-08-31", "attribute_source": "osm", "geometry_observed_on": "2026-08-31" }, "geometry": { "type": "Polygon", "coordinates": [ [ [ 106.000186807264853, 21.221249796163303 ], [ 105.999775707265428, 21.221512396163057 ], [ 105.999046507266172, 21.221609196162703 ], [ 105.998763007266305, 21.221404596162611 ], [ 105.993364907271896, 21.222172696159969 ], [ 105.995830307278723, 21.237200496156866 ], [ 106.0112577072628, 21.234998296164441 ], [ 106.010979407262056, 21.233377796164763 ], [ 106.016220007256635, 21.232609596167361 ], [ 106.014770707252765, 21.2240599961691 ], [ 106.003933707264025, 21.225670496163758 ], [ 106.003620207263126, 21.223705296164166 ], [ 106.001283107265522, 21.224040096163019 ], [ 106.000808307264236, 21.221158296163605 ], [ 106.000186807264853, 21.221249796163303 ] ] ] } },
{ "type": "Feature", "properties": { "id": "osm_way_1056385992", "name_vi": "Cụm công nghiệp Đồng Lạng", "name_en": null, "aliases": null, "category": "industrial_cluster", "province_code": "25", "province_en": "Phu Tho", "former_province_code": "25", "status": "unknown", "area_ha": 35.204479100125539, "developer": null, "website": null, "geometry_type": "polygon", "location_accuracy": "site", "part_count": 1, "osm_ids": "osm_way_1056385992", "source": "OpenStreetMap", "source_url": "https://www.openstreetmap.org/way/1056385992", "verified_on": "2026-08-31", "attribute_source": "osm", "geometry_observed_on": "2026-08-31" }, "geometry": { "type": "Polygon", "coordinates": [ [ [ 105.337253707987415, 21.375893395824178 ], [ 105.335854907989486, 21.37711399582323 ], [ 105.335620607989895, 21.377448595823033 ], [ 105.335577607989961, 21.377509895822996 ], [ 105.335503707990185, 21.377722195822901 ], [ 105.335491407990474, 21.378152595822783 ], [ 105.335448207990979, 21.378927195822563 ], [ 105.335195607991608, 21.379552595822283 ], [ 105.336126007991282, 21.380470695822446 ], [ 105.338356707990684, 21.382932295822766 ], [ 105.34095100798659, 21.380235495824628 ], [ 105.341080407986439, 21.380241195824691 ], [ 105.341228307986157, 21.38001169582482 ], [ 105.341388507986011, 21.380011695824884 ], [ 105.341665807985535, 21.37965589582512 ], [ 105.34187530798539, 21.379730495825186 ], [ 105.342140307984906, 21.379380495825398 ], [ 105.342423707984466, 21.37909929582559 ], [ 105.342682507983966, 21.378680495825822 ], [ 105.34214640798443, 21.378611595825603 ], [ 105.341863007984628, 21.37849109582552 ], [ 105.341622607984732, 21.378278795825466 ], [ 105.338966807985472, 21.375386795825079 ], [ 105.338110207986503, 21.375744195824613 ], [ 105.337826807986772, 21.375738495824475 ], [ 105.337506407987092, 21.37577289582433 ], [ 105.337253707987415, 21.375893395824178 ] ] ] } },
{ "type": "Feature", "properties": { "id": "osm_way_1194204001", "name_vi": "Cụm công nghiệp Đồng Sóc", "name_en": null, "aliases": null, "category": "industrial_cluster", "province_code": "25", "province_en": "Phu Tho", "former_province_code": "26", "status": "unknown", "area_ha": 89.454031067532284, "developer": null, "website": null, "geometry_type": "polygon", "location_accuracy": "site", "part_count": 1, "osm_ids": "osm_way_1194204001", "source": "OpenStreetMap", "source_url": "https://www.openstreetmap.org/way/1194204001", "verified_on": "2026-08-31", "attribute_source": "osm", "geometry_observed_on": "2026-08-31" }, "geometry": { "type": "Polygon", "coordinates": [ [ [ 105.52153890771325, 21.213312795950596 ], [ 105.52036940771616, 21.216245695949279 ], [ 105.521287407716244, 21.217808995949238 ], [ 105.52208550771671, 21.21976619594907 ], [ 105.521657907717184, 21.219929595948834 ], [ 105.52083510771854, 21.220831895948219 ], [ 105.519679207720515, 21.222303395947286 ], [ 105.521420807720133, 21.224388695947496 ], [ 105.523914307719949, 21.227913095947638 ], [ 105.52438100771937, 21.227692395947908 ], [ 105.524153407719126, 21.226976795948012 ], [ 105.524277107718973, 21.226907695948086 ], [ 105.523496507718363, 21.224713595948337 ], [ 105.523927807717911, 21.224620395948552 ], [ 105.523985007717954, 21.224794095948525 ], [ 105.527922507713583, 21.223723995950586 ], [ 105.526892507707856, 21.21278269595313 ], [ 105.52153890771325, 21.213312795950596 ] ] ] } },
{ "type": "Feature", "properties": { "id": "osm_way_1515828995", "name_vi": "Cụm công nghiệp Làng nghề Thanh Lãng", "name_en": null, "aliases": null, "category": "industrial_cluster", "province_code": "25", "province_en": "Phu Tho", "former_province_code": "26", "status": "unknown", "area_ha": 7.5569448211012551, "developer": null, "website": null, "geometry_type": "polygon", "location_accuracy": "site", "part_count": 1, "osm_ids": "osm_way_1515828995", "source": "OpenStreetMap", "source_url": "https://www.openstreetmap.org/way/1515828995", "verified_on": "2026-08-31", "attribute_source": "osm", "geometry_observed_on": "2026-08-31" }, "geometry": { "type": "Polygon", "coordinates": [ [ [ 105.624689007634373, 21.244063895988216 ], [ 105.624741607634476, 21.244308995988185 ], [ 105.624439907635534, 21.245598495987686 ], [ 105.624739207635272, 21.245618095987819 ], [ 105.628448807631727, 21.245588095989493 ], [ 105.628446007631283, 21.244842695989689 ], [ 105.626520607632173, 21.243306395989244 ], [ 105.624689007634373, 21.244063895988216 ] ] ] } },
{ "type": "Feature", "properties": { "id": "osm_way_818615783", "name_vi": "Cụm công nghiệp Thổ Tang", "name_en": null, "aliases": null, "category": "industrial_cluster", "province_code": "25", "province_en": "Phu Tho", "former_province_code": "26", "status": "unknown", "area_ha": 17.231654650347163, "developer": null, "website": null, "geometry_type": "polygon", "location_accuracy": "site", "part_count": 1, "osm_ids": "osm_way_818615783", "source": "OpenStreetMap", "source_url": "https://www.openstreetmap.org/way/818615783", "verified_on": "2026-08-31", "attribute_source": "osm", "geometry_observed_on": "2026-08-31" }, "geometry": { "type": "Polygon", "coordinates": [ [ [ 105.487983407775957, 21.263807895921762 ], [ 105.485837307777828, 21.263589295920859 ], [ 105.485814107777713, 21.263364595920901 ], [ 105.485684907777866, 21.263403795920844 ], [ 105.485652507777786, 21.263216495920879 ], [ 105.485933707777448, 21.263107495921037 ], [ 105.485707107777344, 21.262592795921083 ], [ 105.485328207777783, 21.262710295920868 ], [ 105.485468807777863, 21.263065895920846 ], [ 105.485096607778303, 21.263170795920644 ], [ 105.485133907778376, 21.26338349592061 ], [ 105.485020607778523, 21.263421995920545 ], [ 105.485043607778891, 21.264084895920369 ], [ 105.484409507779603, 21.264287695920039 ], [ 105.484254907780453, 21.26541509591965 ], [ 105.484623907780161, 21.265500495919806 ], [ 105.484120907781033, 21.266139095919407 ], [ 105.484396807780854, 21.266291695919474 ], [ 105.484294907781006, 21.266396295919403 ], [ 105.484418607781365, 21.267127195919258 ], [ 105.487004607780278, 21.269356995919807 ], [ 105.487184807779343, 21.268127595920223 ], [ 105.487619307777535, 21.265828195921042 ], [ 105.487983407775957, 21.263807895921762 ] ] ] } },
{ "type": "Feature", "properties": { "id": "osm_way_772939822", "name_vi": "Khu công nghiệp Bá Thiện", "name_en": null, "aliases": null, "category": "industrial_park", "province_code": "25", "province_en": "Phu Tho", "former_province_code": "26", "status": "unknown", "area_ha": 322.20106021236671, "developer": null, "website": null, "geometry_type": "polygon", "location_accuracy": "site", "part_count": 1, "osm_ids": "osm_way_772939822", "source": "OpenStreetMap", "source_url": "https://www.openstreetmap.org/way/772939822", "verified_on": "2026-08-31", "attribute_source": "osm", "geometry_observed_on": "2026-08-31" }, "geometry": { "type": "Polygon", "coordinates": [ [ [ 105.683392707624691, 21.319046395993769 ], [ 105.682595507622892, 21.314861695994569 ], [ 105.678219807627571, 21.315803195992356 ], [ 105.674335907632894, 21.318481795989864 ], [ 105.672876807634196, 21.318321895989261 ], [ 105.67245300763453, 21.318211995989106 ], [ 105.670323407637099, 21.319141495987893 ], [ 105.670242907637515, 21.319681195987712 ], [ 105.671010007637207, 21.320360795987874 ], [ 105.670993907637609, 21.320985495987685 ], [ 105.668585307641735, 21.32400879598578 ], [ 105.672544207638794, 21.325347995987176 ], [ 105.67050580764392, 21.330554895984822 ], [ 105.669958807645457, 21.332222395984122 ], [ 105.669643807646366, 21.333182495983721 ], [ 105.669443607646912, 21.333792895983454 ], [ 105.669143207648219, 21.33545189598286 ], [ 105.669443607648546, 21.336471195982707 ], [ 105.674142807644131, 21.336531195984808 ], [ 105.67639040764206, 21.336609295985788 ], [ 105.677018107641473, 21.336631095986068 ], [ 105.680310707637958, 21.335946395987719 ], [ 105.68403480763395, 21.335171995989601 ], [ 105.687146207630633, 21.334592395991145 ], [ 105.684542807626642, 21.324023795992904 ], [ 105.683562707625029, 21.319886095993606 ], [ 105.683392707624691, 21.319046395993769 ] ] ] } },
{ "type": "Feature", "properties": { "id": "osm_way_596051687", "name_vi": "Khu công nghiệp Bá Thiện II", "name_en": null, "aliases": null, "category": "industrial_park", "province_code": "25", "province_en": "Phu Tho", "former_province_code": "26", "status": "unknown", "area_ha": 191.44954993316347, "developer": null, "website": null, "geometry_type": "polygon", "location_accuracy": "site", "part_count": 1, "osm_ids": "osm_way_596051687", "source": "OpenStreetMap", "source_url": "https://www.openstreetmap.org/way/596051687", "verified_on": "2026-08-31", "attribute_source": "osm", "geometry_observed_on": "2026-08-31" }, "geometry": { "type": "Polygon", "coordinates": [ [ [ 105.666581507657241, 21.346221695978755 ], [ 105.66622990765849, 21.347717795978177 ], [ 105.665658507659302, 21.348129095977807 ], [ 105.665514107659746, 21.348670495977604 ], [ 105.665498007659991, 21.349022495977479 ], [ 105.665548907660238, 21.349528195977378 ], [ 105.665654807660417, 21.349980895977303 ], [ 105.665745307660529, 21.350262295977259 ], [ 105.665825107660524, 21.350423695977245 ], [ 105.668357807657415, 21.349260795978697 ], [ 105.669218907656614, 21.349262295979088 ], [ 105.669327607656612, 21.349427995979088 ], [ 105.669462507656533, 21.349540795979124 ], [ 105.669650907656404, 21.349593595979194 ], [ 105.670579307655558, 21.349656695979583 ], [ 105.670602607655212, 21.349151595979738 ], [ 105.670756607655079, 21.349141195979808 ], [ 105.670713907653862, 21.347102795980355 ], [ 105.670848307653529, 21.346748095980505 ], [ 105.67083800765289, 21.34569899598079 ], [ 105.674451307649434, 21.345646095982431 ], [ 105.674659507650276, 21.347332495982052 ], [ 105.67477570765044, 21.347780495981983 ], [ 105.683300907642405, 21.347878195985761 ], [ 105.683268107638057, 21.340696295987719 ], [ 105.683362707637585, 21.340074795987949 ], [ 105.683501007637261, 21.339768595988087 ], [ 105.683996707636609, 21.339452595988398 ], [ 105.684299307636067, 21.339041995988637 ], [ 105.684718207635186, 21.338269695989045 ], [ 105.684846907634622, 21.337540195989309 ], [ 105.684465907634845, 21.337297495989201 ], [ 105.682676007636559, 21.33736429598839 ], [ 105.68215220763696, 21.337181295988209 ], [ 105.681413807637284, 21.336578495988043 ], [ 105.680878407637849, 21.336693095987762 ], [ 105.680493307638287, 21.336807795987557 ], [ 105.680231507638538, 21.336817495987436 ], [ 105.679261607639603, 21.337026995986939 ], [ 105.679115707639824, 21.337165695986847 ], [ 105.676616407642527, 21.337720795985582 ], [ 105.675665307643456, 21.337746795985147 ], [ 105.675663707643622, 21.338046495985054 ], [ 105.674376007644838, 21.338040995984485 ], [ 105.673914407645057, 21.337675695984391 ], [ 105.669170007649484, 21.337577595982285 ], [ 105.669206207651953, 21.341671695981177 ], [ 105.666574007654461, 21.341684195980005 ], [ 105.666581507657241, 21.346221695978755 ] ] ] } },
{ "type": "Feature", "properties": { "id": "osm_way_596051727", "name_vi": "Khu công nghiệp Bình Xuyên", "name_en": null, "aliases": null, "category": "industrial_park", "province_code": "25", "province_en": "Phu Tho", "former_province_code": "26", "status": "unknown", "area_ha": 275.6110887971559, "developer": null, "website": null, "geometry_type": "polygon", "location_accuracy": "site", "part_count": 1, "osm_ids": "osm_way_596051727", "source": "OpenStreetMap", "source_url": "https://www.openstreetmap.org/way/596051727", "verified_on": "2026-08-31", "attribute_source": "osm", "geometry_observed_on": "2026-08-31" }, "geometry": { "type": "Polygon", "coordinates": [ [ [ 105.68049430759396, 21.264400596007572 ], [ 105.679829107593051, 21.26188089600798 ], [ 105.679335607592563, 21.26032109600817 ], [ 105.677940807590744, 21.255181696008986 ], [ 105.677511707590284, 21.253781896009176 ], [ 105.675044007592518, 21.253621896008116 ], [ 105.674743607592262, 21.252701996008227 ], [ 105.67525860759153, 21.252301996008583 ], [ 105.674572007590569, 21.249702196008986 ], [ 105.674142807590883, 21.249522196008847 ], [ 105.674027507590651, 21.248994696008928 ], [ 105.673273807591059, 21.248482196008752 ], [ 105.670709607594787, 21.250622096007007 ], [ 105.669786907596205, 21.251482096006349 ], [ 105.669153907597405, 21.252481996005795 ], [ 105.670634507596915, 21.253951796006039 ], [ 105.670924207597196, 21.25486179600593 ], [ 105.667841107600651, 21.255766096004283 ], [ 105.663805307605273, 21.257033896002142 ], [ 105.662577107606751, 21.257571496001447 ], [ 105.660670007609511, 21.259152396000143 ], [ 105.661062307609782, 21.260183296000033 ], [ 105.662411807610766, 21.263888795999616 ], [ 105.665581207608795, 21.265560396000591 ], [ 105.667083207608314, 21.267120096000827 ], [ 105.665667007610082, 21.267799896 ], [ 105.667340707609469, 21.269399596000294 ], [ 105.668327807608961, 21.270079496000555 ], [ 105.669078807608457, 21.270439396000789 ], [ 105.670237507607567, 21.270759396001221 ], [ 105.670967107606813, 21.270659396001577 ], [ 105.67228310760548, 21.270499396002208 ], [ 105.673692207604063, 21.270379396002877 ], [ 105.675601907601859, 21.269739596003912 ], [ 105.676009607601159, 21.269219696004232 ], [ 105.676052507600303, 21.267879896004636 ], [ 105.676009607599141, 21.265940296005141 ], [ 105.676181307598085, 21.264480496005628 ], [ 105.676867907597114, 21.263920596006066 ], [ 105.678284107595772, 21.263960596006704 ], [ 105.679421407595044, 21.264520496007059 ], [ 105.680065107594459, 21.264560496007341 ], [ 105.68049430759396, 21.264400596007572 ] ] ] } },
{ "type": "Feature", "properties": { "id": "osm_way_596051697", "name_vi": "Khu công nghiệp Bình Xuyên II", "name_en": null, "aliases": null, "category": "industrial_park", "province_code": "25", "province_en": "Phu Tho", "former_province_code": "26", "status": "unknown", "area_ha": 39.22058545367976, "developer": null, "website": null, "geometry_type": "polygon", "location_accuracy": "site", "part_count": 1, "osm_ids": "osm_way_596051697", "source": "OpenStreetMap", "source_url": "https://www.openstreetmap.org/way/596051697", "verified_on": "2026-08-31", "attribute_source": "osm", "geometry_observed_on": "2026-08-31" }, "geometry": { "type": "Polygon", "coordinates": [ [ [ 105.674140207623466, 21.302783695994115 ], [ 105.674405707623706, 21.303568995994034 ], [ 105.674754107623841, 21.304306395993979 ], [ 105.674919707623872, 21.304628195993967 ], [ 105.674944707623908, 21.304740795993936 ], [ 105.674937507623994, 21.304883395993905 ], [ 105.674880207624184, 21.305068595993806 ], [ 105.674701307624503, 21.305339095993663 ], [ 105.673839107625739, 21.306029995993089 ], [ 105.673644807625791, 21.305803495993061 ], [ 105.671976707628133, 21.307034195991985 ], [ 105.672007507628265, 21.30733059599191 ], [ 105.67197380762849, 21.307606995991826 ], [ 105.671863707628745, 21.307859895991697 ], [ 105.671557507629188, 21.308135795991479 ], [ 105.67092380762989, 21.308287895991164 ], [ 105.670658307630219, 21.308404495991009 ], [ 105.670273207630544, 21.308375595990853 ], [ 105.669578207631588, 21.308947295990375 ], [ 105.67129470763129, 21.311140695990545 ], [ 105.674372907626463, 21.308024395992771 ], [ 105.675318007625151, 21.307341995993383 ], [ 105.678196707621353, 21.30560039599516 ], [ 105.679735707619329, 21.304691395996098 ], [ 105.679915707619074, 21.304542295996221 ], [ 105.680020707618908, 21.304420095996299 ], [ 105.680063707618785, 21.304288495996353 ], [ 105.680080507618655, 21.304084295996411 ], [ 105.676617607619932, 21.300836495995764 ], [ 105.674140207623466, 21.302783695994115 ] ] ] } },
{ "type": "Feature", "properties": { "id": "osm_way_628713840", "name_vi": "Khu công nghiệp Bờ trài Sông Đà", "name_en": null, "aliases": null, "category": "industrial_park", "province_code": "25", "province_en": "Phu Tho", "former_province_code": "17", "status": "unknown", "area_ha": 56.893445878379254, "developer": null, "website": null, "geometry_type": "polygon", "location_accuracy": "site", "part_count": 1, "osm_ids": "osm_way_628713840", "source": "OpenStreetMap", "source_url": "https://www.openstreetmap.org/way/628713840", "verified_on": "2026-08-31", "attribute_source": "osm", "geometry_observed_on": "2026-08-31" }, "geometry": { "type": "Polygon", "coordinates": [ [ [ 105.329079107663674, 20.833312595968955 ], [ 105.330038707662482, 20.832881495969502 ], [ 105.331564807660271, 20.831622795970542 ], [ 105.332585307658036, 20.829509295971583 ], [ 105.334664007655292, 20.828245295972856 ], [ 105.335263307654216, 20.827443195973355 ], [ 105.332476307655654, 20.825433195972639 ], [ 105.330448907656702, 20.823995895972132 ], [ 105.330252007656824, 20.82390179597208 ], [ 105.330055107656975, 20.823852895971999 ], [ 105.328739907658161, 20.823721595971453 ], [ 105.328705007658328, 20.823959895971353 ], [ 105.328401807658821, 20.824328595971128 ], [ 105.328632307658722, 20.824534595971183 ], [ 105.328277907659299, 20.824906295970909 ], [ 105.328481207659365, 20.825340295970886 ], [ 105.328469307659503, 20.825554695970823 ], [ 105.328178407660147, 20.826130195970538 ], [ 105.328783807659846, 20.826601995970687 ], [ 105.328156507660751, 20.827088695970268 ], [ 105.327358807661611, 20.827246795969856 ], [ 105.326668407662282, 20.827289595969535 ], [ 105.325845507663018, 20.827244695969188 ], [ 105.325111607663999, 20.827676495968728 ], [ 105.32508190766427, 20.828061495968619 ], [ 105.325049207664861, 20.829001795968345 ], [ 105.325117907664946, 20.829276095968282 ], [ 105.325226607664973, 20.829494395968283 ], [ 105.327306307664003, 20.831090395968779 ], [ 105.327583607663854, 20.831282595968851 ], [ 105.328719707661918, 20.829878995969736 ], [ 105.329473107661556, 20.830469495969922 ], [ 105.329421907662038, 20.831160195969709 ], [ 105.328922407662787, 20.831629095969358 ], [ 105.327350907664808, 20.8325119959684 ], [ 105.327348107664918, 20.832688795968359 ], [ 105.328094107665123, 20.834160095968286 ], [ 105.329079107663674, 20.833312595968955 ] ] ] } },
{ "type": "Feature", "properties": { "id": "osm_way_1462470343", "name_vi": "Khu công nghiệp Cẩm Khê", "name_en": null, "aliases": null, "category": "industrial_park", "province_code": "25", "province_en": "Phu Tho", "former_province_code": "25", "status": "unknown", "area_ha": 441.87178004794049, "developer": null, "website": null, "geometry_type": "polygon", "location_accuracy": "site", "part_count": 1, "osm_ids": "osm_way_1462470343", "source": "OpenStreetMap", "source_url": "https://www.openstreetmap.org/way/1462470343", "verified_on": "2026-08-31", "attribute_source": "osm", "geometry_observed_on": "2026-08-31" }, "geometry": { "type": "Polygon", "coordinates": [ [ [ 105.122417008229164, 21.438121595712552 ], [ 105.124191608226425, 21.436405395713791 ], [ 105.124714208225598, 21.435900695714153 ], [ 105.12496070822499, 21.435239895714446 ], [ 105.12564100822388, 21.43450569571494 ], [ 105.126439608222654, 21.433725595715497 ], [ 105.12868750821896, 21.431183395717177 ], [ 105.129417108218504, 21.431605595717379 ], [ 105.129742508218101, 21.431403695717577 ], [ 105.13013680821777, 21.431467895717738 ], [ 105.130748108216935, 21.431064095718121 ], [ 105.131191808216713, 21.431385295718211 ], [ 105.132739708214231, 21.429733295719352 ], [ 105.132621408214206, 21.429485495719359 ], [ 105.132562208214196, 21.429412095719353 ], [ 105.132690408213918, 21.429145995719487 ], [ 105.132496608213813, 21.428707495719522 ], [ 105.132197408213798, 21.428200595719535 ], [ 105.1318819082136, 21.427402195719605 ], [ 105.131191808213643, 21.42639259571957 ], [ 105.130521408214236, 21.426328395719292 ], [ 105.129801608214805, 21.426163195719013 ], [ 105.128569208215964, 21.426144795718475 ], [ 105.127632608217041, 21.426420095717994 ], [ 105.127060708217471, 21.426264095717787 ], [ 105.126774808217831, 21.426374195717631 ], [ 105.126646608218238, 21.426842295717456 ], [ 105.126212808218725, 21.426979995717229 ], [ 105.125887508219307, 21.427420495716955 ], [ 105.125670608219892, 21.428053795716686 ], [ 105.124181808221678, 21.428659495715891 ], [ 105.123264908222808, 21.429109295715353 ], [ 105.122840908223282, 21.429210195715136 ], [ 105.12218030822423, 21.429733295714691 ], [ 105.121362008225447, 21.430421695714156 ], [ 105.120997208225901, 21.430614395713953 ], [ 105.120721208226328, 21.430862195713754 ], [ 105.120326808226949, 21.431275195713475 ], [ 105.119949808227489, 21.431609195713214 ], [ 105.119528208227862, 21.431541295713043 ], [ 105.119311308228049, 21.431513795712959 ], [ 105.118956308228547, 21.431770795712733 ], [ 105.118049308229885, 21.432560095712123 ], [ 105.117063308231351, 21.433441095711448 ], [ 105.11468720823359, 21.433413595710427 ], [ 105.109520908238508, 21.433431895708146 ], [ 105.10881200823917, 21.433448595707812 ], [ 105.108961508238778, 21.43301739570801 ], [ 105.108782108238671, 21.432558395708053 ], [ 105.109185608237809, 21.431765395708442 ], [ 105.108528108237536, 21.430332595708542 ], [ 105.108139508237429, 21.429567495708575 ], [ 105.107960208237117, 21.428760695708711 ], [ 105.107676308236904, 21.427995595708794 ], [ 105.107422208236542, 21.427007895708947 ], [ 105.106450908237079, 21.42638189570869 ], [ 105.104836908238426, 21.426089795708059 ], [ 105.103760908239437, 21.426061995707599 ], [ 105.103223008239837, 21.425894995707399 ], [ 105.10226650824093, 21.426173295706896 ], [ 105.101310108242245, 21.426827095706312 ], [ 105.100368708243309, 21.427133095705805 ], [ 105.099352508244593, 21.427675695705226 ], [ 105.097753508246484, 21.428245995704366 ], [ 105.096767208248139, 21.429470195703601 ], [ 105.095631408250227, 21.43106989570266 ], [ 105.094331308252379, 21.432600095701698 ], [ 105.093539308253696, 21.433504295701091 ], [ 105.092777108254921, 21.434297195700559 ], [ 105.091028708257852, 21.4364393956992 ], [ 105.090520608259268, 21.437913795698574 ], [ 105.089534308261165, 21.439485695697726 ], [ 105.088742208262971, 21.441238295696909 ], [ 105.089414708263618, 21.443296895696651 ], [ 105.091462008262127, 21.444006295697363 ], [ 105.093643908260688, 21.445049495698033 ], [ 105.095018708259488, 21.445244295698597 ], [ 105.09730510825672, 21.444256695699849 ], [ 105.099203008254165, 21.443018695701024 ], [ 105.101474508251073, 21.441516495702427 ], [ 105.103163208248887, 21.440542795703422 ], [ 105.105868008245821, 21.439708195704849 ], [ 105.110336308241145, 21.439012695706985 ], [ 105.113250408238159, 21.438609295708371 ], [ 105.116836908234745, 21.438623195709955 ], [ 105.117942808233636, 21.438498095710482 ], [ 105.118734808232219, 21.437440895711113 ], [ 105.119272808231543, 21.437176595711424 ], [ 105.119766008231068, 21.437120995711652 ], [ 105.122417008229164, 21.438121595712552 ] ] ] } },
{ "type": "Feature", "properties": { "id": "osm_way_596051675", "name_vi": "Khu công nghiệp Khai Quang", "name_en": null, "aliases": null, "category": "industrial_park", "province_code": "25", "province_en": "Phu Tho", "former_province_code": "26", "status": "unknown", "area_ha": 177.09981500833231, "developer": null, "website": null, "geometry_type": "polygon", "location_accuracy": "site", "part_count": 1, "osm_ids": "osm_way_596051675", "source": "OpenStreetMap", "source_url": "https://www.openstreetmap.org/way/596051675", "verified_on": "2026-08-31", "attribute_source": "osm", "geometry_observed_on": "2026-08-31" }, "geometry": { "type": "Polygon", "coordinates": [ [ [ 105.620164707682108, 21.315011095966629 ], [ 105.625069107677831, 21.315623295968653 ], [ 105.625935507677013, 21.315644495969035 ], [ 105.62647600767643, 21.315518395969296 ], [ 105.627315507675362, 21.315111095969804 ], [ 105.62850500767415, 21.314946195970375 ], [ 105.630004407672104, 21.313931695971316 ], [ 105.630079507671965, 21.313814195971389 ], [ 105.630734207671793, 21.314538995971482 ], [ 105.630837507671671, 21.314532795971527 ], [ 105.631624807671201, 21.314983795971759 ], [ 105.63253160766925, 21.313197295972653 ], [ 105.632794607668714, 21.312705095972898 ], [ 105.632661207668761, 21.312595595972876 ], [ 105.63235120766879, 21.31215269597287 ], [ 105.632136107668188, 21.31085619597312 ], [ 105.631898007668369, 21.310765395973036 ], [ 105.633044707665931, 21.308544195974171 ], [ 105.633597207665545, 21.30878539597434 ], [ 105.634666107664202, 21.30820819597497 ], [ 105.635561907662861, 21.307427295975597 ], [ 105.63633440766165, 21.306647595976152 ], [ 105.636760907660758, 21.305875495976558 ], [ 105.636850707660415, 21.30542689597673 ], [ 105.63722360765972, 21.304883395977036 ], [ 105.637281207659228, 21.30419239597726 ], [ 105.637180707659212, 21.303991895977276 ], [ 105.637117607659249, 21.303948195977238 ], [ 105.637055907659203, 21.303780695977263 ], [ 105.637026407659008, 21.303433995977358 ], [ 105.637479707658258, 21.302876695977723 ], [ 105.63758260765816, 21.302904995977745 ], [ 105.637917907657553, 21.30240009597804 ], [ 105.637736907657654, 21.302292595977985 ], [ 105.637802607657534, 21.302195095978043 ], [ 105.637160107657962, 21.301881895977843 ], [ 105.637753107656778, 21.300896195978371 ], [ 105.638101507656557, 21.301062495978499 ], [ 105.639590107654769, 21.300425895979327 ], [ 105.64061870765326, 21.299582795980022 ], [ 105.639855507653479, 21.298759795979905 ], [ 105.639037307654178, 21.298641095979566 ], [ 105.638727407654514, 21.298706795979431 ], [ 105.638282707654909, 21.298649695979218 ], [ 105.638098007655131, 21.298725995979119 ], [ 105.637930307655282, 21.298724995979061 ], [ 105.637805907655391, 21.298692495979008 ], [ 105.637483307655614, 21.298587895978901 ], [ 105.637041907655714, 21.298038795978854 ], [ 105.636102507657043, 21.29875029597823 ], [ 105.63645050765696, 21.299191895978257 ], [ 105.635990207658011, 21.300191495977781 ], [ 105.634924707659053, 21.300236395977297 ], [ 105.634422007659452, 21.300098895977101 ], [ 105.634012807660483, 21.301167195976625 ], [ 105.633897307660618, 21.301218095976559 ], [ 105.633666207660781, 21.301139295976483 ], [ 105.633453707661303, 21.30162979597625 ], [ 105.631822907662425, 21.300915095975725 ], [ 105.631393807662562, 21.300510195975644 ], [ 105.630889507662587, 21.299766795975632 ], [ 105.630819807662647, 21.29974059597561 ], [ 105.627475107667834, 21.303041695973185 ], [ 105.624716407671045, 21.304039995971682 ], [ 105.625026207671169, 21.30471349597164 ], [ 105.62518850767141, 21.305370695971529 ], [ 105.625719607670973, 21.305468095971747 ], [ 105.627906907668887, 21.30544069597272 ], [ 105.62790420767007, 21.307349795972193 ], [ 105.629647707668425, 21.307372295972971 ], [ 105.627880107671345, 21.309386395971625 ], [ 105.627021807671952, 21.309056495971337 ], [ 105.626300307672409, 21.3087072959711 ], [ 105.625847007672647, 21.308405595970985 ], [ 105.624976607673261, 21.308051995970704 ], [ 105.624304707674796, 21.309508795970004 ], [ 105.622140207676338, 21.308669195969255 ], [ 105.621703007676757, 21.308700395969062 ], [ 105.620713207679373, 21.311425395967859 ], [ 105.620164707682108, 21.315011095966629 ] ] ] } },
{ "type": "Feature", "properties": { "id": "osm_way_772939833", "name_vi": "Khu công nghiệp Kim Hoa", "name_en": null, "aliases": null, "category": "industrial_park", "province_code": "25", "province_en": "Phu Tho", "former_province_code": "26", "status": "unknown", "area_ha": 86.259954614252592, "developer": null, "website": null, "geometry_type": "polygon", "location_accuracy": "site", "part_count": 1, "osm_ids": "osm_way_772939833", "source": "OpenStreetMap", "source_url": "https://www.openstreetmap.org/way/772939833", "verified_on": "2026-08-31", "attribute_source": "osm", "geometry_observed_on": "2026-08-31" }, "geometry": { "type": "Polygon", "coordinates": [ [ [ 105.718023807539808, 21.23398729603279 ], [ 105.720534307538415, 21.235597396033473 ], [ 105.722709607537183, 21.236952396034077 ], [ 105.723149507536931, 21.237219896034208 ], [ 105.724958607534063, 21.235343896035534 ], [ 105.728126507529325, 21.232459896037756 ], [ 105.723334507531277, 21.228251896036792 ], [ 105.721972007533466, 21.229702096035762 ], [ 105.721542807533567, 21.229221996035715 ], [ 105.720899107533825, 21.22865199603558 ], [ 105.718919607536975, 21.230727096034105 ], [ 105.717642907537666, 21.229882096033773 ], [ 105.713185107540824, 21.228141896032259 ], [ 105.711607907544263, 21.23133219603066 ], [ 105.71338890754302, 21.232069696031246 ], [ 105.716205207541037, 21.233172296032215 ], [ 105.716945207540519, 21.233462596032467 ], [ 105.717380007540285, 21.233757296032579 ], [ 105.718023807539808, 21.23398729603279 ] ] ] } },
{ "type": "Feature", "properties": { "id": "osm_way_628712542", "name_vi": "Khu công nghiệp Lương Sơn", "name_en": "Luong Son Industrial Park", "aliases": "Luong Son Industrial Park", "category": "industrial_park", "province_code": "25", "province_en": "Phu Tho", "former_province_code": "17", "status": "unknown", "area_ha": 77.085159678942887, "developer": null, "website": null, "geometry_type": "polygon", "location_accuracy": "site", "part_count": 1, "osm_ids": "osm_way_628712542", "source": "OpenStreetMap", "source_url": "https://www.openstreetmap.org/way/628712542", "verified_on": "2026-08-31", "attribute_source": "osm", "geometry_observed_on": "2026-08-31" }, "geometry": { "type": "Polygon", "coordinates": [ [ [ 105.539838707498902, 20.890527996047901 ], [ 105.540051007498718, 20.890557196047983 ], [ 105.546376807490248, 20.886491196051946 ], [ 105.546557107490315, 20.886865696051935 ], [ 105.545422007491894, 20.887709896051181 ], [ 105.544973607492864, 20.888594096050742 ], [ 105.545973507492377, 20.889353096050982 ], [ 105.547231807491656, 20.890105796051337 ], [ 105.548505307489549, 20.888625996052323 ], [ 105.548895307488934, 20.888256996052586 ], [ 105.549741207487898, 20.887827796053106 ], [ 105.549920807487126, 20.886866196053447 ], [ 105.549698007487322, 20.886816696053359 ], [ 105.549654507486949, 20.886157496053517 ], [ 105.550433207485383, 20.88480749605424 ], [ 105.550738807484976, 20.884595096054444 ], [ 105.550886107484715, 20.88442269605455 ], [ 105.551198407484065, 20.883830396054861 ], [ 105.551430307483514, 20.883257996055121 ], [ 105.550429007484041, 20.882620696054836 ], [ 105.549958907484381, 20.882436096054697 ], [ 105.549505007484697, 20.882255696054536 ], [ 105.549069707485103, 20.882232396054345 ], [ 105.549119907484737, 20.881708796054514 ], [ 105.548517407485122, 20.881421896054302 ], [ 105.548387007485402, 20.881656296054206 ], [ 105.548090507485597, 20.881491096054109 ], [ 105.547797907486157, 20.881987696053837 ], [ 105.547353307486418, 20.881703996053727 ], [ 105.546930107486759, 20.881620796053561 ], [ 105.546148207487377, 20.881409196053252 ], [ 105.546021907487685, 20.881727896053121 ], [ 105.54557390748802, 20.881597896052945 ], [ 105.5454155074884, 20.881953996052783 ], [ 105.545270507488496, 20.881889296052726 ], [ 105.54519500748863, 20.881985596052672 ], [ 105.544936707488901, 20.882057696052531 ], [ 105.544581107489648, 20.8827133960522 ], [ 105.540015807495834, 20.885761796049295 ], [ 105.540064107495809, 20.885817596049296 ], [ 105.538641207497747, 20.886797396048379 ], [ 105.538407207498082, 20.886991696048224 ], [ 105.538248307498392, 20.887225996048095 ], [ 105.537999407499029, 20.887885396047782 ], [ 105.538165107498983, 20.88806719604781 ], [ 105.539838707498902, 20.890527996047901 ] ] ] } },
{ "type": "Feature", "properties": { "id": "osm_way_630404556", "name_vi": "Khu công nghiệp Mông Hóa", "name_en": null, "aliases": null, "category": "industrial_park", "province_code": "25", "province_en": "Phu Tho", "former_province_code": "17", "status": "unknown", "area_ha": 41.162271126432898, "developer": null, "website": null, "geometry_type": "polygon", "location_accuracy": "site", "part_count": 1, "osm_ids": "osm_way_630404556", "source": "OpenStreetMap", "source_url": "https://www.openstreetmap.org/way/630404556", "verified_on": "2026-08-31", "attribute_source": "osm", "geometry_observed_on": "2026-08-31" }, "geometry": { "type": "Polygon", "coordinates": [ [ [ 105.405940407639193, 20.912663895981598 ], [ 105.409041507633702, 20.90849449598414 ], [ 105.408990307633701, 20.908400595984148 ], [ 105.407458807635081, 20.908275295983483 ], [ 105.407493707634842, 20.907929595983614 ], [ 105.406898307635259, 20.907719095983406 ], [ 105.405948807635852, 20.907167895983118 ], [ 105.404462807636577, 20.906075495982755 ], [ 105.402636207637556, 20.904822595982282 ], [ 105.401378207638359, 20.904201195981891 ], [ 105.400128307640543, 20.905824895980878 ], [ 105.400879407640147, 20.906396095981062 ], [ 105.401094007640296, 20.906947395980996 ], [ 105.400922307641082, 20.907979695980632 ], [ 105.402188307640273, 20.908621095981037 ], [ 105.401402107641871, 20.909997995980316 ], [ 105.4025394076412, 20.910659495980642 ], [ 105.405940407639193, 20.912663895981598 ] ] ] } },
{ "type": "Feature", "properties": { "id": "osm_way_596051696", "name_vi": "Khu công nghiệp Thăng Long Vĩnh Phúc", "name_en": null, "aliases": null, "category": "industrial_park", "province_code": "25", "province_en": "Phu Tho", "former_province_code": "26", "status": "unknown", "area_ha": 210.35356008009575, "developer": null, "website": null, "geometry_type": "polygon", "location_accuracy": "site", "part_count": 1, "osm_ids": "osm_way_596051696", "source": "OpenStreetMap", "source_url": "https://www.openstreetmap.org/way/596051696", "verified_on": "2026-08-31", "attribute_source": "osm", "geometry_observed_on": "2026-08-31" }, "geometry": { "type": "Polygon", "coordinates": [ [ [ 105.659530607650296, 21.32398999598173 ], [ 105.659769207649973, 21.323825995981878 ], [ 105.660720707648451, 21.322819995982595 ], [ 105.66797260763677, 21.314950095988006 ], [ 105.668759707635502, 21.314095795988596 ], [ 105.668036507635705, 21.313304095988496 ], [ 105.66784760763548, 21.312655395988582 ], [ 105.66711140763573, 21.311933195988466 ], [ 105.667190807635038, 21.310930695988755 ], [ 105.665957307635594, 21.309928095988493 ], [ 105.664546107636227, 21.308780995988169 ], [ 105.664782907635782, 21.308408595988382 ], [ 105.66261650763677, 21.306696895987884 ], [ 105.664728207633388, 21.304404395989458 ], [ 105.663274807634096, 21.303332495989114 ], [ 105.663192007634137, 21.303271495989087 ], [ 105.657442907638838, 21.302025195986857 ], [ 105.657412207638927, 21.302138495986824 ], [ 105.65800130763914, 21.303424595986723 ], [ 105.658200307640186, 21.305403695986275 ], [ 105.657923907640495, 21.305498495986111 ], [ 105.656949907641632, 21.305832295985599 ], [ 105.656134107642742, 21.306383295985079 ], [ 105.656887307642364, 21.306982995985251 ], [ 105.657338407642115, 21.307232895985397 ], [ 105.657800007641811, 21.307457795985528 ], [ 105.658326007641364, 21.307542795985729 ], [ 105.659593107640433, 21.308002595986181 ], [ 105.658931107642076, 21.309628095985431 ], [ 105.658333007643151, 21.310461995984941 ], [ 105.655473007648254, 21.314385795982574 ], [ 105.652767407653101, 21.318097595980333 ], [ 105.651949307654718, 21.319473895979595 ], [ 105.654888407653246, 21.321606095980322 ], [ 105.656847807652269, 21.323062595980787 ], [ 105.658013907651693, 21.323929295981067 ], [ 105.658386107651452, 21.324104195981192 ], [ 105.658742207651173, 21.324167595981336 ], [ 105.65903110765089, 21.324157895981468 ], [ 105.659264207650608, 21.324108395981586 ], [ 105.659530607650296, 21.32398999598173 ] ] ] } },
{ "type": "Feature", "properties": { "id": "osm_way_631678334", "name_vi": "Khu công nghiệp Thuỵ Vân", "name_en": null, "aliases": null, "category": "industrial_park", "province_code": "25", "province_en": "Phu Tho", "former_province_code": "25", "status": "unknown", "area_ha": 282.25666177076812, "developer": null, "website": null, "geometry_type": "polygon", "location_accuracy": "site", "part_count": 1, "osm_ids": "osm_way_631678334", "source": "OpenStreetMap", "source_url": "https://www.openstreetmap.org/way/631678334", "verified_on": "2026-08-31", "attribute_source": "osm", "geometry_observed_on": "2026-08-31" }, "geometry": { "type": "Polygon", "coordinates": [ [ [ 105.353868607951796, 21.343472995840365 ], [ 105.353400907950942, 21.341353595840744 ], [ 105.353710407946622, 21.334773295842687 ], [ 105.353631407946239, 21.334058695842842 ], [ 105.35132210794481, 21.328113695843427 ], [ 105.350752607944827, 21.327281195843401 ], [ 105.348957407947069, 21.328179995842355 ], [ 105.34875970794775, 21.328990395842052 ], [ 105.335591907964542, 21.3360255958343 ], [ 105.335876607964508, 21.336423395834309 ], [ 105.332104207975178, 21.347973695829506 ], [ 105.333638407974064, 21.348540895830034 ], [ 105.335612707971904, 21.348079095831036 ], [ 105.336192907971125, 21.347701195831384 ], [ 105.339040007966247, 21.344143295833611 ], [ 105.340289607964621, 21.343399395834371 ], [ 105.345742207959375, 21.343293395836817 ], [ 105.346567907958729, 21.343535795837116 ], [ 105.348878307957179, 21.344555895837868 ], [ 105.349408207956699, 21.344599995838088 ], [ 105.353868607951796, 21.343472995840365 ] ] ] } },
{ "type": "Feature", "properties": { "id": "osm_way_1056385990", "name_vi": "Khu công nghiệp Trung Hà", "name_en": null, "aliases": null, "category": "industrial_park", "province_code": "25", "province_en": "Phu Tho", "former_province_code": "25", "status": "unknown", "area_ha": 61.734162372526271, "developer": null, "website": null, "geometry_type": "polygon", "location_accuracy": "site", "part_count": 1, "osm_ids": "osm_way_1056385990", "source": "OpenStreetMap", "source_url": "https://www.openstreetmap.org/way/1056385990", "verified_on": "2026-08-31", "attribute_source": "osm", "geometry_observed_on": "2026-08-31" }, "geometry": { "type": "Polygon", "coordinates": [ [ [ 105.330338007911777, 21.241717895857679 ], [ 105.335369807905877, 21.239917895860401 ], [ 105.335461007905721, 21.239787895860474 ], [ 105.3356488079055, 21.239707895860562 ], [ 105.332183407903372, 21.230847595861466 ], [ 105.331872207903615, 21.230757595861348 ], [ 105.326679507909631, 21.232577695858534 ], [ 105.327462707910129, 21.234587795858339 ], [ 105.32766650790991, 21.23452779585844 ], [ 105.328739407910547, 21.237257895858171 ], [ 105.328943307910464, 21.237397895858241 ], [ 105.329157807910235, 21.237397895858312 ], [ 105.33045600791101, 21.24067789585801 ], [ 105.329973207911578, 21.240847895857744 ], [ 105.330338007911777, 21.241717895857679 ] ] ] } },
{ "type": "Feature", "properties": { "id": "osm_way_1468130121", "name_vi": "Cụm CN Cao An", "name_en": null, "aliases": null, "category": "industrial_cluster", "province_code": "31", "province_en": "Hai Phong", "former_province_code": "30", "status": "unknown", "area_ha": 129.20342574152326, "developer": null, "website": null, "geometry_type": "polygon", "location_accuracy": "site", "part_count": 1, "osm_ids": "osm_way_1468130121", "source": "OpenStreetMap", "source_url": "https://www.openstreetmap.org/way/1468130121", "verified_on": "2026-08-31", "attribute_source": "osm", "geometry_observed_on": "2026-08-31" }, "geometry": { "type": "Polygon", "coordinates": [ [ [ 106.238861406874022, 20.95085439634801 ], [ 106.254892406857209, 20.948176296356095 ], [ 106.254036806854657, 20.94269729635726 ], [ 106.25292710685595, 20.943079196356649 ], [ 106.252927106856148, 20.943367796356561 ], [ 106.252832706856282, 20.943455996356498 ], [ 106.252970006856302, 20.943704496356489 ], [ 106.252352006856981, 20.943864796356156 ], [ 106.252189006857094, 20.94378459635611 ], [ 106.251862806857446, 20.943856796355941 ], [ 106.251571006857645, 20.943752596355829 ], [ 106.251507606857615, 20.943592496355855 ], [ 106.251455506857525, 20.9433555963559 ], [ 106.250252106858355, 20.942845296355497 ], [ 106.245477706861749, 20.941034896353816 ], [ 106.244924706862236, 20.940955996353594 ], [ 106.240699006865938, 20.940441996351801 ], [ 106.238861406874022, 20.95085439634801 ] ] ] } },
{ "type": "Feature", "properties": { "id": "osm_way_1467207665", "name_vi": "Cụm Công Nghiệp Đoàn Tùng", "name_en": null, "aliases": null, "category": "industrial_cluster", "province_code": "31", "province_en": "Hai Phong", "former_province_code": "30", "status": "unknown", "area_ha": 32.822158492564753, "developer": null, "website": null, "geometry_type": "polygon", "location_accuracy": "site", "part_count": 1, "osm_ids": "osm_way_1467207665", "source": "OpenStreetMap", "source_url": "https://www.openstreetmap.org/way/1467207665", "verified_on": "2026-08-31", "attribute_source": "osm", "geometry_observed_on": "2026-08-31" }, "geometry": { "type": "Polygon", "coordinates": [ [ [ 106.226544506806391, 20.820615596379415 ], [ 106.226890106805627, 20.819870696379784 ], [ 106.227499506803994, 20.818169896380549 ], [ 106.228143206803438, 20.818242096380811 ], [ 106.229010106799834, 20.813653096382524 ], [ 106.224675706803509, 20.812946996380735 ], [ 106.224521206803814, 20.81321979638059 ], [ 106.225019006804075, 20.814415196380466 ], [ 106.224898806804546, 20.815016996380258 ], [ 106.224572706805276, 20.815714996379903 ], [ 106.223723006807205, 20.817528096378997 ], [ 106.223551306807337, 20.817528096378911 ], [ 106.222538506809286, 20.819140696377996 ], [ 106.226544506806391, 20.820615596379415 ] ] ] } },
{ "type": "Feature", "properties": { "id": "osm_way_697662289", "name_vi": "Cụm công nghiệp Tân Liên A", "name_en": null, "aliases": null, "category": "industrial_cluster", "province_code": "31", "province_en": "Hai Phong", "former_province_code": "31", "status": "unknown", "area_ha": 57.057530060321746, "developer": null, "website": null, "geometry_type": "polygon", "location_accuracy": "site", "part_count": 1, "osm_ids": "osm_way_697662289", "source": "OpenStreetMap", "source_url": "https://www.openstreetmap.org/way/697662289", "verified_on": "2026-08-31", "attribute_source": "osm", "geometry_observed_on": "2026-08-31" }, "geometry": { "type": "Polygon", "coordinates": [ [ [ 106.49319370648675, 20.709475396533914 ], [ 106.494735806485281, 20.709481096534624 ], [ 106.495461306482582, 20.706163696535913 ], [ 106.49573000648158, 20.704935396536388 ], [ 106.496289306479511, 20.702377896537385 ], [ 106.493908006481405, 20.70180139653645 ], [ 106.494311706480161, 20.700374696537047 ], [ 106.487205506485864, 20.698733096534227 ], [ 106.487067206486145, 20.698970296534096 ], [ 106.487779906486296, 20.700315396534048 ], [ 106.489038406486543, 20.702690596533945 ], [ 106.489686806486574, 20.703749196533938 ], [ 106.492194606486677, 20.707798796533933 ], [ 106.492984006486779, 20.709179196533903 ], [ 106.49319370648675, 20.709475396533914 ] ] ] } },
{ "type": "Feature", "properties": { "id": "osm_relation_19352441", "name_vi": "KCN VSIP Thủy Nguyên - Cầu Đăng - Xã Vĩnh Hải", "name_en": null, "aliases": null, "category": "industrial_park", "province_code": "31", "province_en": "Hai Phong", "former_province_code": "31", "status": "unknown", "area_ha": null, "developer": "Công ty TNHH Vận tải Thịnh Hưng", "website": null, "geometry_type": "point", "location_accuracy": "locality", "part_count": 1, "osm_ids": "osm_relation_19352441", "source": "OpenStreetMap", "source_url": "https://www.openstreetmap.org/relation/19352441", "verified_on": "2026-08-31", "attribute_source": "osm", "geometry_observed_on": "2026-08-31" }, "geometry": { "type": "Point", "coordinates": [ 106.5811455, 20.770084 ] } },
{ "type": "Feature", "properties": { "id": "osm_relation_19352137", "name_vi": "KCN VSIP Thủy Nguyên - Trung tâm Chính trị Hành chính Thành phố - Đồ Sơn", "name_en": null, "aliases": null, "category": "industrial_park", "province_code": "31", "province_en": "Hai Phong", "former_province_code": "31", "status": "unknown", "area_ha": null, "developer": "Công ty TNHH Vận tải Thịnh Hưng", "website": null, "geometry_type": "point", "location_accuracy": "locality", "part_count": 1, "osm_ids": "osm_relation_19352137", "source": "OpenStreetMap", "source_url": "https://www.openstreetmap.org/relation/19352137", "verified_on": "2026-08-31", "attribute_source": "osm", "geometry_observed_on": "2026-08-31" }, "geometry": { "type": "Point", "coordinates": [ 106.737502, 20.7984479 ] } },
{ "type": "Feature", "properties": { "id": "osm_way_1183626950", "name_vi": "Khu công nghiệp An Dương", "name_en": null, "aliases": null, "category": "industrial_park", "province_code": "31", "province_en": "Hai Phong", "former_province_code": "30", "status": "unknown", "area_ha": 169.81036433836772, "developer": null, "website": null, "geometry_type": "polygon", "location_accuracy": "site", "part_count": 1, "osm_ids": "osm_way_1183626950", "source": "OpenStreetMap", "source_url": "https://www.openstreetmap.org/way/1183626950", "verified_on": "2026-08-31", "attribute_source": "osm", "geometry_observed_on": "2026-08-31" }, "geometry": { "type": "Polygon", "coordinates": [ [ [ 106.560989406526446, 20.880299996516023 ], [ 106.562177006528785, 20.885991796514922 ], [ 106.562016006529078, 20.886202296514789 ], [ 106.561313306529911, 20.886508096514376 ], [ 106.559108506533292, 20.888626396512752 ], [ 106.559400906533156, 20.88884359651281 ], [ 106.557611906535925, 20.890624396511498 ], [ 106.558942206535306, 20.891636796511808 ], [ 106.559822006533935, 20.890814896512449 ], [ 106.561796106533009, 20.892358496512919 ], [ 106.562686606531528, 20.891275996513642 ], [ 106.563126506530637, 20.890517096514063 ], [ 106.563233806530391, 20.890276496514176 ], [ 106.564682206528957, 20.890166196514873 ], [ 106.56772330652403, 20.886778196517259 ], [ 106.571306706518143, 20.882688496520085 ], [ 106.573838706513996, 20.879821496522073 ], [ 106.572894606514907, 20.87983159652164 ], [ 106.572733706514384, 20.878708796521888 ], [ 106.573034106514015, 20.878578496522067 ], [ 106.576288006510538, 20.877922096523751 ], [ 106.576246406510379, 20.877599296523844 ], [ 106.576789206509801, 20.87748589652411 ], [ 106.577357806508601, 20.876373096524684 ], [ 106.577840606507621, 20.875541096525151 ], [ 106.578355606506705, 20.874829396525588 ], [ 106.579879106504251, 20.873148896526793 ], [ 106.579283606504433, 20.872557496526685 ], [ 106.579106606504681, 20.872657696526574 ], [ 106.578527206504759, 20.871905896526528 ], [ 106.560989406526446, 20.880299996516023 ] ] ] } },
{ "type": "Feature", "properties": { "id": "osm_way_919395266", "name_vi": "Khu công nghiệp Cộng Hoà", "name_en": null, "aliases": null, "category": "industrial_park", "province_code": "31", "province_en": "Hai Phong", "former_province_code": "30", "status": "unknown", "area_ha": 142.66337773934617, "developer": null, "website": null, "geometry_type": "polygon", "location_accuracy": "site", "part_count": 1, "osm_ids": "osm_way_919395266", "source": "OpenStreetMap", "source_url": "https://www.openstreetmap.org/way/919395266", "verified_on": "2026-08-31", "attribute_source": "osm", "geometry_observed_on": "2026-08-31" }, "geometry": { "type": "Polygon", "coordinates": [ [ [ 106.420453406812371, 21.131501696379548 ], [ 106.421926906811393, 21.132148196380037 ], [ 106.423702206809068, 21.131096796381147 ], [ 106.424946606807794, 21.130943696381753 ], [ 106.425580406805835, 21.128700096382691 ], [ 106.425367506805202, 21.127352696382978 ], [ 106.424272806805789, 21.126615196382691 ], [ 106.425033006803119, 21.123409696383955 ], [ 106.424257606802044, 21.120431196384441 ], [ 106.42462660680053, 21.118551296385149 ], [ 106.422875606802009, 21.11826449638443 ], [ 106.423022206801392, 21.117464996384729 ], [ 106.42210260680217, 21.117331196384349 ], [ 106.421913606802875, 21.11817649638401 ], [ 106.421021606803578, 21.117969096383671 ], [ 106.420407906804087, 21.117789496383441 ], [ 106.419956006804668, 21.118097996383153 ], [ 106.41990710680507, 21.118659296382976 ], [ 106.419570606805593, 21.118992896382721 ], [ 106.419234106805987, 21.119140996382516 ], [ 106.413910906810528, 21.118312696380332 ], [ 106.413771406811051, 21.118964896380064 ], [ 106.410633406815691, 21.121676296377874 ], [ 106.413560706814408, 21.124108996378496 ], [ 106.414026106814006, 21.124211496378692 ], [ 106.414145006813584, 21.123681396378892 ], [ 106.417638406810624, 21.124264796380324 ], [ 106.417817506810621, 21.124492496380334 ], [ 106.416716806814819, 21.12967289637837 ], [ 106.420453406812371, 21.131501696379548 ] ] ] } },
{ "type": "Feature", "properties": { "id": "osm_way_597896810", "name_vi": "Khu công nghiệp Đại An", "name_en": null, "aliases": "KCN Đại An|Khu công nghiệp Đại An mở rộng", "category": "industrial_park", "province_code": "31", "province_en": "Hai Phong", "former_province_code": "30", "status": "unknown", "area_ha": 316.95286100811745, "developer": null, "website": null, "geometry_type": "polygon", "location_accuracy": "site", "part_count": 3, "osm_ids": "osm_node_481837559|osm_way_1157356621|osm_way_597896810", "source": "OpenStreetMap", "source_url": "https://www.openstreetmap.org/way/597896810", "verified_on": "2026-08-31", "attribute_source": "osm", "geometry_observed_on": "2026-08-31" }, "geometry": { "type": "MultiPolygon", "coordinates": [ [ [ [ 106.26211230684028, 20.93159029636411 ], [ 106.262080106839079, 20.929576096364684 ], [ 106.263313906837908, 20.929561096365248 ], [ 106.262605806836646, 20.926394496365813 ], [ 106.260213306838992, 20.92653479636467 ], [ 106.260181106838814, 20.926204096364764 ], [ 106.262487806836091, 20.925302096366071 ], [ 106.262109606835267, 20.923365496366451 ], [ 106.260993806836254, 20.92327779636598 ], [ 106.258617306838815, 20.923761396364743 ], [ 106.25838670683855, 20.92294959636488 ], [ 106.259419306837415, 20.922686596365409 ], [ 106.259585606837717, 20.923468296365272 ], [ 106.260513706836733, 20.923257796365757 ], [ 106.260379606836381, 20.922526196365901 ], [ 106.260429506835848, 20.921714496366167 ], [ 106.241455606852753, 20.920000796357971 ], [ 106.241375106852871, 20.920040896357921 ], [ 106.241160506853248, 20.920331496357726 ], [ 106.244427506853398, 20.925675996357697 ], [ 106.252499606845674, 20.925530696361449 ], [ 106.252901906845523, 20.925901496361508 ], [ 106.252730306845919, 20.926322396361325 ], [ 106.252617606846158, 20.926507796361221 ], [ 106.252440606846676, 20.927068896360979 ], [ 106.252301106847284, 20.92785559636069 ], [ 106.252290406847607, 20.928351596360542 ], [ 106.252349406847742, 20.928717396360458 ], [ 106.252392306847938, 20.929108196360364 ], [ 106.25240840684809, 20.929358796360315 ], [ 106.252505006848338, 20.929879796360215 ], [ 106.253046806850165, 20.933719996359372 ], [ 106.257971306845249, 20.933349296361705 ], [ 106.260919606842322, 20.93307899636314 ], [ 106.263383606839952, 20.933033296364286 ], [ 106.263372906839066, 20.931575296364695 ], [ 106.26211230684028, 20.93159029636411 ] ] ], [ [ [ 106.264817006833653, 20.924918396367246 ], [ 106.263091606835204, 20.924786296366488 ], [ 106.262886106837058, 20.927499496365638 ], [ 106.265135506835477, 20.928370396366418 ], [ 106.264990606836108, 20.929215596366106 ], [ 106.264604306838706, 20.932883296364878 ], [ 106.275301006829309, 20.934070696369446 ], [ 106.2768137068214, 20.923403396373175 ], [ 106.274764506823232, 20.923232996372285 ], [ 106.272575806825202, 20.923072696371324 ], [ 106.270000906827462, 20.922802096370233 ], [ 106.26957710682963, 20.925668196369209 ], [ 106.264817006833653, 20.924918396367246 ] ] ] ] } },
{ "type": "Feature", "properties": { "id": "osm_way_627990023", "name_vi": "Khu Công Nghiệp Đình Vũ", "name_en": "Dinh Vu Industrial Area", "aliases": "Dinh Vu Industrial Area|KCN Đình Vũ", "category": "industrial_park", "province_code": "31", "province_en": "Hai Phong", "former_province_code": "31", "status": "unknown", "area_ha": 1051.1523789589544, "developer": null, "website": null, "geometry_type": "polygon", "location_accuracy": "site", "part_count": 2, "osm_ids": "osm_node_2550835890|osm_way_627990023", "source": "OpenStreetMap", "source_url": "https://www.openstreetmap.org/way/627990023", "verified_on": "2026-08-31", "attribute_source": "osm", "geometry_observed_on": "2026-08-31" }, "geometry": { "type": "Polygon", "coordinates": [ [ [ 106.801473606264707, 20.823542296643652 ], [ 106.80159370626231, 20.819803396644794 ], [ 106.801614306260035, 20.816067196645889 ], [ 106.795266906265994, 20.816036696642964 ], [ 106.794938606266243, 20.815918696642829 ], [ 106.794187106266449, 20.815071796642723 ], [ 106.791913006267023, 20.812508896642417 ], [ 106.791060106267381, 20.811754196642241 ], [ 106.79036810626782, 20.81139569664202 ], [ 106.789230806268634, 20.810964496641638 ], [ 106.788158006269526, 20.810803996641177 ], [ 106.787267506270368, 20.810793996640758 ], [ 106.78658080627109, 20.810904296640416 ], [ 106.784671106273123, 20.811295396639402 ], [ 106.784588806272993, 20.810935796639484 ], [ 106.784089106271992, 20.808490096639954 ], [ 106.785706206270305, 20.808209796640789 ], [ 106.785497306269832, 20.807131296641003 ], [ 106.776941806278856, 20.80868289663659 ], [ 106.774027806283073, 20.811111296634525 ], [ 106.765615506295305, 20.8181212966286 ], [ 106.765242006295466, 20.8178344966285 ], [ 106.760051306303083, 20.82228899662481 ], [ 106.759524406303896, 20.822832396624406 ], [ 106.759115606304718, 20.823545696624002 ], [ 106.758834006305406, 20.82425049662368 ], [ 106.758534206306692, 20.825880696623052 ], [ 106.757961906308651, 20.828241196622098 ], [ 106.760932506306574, 20.829395996623141 ], [ 106.761968206304601, 20.827799696624094 ], [ 106.763140106303865, 20.828411096624457 ], [ 106.760766906308547, 20.832422096622196 ], [ 106.758779506312479, 20.835780996620304 ], [ 106.757444006316163, 20.839771496618525 ], [ 106.75614490631709, 20.839287496618059 ], [ 106.755545406320238, 20.843524096616555 ], [ 106.7562630063196, 20.843591996616865 ], [ 106.756735406319152, 20.8435919966171 ], [ 106.75722790632139, 20.848006796616026 ], [ 106.757986206320524, 20.847780496616451 ], [ 106.762604106315337, 20.84644469661897 ], [ 106.764098506313388, 20.845536296619937 ], [ 106.765613706311214, 20.844330196620984 ], [ 106.766533906309903, 20.843597396621622 ], [ 106.766947706309793, 20.844090896621662 ], [ 106.767044106309797, 20.844205796621683 ], [ 106.781720406289708, 20.83398249663145 ], [ 106.779395606290265, 20.831281096631162 ], [ 106.781460406287437, 20.829835896632538 ], [ 106.78275330628577, 20.829097596633346 ], [ 106.78422500628551, 20.830959596633477 ], [ 106.784104306285684, 20.831068696633402 ], [ 106.784732606285587, 20.831896196633465 ], [ 106.791333006276815, 20.827712796637726 ], [ 106.787949606277394, 20.823376296637431 ], [ 106.788191106277011, 20.823128696637614 ], [ 106.788556306276419, 20.822735596637894 ], [ 106.788728606276123, 20.822499096638062 ], [ 106.78914500627593, 20.82285819663813 ], [ 106.789778006275085, 20.822437096638538 ], [ 106.791301506274749, 20.824262196638724 ], [ 106.791700306275089, 20.825410496638572 ], [ 106.792042006274812, 20.825532896638688 ], [ 106.801443106265907, 20.825477696643066 ], [ 106.801473606264707, 20.823542296643652 ] ] ] } },
{ "type": "Feature", "properties": { "id": "osm_way_597913808", "name_vi": "Khu công nghiệp Đồ Sơn", "name_en": null, "aliases": null, "category": "industrial_park", "province_code": "31", "province_en": "Hai Phong", "former_province_code": "31", "status": "unknown", "area_ha": 148.53219616854895, "developer": null, "website": null, "geometry_type": "polygon", "location_accuracy": "site", "part_count": 1, "osm_ids": "osm_way_597913808", "source": "OpenStreetMap", "source_url": "https://www.openstreetmap.org/way/597913808", "verified_on": "2026-08-31", "attribute_source": "osm", "geometry_observed_on": "2026-08-31" }, "geometry": { "type": "Polygon", "coordinates": [ [ [ 106.758227406256566, 20.742870396647024 ], [ 106.762895106253836, 20.745666496648365 ], [ 106.76516970625012, 20.743061396650191 ], [ 106.772048506239216, 20.735796396655495 ], [ 106.764197406242886, 20.729624296653629 ], [ 106.762438706244879, 20.73017379665265 ], [ 106.761780706245688, 20.730466896652267 ], [ 106.761067006246847, 20.731287896651697 ], [ 106.76027670624832, 20.732474496650976 ], [ 106.760083906248738, 20.732854496650777 ], [ 106.759941506249064, 20.733174396650632 ], [ 106.758898706251827, 20.736108096649296 ], [ 106.758588306252904, 20.737417396648766 ], [ 106.758497506253306, 20.737911496648575 ], [ 106.758448806254961, 20.740567396647787 ], [ 106.758308806255513, 20.741262096647517 ], [ 106.758741706255293, 20.741568596647635 ], [ 106.758227406256566, 20.742870396647024 ] ] ] } },
{ "type": "Feature", "properties": { "id": "osm_way_1328293937", "name_vi": "Khu công nghiệp Kỹ thuật cao An Phát", "name_en": null, "aliases": null, "category": "industrial_park", "province_code": "31", "province_en": "Hai Phong", "former_province_code": "30", "status": "unknown", "area_ha": 48.323287421695213, "developer": null, "website": null, "geometry_type": "polygon", "location_accuracy": "site", "part_count": 1, "osm_ids": "osm_way_1328293937", "source": "OpenStreetMap", "source_url": "https://www.openstreetmap.org/way/1328293937", "verified_on": "2026-08-31", "attribute_source": "osm", "geometry_observed_on": "2026-08-31" }, "geometry": { "type": "Polygon", "coordinates": [ [ [ 106.283714206822623, 20.936136196372708 ], [ 106.283872206825734, 20.941507996371246 ], [ 106.283956406826761, 20.943348596370765 ], [ 106.289957106820907, 20.943029096373607 ], [ 106.28970990681745, 20.936977796375214 ], [ 106.289475506817553, 20.936768196375155 ], [ 106.285769906820548, 20.935925096373698 ], [ 106.283869706822202, 20.935706196372898 ], [ 106.283854806822475, 20.936148696372772 ], [ 106.283714206822623, 20.936136196372708 ] ] ] } },
{ "type": "Feature", "properties": { "id": "osm_way_1328293911", "name_vi": "Khu công nghiệp Lai Cách - Cao An", "name_en": null, "aliases": null, "category": "industrial_park", "province_code": "31", "province_en": "Hai Phong", "former_province_code": "30", "status": "unknown", "area_ha": 96.847592611142773, "developer": null, "website": null, "geometry_type": "polygon", "location_accuracy": "site", "part_count": 1, "osm_ids": "osm_way_1328293911", "source": "OpenStreetMap", "source_url": "https://www.openstreetmap.org/way/1328293911", "verified_on": "2026-08-31", "attribute_source": "osm", "geometry_observed_on": "2026-08-31" }, "geometry": { "type": "Polygon", "coordinates": [ [ [ 106.26128650684241, 20.93380209636311 ], [ 106.261706706845374, 20.939327996361737 ], [ 106.2614731068456, 20.939331296361619 ], [ 106.259917906847491, 20.940033496360702 ], [ 106.259375706850705, 20.944436096359219 ], [ 106.259283206850881, 20.944620196359114 ], [ 106.257748906852356, 20.944643196358403 ], [ 106.257730406852446, 20.944775596358369 ], [ 106.257163506853033, 20.944827396358086 ], [ 106.256553406855303, 20.947624296357017 ], [ 106.264749006846714, 20.946260396361151 ], [ 106.264839606845499, 20.944414696361711 ], [ 106.264588306845724, 20.944408096361595 ], [ 106.264655606845452, 20.944047896361731 ], [ 106.264836106845308, 20.944064396361821 ], [ 106.264923606844562, 20.94298589636216 ], [ 106.265493606844075, 20.943092396362399 ], [ 106.266060706842694, 20.941689396363049 ], [ 106.266010506842719, 20.941670496363038 ], [ 106.266201606842273, 20.941211096363254 ], [ 106.265989306842414, 20.941128396363176 ], [ 106.266205206841889, 20.940576396363422 ], [ 106.266736006841498, 20.940781396363608 ], [ 106.267160706841238, 20.941012696363746 ], [ 106.267093506841391, 20.94117469636366 ], [ 106.267383706841201, 20.941313496363762 ], [ 106.267358906841281, 20.941366396363737 ], [ 106.267783606840908, 20.941439096363908 ], [ 106.268077406840717, 20.941574696364 ], [ 106.268261406840409, 20.941369696364145 ], [ 106.268533906840275, 20.941554796364219 ], [ 106.268980806839693, 20.941317596364478 ], [ 106.268323606839544, 20.940015996364558 ], [ 106.267271406839257, 20.937932196364685 ], [ 106.268019406838462, 20.937775696365048 ], [ 106.267753606838284, 20.937049796365141 ], [ 106.267951806838042, 20.936995196365242 ], [ 106.26779530683794, 20.936564196365303 ], [ 106.269217906836204, 20.935943896366133 ], [ 106.269125706836192, 20.935756296366137 ], [ 106.267350106838393, 20.93659799636508 ], [ 106.267643706837035, 20.93485429636571 ], [ 106.265706906838801, 20.934748796364861 ], [ 106.263785006840607, 20.93473509636398 ], [ 106.263762806839992, 20.933706396364268 ], [ 106.263748206839949, 20.933610296364282 ], [ 106.26128650684241, 20.93380209636311 ] ] ] } },
{ "type": "Feature", "properties": { "id": "osm_way_733047147", "name_vi": "Khu công nghiệp Lai Vu", "name_en": null, "aliases": null, "category": "industrial_park", "province_code": "31", "province_en": "Hai Phong", "former_province_code": "30", "status": "unknown", "area_ha": 186.48317468126953, "developer": null, "website": null, "geometry_type": "polygon", "location_accuracy": "site", "part_count": 1, "osm_ids": "osm_way_733047147", "source": "OpenStreetMap", "source_url": "https://www.openstreetmap.org/way/733047147", "verified_on": "2026-08-31", "attribute_source": "osm", "geometry_observed_on": "2026-08-31" }, "geometry": { "type": "Polygon", "coordinates": [ [ [ 106.389073106746736, 20.975171296409822 ], [ 106.389116406746865, 20.975443196409753 ], [ 106.389768906748742, 20.979545296408894 ], [ 106.389986906749897, 20.981792396408334 ], [ 106.389930006750731, 20.983039796407951 ], [ 106.389124606753015, 20.985552296406862 ], [ 106.389134106753502, 20.986366196406642 ], [ 106.389446806754123, 20.98787009640634 ], [ 106.38993950675416, 20.988719296406337 ], [ 106.390782806754004, 20.989754396406433 ], [ 106.392166106753166, 20.990532896406844 ], [ 106.394118006751455, 20.990753996407673 ], [ 106.403972106742486, 20.991328996412022 ], [ 106.405402906741259, 20.991532496412621 ], [ 106.405298606740075, 20.989409396413169 ], [ 106.402553006742565, 20.989241296411961 ], [ 106.401507706743459, 20.989094896411533 ], [ 106.401260806743664, 20.989029296411431 ], [ 106.400675106743975, 20.988627096411275 ], [ 106.397438606742668, 20.981471196411839 ], [ 106.397401706742443, 20.981029596411954 ], [ 106.401518006738385, 20.980781196413904 ], [ 106.400779006736585, 20.976696296414744 ], [ 106.391726106744329, 20.975343896410969 ], [ 106.389073106746736, 20.975171296409822 ] ] ] } },
{ "type": "Feature", "properties": { "id": "osm_way_631036815", "name_vi": "Khu công nghiệp Nam Cầu Kiền", "name_en": null, "aliases": null, "category": "industrial_park", "province_code": "31", "province_en": "Hai Phong", "former_province_code": "30", "status": "unknown", "area_ha": 156.82915075314475, "developer": null, "website": null, "geometry_type": "polygon", "location_accuracy": "site", "part_count": 1, "osm_ids": "osm_way_631036815", "source": "OpenStreetMap", "source_url": "https://www.openstreetmap.org/way/631036815", "verified_on": "2026-08-31", "attribute_source": "osm", "geometry_observed_on": "2026-08-31" }, "geometry": { "type": "Polygon", "coordinates": [ [ [ 106.625206006479601, 20.903048396539077 ], [ 106.625227806480879, 20.905173096538473 ], [ 106.6246759064814, 20.905191896538227 ], [ 106.624499106481579, 20.905220696538127 ], [ 106.624713506482436, 20.906986696537722 ], [ 106.625452606481801, 20.907062596538037 ], [ 106.631404506476173, 20.907057596540778 ], [ 106.631718306475946, 20.9071552965409 ], [ 106.629970006480079, 20.911234496538921 ], [ 106.632394106478245, 20.912001896539817 ], [ 106.633359306477288, 20.91194459654027 ], [ 106.633809606476973, 20.912107896540437 ], [ 106.633749406477818, 20.913389996540033 ], [ 106.634367806477343, 20.913571996540266 ], [ 106.633916306478554, 20.914865196539697 ], [ 106.635492406477383, 20.915356696540275 ], [ 106.637110606473243, 20.911108196542237 ], [ 106.637836006471403, 20.909192296543136 ], [ 106.639353506470229, 20.909654096543697 ], [ 106.639690906469966, 20.909714996543837 ], [ 106.639994806469588, 20.909598496544007 ], [ 106.640166606469293, 20.909345096544158 ], [ 106.640632406468058, 20.908051796544754 ], [ 106.640604306467367, 20.906844996545086 ], [ 106.642457106465514, 20.90670259654598 ], [ 106.642486006464779, 20.905517896546336 ], [ 106.637666306469299, 20.905469596544123 ], [ 106.638362406467451, 20.903531896545008 ], [ 106.63834910646618, 20.901403096545604 ], [ 106.63826370646305, 20.896148896547086 ], [ 106.634189906466275, 20.895102396545511 ], [ 106.634097906466508, 20.895352196545399 ], [ 106.633944506467444, 20.89668999654495 ], [ 106.634156006467265, 20.896704596545039 ], [ 106.633490206470583, 20.901103096543466 ], [ 106.633069606472432, 20.903502496542568 ], [ 106.626833106478344, 20.903523596539678 ], [ 106.626692806478317, 20.90327609653971 ], [ 106.626179906478797, 20.903282396539453 ], [ 106.626001606478823, 20.903035696539447 ], [ 106.625206006479601, 20.903048396539077 ] ] ] } },
{ "type": "Feature", "properties": { "id": "osm_way_1157356620", "name_vi": "Khu công nghiệp Nam Sách", "name_en": null, "aliases": null, "category": "industrial_park", "province_code": "31", "province_en": "Hai Phong", "former_province_code": "30", "status": "unknown", "area_ha": 61.639610057003608, "developer": null, "website": null, "geometry_type": "polygon", "location_accuracy": "site", "part_count": 1, "osm_ids": "osm_way_1157356620", "source": "OpenStreetMap", "source_url": "https://www.openstreetmap.org/way/1157356620", "verified_on": "2026-08-31", "attribute_source": "osm", "geometry_observed_on": "2026-08-31" }, "geometry": { "type": "Polygon", "coordinates": [ [ [ 106.368497006757536, 20.960923596404452 ], [ 106.368282006757681, 20.960881896404366 ], [ 106.36776700675874, 20.961793596403851 ], [ 106.368786206758529, 20.963045896403976 ], [ 106.366758506761201, 20.964275796402692 ], [ 106.367461206761007, 20.965067196402785 ], [ 106.370229206761309, 20.969835996402697 ], [ 106.370347306761431, 20.970226696402641 ], [ 106.370422406761833, 20.970988096402461 ], [ 106.370358006762245, 20.971569096402259 ], [ 106.370304306762677, 20.972190296402061 ], [ 106.370443806762765, 20.972570896402026 ], [ 106.370712006762759, 20.97294159640203 ], [ 106.37495530675703, 20.970166596404777 ], [ 106.373358406757148, 20.967868696404697 ], [ 106.373861406756347, 20.967301296405083 ], [ 106.37315330675662, 20.966677696404936 ], [ 106.374899406753869, 20.964846796406253 ], [ 106.369113606756287, 20.959853296405036 ], [ 106.368949006756623, 20.960140796404886 ], [ 106.368497006757536, 20.960923596404452 ] ] ] } },
{ "type": "Feature", "properties": { "id": "osm_way_241201293", "name_vi": "Khu công nghiệp Nhật Bản - Hải Phòng", "name_en": null, "aliases": null, "category": "industrial_park", "province_code": "31", "province_en": "Hai Phong", "former_province_code": "30", "status": "unknown", "area_ha": 153.75972901586275, "developer": null, "website": null, "geometry_type": "polygon", "location_accuracy": "site", "part_count": 1, "osm_ids": "osm_way_241201293", "source": "OpenStreetMap", "source_url": "https://www.openstreetmap.org/way/241201293", "verified_on": "2026-08-31", "attribute_source": "osm", "geometry_observed_on": "2026-08-31" }, "geometry": { "type": "Polygon", "coordinates": [ [ [ 106.589589506517711, 20.910380196520542 ], [ 106.592606306515094, 20.910745796521827 ], [ 106.595974606512286, 20.911349396523214 ], [ 106.596710906505422, 20.901223096526454 ], [ 106.596960406500244, 20.893103496528905 ], [ 106.591642706506036, 20.894395796526084 ], [ 106.586605406511964, 20.89629769652322 ], [ 106.585283606513514, 20.896784096522463 ], [ 106.586094606515019, 20.900520296521766 ], [ 106.587601606513658, 20.900624896522434 ], [ 106.589986206511497, 20.900790296523468 ], [ 106.589897906512832, 20.902850096522837 ], [ 106.589589506517711, 20.910380196520542 ] ] ] } },
{ "type": "Feature", "properties": { "id": "osm_way_597885883", "name_vi": "Khu công nghiệp Phúc Điền", "name_en": null, "aliases": null, "category": "industrial_park", "province_code": "31", "province_en": "Hai Phong", "former_province_code": "30", "status": "unknown", "area_ha": 78.22886107680624, "developer": null, "website": null, "geometry_type": "polygon", "location_accuracy": "site", "part_count": 1, "osm_ids": "osm_way_597885883", "source": "OpenStreetMap", "source_url": "https://www.openstreetmap.org/way/597885883", "verified_on": "2026-08-31", "attribute_source": "osm", "geometry_observed_on": "2026-08-31" }, "geometry": { "type": "Polygon", "coordinates": [ [ [ 106.187265506908702, 20.927672396331019 ], [ 106.186337506912025, 20.931720896329445 ], [ 106.196470806904017, 20.934296196333353 ], [ 106.196544606903799, 20.934041896333461 ], [ 106.195519306904572, 20.933724396333087 ], [ 106.195647406903305, 20.931818496333673 ], [ 106.195796306901499, 20.92911659633452 ], [ 106.198541506898792, 20.928919996335821 ], [ 106.198831206896827, 20.926164196336732 ], [ 106.196560706898623, 20.925551696335869 ], [ 106.196285806898359, 20.92471869633599 ], [ 106.195628606899049, 20.924816396335657 ], [ 106.194625506900337, 20.925364396335034 ], [ 106.194180206900967, 20.925711996334744 ], [ 106.193718906901907, 20.926547496334294 ], [ 106.193419906902278, 20.926697296334119 ], [ 106.192903506902923, 20.926955896333798 ], [ 106.192323406903569, 20.927104296333503 ], [ 106.191668306904134, 20.92703229633322 ], [ 106.191173506904462, 20.926808096333051 ], [ 106.190248106905003, 20.926239396332797 ], [ 106.188483306906519, 20.926003896332062 ], [ 106.188043406908079, 20.927857796331338 ], [ 106.187265506908702, 20.927672396331019 ] ] ] } },
{ "type": "Feature", "properties": { "id": "osm_way_597911424", "name_vi": "Khu công nghiệp Tân Trường", "name_en": null, "aliases": null, "category": "industrial_park", "province_code": "31", "province_en": "Hai Phong", "former_province_code": "30", "status": "unknown", "area_ha": 188.41117993967842, "developer": null, "website": null, "geometry_type": "polygon", "location_accuracy": "site", "part_count": 1, "osm_ids": "osm_way_597911424", "source": "OpenStreetMap", "source_url": "https://www.openstreetmap.org/way/597911424", "verified_on": "2026-08-31", "attribute_source": "osm", "geometry_observed_on": "2026-08-31" }, "geometry": { "type": "Polygon", "coordinates": [ [ [ 106.221710506881735, 20.936901596344136 ], [ 106.227803306875487, 20.93610239634716 ], [ 106.233362006869811, 20.935443596349874 ], [ 106.23374820686827, 20.933479496350614 ], [ 106.233761606867901, 20.932940896350772 ], [ 106.233710706867598, 20.93234219635093 ], [ 106.23382060686734, 20.932094196351041 ], [ 106.233982906866999, 20.931749696351215 ], [ 106.234016406866729, 20.931385196351318 ], [ 106.234040606865449, 20.929323396351926 ], [ 106.232739606865735, 20.927770096351765 ], [ 106.226114606867142, 20.919805596350997 ], [ 106.225932206867228, 20.919645296350968 ], [ 106.223346606869015, 20.918552896350104 ], [ 106.222300506871022, 20.920216596349157 ], [ 106.221887506871923, 20.921078396348705 ], [ 106.22167290687247, 20.921634496348464 ], [ 106.221753306874149, 20.924515696347672 ], [ 106.221669606878393, 20.931382896345685 ], [ 106.221710506881735, 20.936901596344136 ] ] ] } },
{ "type": "Feature", "properties": { "id": "osm_way_1167614580", "name_vi": "Khu công nghiệp Tiên Lãng", "name_en": null, "aliases": null, "category": "industrial_park", "province_code": "31", "province_en": "Hai Phong", "former_province_code": "31", "status": "unknown", "area_ha": 34.556397582592027, "developer": null, "website": null, "geometry_type": "polygon", "location_accuracy": "site", "part_count": 1, "osm_ids": "osm_way_1167614580", "source": "OpenStreetMap", "source_url": "https://www.openstreetmap.org/way/1167614580", "verified_on": "2026-08-31", "attribute_source": "osm", "geometry_observed_on": "2026-08-31" }, "geometry": { "type": "Polygon", "coordinates": [ [ [ 106.563666106435747, 20.735179796559077 ], [ 106.565562106434811, 20.736635496559533 ], [ 106.565153906435526, 20.737138596559191 ], [ 106.564651306435778, 20.736785996559064 ], [ 106.563322706437219, 20.737095496558357 ], [ 106.561213406439094, 20.736888896557453 ], [ 106.559184806442374, 20.739170096555849 ], [ 106.561663706441195, 20.741069196556442 ], [ 106.561786106441161, 20.741177196556471 ], [ 106.564679606439768, 20.743399696557177 ], [ 106.565548006438377, 20.742460396557849 ], [ 106.562644506439767, 20.740218996557154 ], [ 106.565735306434732, 20.736768496559574 ], [ 106.567918906433675, 20.73844509656011 ], [ 106.569304506431635, 20.737217896561098 ], [ 106.567326606432374, 20.735358196560728 ], [ 106.565001906433494, 20.733581496560159 ], [ 106.563666106435747, 20.735179796559077 ] ] ] } },
{ "type": "Feature", "properties": { "id": "osm_way_654588622", "name_vi": "Khu công nghiệp Tràng Duệ", "name_en": null, "aliases": null, "category": "industrial_park", "province_code": "31", "province_en": "Hai Phong", "former_province_code": "30", "status": "unknown", "area_ha": 327.36269094557031, "developer": null, "website": null, "geometry_type": "polygon", "location_accuracy": "site", "part_count": 1, "osm_ids": "osm_way_654588622", "source": "OpenStreetMap", "source_url": "https://www.openstreetmap.org/way/654588622", "verified_on": "2026-08-31", "attribute_source": "osm", "geometry_observed_on": "2026-08-31" }, "geometry": { "type": "Polygon", "coordinates": [ [ [ 106.55312140652039, 20.858111496518777 ], [ 106.550849706521035, 20.855643696518435 ], [ 106.548779006523233, 20.856064696517361 ], [ 106.549372206524581, 20.85918279651673 ], [ 106.550596806525945, 20.86331929651611 ], [ 106.553788306523344, 20.864011596517393 ], [ 106.556375306522582, 20.866751996517795 ], [ 106.556691706522116, 20.866492896518018 ], [ 106.559729406519523, 20.866957396519282 ], [ 106.560358406518645, 20.866488796519697 ], [ 106.560736306518265, 20.866462396519882 ], [ 106.562466906519631, 20.871357396519272 ], [ 106.563808206517677, 20.870273896520189 ], [ 106.564324806516922, 20.86985659652056 ], [ 106.567162906512877, 20.867563996522527 ], [ 106.567428406512491, 20.867370996522698 ], [ 106.568031906512331, 20.868040096522794 ], [ 106.569945506510663, 20.868228896523615 ], [ 106.570554106510116, 20.868312196523874 ], [ 106.571400806509388, 20.868403596524239 ], [ 106.573035906507897, 20.868521296524953 ], [ 106.57349360650754, 20.868639096525143 ], [ 106.57401710650727, 20.869012196525269 ], [ 106.574370606507159, 20.869365296525334 ], [ 106.575419406505702, 20.868595796526048 ], [ 106.57594950650558, 20.869240796526103 ], [ 106.578507606502768, 20.868603596527464 ], [ 106.57889730650183, 20.867660696527913 ], [ 106.577143006502382, 20.865830996527631 ], [ 106.576926006502447, 20.8655793965276 ], [ 106.576736206502432, 20.865292496527591 ], [ 106.576593606502399, 20.865033096527604 ], [ 106.576426706502289, 20.86455599652767 ], [ 106.576289206502068, 20.86400639652776 ], [ 106.574439106504656, 20.865367896526514 ], [ 106.572320006505251, 20.863055596526205 ], [ 106.575112806501252, 20.860830096528137 ], [ 106.574840606501297, 20.860477696528118 ], [ 106.571794006502216, 20.85727019652764 ], [ 106.567277006503616, 20.852514296526916 ], [ 106.56650300650378, 20.851594796526818 ], [ 106.565599206503904, 20.850401496526757 ], [ 106.56409080650603, 20.851515996525741 ], [ 106.563510006508835, 20.855253796524398 ], [ 106.55982630651404, 20.858079896521879 ], [ 106.555599206518295, 20.858497196519806 ], [ 106.553520306519957, 20.857997496518998 ], [ 106.55312140652039, 20.858111496518777 ] ] ] } },
{ "type": "Feature", "properties": { "id": "osm_way_631139841", "name_vi": "Khu công nghiệp VSIP", "name_en": null, "aliases": null, "category": "industrial_park", "province_code": "31", "province_en": "Hai Phong", "former_province_code": "31", "status": "unknown", "area_ha": 322.84428729439793, "developer": null, "website": null, "geometry_type": "polygon", "location_accuracy": "site", "part_count": 1, "osm_ids": "osm_way_631139841", "source": "OpenStreetMap", "source_url": "https://www.openstreetmap.org/way/631139841", "verified_on": "2026-08-31", "attribute_source": "osm", "geometry_observed_on": "2026-08-31" }, "geometry": { "type": "Polygon", "coordinates": [ [ [ 106.717413706399981, 20.915415196578095 ], [ 106.723536306394138, 20.915311396580947 ], [ 106.727142906389361, 20.913083696583254 ], [ 106.727036806388128, 20.910872096583848 ], [ 106.728953706386278, 20.910810496584755 ], [ 106.730849406384209, 20.910349696585762 ], [ 106.730851906382071, 20.906845096586782 ], [ 106.726982306385679, 20.906775296585021 ], [ 106.727047706384184, 20.904410796585715 ], [ 106.697702206412046, 20.904649596572074 ], [ 106.685974606423201, 20.904751096566635 ], [ 106.685994706424424, 20.90680289656606 ], [ 106.697043006414006, 20.906826096571162 ], [ 106.697158306419169, 20.915513796568696 ], [ 106.707006606409749, 20.915343396573292 ], [ 106.707032706404604, 20.906910396575746 ], [ 106.717339806394889, 20.906917396580511 ], [ 106.717386806395879, 20.908638996580031 ], [ 106.715519206397744, 20.90878449657912 ], [ 106.715472406400451, 20.913176796577837 ], [ 106.717277106398768, 20.913176996578667 ], [ 106.717413706399981, 20.915415196578095 ] ] ] } },
{ "type": "Feature", "properties": { "id": "osm_way_1157356622", "name_vi": "Khu công nghiệp VSIP Hải Dương", "name_en": null, "aliases": null, "category": "industrial_park", "province_code": "31", "province_en": "Hai Phong", "former_province_code": "30", "status": "unknown", "area_ha": 146.84364865415014, "developer": null, "website": null, "geometry_type": "polygon", "location_accuracy": "site", "part_count": 1, "osm_ids": "osm_way_1157356622", "source": "OpenStreetMap", "source_url": "https://www.openstreetmap.org/way/1157356622", "verified_on": "2026-08-31", "attribute_source": "osm", "geometry_observed_on": "2026-08-31" }, "geometry": { "type": "Polygon", "coordinates": [ [ [ 106.165837706930802, 20.930663396320412 ], [ 106.165168006932277, 20.9320601963197 ], [ 106.16495840693274, 20.932497196319488 ], [ 106.16774970693038, 20.932966896320615 ], [ 106.167876606930278, 20.932988296320666 ], [ 106.167233006932349, 20.935403196319694 ], [ 106.163296806935691, 20.934791996318072 ], [ 106.161816206937573, 20.935543496317187 ], [ 106.161236806938177, 20.935653696316876 ], [ 106.160990106938641, 20.936034496316658 ], [ 106.160990106938797, 20.936264996316595 ], [ 106.161730306939546, 20.938649896316271 ], [ 106.164290606937939, 20.939992596317055 ], [ 106.164676806937209, 20.939391396317397 ], [ 106.165470706936475, 20.939421396317751 ], [ 106.165556606936576, 20.939701996317694 ], [ 106.16568530693651, 20.939822196317735 ], [ 106.165610206936734, 20.940052696317636 ], [ 106.165942806936485, 20.940202996317741 ], [ 106.16583550693683, 20.940563696317589 ], [ 106.166844006936088, 20.940934496317951 ], [ 106.168592806934157, 20.940453496318892 ], [ 106.168721606933815, 20.940132896319025 ], [ 106.169622806932907, 20.940022596319469 ], [ 106.170234306931064, 20.937938396320334 ], [ 106.170813706930616, 20.938128796320552 ], [ 106.171006806929981, 20.937397296320846 ], [ 106.171382306929658, 20.937407296321012 ], [ 106.171382306929786, 20.937627796320953 ], [ 106.173335006927886, 20.937577696321856 ], [ 106.174590206926894, 20.937858196322349 ], [ 106.177015006925117, 20.938709996323219 ], [ 106.179431106917889, 20.930623296326612 ], [ 106.177167406919708, 20.930052196325736 ], [ 106.176909906920372, 20.93077369632541 ], [ 106.175472206921583, 20.930503096324831 ], [ 106.175665306920862, 20.92961119632518 ], [ 106.170129206925239, 20.928188296323061 ], [ 106.169185106927912, 20.931144396321798 ], [ 106.165837706930802, 20.930663396320412 ] ] ] } },
{ "type": "Feature", "properties": { "id": "osm_way_28475345", "name_vi": "Cụm CN Thị Trấn Như Quỳnh", "name_en": null, "aliases": null, "category": "industrial_cluster", "province_code": "33", "province_en": "Hung Yen", "former_province_code": "33", "status": "unknown", "area_ha": 53.514640874782415, "developer": null, "website": null, "geometry_type": "polygon", "location_accuracy": "site", "part_count": 1, "osm_ids": "osm_way_28475345", "source": "OpenStreetMap", "source_url": "https://www.openstreetmap.org/way/28475345", "verified_on": "2026-08-31", "attribute_source": "osm", "geometry_observed_on": "2026-08-31" }, "geometry": { "type": "Polygon", "coordinates": [ [ [ 105.978163207142629, 20.986882096219123 ], [ 105.976618307145145, 20.988613096217929 ], [ 105.975219307147768, 20.990752696216699 ], [ 105.972099807154024, 20.996162596213757 ], [ 105.972766607153545, 20.996408296214003 ], [ 105.972810507153483, 20.996371396214034 ], [ 105.97352450715276, 20.996299096214379 ], [ 105.974349507152368, 20.996927596214569 ], [ 105.97578360715174, 20.998102796214887 ], [ 105.976267707151095, 20.997853696215163 ], [ 105.976477807150772, 20.997635396215337 ], [ 105.976832907150282, 20.997323196215582 ], [ 105.97752280714937, 20.996937896215996 ], [ 105.977674707149063, 20.996665296216147 ], [ 105.977869807148778, 20.996538796216267 ], [ 105.978738307148205, 20.99692289621656 ], [ 105.980025807145225, 20.99401409621796 ], [ 105.978420707142533, 20.987106496219173 ], [ 105.978163207142629, 20.986882096219123 ] ] ] } },
{ "type": "Feature", "properties": { "id": "osm_way_1486475002", "name_vi": "Cụm công nghiệp Phạm Ngũ Lão - Nghĩa Dân", "name_en": null, "aliases": null, "category": "industrial_cluster", "province_code": "33", "province_en": "Hung Yen", "former_province_code": "33", "status": "under_construction", "area_ha": 76.991447321072556, "developer": null, "website": null, "geometry_type": "polygon", "location_accuracy": "site", "part_count": 1, "osm_ids": "osm_way_1486475002", "source": "OpenStreetMap", "source_url": "https://www.openstreetmap.org/way/1486475002", "verified_on": "2026-08-31", "attribute_source": "osm", "geometry_observed_on": "2026-08-31" }, "geometry": { "type": "Polygon", "coordinates": [ [ [ 106.056197906944547, 20.782818396312216 ], [ 106.054340406949592, 20.788185996309853 ], [ 106.059403206945802, 20.789819696311692 ], [ 106.058465506948309, 20.792501496310511 ], [ 106.059410606947623, 20.792808196310855 ], [ 106.060540606946887, 20.793388296311203 ], [ 106.060337606947257, 20.793690296311031 ], [ 106.061435806946548, 20.794243796311385 ], [ 106.061757606945889, 20.793652096311678 ], [ 106.061872306945304, 20.792826596311986 ], [ 106.062659006944727, 20.793126596312252 ], [ 106.065313706937658, 20.785637796315591 ], [ 106.056197906944547, 20.782818396312216 ] ] ] } },
{ "type": "Feature", "properties": { "id": "osm_relation_20298135", "name_vi": "Cụm công nghiệp Quảng Lãng - Đặng Lễ", "name_en": null, "aliases": null, "category": "industrial_cluster", "province_code": "33", "province_en": "Hung Yen", "former_province_code": "33", "status": "under_construction", "area_ha": 70.558903847699995, "developer": null, "website": null, "geometry_type": "polygon", "location_accuracy": "site", "part_count": 1, "osm_ids": "osm_relation_20298135", "source": "OpenStreetMap", "source_url": "https://www.openstreetmap.org/relation/20298135", "verified_on": "2026-08-31", "attribute_source": "osm", "geometry_observed_on": "2026-08-31" }, "geometry": { "type": "MultiPolygon", "coordinates": [ [ [ [ 106.066140506937785, 20.78710999631555 ], [ 106.065747206938255, 20.787304196315322 ], [ 106.065282106939193, 20.788092296314872 ], [ 106.063393806944248, 20.793486396312481 ], [ 106.064013106943804, 20.793739096312699 ], [ 106.063510106945074, 20.795023996312096 ], [ 106.067166106942565, 20.796589396313347 ], [ 106.067207206942456, 20.796486296313372 ], [ 106.068625606941467, 20.797042296313887 ], [ 106.070588406936935, 20.792658596315995 ], [ 106.069766506937512, 20.792339696315722 ], [ 106.070861206934964, 20.789855096316924 ], [ 106.070788106934756, 20.789387796317023 ], [ 106.066140506937785, 20.78710999631555 ] ] ], [ [ [ 106.064628206945542, 20.797559796311894 ], [ 106.063768306947807, 20.799912396310848 ], [ 106.066672206945668, 20.800934896311869 ], [ 106.066966806945004, 20.800310796312178 ], [ 106.066891706945, 20.800169596312188 ], [ 106.067337706944116, 20.799410296312629 ], [ 106.067872006943745, 20.799630096312789 ], [ 106.068652606942095, 20.79815589631356 ], [ 106.064684206944762, 20.79634249631227 ], [ 106.06422610694581, 20.797356596311776 ], [ 106.064628206945542, 20.797559796311894 ] ] ] ] } },
{ "type": "Feature", "properties": { "id": "osm_way_916474171", "name_vi": "Khu công nghiệp Cầu Nghìn", "name_en": null, "aliases": null, "category": "industrial_park", "province_code": "33", "province_en": "Hung Yen", "former_province_code": "34", "status": "unknown", "area_ha": 66.628356126397918, "developer": null, "website": null, "geometry_type": "polygon", "location_accuracy": "site", "part_count": 1, "osm_ids": "osm_way_916474171", "source": "OpenStreetMap", "source_url": "https://www.openstreetmap.org/way/916474171", "verified_on": "2026-08-31", "attribute_source": "osm", "geometry_observed_on": "2026-08-31" }, "geometry": { "type": "Polygon", "coordinates": [ [ [ 106.43930130650466, 20.655071496524666 ], [ 106.442114906500009, 20.651764096526922 ], [ 106.442644906499012, 20.650940096527396 ], [ 106.443087706498247, 20.650381496527764 ], [ 106.443648506497368, 20.649837896528179 ], [ 106.442652806497918, 20.649169596527912 ], [ 106.440644606498964, 20.64774259652739 ], [ 106.43980540649946, 20.64724619652716 ], [ 106.438329406500358, 20.646444096526693 ], [ 106.436222506504564, 20.650079696524685 ], [ 106.435469106506218, 20.65163969652388 ], [ 106.435034706507508, 20.653107996523278 ], [ 106.433801806510047, 20.655383096522037 ], [ 106.435753406509207, 20.657030296522464 ], [ 106.433463006512739, 20.659307496520736 ], [ 106.434442506512227, 20.65995449652101 ], [ 106.436717406508848, 20.657928496522651 ], [ 106.437609606507422, 20.656944096523347 ], [ 106.43930130650466, 20.655071496524666 ] ] ] } },
{ "type": "Feature", "properties": { "id": "osm_way_1308939939", "name_vi": "Khu công nghiệp Dệt may Phố Nối", "name_en": null, "aliases": "Khu Công nghiệp Dệt may Phố Nối", "category": "industrial_park", "province_code": "33", "province_en": "Hung Yen", "former_province_code": "33", "status": "unknown", "area_ha": 97.603154810158145, "developer": null, "website": null, "geometry_type": "polygon", "location_accuracy": "site", "part_count": 2, "osm_ids": "osm_node_12750082813|osm_way_1308939939", "source": "OpenStreetMap", "source_url": "https://www.openstreetmap.org/way/1308939939", "verified_on": "2026-08-31", "attribute_source": "osm", "geometry_observed_on": "2026-08-31" }, "geometry": { "type": "Polygon", "coordinates": [ [ [ 106.076963707007906, 20.919250896283103 ], [ 106.063904507023054, 20.923795396275874 ], [ 106.065602307024136, 20.928232496275399 ], [ 106.068829407019933, 20.926349096277395 ], [ 106.071090007017006, 20.92504049627879 ], [ 106.080696207006028, 20.921931796284067 ], [ 106.08228330700193, 20.917653596285987 ], [ 106.082276507001794, 20.917412596286049 ], [ 106.082664707001271, 20.91717209628629 ], [ 106.081733707001334, 20.915826596286248 ], [ 106.075516207007141, 20.915701696283445 ], [ 106.076846607007866, 20.918963796283126 ], [ 106.07686910700788, 20.919018896283131 ], [ 106.076963707007906, 20.919250896283103 ] ] ] } },
{ "type": "Feature", "properties": { "id": "osm_way_484379376", "name_vi": "Khu công nghiệp Gia Lễ", "name_en": null, "aliases": null, "category": "industrial_park", "province_code": "33", "province_en": "Hung Yen", "former_province_code": "34", "status": "unknown", "area_ha": 78.438947381972625, "developer": null, "website": null, "geometry_type": "polygon", "location_accuracy": "site", "part_count": 1, "osm_ids": "osm_way_484379376", "source": "OpenStreetMap", "source_url": "https://www.openstreetmap.org/way/484379376", "verified_on": "2026-08-31", "attribute_source": "osm", "geometry_observed_on": "2026-08-31" }, "geometry": { "type": "Polygon", "coordinates": [ [ [ 106.360683106483606, 20.497695596533564 ], [ 106.354463106489561, 20.497797096530658 ], [ 106.354309606489778, 20.497943796530571 ], [ 106.35408600649032, 20.498473996530294 ], [ 106.35245260649495, 20.503555596528074 ], [ 106.353770006494031, 20.504096196528526 ], [ 106.354908606493126, 20.504360796528982 ], [ 106.355711506492383, 20.504391096529346 ], [ 106.355739206492728, 20.505012796529179 ], [ 106.356003006492628, 20.505252496529241 ], [ 106.356003606492976, 20.505848696529061 ], [ 106.3555644064935, 20.506022896528819 ], [ 106.355561006493915, 20.506716496528608 ], [ 106.355494906494101, 20.506932696528512 ], [ 106.355557506494804, 20.508173896528177 ], [ 106.357503306492973, 20.50817449652908 ], [ 106.36082470648978, 20.50811249653065 ], [ 106.360755006486187, 20.502060796532341 ], [ 106.360683106483606, 20.497695596533564 ] ] ] } },
{ "type": "Feature", "properties": { "id": "osm_way_598142077", "name_vi": "Khu công nghiệp Minh Đức", "name_en": "Minh Duc Industrial Zone", "aliases": "Minh Duc Industrial Zone", "category": "industrial_park", "province_code": "33", "province_en": "Hung Yen", "former_province_code": "33", "status": "unknown", "area_ha": 205.54830253128708, "developer": null, "website": null, "geometry_type": "polygon", "location_accuracy": "site", "part_count": 1, "osm_ids": "osm_way_598142077", "source": "OpenStreetMap", "source_url": "https://www.openstreetmap.org/way/598142077", "verified_on": "2026-08-31", "attribute_source": "osm", "geometry_observed_on": "2026-08-31" }, "geometry": { "type": "Polygon", "coordinates": [ [ [ 106.138160706943253, 20.90814809631414 ], [ 106.136491806944093, 20.906923696313726 ], [ 106.13599870694496, 20.907572896313329 ], [ 106.135052106945466, 20.906935596313076 ], [ 106.134125106946911, 20.907841296312402 ], [ 106.133153306947435, 20.907221896312116 ], [ 106.130904906949453, 20.907020796311159 ], [ 106.13053170695008, 20.907485496310851 ], [ 106.129997906950422, 20.907203196310693 ], [ 106.129102006950916, 20.906633496310445 ], [ 106.129150206950683, 20.906334696310552 ], [ 106.128293506951437, 20.906221796310184 ], [ 106.12784200695188, 20.906252396309988 ], [ 106.12750880695215, 20.906183896309841 ], [ 106.12683870695335, 20.907137696309274 ], [ 106.127724506952774, 20.90757419630954 ], [ 106.12725810695386, 20.908602396309053 ], [ 106.12750900695373, 20.908757196309125 ], [ 106.127253106954285, 20.909300896308853 ], [ 106.127436706954242, 20.909520596308866 ], [ 106.126750606955724, 20.910864696308177 ], [ 106.126578206956495, 20.911894196307813 ], [ 106.126595906956766, 20.912348796307676 ], [ 106.126930006956471, 20.912386596307815 ], [ 106.126974606956836, 20.913049996307659 ], [ 106.127057706956748, 20.913058196307691 ], [ 106.127005006957191, 20.913687996307498 ], [ 106.124191606960167, 20.914189096306067 ], [ 106.123698706959544, 20.912410896306341 ], [ 106.120026906961954, 20.910658596305165 ], [ 106.116996606967547, 20.915150196302509 ], [ 106.116923906967799, 20.915440996302397 ], [ 106.124975206961139, 20.917016496305628 ], [ 106.124955306961212, 20.917117196305586 ], [ 106.130515306956639, 20.918227196307814 ], [ 106.135461406952459, 20.919060196309818 ], [ 106.136165006950122, 20.916306796310927 ], [ 106.138856106947983, 20.916986896311958 ], [ 106.142389706941643, 20.912078896314966 ], [ 106.142054206941879, 20.911917696314855 ], [ 106.142242606941451, 20.911498096315054 ], [ 106.141673406941635, 20.910921596314971 ], [ 106.141083506941882, 20.910421996314842 ], [ 106.140522606942184, 20.910045396314693 ], [ 106.140222406942414, 20.909950696314585 ], [ 106.13997510694287, 20.910308196314375 ], [ 106.13876150694351, 20.909491096314049 ], [ 106.138933106942957, 20.908829596314295 ], [ 106.138160706943253, 20.90814809631414 ] ] ] } },
{ "type": "Feature", "properties": { "id": "osm_way_1308941469", "name_vi": "Khu công nghiệp Minh Quang", "name_en": null, "aliases": null, "category": "industrial_park", "province_code": "33", "province_en": "Hung Yen", "former_province_code": "33", "status": "unknown", "area_ha": 143.97037063222973, "developer": null, "website": null, "geometry_type": "polygon", "location_accuracy": "site", "part_count": 1, "osm_ids": "osm_way_1308941469", "source": "OpenStreetMap", "source_url": "https://www.openstreetmap.org/way/1308941469", "verified_on": "2026-08-31", "attribute_source": "osm", "geometry_observed_on": "2026-08-31" }, "geometry": { "type": "Polygon", "coordinates": [ [ [ 106.111851406980151, 20.927802796296579 ], [ 106.112000806980134, 20.928038296296595 ], [ 106.126354506968738, 20.931624096302102 ], [ 106.127448806964978, 20.92717479630387 ], [ 106.124369406967332, 20.926239196302735 ], [ 106.121800106966788, 20.921363396302947 ], [ 106.120645506968316, 20.922092496302213 ], [ 106.118828206967876, 20.918542096302392 ], [ 106.117413406968282, 20.916985196302182 ], [ 106.116990606968628, 20.916909196302015 ], [ 106.116779206968587, 20.916514296302026 ], [ 106.115104306969911, 20.916088896301389 ], [ 106.114787206970277, 20.916195296301204 ], [ 106.11378900697413, 20.920976296299408 ], [ 106.111851406980151, 20.927802796296579 ] ] ] } },
{ "type": "Feature", "properties": { "id": "osm_way_629896123", "name_vi": "Khu công nghiệp Nguyễn Đức Cảnh", "name_en": null, "aliases": null, "category": "industrial_park", "province_code": "33", "province_en": "Hung Yen", "former_province_code": "34", "status": "unknown", "area_ha": 88.322929421832427, "developer": null, "website": null, "geometry_type": "polygon", "location_accuracy": "site", "part_count": 1, "osm_ids": "osm_way_629896123", "source": "OpenStreetMap", "source_url": "https://www.openstreetmap.org/way/629896123", "verified_on": "2026-08-31", "attribute_source": "osm", "geometry_observed_on": "2026-08-31" }, "geometry": { "type": "Polygon", "coordinates": [ [ [ 106.31845020649132, 20.444464696529312 ], [ 106.318839706491332, 20.445111596529323 ], [ 106.319385806491283, 20.445836596529357 ], [ 106.320540706490746, 20.446778196529628 ], [ 106.32481360648822, 20.449285896530874 ], [ 106.32556920648824, 20.450494696530889 ], [ 106.326148506488011, 20.451020696531003 ], [ 106.329651806486581, 20.454156196531727 ], [ 106.329841406486054, 20.453528596531985 ], [ 106.330554206485701, 20.454088196532169 ], [ 106.330913306485257, 20.453921996532376 ], [ 106.330249206485206, 20.452786796532386 ], [ 106.331279106483905, 20.452239896533026 ], [ 106.330636106483752, 20.450970896533093 ], [ 106.331420406482763, 20.450593396533574 ], [ 106.332411206482959, 20.452459496533486 ], [ 106.332710806482595, 20.452316896533659 ], [ 106.333246906481861, 20.451959096534008 ], [ 106.333568406481447, 20.451752096534221 ], [ 106.33333570648152, 20.451506696534185 ], [ 106.333383906481401, 20.451391296534251 ], [ 106.332729406481903, 20.451200196533996 ], [ 106.33371660648028, 20.450075796534779 ], [ 106.332964106480659, 20.449523796534582 ], [ 106.332465006480916, 20.449145596534464 ], [ 106.324630406484715, 20.443181096532552 ], [ 106.323533606484773, 20.441587396532494 ], [ 106.322646506485569, 20.441499396532127 ], [ 106.320277406488842, 20.44323059653053 ], [ 106.320035806489017, 20.443132096530434 ], [ 106.318653306491029, 20.444293996529463 ], [ 106.31845020649132, 20.444464696529312 ] ] ] } },
{ "type": "Feature", "properties": { "id": "osm_way_595840992", "name_vi": "Khu công nghiệp Phố Nối A", "name_en": null, "aliases": null, "category": "industrial_park", "province_code": "33", "province_en": "Hung Yen", "former_province_code": "33", "status": "unknown", "area_ha": 805.13608818915907, "developer": null, "website": null, "geometry_type": "polygon", "location_accuracy": "site", "part_count": 2, "osm_ids": "osm_way_1284411573|osm_way_595840992", "source": "OpenStreetMap", "source_url": "https://www.openstreetmap.org/way/595840992", "verified_on": "2026-08-31", "attribute_source": "osm", "geometry_observed_on": "2026-08-31" }, "geometry": { "type": "MultiPolygon", "coordinates": [ [ [ [ 106.02997120706533, 20.940481796255728 ], [ 106.028673907066448, 20.940306496255175 ], [ 106.028588507066956, 20.941007996254946 ], [ 106.026369407068998, 20.940928196253964 ], [ 106.026318207068826, 20.940545596254037 ], [ 106.025874307069259, 20.940577496253837 ], [ 106.025789007068582, 20.939302096254156 ], [ 106.025054907069034, 20.938935396253921 ], [ 106.023996607069606, 20.938217896253647 ], [ 106.021350707070724, 20.935937996253088 ], [ 106.020878407071436, 20.936376096252761 ], [ 106.019752107072492, 20.936355096252246 ], [ 106.019538207072898, 20.936723196252036 ], [ 106.01891870707334, 20.93646029625183 ], [ 106.019290407072646, 20.93589229625216 ], [ 106.019650807072239, 20.935808096252341 ], [ 106.020461707071121, 20.935240096252883 ], [ 106.018366907072007, 20.933409796252434 ], [ 106.018434507071618, 20.932904896252612 ], [ 106.018074107071726, 20.932484196252567 ], [ 106.015963407073357, 20.931907796251778 ], [ 106.015738207073554, 20.931841896251679 ], [ 106.015542607073684, 20.931783996251625 ], [ 106.015374407073807, 20.931734096251542 ], [ 106.015150607073991, 20.931667796251464 ], [ 106.015052807074056, 20.931638896251428 ], [ 106.01460330707441, 20.931505696251271 ], [ 106.014170107075429, 20.932506696250783 ], [ 106.01385660707561, 20.932345296250688 ], [ 106.013690907075812, 20.932389496250604 ], [ 106.013562707075977, 20.932467296250532 ], [ 106.013548407076001, 20.932477096250508 ], [ 106.013507307076054, 20.932502496250493 ], [ 106.013193307076463, 20.93270839625027 ], [ 106.012934307076506, 20.932361996250265 ], [ 106.012916007076512, 20.932336896250241 ], [ 106.012830307076612, 20.932377596250213 ], [ 106.012353607077202, 20.932603996249942 ], [ 106.01223980707735, 20.932657496249881 ], [ 106.010918507078983, 20.933298996249086 ], [ 106.011395607078796, 20.933735896249182 ], [ 106.011132107079234, 20.934028296248979 ], [ 106.010672807079942, 20.934508596248627 ], [ 106.010538807080181, 20.934651896248521 ], [ 106.009765007081413, 20.935472296247955 ], [ 106.00920710708229, 20.936086096247507 ], [ 106.009167407082359, 20.936128396247501 ], [ 106.008852207082867, 20.93646439624726 ], [ 106.008813007082921, 20.936503296247214 ], [ 106.008764007083016, 20.936558096247186 ], [ 106.008726107083078, 20.936600496247163 ], [ 106.008827907083031, 20.936679896247181 ], [ 106.008914807082874, 20.93658269624725 ], [ 106.009094407082785, 20.936718796247288 ], [ 106.009035207082889, 20.936784096247244 ], [ 106.009110807082848, 20.936843996247262 ], [ 106.009170007082744, 20.936778696247305 ], [ 106.009227207082731, 20.936822596247328 ], [ 106.00860090708376, 20.93753659624684 ], [ 106.008462907083981, 20.937673696246733 ], [ 106.008556807083934, 20.937769796246755 ], [ 106.008600107083922, 20.937813296246752 ], [ 106.008786407083846, 20.937956396246797 ], [ 106.008883007083853, 20.938154296246786 ], [ 106.009045307083682, 20.938102996246876 ], [ 106.0090153070837, 20.938078896246878 ], [ 106.009111807083542, 20.937982496246956 ], [ 106.009158207083473, 20.937935796246972 ], [ 106.009185907083435, 20.937910096246995 ], [ 106.009148107083391, 20.937795796247006 ], [ 106.00924660708327, 20.937713796247078 ], [ 106.009256707083225, 20.937721496247093 ], [ 106.009278507083209, 20.937703596247086 ], [ 106.009536407082905, 20.937591796247244 ], [ 106.009555707082868, 20.937573896247251 ], [ 106.009579407082853, 20.937561896247271 ], [ 106.009605707082812, 20.937556196247293 ], [ 106.009645407082772, 20.937547896247306 ], [ 106.009655607082777, 20.937555996247312 ], [ 106.009852607082564, 20.937522596247405 ], [ 106.009899107082518, 20.93751779624743 ], [ 106.009942007082444, 20.937460196247461 ], [ 106.010235507081973, 20.937154496247686 ], [ 106.010098807082031, 20.937029596247669 ], [ 106.011089007080528, 20.936113896248372 ], [ 106.011332707080413, 20.936321396248431 ], [ 106.011390407080413, 20.936379996248437 ], [ 106.011532707080377, 20.936524496248463 ], [ 106.011664407080204, 20.936469996248537 ], [ 106.011825707080021, 20.936400996248612 ], [ 106.011878307080167, 20.936713496248554 ], [ 106.012012807079827, 20.936395996248709 ], [ 106.012013407079777, 20.936313596248738 ], [ 106.012044707079752, 20.93630519624875 ], [ 106.012202607079374, 20.935937496248926 ], [ 106.012299307079118, 20.935692896249037 ], [ 106.012537507078548, 20.93510759624931 ], [ 106.012302507078658, 20.934897396249259 ], [ 106.012415607078481, 20.934794296249361 ], [ 106.012598807078405, 20.934949796249381 ], [ 106.013469607078093, 20.935800196249552 ], [ 106.012080807080125, 20.936974796248581 ], [ 106.011815407080775, 20.937619996248277 ], [ 106.0115533070814, 20.938235596247985 ], [ 106.011358507081852, 20.938697196247762 ], [ 106.011047507082608, 20.939438796247412 ], [ 106.010914307082913, 20.939753396247255 ], [ 106.01055030708379, 20.940613396246853 ], [ 106.009469507086322, 20.943109396245674 ], [ 106.009493307086387, 20.943228696245637 ], [ 106.010063007086544, 20.944386296245575 ], [ 106.01044880708649, 20.944865496245612 ], [ 106.010753807086388, 20.945200496245651 ], [ 106.01190300708609, 20.946462996245824 ], [ 106.01206320708603, 20.946639196245851 ], [ 106.013873907085525, 20.948628396246104 ], [ 106.030346807065484, 20.941294896255659 ], [ 106.02997120706533, 20.940481796255728 ] ] ], [ [ [ 106.031296207065196, 20.942327896255801 ], [ 106.031194607064748, 20.941427896256016 ], [ 106.01603180708338, 20.948492296247132 ], [ 106.016373907083832, 20.949714296246928 ], [ 106.017075207084886, 20.952554696246462 ], [ 106.017211307085091, 20.953092496246359 ], [ 106.018812507087105, 20.958916896245448 ], [ 106.022750807084236, 20.960315696246855 ], [ 106.023831007085491, 20.964031096246309 ], [ 106.020698607089088, 20.965055596244582 ], [ 106.021102507089964, 20.967162596244176 ], [ 106.021083007090425, 20.967877096243956 ], [ 106.020863507091178, 20.968759196243614 ], [ 106.020003507092071, 20.968896196243183 ], [ 106.020373307092413, 20.970022196243036 ], [ 106.020805407091956, 20.969933396243263 ], [ 106.023043607094678, 20.977902996242026 ], [ 106.024288007093261, 20.977515596242704 ], [ 106.024525507093003, 20.977461596242829 ], [ 106.027487907089736, 20.97669929624438 ], [ 106.027866807089325, 20.976601496244577 ], [ 106.028107107089554, 20.977335896244494 ], [ 106.028839507090225, 20.979577096244196 ], [ 106.02969580709096, 20.982111696243869 ], [ 106.031806407089277, 20.982643096244683 ], [ 106.032229107088867, 20.982596696244883 ], [ 106.033507007087394, 20.982172096245577 ], [ 106.034337507086377, 20.981801396246052 ], [ 106.035339207085059, 20.981213296246679 ], [ 106.035286007085034, 20.981053096246701 ], [ 106.036809807083316, 20.980617596247516 ], [ 106.03788610708186, 20.979906396248214 ], [ 106.036821907080352, 20.975764796248896 ], [ 106.034710307081028, 20.973633696248527 ], [ 106.033694507079744, 20.969939696249106 ], [ 106.035677207077541, 20.969396896250171 ], [ 106.034449007077114, 20.96681629625035 ], [ 106.035904507075543, 20.966448096251099 ], [ 106.032915107071943, 20.955949196252714 ], [ 106.031251007070068, 20.950251096253549 ], [ 106.0326873070685, 20.949904196254305 ], [ 106.032109707067974, 20.948152596254545 ], [ 106.037532907061831, 20.946498696257471 ], [ 106.036473607061822, 20.944835396257456 ], [ 106.036472307061572, 20.944412496257574 ], [ 106.036256107061561, 20.944067996257569 ], [ 106.035800907062054, 20.944164096257332 ], [ 106.035481007062558, 20.944488496257094 ], [ 106.034032007063331, 20.943527096256712 ], [ 106.033587807063796, 20.943551496256497 ], [ 106.033591607063983, 20.9439013962564 ], [ 106.032391407065163, 20.94395029625586 ], [ 106.031945107064772, 20.942652696256012 ], [ 106.031945607064586, 20.942314496256103 ], [ 106.031296207065196, 20.942327896255801 ] ] ] ] } },
{ "type": "Feature", "properties": { "id": "osm_way_597913405", "name_vi": "Khu công nghiệp Phúc Khánh", "name_en": null, "aliases": null, "category": "industrial_park", "province_code": "33", "province_en": "Hung Yen", "former_province_code": "34", "status": "unknown", "area_ha": 123.44709712800521, "developer": null, "website": null, "geometry_type": "polygon", "location_accuracy": "site", "part_count": 1, "osm_ids": "osm_way_597913405", "source": "OpenStreetMap", "source_url": "https://www.openstreetmap.org/way/597913405", "verified_on": "2026-08-31", "attribute_source": "osm", "geometry_observed_on": "2026-08-31" }, "geometry": { "type": "Polygon", "coordinates": [ [ [ 106.303332706502431, 20.439213096523837 ], [ 106.303225506502571, 20.439275896523764 ], [ 106.303134306502741, 20.439411596523694 ], [ 106.302828506504895, 20.442500496522655 ], [ 106.302852606505169, 20.442998096522526 ], [ 106.302911606505219, 20.443146396522494 ], [ 106.303193306505193, 20.443553596522502 ], [ 106.304099906505058, 20.444759896522594 ], [ 106.304620206504993, 20.445443496522635 ], [ 106.305078906505116, 20.446375896522593 ], [ 106.305167406505092, 20.446441296522615 ], [ 106.305317606504971, 20.446496596522653 ], [ 106.316534606494912, 20.447408896527591 ], [ 106.316628506494752, 20.447298296527663 ], [ 106.316821606493619, 20.445732596528199 ], [ 106.318294106491308, 20.444184396529323 ], [ 106.318353106491045, 20.443840096529453 ], [ 106.318506306490818, 20.44371519652957 ], [ 106.320213606488366, 20.442323596530748 ], [ 106.320382106487429, 20.441021396531205 ], [ 106.318779506488823, 20.440839096530514 ], [ 106.318830506488553, 20.440479796530649 ], [ 106.318750106488565, 20.440374196530627 ], [ 106.31645240649064, 20.440201196529618 ], [ 106.303332706502431, 20.439213096523837 ] ] ] } },
{ "type": "Feature", "properties": { "id": "osm_way_1299254693", "name_vi": "Khu công nghiệp Sạch Hưng Yên", "name_en": null, "aliases": null, "category": "industrial_park", "province_code": "33", "province_en": "Hung Yen", "former_province_code": "33", "status": "unknown", "area_ha": 134.80358677568191, "developer": null, "website": null, "geometry_type": "polygon", "location_accuracy": "site", "part_count": 1, "osm_ids": "osm_way_1299254693", "source": "OpenStreetMap", "source_url": "https://www.openstreetmap.org/way/1299254693", "verified_on": "2026-08-31", "attribute_source": "osm", "geometry_observed_on": "2026-08-31" }, "geometry": { "type": "Polygon", "coordinates": [ [ [ 106.048677706982417, 20.833347196294493 ], [ 106.052931506973849, 20.825872996298546 ], [ 106.040943806982384, 20.821300496294366 ], [ 106.03834000698653, 20.824016296292413 ], [ 106.035732306991221, 20.827691096290188 ], [ 106.03697870699034, 20.828174896290612 ], [ 106.036605206991226, 20.829071796290201 ], [ 106.039475806989103, 20.830041396291229 ], [ 106.039750306988836, 20.830054396291356 ], [ 106.040013006988573, 20.829999096291488 ], [ 106.040283606988368, 20.830102396291572 ], [ 106.04043760698832, 20.830264896291595 ], [ 106.040562006988267, 20.830381196291626 ], [ 106.042030706987219, 20.830915096292138 ], [ 106.048677706982417, 20.833347196294493 ] ] ] } },
{ "type": "Feature", "properties": { "id": "osm_way_1546662971", "name_vi": "Khu công nghiệp số 03", "name_en": null, "aliases": null, "category": "industrial_park", "province_code": "33", "province_en": "Hung Yen", "former_province_code": "33", "status": "unknown", "area_ha": 154.16572408823245, "developer": null, "website": null, "geometry_type": "polygon", "location_accuracy": "site", "part_count": 1, "osm_ids": "osm_way_1546662971", "source": "OpenStreetMap", "source_url": "https://www.openstreetmap.org/way/1546662971", "verified_on": "2026-08-31", "attribute_source": "osm", "geometry_observed_on": "2026-08-31" }, "geometry": { "type": "Polygon", "coordinates": [ [ [ 106.048457706982916, 20.833836896294251 ], [ 106.040322106988782, 20.83084079629139 ], [ 106.039998406989113, 20.830849896291237 ], [ 106.035931606991994, 20.829281496289827 ], [ 106.035052406992662, 20.829000996289508 ], [ 106.03484690699284, 20.828974796289419 ], [ 106.034641406993032, 20.828983496289325 ], [ 106.034501306993249, 20.82909699628922 ], [ 106.032100806998059, 20.833294196286953 ], [ 106.045350906989555, 20.839902096291119 ], [ 106.045629906988964, 20.839380696291386 ], [ 106.047303606988336, 20.840954896291702 ], [ 106.053528906982677, 20.841295696294456 ], [ 106.053755406981168, 20.83920019629516 ], [ 106.054887206978322, 20.836268196296505 ], [ 106.048457706982916, 20.833836896294251 ] ] ] } },
{ "type": "Feature", "properties": { "id": "osm_relation_21176401", "name_vi": "Khu công nghiệp số 05", "name_en": null, "aliases": null, "category": "industrial_park", "province_code": "33", "province_en": "Hung Yen", "former_province_code": "33", "status": "unknown", "area_ha": 189.68109946697234, "developer": null, "website": null, "geometry_type": "polygon", "location_accuracy": "site", "part_count": 1, "osm_ids": "osm_relation_21176401", "source": "OpenStreetMap", "source_url": "https://www.openstreetmap.org/relation/21176401", "verified_on": "2026-08-31", "attribute_source": "osm", "geometry_observed_on": "2026-08-31" }, "geometry": { "type": "MultiPolygon", "coordinates": [ [ [ [ 106.06179700694959, 20.799801696309967 ], [ 106.061426606950022, 20.799904396309763 ], [ 106.061294906950181, 20.799991996309696 ], [ 106.060855606951137, 20.800892396309219 ], [ 106.060406206952123, 20.801779996308774 ], [ 106.05971820695342, 20.802881096308145 ], [ 106.05916350695442, 20.803640296307687 ], [ 106.058375906955789, 20.804658196307031 ], [ 106.057335006957445, 20.805765296306241 ], [ 106.052348006965033, 20.810487296302629 ], [ 106.050377906968023, 20.812352596301199 ], [ 106.057054906963259, 20.81487189630354 ], [ 106.057243406962897, 20.814574896303697 ], [ 106.058035806962309, 20.81485419630399 ], [ 106.058143906962087, 20.81466999630409 ], [ 106.058639706961785, 20.814897696304264 ], [ 106.059587906959862, 20.813255896305165 ], [ 106.060633106958008, 20.811820296306045 ], [ 106.061109406957698, 20.812054596306186 ], [ 106.061399506957045, 20.811447996306491 ], [ 106.062055106955157, 20.809360896307382 ], [ 106.061616806955413, 20.809124896307242 ], [ 106.061849606954837, 20.808532196307517 ], [ 106.0605195069557, 20.807871596307098 ], [ 106.060502206955746, 20.807911396307073 ], [ 106.059738606956216, 20.807480796306869 ], [ 106.060447406954808, 20.806262396307527 ], [ 106.061933906953826, 20.80698569630799 ], [ 106.062762206952144, 20.805513396308783 ], [ 106.061838206952771, 20.805090796308491 ], [ 106.062337906951754, 20.804190296308967 ], [ 106.063791906950826, 20.804923296309422 ], [ 106.065887906946571, 20.801170596311447 ], [ 106.062183506949239, 20.79980859631014 ], [ 106.06179700694959, 20.799801696309967 ] ] ], [ [ [ 106.057260706964925, 20.817951996302764 ], [ 106.049278306970578, 20.814839196299996 ], [ 106.049086506971548, 20.816095596299551 ], [ 106.049590706971159, 20.816277496299733 ], [ 106.049607106972203, 20.818023096299257 ], [ 106.050270206973067, 20.820466896298868 ], [ 106.046033006977467, 20.821140696296737 ], [ 106.045221206978098, 20.820870496296436 ], [ 106.043552206978433, 20.81886149629625 ], [ 106.040943806982384, 20.821300496294366 ], [ 106.052931506973849, 20.825872996298546 ], [ 106.057260706964925, 20.817951996302764 ] ] ] ] } },
{ "type": "Feature", "properties": { "id": "osm_way_1183605045", "name_vi": "Khu công nghiệp Sông Trà", "name_en": null, "aliases": null, "category": "industrial_park", "province_code": "33", "province_en": "Hung Yen", "former_province_code": "34", "status": "unknown", "area_ha": 97.342406257602974, "developer": null, "website": null, "geometry_type": "polygon", "location_accuracy": "site", "part_count": 1, "osm_ids": "osm_way_1183605045", "source": "OpenStreetMap", "source_url": "https://www.openstreetmap.org/way/1183605045", "verified_on": "2026-08-31", "attribute_source": "osm", "geometry_observed_on": "2026-08-31" }, "geometry": { "type": "Polygon", "coordinates": [ [ [ 106.333117306496902, 20.476588696526871 ], [ 106.32705320650183, 20.47527029652445 ], [ 106.326706306502132, 20.475221696524315 ], [ 106.324876106503581, 20.474777196523579 ], [ 106.324259906504082, 20.474632896523346 ], [ 106.323873306504382, 20.474498996523209 ], [ 106.323324206505063, 20.474778696522872 ], [ 106.322918806505356, 20.474611296522728 ], [ 106.322757706505215, 20.47413929652279 ], [ 106.322146306505587, 20.473806496522595 ], [ 106.321357806506057, 20.473347396522367 ], [ 106.320316406507501, 20.474127496521664 ], [ 106.318664106509843, 20.475385696520544 ], [ 106.31694100651228, 20.476734996519355 ], [ 106.316637406512797, 20.47711199651911 ], [ 106.319544006511222, 20.479064296519887 ], [ 106.321886406509648, 20.480122396520667 ], [ 106.322624106509124, 20.480386596520933 ], [ 106.323026006508755, 20.480435696521113 ], [ 106.331412006501949, 20.482262696524458 ], [ 106.332295606501177, 20.48238749652484 ], [ 106.332303006500283, 20.48089579652526 ], [ 106.332413706499423, 20.479642796525667 ], [ 106.332528006498791, 20.478779996525979 ], [ 106.333117306496902, 20.476588696526871 ] ] ] } },
{ "type": "Feature", "properties": { "id": "osm_way_1284411572", "name_vi": "Khu công nghiệp Tân Quang - Như Quỳnh", "name_en": null, "aliases": null, "category": "industrial_park", "province_code": "33", "province_en": "Hung Yen", "former_province_code": "33", "status": "unknown", "area_ha": 65.636818956738509, "developer": null, "website": null, "geometry_type": "polygon", "location_accuracy": "site", "part_count": 1, "osm_ids": "osm_way_1284411572", "source": "OpenStreetMap", "source_url": "https://www.openstreetmap.org/way/1284411572", "verified_on": "2026-08-31", "attribute_source": "osm", "geometry_observed_on": "2026-08-31" }, "geometry": { "type": "Polygon", "coordinates": [ [ [ 105.964059007158227, 20.990550396211699 ], [ 105.965061107157538, 20.991019396212007 ], [ 105.965671407156577, 20.99036619621247 ], [ 105.966531007156163, 20.991007896212686 ], [ 105.967431607154708, 20.990013196213376 ], [ 105.968756007152578, 20.988593696214366 ], [ 105.972276107149895, 20.989673396215661 ], [ 105.972373007150381, 20.990579396215459 ], [ 105.972501707151082, 20.991959896215125 ], [ 105.973488607150529, 20.992586996215397 ], [ 105.97597780714554, 20.988257496217752 ], [ 105.97275170714758, 20.986570496216761 ], [ 105.970516707149628, 20.986509196215763 ], [ 105.970220907149852, 20.986401896215639 ], [ 105.96923220715054, 20.985997996215321 ], [ 105.965853907152919, 20.984639496214161 ], [ 105.964313707153948, 20.983935296213676 ], [ 105.963991607154639, 20.98457219621335 ], [ 105.963282707156111, 20.985906596212637 ], [ 105.963504207156006, 20.986029696212714 ], [ 105.961409607159268, 20.988188696211147 ], [ 105.961726607159648, 20.989284296210993 ], [ 105.964059007158227, 20.990550396211699 ] ] ] } },
{ "type": "Feature", "properties": { "id": "osm_way_633668122", "name_vi": "Khu công nghiệp Thăng Long II", "name_en": null, "aliases": null, "category": "industrial_park", "province_code": "33", "province_en": "Hung Yen", "former_province_code": "33", "status": "unknown", "area_ha": 351.2399338843199, "developer": null, "website": null, "geometry_type": "polygon", "location_accuracy": "site", "part_count": 1, "osm_ids": "osm_way_633668122", "source": "OpenStreetMap", "source_url": "https://www.openstreetmap.org/way/633668122", "verified_on": "2026-08-31", "attribute_source": "osm", "geometry_observed_on": "2026-08-31" }, "geometry": { "type": "Polygon", "coordinates": [ [ [ 106.081969907000939, 20.915543196286443 ], [ 106.083000606999875, 20.915397696286941 ], [ 106.082925406999706, 20.915034196286999 ], [ 106.085394706997192, 20.91472079628824 ], [ 106.08478810699728, 20.91390339628818 ], [ 106.091011806990878, 20.913070796291255 ], [ 106.089466206986515, 20.903517696293257 ], [ 106.082722506993079, 20.9037965962901 ], [ 106.078194906998093, 20.904999296287698 ], [ 106.077937406999197, 20.906422496287185 ], [ 106.075494507001935, 20.907137796285863 ], [ 106.072677607005119, 20.907960396284345 ], [ 106.069104907009134, 20.909019196282415 ], [ 106.067339807011109, 20.909522396281471 ], [ 106.066525807012027, 20.909760596281043 ], [ 106.064939807013801, 20.910222296280175 ], [ 106.06322270701574, 20.910728496279251 ], [ 106.063057007015928, 20.910776896279156 ], [ 106.061289107017913, 20.911293396278214 ], [ 106.059725807019674, 20.911750096277373 ], [ 106.059505307019919, 20.911814496277263 ], [ 106.060413507020584, 20.914337196276954 ], [ 106.063717407023063, 20.923514296275872 ], [ 106.076846607007866, 20.918963796283126 ], [ 106.075516207007141, 20.915701696283445 ], [ 106.074615807006694, 20.91357509628364 ], [ 106.077180007001985, 20.909838796285857 ], [ 106.077914407001174, 20.909624696286262 ], [ 106.081220507001007, 20.914480296286396 ], [ 106.081969907000939, 20.915543196286443 ] ] ] } },
{ "type": "Feature", "properties": { "id": "osm_way_638509092", "name_vi": "Khu công nghiệp Tiền Hải", "name_en": null, "aliases": null, "category": "industrial_park", "province_code": "33", "province_en": "Hung Yen", "former_province_code": "34", "status": "unknown", "area_ha": 221.77309444088516, "developer": null, "website": null, "geometry_type": "polygon", "location_accuracy": "site", "part_count": 1, "osm_ids": "osm_way_638509092", "source": "OpenStreetMap", "source_url": "https://www.openstreetmap.org/way/638509092", "verified_on": "2026-08-31", "attribute_source": "osm", "geometry_observed_on": "2026-08-31" }, "geometry": { "type": "Polygon", "coordinates": [ [ [ 106.520523806266652, 20.388777096639199 ], [ 106.52159710626681, 20.390758296639142 ], [ 106.521283306267193, 20.390869096638959 ], [ 106.519480006267074, 20.387859296638982 ], [ 106.511577106276476, 20.391042596634385 ], [ 106.514063306277308, 20.39631369663401 ], [ 106.512998506278606, 20.396801896633367 ], [ 106.513284606278816, 20.397569896633282 ], [ 106.513674606279011, 20.398524096633199 ], [ 106.514608506277966, 20.398259996633701 ], [ 106.51499570627827, 20.399339696633579 ], [ 106.51690740627599, 20.398597296634673 ], [ 106.51661490627572, 20.397716096634788 ], [ 106.523124306267931, 20.394968796638608 ], [ 106.522639206267897, 20.394164996638633 ], [ 106.521766406267957, 20.392870696638596 ], [ 106.52163610626738, 20.391735096638865 ], [ 106.522627506266346, 20.391586696639369 ], [ 106.522652806266606, 20.392025596639254 ], [ 106.523432706265893, 20.392064796639602 ], [ 106.523406406267213, 20.394215596638965 ], [ 106.524715306266032, 20.394287596639572 ], [ 106.524712606266334, 20.39482189663941 ], [ 106.530058606261406, 20.39499089664185 ], [ 106.533583006258141, 20.395133596643447 ], [ 106.533643206257196, 20.393647196643904 ], [ 106.536189306254855, 20.393740296645056 ], [ 106.536242006253872, 20.392218096645529 ], [ 106.536259006253573, 20.391728296645688 ], [ 106.536527106250162, 20.386534496647293 ], [ 106.521899806263775, 20.3861529966406 ], [ 106.521758906265433, 20.388713396639801 ], [ 106.520724306266388, 20.388682396639325 ], [ 106.520523806266652, 20.388777096639199 ] ] ] } },
{ "type": "Feature", "properties": { "id": "osm_way_1429890056", "name_vi": "Khu công nghiệp Văn Giang -giai đoạn 1", "name_en": null, "aliases": null, "category": "industrial_park", "province_code": "33", "province_en": "Hung Yen", "former_province_code": "33", "status": "under_construction", "area_ha": 296.36062266692738, "developer": null, "website": null, "geometry_type": "polygon", "location_accuracy": "site", "part_count": 4, "osm_ids": "osm_way_1429890056|osm_way_1484217175|osm_way_1484217179|osm_way_1489660280", "source": "OpenStreetMap", "source_url": "https://www.openstreetmap.org/way/1429890056", "verified_on": "2026-08-31", "attribute_source": "osm", "geometry_observed_on": "2026-08-31" }, "geometry": { "type": "Polygon", "coordinates": [ [ [ 105.996116807095845, 20.937989696241033 ], [ 105.9962394070957, 20.937978196241104 ], [ 105.996321707095646, 20.937955496241138 ], [ 105.997588307094162, 20.937478896241846 ], [ 105.997854507093834, 20.937386396241997 ], [ 105.998161507093485, 20.937295196242161 ], [ 105.999909407091494, 20.936706996243128 ], [ 105.999924607091472, 20.936694796243145 ], [ 105.999940207091427, 20.936688096243135 ], [ 105.999951907091429, 20.936683996243143 ], [ 105.999974707091397, 20.936678596243162 ], [ 106.000070607091288, 20.936656096243208 ], [ 106.000828807090414, 20.93639549624363 ], [ 106.001020807090214, 20.936334296243725 ], [ 106.001043407090179, 20.936326096243757 ], [ 106.001055807090154, 20.936321696243752 ], [ 106.001062607090134, 20.936319196243758 ], [ 106.001103407090113, 20.936304396243788 ], [ 106.00111760709008, 20.936299296243785 ], [ 106.001152207090058, 20.93628679624381 ], [ 106.001176407090028, 20.936279396243805 ], [ 106.001230507089957, 20.936260296243844 ], [ 106.002634007088346, 20.93578949624461 ], [ 106.002687007088269, 20.935768896244657 ], [ 106.002797007088162, 20.935730596244714 ], [ 106.003239907087647, 20.935573296244957 ], [ 106.004017407086721, 20.93530759624538 ], [ 106.002920507086856, 20.93379519624531 ], [ 106.000914607087097, 20.931111496245155 ], [ 106.000726507087137, 20.930850196245139 ], [ 106.000669707087141, 20.930771196245132 ], [ 106.00009740708721, 20.9299831962451 ], [ 106.001370207086183, 20.930292596245604 ], [ 106.001544707086026, 20.930326296245656 ], [ 106.001778207085863, 20.930385896245753 ], [ 106.002161907085565, 20.930470096245902 ], [ 106.002577707085209, 20.930549396246072 ], [ 106.003165307084743, 20.930687396246292 ], [ 106.003408007084531, 20.93074139624639 ], [ 106.003843607084178, 20.930832796246577 ], [ 106.003888607084136, 20.930840896246576 ], [ 106.004197807083884, 20.930903296246701 ], [ 106.004201407083841, 20.930835996246724 ], [ 106.004202607083812, 20.930813996246737 ], [ 106.004203907083806, 20.93079029624673 ], [ 106.004331707082244, 20.928406496247469 ], [ 106.004334307082203, 20.928358796247473 ], [ 106.004388407081535, 20.927350496247783 ], [ 106.00899700707717, 20.927341496249891 ], [ 106.008976907077141, 20.927256996249898 ], [ 106.008935907077074, 20.927084996249942 ], [ 106.008892507077022, 20.926910496249963 ], [ 106.008848407076968, 20.926743496249998 ], [ 106.008832007076904, 20.926661796250016 ], [ 106.008793807076842, 20.926471096250037 ], [ 106.008369907077252, 20.926513796249832 ], [ 106.008364007077276, 20.92651509624984 ], [ 106.006783607078773, 20.92650849624912 ], [ 106.005594107079503, 20.925901796248745 ], [ 106.004051607080825, 20.925667996248112 ], [ 106.000736107082986, 20.924045696247067 ], [ 106.000725707081699, 20.921911796247652 ], [ 105.997347807084012, 20.920465296246523 ], [ 105.996970407084618, 20.920888596246243 ], [ 105.996901707084746, 20.920987696246183 ], [ 105.996563707085315, 20.921393596245903 ], [ 105.99653750708535, 20.921410596245909 ], [ 105.996072907085718, 20.921285896245717 ], [ 105.994503807086886, 20.92073969624516 ], [ 105.994302607087079, 20.920774796245063 ], [ 105.9940437070874, 20.9208964962449 ], [ 105.993480807088133, 20.921241896244542 ], [ 105.993417507088239, 20.921283396244512 ], [ 105.992586107089338, 20.921794796243994 ], [ 105.992465307089475, 20.921864396243908 ], [ 105.992256107089759, 20.921984896243792 ], [ 105.991832307090306, 20.922255396243521 ], [ 105.990987407091552, 20.922976996242923 ], [ 105.99094370709166, 20.923049596242905 ], [ 105.990939107091648, 20.923057196242883 ], [ 105.990797007091814, 20.923084696242817 ], [ 105.990712707091916, 20.923140496242755 ], [ 105.990233707092557, 20.923457996242444 ], [ 105.990011507092802, 20.923529196242335 ], [ 105.989234507093698, 20.923753896241926 ], [ 105.988945607093996, 20.923822796241765 ], [ 105.988020407095036, 20.924088696241263 ], [ 105.987563907095563, 20.924226596241013 ], [ 105.987519807095609, 20.924236696240992 ], [ 105.987507507095629, 20.924223996241 ], [ 105.986717007096516, 20.924459396240582 ], [ 105.986387007096866, 20.924554496240404 ], [ 105.986354907096896, 20.92454939624038 ], [ 105.986165107097094, 20.924598096240288 ], [ 105.986116507097179, 20.924645496240252 ], [ 105.985944807097383, 20.924698196240165 ], [ 105.985157207098467, 20.925248096239638 ], [ 105.984924007098783, 20.925420496239486 ], [ 105.98484690709887, 20.925477496239434 ], [ 105.984712307099073, 20.925576896239349 ], [ 105.984247007099739, 20.925920696239036 ], [ 105.983925107100248, 20.926266496238799 ], [ 105.983694707100597, 20.926502496238626 ], [ 105.98365140710068, 20.926549796238593 ], [ 105.983135607101516, 20.927119896238199 ], [ 105.982672407102257, 20.927619196237835 ], [ 105.98560360710043, 20.929179796238749 ], [ 105.986838507099662, 20.929837296239111 ], [ 105.986144607101068, 20.93105079623847 ], [ 105.986148107101059, 20.93106249623844 ], [ 105.98650470710146, 20.932250296238287 ], [ 105.988146207100499, 20.933231496238751 ], [ 105.988195207101143, 20.934359396238452 ], [ 105.988207707101296, 20.934648296238393 ], [ 105.988214207101379, 20.934797696238348 ], [ 105.988222207101487, 20.934982796238291 ], [ 105.988226807101555, 20.935088396238271 ], [ 105.988238407101704, 20.935356096238195 ], [ 105.988266107102078, 20.936001196238028 ], [ 105.988271007102142, 20.936114196238002 ], [ 105.988283307102307, 20.936401196237927 ], [ 105.993506407098636, 20.938522096239712 ], [ 105.994175307098189, 20.938801296239934 ], [ 105.994593607097698, 20.938676196240156 ], [ 105.994980407097728, 20.939321096240135 ], [ 105.995003407097741, 20.939359396240146 ], [ 105.995020407097741, 20.939387796240137 ], [ 105.995025007097738, 20.939395496240152 ], [ 105.995123007097746, 20.93955889624014 ], [ 105.995218107097571, 20.939411196240233 ], [ 105.995724407096546, 20.938520296240711 ], [ 105.996039207095905, 20.937962596241007 ], [ 105.996078107095883, 20.937976496241028 ], [ 105.996102807095852, 20.937985896241031 ], [ 105.996116807095845, 20.937989696241033 ] ] ] } },
{ "type": "Feature", "properties": { "id": "osm_way_1308939951", "name_vi": "Khu công nghiệp Yên Mỹ", "name_en": null, "aliases": null, "category": "industrial_park", "province_code": "33", "province_en": "Hung Yen", "former_province_code": "33", "status": "unknown", "area_ha": 164.87801518159489, "developer": null, "website": null, "geometry_type": "polygon", "location_accuracy": "site", "part_count": 1, "osm_ids": "osm_way_1308939951", "source": "OpenStreetMap", "source_url": "https://www.openstreetmap.org/way/1308939951", "verified_on": "2026-08-31", "attribute_source": "osm", "geometry_observed_on": "2026-08-31" }, "geometry": { "type": "Polygon", "coordinates": [ [ [ 106.057680807009845, 20.892413496281907 ], [ 106.058033807010247, 20.893619196281733 ], [ 106.056174107012367, 20.894206796280709 ], [ 106.055339907013945, 20.895535496279969 ], [ 106.053644307016285, 20.896736296278849 ], [ 106.054519507016025, 20.897656096278979 ], [ 106.055121207016143, 20.898793096278943 ], [ 106.055807207016699, 20.900757496278683 ], [ 106.058542107013622, 20.89997279628016 ], [ 106.07499030699509, 20.895113896289036 ], [ 106.072720306993247, 20.888547296289858 ], [ 106.072104906993843, 20.888585596289545 ], [ 106.072091306993528, 20.888036196289697 ], [ 106.057680807009845, 20.892413496281907 ] ] ] } },
{ "type": "Feature", "properties": { "id": "osm_way_736768941", "name_vi": "Khu công nghiệp Yên Mỹ II", "name_en": null, "aliases": null, "category": "industrial_park", "province_code": "33", "province_en": "Hung Yen", "former_province_code": "33", "status": "unknown", "area_ha": 102.78033231572398, "developer": null, "website": null, "geometry_type": "polygon", "location_accuracy": "site", "part_count": 1, "osm_ids": "osm_way_736768941", "source": "OpenStreetMap", "source_url": "https://www.openstreetmap.org/way/736768941", "verified_on": "2026-08-31", "attribute_source": "osm", "geometry_observed_on": "2026-08-31" }, "geometry": { "type": "Polygon", "coordinates": [ [ [ 106.048788607011261, 20.880940296281082 ], [ 106.049550307009881, 20.879853296281741 ], [ 106.047822307009383, 20.876344696281954 ], [ 106.047291707009236, 20.875252996282015 ], [ 106.042892907007854, 20.866170496282578 ], [ 106.037236907014389, 20.868099696279454 ], [ 106.037045707014613, 20.86816489627935 ], [ 106.036987107014681, 20.868193896279326 ], [ 106.038571607014234, 20.869925596279536 ], [ 106.039653007014024, 20.871250396279674 ], [ 106.040503907013886, 20.872375296279738 ], [ 106.041228007014226, 20.874041396279601 ], [ 106.042178507014924, 20.87666329627929 ], [ 106.042073207015036, 20.87670619627923 ], [ 106.039229507018277, 20.877607796277672 ], [ 106.039734507018593, 20.878887596277544 ], [ 106.041155607016975, 20.87843929627833 ], [ 106.04144530701717, 20.879192096278249 ], [ 106.042672507015624, 20.87857879627898 ], [ 106.043147007015719, 20.879479596278934 ], [ 106.044371307016135, 20.882079296278761 ], [ 106.047308207012563, 20.880754496280467 ], [ 106.047839607012634, 20.881722496280435 ], [ 106.048134907012411, 20.881817796280544 ], [ 106.048690207011433, 20.881072396281017 ], [ 106.048788607011261, 20.880940296281082 ] ] ] } },
{ "type": "Feature", "properties": { "id": "osm_way_629975099", "name_vi": "Cụm CN An Xá", "name_en": null, "aliases": null, "category": "industrial_cluster", "province_code": "37", "province_en": "Ninh Binh", "former_province_code": "36", "status": "unknown", "area_ha": 61.073872569815443, "developer": null, "website": null, "geometry_type": "polygon", "location_accuracy": "site", "part_count": 1, "osm_ids": "osm_way_629975099", "source": "OpenStreetMap", "source_url": "https://www.openstreetmap.org/way/629975099", "verified_on": "2026-08-31", "attribute_source": "osm", "geometry_observed_on": "2026-08-31" }, "geometry": { "type": "Polygon", "coordinates": [ [ [ 106.14888960662951, 20.407867096461427 ], [ 106.150463406625718, 20.404045996463235 ], [ 106.150540706625449, 20.403725496463387 ], [ 106.150463406625249, 20.403280896463457 ], [ 106.150220806625086, 20.402639996463524 ], [ 106.147728506627118, 20.402099396462543 ], [ 106.147483306626214, 20.400209096462959 ], [ 106.146111506627221, 20.399740796462456 ], [ 106.145620906627684, 20.399740796462243 ], [ 106.145630006628039, 20.400353896462061 ], [ 106.142050706631451, 20.400396396460398 ], [ 106.141387506631389, 20.399246896460415 ], [ 106.140606206632143, 20.399263996460046 ], [ 106.140324606632518, 20.399459796459865 ], [ 106.13978860663434, 20.401614096458999 ], [ 106.141423806633611, 20.402967896459373 ], [ 106.142716806632876, 20.403791496459725 ], [ 106.142433806634102, 20.405350396459159 ], [ 106.143109606633701, 20.405743796459355 ], [ 106.144820206632673, 20.40673949645986 ], [ 106.14888960662951, 20.407867096461427 ] ] ] } },
{ "type": "Feature", "properties": { "id": "osm_way_1453078396", "name_vi": "Cụm công nghiệp Bình Lục", "name_en": null, "aliases": null, "category": "industrial_cluster", "province_code": "37", "province_en": "Ninh Binh", "former_province_code": "35", "status": "unknown", "area_ha": 24.647898745053528, "developer": null, "website": null, "geometry_type": "polygon", "location_accuracy": "site", "part_count": 1, "osm_ids": "osm_way_1453078396", "source": "OpenStreetMap", "source_url": "https://www.openstreetmap.org/way/1453078396", "verified_on": "2026-08-31", "attribute_source": "osm", "geometry_observed_on": "2026-08-31" }, "geometry": { "type": "Polygon", "coordinates": [ [ [ 106.039787706772771, 20.474067596392281 ], [ 106.038031806773333, 20.472250196392 ], [ 106.037904306773285, 20.471991796392004 ], [ 106.037787406772921, 20.471176296392194 ], [ 106.033928606776882, 20.471703196390255 ], [ 106.034056606777298, 20.472589996390077 ], [ 106.033960806777614, 20.472961296389929 ], [ 106.033567006778625, 20.47403099638943 ], [ 106.036389806777748, 20.476969096389904 ], [ 106.039787706772771, 20.474067596392281 ] ] ] } },
{ "type": "Feature", "properties": { "id": "osm_way_1430454696", "name_vi": "Cụm công nghiệp Trực Tuấn", "name_en": null, "aliases": null, "category": "industrial_cluster", "province_code": "37", "province_en": "Ninh Binh", "former_province_code": "36", "status": "unknown", "area_ha": 76.687165493559135, "developer": null, "website": null, "geometry_type": "polygon", "location_accuracy": "site", "part_count": 1, "osm_ids": "osm_way_1430454696", "source": "OpenStreetMap", "source_url": "https://www.openstreetmap.org/way/1430454696", "verified_on": "2026-08-31", "attribute_source": "osm", "geometry_observed_on": "2026-08-31" }, "geometry": { "type": "Polygon", "coordinates": [ [ [ 106.268914706440057, 20.282187996553013 ], [ 106.269574606439846, 20.282866896553113 ], [ 106.27017880643966, 20.283530596553216 ], [ 106.27077720643949, 20.284156496553305 ], [ 106.271483206439228, 20.284812796553446 ], [ 106.272803006438764, 20.286142396553679 ], [ 106.273895906437204, 20.28526059655443 ], [ 106.273741406437239, 20.285085096554411 ], [ 106.274375606436053, 20.284101296554994 ], [ 106.275082406435473, 20.284246896555281 ], [ 106.276857006432238, 20.281662196556837 ], [ 106.275780406433029, 20.281317596556455 ], [ 106.276247606432108, 20.280497796556904 ], [ 106.277155506431427, 20.280800996557236 ], [ 106.276965106431263, 20.280213796557302 ], [ 106.277377806430877, 20.280244796557493 ], [ 106.277574906430715, 20.280259596557581 ], [ 106.278290406430102, 20.280389196557881 ], [ 106.278127806430717, 20.28112899655758 ], [ 106.282538406426966, 20.281826696559438 ], [ 106.282796006425855, 20.280412096559967 ], [ 106.282806206425818, 20.280355896559968 ], [ 106.282817106425782, 20.280295996560017 ], [ 106.283099306424504, 20.278623896560621 ], [ 106.283107206424475, 20.278578796560634 ], [ 106.283318006423528, 20.277374796561077 ], [ 106.281250906425399, 20.277217496560166 ], [ 106.280939806426304, 20.278243996559731 ], [ 106.279888306427154, 20.278002496559306 ], [ 106.279933206426918, 20.277703896559412 ], [ 106.278965706427826, 20.277670396558978 ], [ 106.279060506427555, 20.277344996559112 ], [ 106.279457206426343, 20.275982996559684 ], [ 106.278684706427214, 20.276205596559265 ], [ 106.278041706427928, 20.276390796558925 ], [ 106.277335906428704, 20.276594096558533 ], [ 106.277023706429063, 20.276684096558348 ], [ 106.276872006429244, 20.276731896558267 ], [ 106.275586106430708, 20.277136996557555 ], [ 106.273129206433808, 20.278415096556056 ], [ 106.270436206437481, 20.280307096554253 ], [ 106.269502806438894, 20.281182596553581 ], [ 106.268914706440057, 20.282187996553013 ] ] ] } },
{ "type": "Feature", "properties": { "id": "osm_way_337216625", "name_vi": "Khu công nghiệp Bảo Minh", "name_en": "Bao Minh Industrial Park", "aliases": "Bao Minh Industrial Park", "category": "industrial_park", "province_code": "37", "province_en": "Ninh Binh", "former_province_code": "36", "status": "unknown", "area_ha": 151.56034468294891, "developer": null, "website": null, "geometry_type": "polygon", "location_accuracy": "site", "part_count": 1, "osm_ids": "osm_way_337216625", "source": "OpenStreetMap", "source_url": "https://www.openstreetmap.org/way/337216625", "verified_on": "2026-08-31", "attribute_source": "osm", "geometry_observed_on": "2026-08-31" }, "geometry": { "type": "Polygon", "coordinates": [ [ [ 106.09863440664364, 20.352654096453989 ], [ 106.097888806645699, 20.354882396453014 ], [ 106.099097906644772, 20.355271396453453 ], [ 106.098832906645498, 20.356029096453113 ], [ 106.102217806642912, 20.357004596454388 ], [ 106.104127606641455, 20.357613096455115 ], [ 106.104873206640931, 20.357909896455382 ], [ 106.105629606639269, 20.356375896456157 ], [ 106.106731506636919, 20.354215296457276 ], [ 106.106806606636781, 20.354084496457361 ], [ 106.107158506636566, 20.354273896457453 ], [ 106.107169206636755, 20.354580696457379 ], [ 106.107968506636283, 20.355058496457609 ], [ 106.109116506635672, 20.355883296457915 ], [ 106.109252706635573, 20.355905196457961 ], [ 106.10999090663519, 20.356426196458155 ], [ 106.110393206635052, 20.35683359645823 ], [ 106.110532706634828, 20.356717896458324 ], [ 106.111187206634582, 20.357286196458464 ], [ 106.110902806635039, 20.35758799645826 ], [ 106.111251506634844, 20.357849496458329 ], [ 106.11307010663171, 20.355490996459853 ], [ 106.113254606631415, 20.355281496459991 ], [ 106.113780306630687, 20.354919396460335 ], [ 106.114585006629639, 20.35443659646085 ], [ 106.115028106629197, 20.354394596461056 ], [ 106.115087106629133, 20.354364396461104 ], [ 106.115730806628008, 20.353519396461646 ], [ 106.116079506627372, 20.353061796461933 ], [ 106.11373200662878, 20.351680396461237 ], [ 106.113007806629227, 20.351283096461021 ], [ 106.113442406628394, 20.350598996461418 ], [ 106.112953506628699, 20.350326196461268 ], [ 106.112637006628916, 20.350172996461165 ], [ 106.11174180662951, 20.349759096460875 ], [ 106.110482506630277, 20.349068996460485 ], [ 106.11037930663025, 20.348863796460503 ], [ 106.110355706630259, 20.348836896460497 ], [ 106.108850406631646, 20.348798396459813 ], [ 106.107920206632443, 20.348660896459418 ], [ 106.107498606632461, 20.348003796459427 ], [ 106.107260406632506, 20.347725396459399 ], [ 106.107609106631955, 20.347343096459653 ], [ 106.107235706632139, 20.347063196459573 ], [ 106.10712630663231, 20.347177096459482 ], [ 106.1069407066324, 20.347038096459428 ], [ 106.106670306632893, 20.347423596459201 ], [ 106.10590540663334, 20.346977696458964 ], [ 106.105857106633422, 20.347048096458931 ], [ 106.10412440663444, 20.346001896458425 ], [ 106.102515006635372, 20.345036196457958 ], [ 106.100753406638262, 20.347051396456575 ], [ 106.100887506638173, 20.347141896456606 ], [ 106.100210506639314, 20.34794739645606 ], [ 106.100042406639403, 20.347819696456018 ], [ 106.099422906640513, 20.34870329645549 ], [ 106.099366106640673, 20.348863796455415 ], [ 106.099975506640305, 20.349244296455581 ], [ 106.099176206641758, 20.350355896454904 ], [ 106.098258906643395, 20.351643396454108 ], [ 106.098929506642818, 20.351769196454377 ], [ 106.09863440664364, 20.352654096453989 ] ] ] } },
{ "type": "Feature", "properties": { "id": "osm_way_1292143993", "name_vi": "Khu Công Nghiệp dệt may Rạng Đông", "name_en": "Rang Dong Textile Industrial Park", "aliases": "Rang Dong Textile Industrial Park", "category": "industrial_park", "province_code": "37", "province_en": "Ninh Binh", "former_province_code": "36", "status": "unknown", "area_ha": 440.21257024037408, "developer": null, "website": null, "geometry_type": "polygon", "location_accuracy": "site", "part_count": 1, "osm_ids": "osm_way_1292143993", "source": "OpenStreetMap", "source_url": "https://www.openstreetmap.org/way/1292143993", "verified_on": "2026-08-31", "attribute_source": "osm", "geometry_observed_on": "2026-08-31" }, "geometry": { "type": "Polygon", "coordinates": [ [ [ 106.14086350637794, 19.978347196580863 ], [ 106.15347370636583, 19.978003996586843 ], [ 106.15399670636539, 19.978113696587055 ], [ 106.154459006365101, 19.978319996587196 ], [ 106.161361306360746, 19.981962796589389 ], [ 106.172433906353859, 19.987900796592836 ], [ 106.172578606353738, 19.987962196592878 ], [ 106.175240506348885, 19.984025496595251 ], [ 106.17660420634607, 19.981519496596601 ], [ 106.176660206345915, 19.981343896596684 ], [ 106.176580806345854, 19.981111296596701 ], [ 106.174951006346191, 19.979123096596538 ], [ 106.172480606347477, 19.977393896595871 ], [ 106.166750506350539, 19.973434996594349 ], [ 106.163056506352476, 19.970880496593352 ], [ 106.159026306354662, 19.968163596592259 ], [ 106.157606606355614, 19.967505196591791 ], [ 106.156243006356689, 19.967145296591255 ], [ 106.154762606358062, 19.967114496590572 ], [ 106.151372206361472, 19.967443696588891 ], [ 106.148458106364373, 19.967715896587471 ], [ 106.147267306365634, 19.967944096586837 ], [ 106.144932306368403, 19.968887796585484 ], [ 106.144339206369096, 19.969072096585144 ], [ 106.143704006369717, 19.969111596584842 ], [ 106.142667306370612, 19.968957996584404 ], [ 106.141411106371706, 19.968808796583861 ], [ 106.140472406372623, 19.968857096583424 ], [ 106.140248206372846, 19.968883396583298 ], [ 106.140122206373022, 19.969001896583201 ], [ 106.139968006373337, 19.969260896583052 ], [ 106.140131806378079, 19.977382196580798 ], [ 106.14015650637829, 19.977781296580694 ], [ 106.140244206378384, 19.978083196580645 ], [ 106.14041840637833, 19.978249796580684 ], [ 106.140641406378165, 19.978330996580773 ], [ 106.14086350637794, 19.978347196580863 ] ] ] } },
{ "type": "Feature", "properties": { "id": "osm_way_597852036", "name_vi": "Khu công nghiệp Đồng Văn I", "name_en": "Dong Van I Industrial Area", "aliases": "Dong Van I Industrial Area", "category": "industrial_park", "province_code": "37", "province_en": "Ninh Binh", "former_province_code": "35", "status": "unknown", "area_ha": 162.52282071531627, "developer": null, "website": null, "geometry_type": "polygon", "location_accuracy": "site", "part_count": 1, "osm_ids": "osm_way_597852036", "source": "OpenStreetMap", "source_url": "https://www.openstreetmap.org/way/597852036", "verified_on": "2026-08-31", "attribute_source": "osm", "geometry_observed_on": "2026-08-31" }, "geometry": { "type": "Polygon", "coordinates": [ [ [ 105.918578006997166, 20.655042796285475 ], [ 105.924039106991955, 20.654963396288 ], [ 105.924041506992978, 20.656646396287513 ], [ 105.925282306991804, 20.656633596288099 ], [ 105.925550906991447, 20.65647679628826 ], [ 105.925851406991043, 20.656283896288457 ], [ 105.936142106981308, 20.656303096293136 ], [ 105.937018406976733, 20.650112096295292 ], [ 105.936897706976751, 20.649962796295274 ], [ 105.934100606979399, 20.649986896293989 ], [ 105.933021306980436, 20.649996196293493 ], [ 105.932915006980593, 20.65007679629343 ], [ 105.932546206982025, 20.651847696292759 ], [ 105.931965606983866, 20.653992096291901 ], [ 105.929644506986051, 20.653989596290828 ], [ 105.929148806986518, 20.653995196290591 ], [ 105.928271406987903, 20.654882996289949 ], [ 105.928100506988088, 20.654911096289862 ], [ 105.927328306989239, 20.65561409628932 ], [ 105.92559970699007, 20.654275596288898 ], [ 105.925770706989553, 20.653679196289147 ], [ 105.92631550698853, 20.652889296289604 ], [ 105.926885606988094, 20.653028796289846 ], [ 105.927512306986955, 20.652125496290388 ], [ 105.928303106986519, 20.652661396290583 ], [ 105.931385306980957, 20.64829089629324 ], [ 105.928700006982552, 20.64672309629244 ], [ 105.928205406982968, 20.646657696292234 ], [ 105.927304306984027, 20.646972696291733 ], [ 105.927269406983513, 20.646081296291978 ], [ 105.924204206986445, 20.646136996290561 ], [ 105.924214706986888, 20.646877296290359 ], [ 105.922903806988103, 20.646860196289762 ], [ 105.922911206986257, 20.643816496290626 ], [ 105.920690406988356, 20.643792596289611 ], [ 105.920685106988145, 20.643457596289714 ], [ 105.918657306990042, 20.64343809628879 ], [ 105.918462606990232, 20.643436196288683 ], [ 105.918578006997166, 20.655042796285475 ] ] ] } },
{ "type": "Feature", "properties": { "id": "osm_way_1299444252", "name_vi": "Khu công nghiệp Đồng Văn I mở rộng", "name_en": "Dong Van I Industrial Park (extended)", "aliases": "Dong Van I Industrial Park (extended)", "category": "industrial_park", "province_code": "37", "province_en": "Ninh Binh", "former_province_code": "35", "status": "unknown", "area_ha": 93.067152990329745, "developer": null, "website": null, "geometry_type": "polygon", "location_accuracy": "site", "part_count": 1, "osm_ids": "osm_way_1299444252", "source": "OpenStreetMap", "source_url": "https://www.openstreetmap.org/way/1299444252", "verified_on": "2026-08-31", "attribute_source": "osm", "geometry_observed_on": "2026-08-31" }, "geometry": { "type": "Polygon", "coordinates": [ [ [ 105.938021506986161, 20.667215896290912 ], [ 105.938065406987661, 20.669748796290225 ], [ 105.937944006989525, 20.672632396289345 ], [ 105.937646706991288, 20.675070196288519 ], [ 105.938790806990212, 20.675066496289055 ], [ 105.938446906991516, 20.67669749628844 ], [ 105.940356206989762, 20.67675959628929 ], [ 105.940354606990624, 20.678197596288886 ], [ 105.94492940698629, 20.678191496290978 ], [ 105.945955706983881, 20.675835296292107 ], [ 105.945970606983451, 20.6751559962923 ], [ 105.945585606983812, 20.675148596292132 ], [ 105.945623506982756, 20.673456296292631 ], [ 105.946042006982367, 20.673464696292811 ], [ 105.946121206980251, 20.670108796293821 ], [ 105.945856906980495, 20.670102896293688 ], [ 105.94591360697919, 20.668032996294297 ], [ 105.945424306979646, 20.668020796294066 ], [ 105.945427706979231, 20.667368496294262 ], [ 105.938021506986161, 20.667215896290912 ] ] ] } },
{ "type": "Feature", "properties": { "id": "osm_way_1184963865", "name_vi": "Khu công nghiệp Đồng Văn II", "name_en": "Dong Van II Industrial Area", "aliases": "Dong Van II Industrial Area", "category": "industrial_park", "province_code": "37", "province_en": "Ninh Binh", "former_province_code": "35", "status": "unknown", "area_ha": 355.1499374224548, "developer": null, "website": null, "geometry_type": "polygon", "location_accuracy": "site", "part_count": 2, "osm_ids": "osm_way_1184963865|osm_way_1461787049", "source": "OpenStreetMap", "source_url": "https://www.openstreetmap.org/way/1184963865", "verified_on": "2026-08-31", "attribute_source": "osm", "geometry_observed_on": "2026-08-31" }, "geometry": { "type": "MultiPolygon", "coordinates": [ [ [ [ 105.936332106975669, 20.647316996295771 ], [ 105.93525990697637, 20.646757496295425 ], [ 105.934742506976718, 20.646543196295262 ], [ 105.934308706977632, 20.647350496294827 ], [ 105.934136106978002, 20.647714896294648 ], [ 105.934150906979269, 20.649846096294045 ], [ 105.936951006976628, 20.649855296295325 ], [ 105.937044606976528, 20.649822996295381 ], [ 105.937455606975021, 20.647970296296094 ], [ 105.936332106975669, 20.647316996295771 ] ] ], [ [ [ 105.916013107008453, 20.669626996280183 ], [ 105.917591007007204, 20.670011896280808 ], [ 105.917240407008364, 20.671396896280253 ], [ 105.918168907007697, 20.671724996280595 ], [ 105.91868180700709, 20.67155489628086 ], [ 105.918999907006068, 20.67036529628135 ], [ 105.919313607005819, 20.670444596281456 ], [ 105.918963207006882, 20.67163979628096 ], [ 105.9198223070062, 20.671869796281303 ], [ 105.920167107005128, 20.670637696281798 ], [ 105.921026207004459, 20.670872996282135 ], [ 105.921092007004219, 20.670579496282247 ], [ 105.925455507000592, 20.671375096284006 ], [ 105.93064720699563, 20.671330996286386 ], [ 105.930612906993844, 20.668349196287213 ], [ 105.930861406993614, 20.668357196287328 ], [ 105.931688106997186, 20.675486996285688 ], [ 105.932921706995913, 20.675342696286304 ], [ 105.934926406994109, 20.675510996287159 ], [ 105.935500406993611, 20.675567096287409 ], [ 105.935616106993493, 20.675531096287479 ], [ 105.935684606993277, 20.675270596287579 ], [ 105.935847406992622, 20.674452996287879 ], [ 105.936001606991823, 20.673422996288235 ], [ 105.93610010699102, 20.672204696288638 ], [ 105.9360744069904, 20.67116359628891 ], [ 105.936048406987879, 20.666985796290074 ], [ 105.936041106987531, 20.666404296290246 ], [ 105.935963606983861, 20.660258096291948 ], [ 105.935983006983136, 20.659056096292293 ], [ 105.936042206982506, 20.658114596292585 ], [ 105.936142106981308, 20.656303096293136 ], [ 105.925851406991043, 20.656283896288457 ], [ 105.925550906991447, 20.65647679628826 ], [ 105.925282306991804, 20.656633596288099 ], [ 105.924041506992978, 20.656646396287513 ], [ 105.924039106991955, 20.654963396288 ], [ 105.918578006997166, 20.655042796285475 ], [ 105.918561907000097, 20.659834496284127 ], [ 105.916013107008453, 20.669626996280183 ] ] ] ] } },
{ "type": "Feature", "properties": { "id": "osm_way_1184923978", "name_vi": "Khu công nghiệp Đồng Văn III", "name_en": "Dong Van III Industrial Area", "aliases": "Dong Van III Industrial Area", "category": "industrial_park", "province_code": "37", "province_en": "Ninh Binh", "former_province_code": "35", "status": "unknown", "area_ha": 103.49292792272135, "developer": null, "website": null, "geometry_type": "polygon", "location_accuracy": "site", "part_count": 1, "osm_ids": "osm_way_1184923978", "source": "OpenStreetMap", "source_url": "https://www.openstreetmap.org/way/1184923978", "verified_on": "2026-08-31", "attribute_source": "osm", "geometry_observed_on": "2026-08-31" }, "geometry": { "type": "Polygon", "coordinates": [ [ [ 105.932871406970705, 20.633718996298025 ], [ 105.932847406970822, 20.633903496297954 ], [ 105.932902906970895, 20.634077096297936 ], [ 105.933011806970867, 20.634195396297955 ], [ 105.933216006970724, 20.634293396298023 ], [ 105.94076840696458, 20.635943296301008 ], [ 105.943298606955778, 20.625376696305153 ], [ 105.934316806963082, 20.623414796301606 ], [ 105.93423020696325, 20.623535996301531 ], [ 105.934376006963475, 20.624152696301405 ], [ 105.934457506963724, 20.624722596301282 ], [ 105.934429706964039, 20.625208596301132 ], [ 105.934452006964349, 20.625725696301007 ], [ 105.934448006964786, 20.626423696300808 ], [ 105.93440070696515, 20.626948996300634 ], [ 105.934319706965539, 20.62747989630045 ], [ 105.933917506966964, 20.629162296299793 ], [ 105.933747606967515, 20.629820496299534 ], [ 105.934757206966708, 20.630032296299937 ], [ 105.934491706967663, 20.631229296299477 ], [ 105.933459706968492, 20.631000496299059 ], [ 105.932871406970705, 20.633718996298025 ] ] ] } },
{ "type": "Feature", "properties": { "id": "osm_way_1337945101", "name_vi": "Khu công nghiệp Đồng Văn IV", "name_en": null, "aliases": null, "category": "industrial_park", "province_code": "37", "province_en": "Ninh Binh", "former_province_code": "35", "status": "unknown", "area_ha": 293.28144703533781, "developer": null, "website": null, "geometry_type": "polygon", "location_accuracy": "site", "part_count": 1, "osm_ids": "osm_way_1337945101", "source": "OpenStreetMap", "source_url": "https://www.openstreetmap.org/way/1337945101", "verified_on": "2026-08-31", "attribute_source": "osm", "geometry_observed_on": "2026-08-31" }, "geometry": { "type": "Polygon", "coordinates": [ [ [ 105.872918607026278, 20.631808196271187 ], [ 105.87727400702093, 20.629809996273721 ], [ 105.87823960702103, 20.631456696273716 ], [ 105.878572107020887, 20.631747896273776 ], [ 105.881125607021559, 20.636828496273509 ], [ 105.882101907020328, 20.63634649627409 ], [ 105.883228507020533, 20.638414796274024 ], [ 105.888517807015475, 20.63834449627646 ], [ 105.888464107015281, 20.637942896276538 ], [ 105.889000607014623, 20.637651796276881 ], [ 105.89380710700874, 20.635472996279685 ], [ 105.892991707008434, 20.633715896279817 ], [ 105.893066807007997, 20.633093396280017 ], [ 105.888828907005959, 20.623142796280881 ], [ 105.888335907006123, 20.622620596280807 ], [ 105.887756507006401, 20.622198896280665 ], [ 105.881684007011032, 20.620341196278414 ], [ 105.880664807011897, 20.620180596278004 ], [ 105.873283307020941, 20.623574496273669 ], [ 105.874055807021122, 20.625090796273589 ], [ 105.87029000702573, 20.6268077962714 ], [ 105.872918607026278, 20.631808196271187 ] ] ] } },
{ "type": "Feature", "properties": { "id": "osm_way_641567443", "name_vi": "Khu công nghiệp Gián Khẩu", "name_en": "Gian Khau Industrial Park", "aliases": "Gian Khau Industrial Park", "category": "industrial_park", "province_code": "37", "province_en": "Ninh Binh", "former_province_code": "37", "status": "unknown", "area_ha": 178.48719877445424, "developer": null, "website": null, "geometry_type": "polygon", "location_accuracy": "site", "part_count": 1, "osm_ids": "osm_way_641567443", "source": "OpenStreetMap", "source_url": "https://www.openstreetmap.org/way/641567443", "verified_on": "2026-08-31", "attribute_source": "osm", "geometry_observed_on": "2026-08-31" }, "geometry": { "type": "Polygon", "coordinates": [ [ [ 105.929844806791991, 20.33392199638152 ], [ 105.916307706806961, 20.337523196374285 ], [ 105.914222806809278, 20.338070096373162 ], [ 105.91019750681366, 20.339059496371032 ], [ 105.911383006819037, 20.349759196368538 ], [ 105.915017506814607, 20.34812259637069 ], [ 105.914978406812821, 20.345130096371513 ], [ 105.918749306808593, 20.344061896373542 ], [ 105.919037106808133, 20.343740996373782 ], [ 105.919555306806799, 20.342328196374407 ], [ 105.91972500680663, 20.342300696374497 ], [ 105.925079006803287, 20.345194996376133 ], [ 105.92686600680014, 20.342759896377643 ], [ 105.927610106798866, 20.341817996378261 ], [ 105.927780106798537, 20.341511396378415 ], [ 105.930659906791675, 20.33468969638168 ], [ 105.929844806791991, 20.33392199638152 ] ] ] } },
{ "type": "Feature", "properties": { "id": "osm_way_746547580", "name_vi": "Khu Công Nghiệp Hải Hậu", "name_en": null, "aliases": null, "category": "industrial_park", "province_code": "37", "province_en": "Ninh Binh", "former_province_code": "36", "status": "unknown", "area_ha": 28.349814457707737, "developer": null, "website": null, "geometry_type": "polygon", "location_accuracy": "site", "part_count": 2, "osm_ids": "osm_way_746547580|osm_way_746547581", "source": "OpenStreetMap", "source_url": "https://www.openstreetmap.org/way/746547580", "verified_on": "2026-08-31", "attribute_source": "osm", "geometry_observed_on": "2026-08-31" }, "geometry": { "type": "MultiPolygon", "coordinates": [ [ [ [ 106.282443506353658, 20.160227096594426 ], [ 106.280939006355311, 20.160593896593607 ], [ 106.278307506358203, 20.16125429659219 ], [ 106.278922006358741, 20.163141996591929 ], [ 106.282972106354322, 20.162124796594128 ], [ 106.282443506353658, 20.160227096594426 ] ] ], [ [ [ 106.283659006354227, 20.163046596594178 ], [ 106.282242806355782, 20.163378896593418 ], [ 106.282071206355496, 20.162633596593565 ], [ 106.276835506361238, 20.16394289659074 ], [ 106.277543606362045, 20.166420396590354 ], [ 106.283931106355027, 20.164801696593795 ], [ 106.283659006354227, 20.163046596594178 ] ] ] ] } },
{ "type": "Feature", "properties": { "id": "osm_way_1184923891", "name_vi": "Khu công nghiệp hỗ trợ Đồng Văn III", "name_en": "Dong Van III Supporting Industrial Park", "aliases": "Dong Van III Supporting Industrial Park", "category": "industrial_park", "province_code": "37", "province_en": "Ninh Binh", "former_province_code": "35", "status": "unknown", "area_ha": 50.73877767077407, "developer": null, "website": null, "geometry_type": "polygon", "location_accuracy": "site", "part_count": 2, "osm_ids": "osm_way_1184923891|osm_way_1184923958", "source": "OpenStreetMap", "source_url": "https://www.openstreetmap.org/way/1184923891", "verified_on": "2026-08-31", "attribute_source": "osm", "geometry_observed_on": "2026-08-31" }, "geometry": { "type": "MultiPolygon", "coordinates": [ [ [ [ 105.923632906980359, 20.635202996293394 ], [ 105.924968306978812, 20.634727196294122 ], [ 105.925467406977063, 20.632650096294938 ], [ 105.929008006974172, 20.633415096296346 ], [ 105.929689506971727, 20.630447696297495 ], [ 105.921976106978079, 20.628882896294403 ], [ 105.921219306980831, 20.632211296293129 ], [ 105.920661106982749, 20.634544996292203 ], [ 105.923632906980359, 20.635202996293394 ] ] ], [ [ [ 105.931342906972276, 20.633928096297264 ], [ 105.931618006972045, 20.633974196297377 ], [ 105.931809906971878, 20.633976596297469 ], [ 105.931978906971679, 20.633940496297555 ], [ 105.932126106971481, 20.633830896297646 ], [ 105.932202906971298, 20.63367059629774 ], [ 105.932754306969287, 20.631192896298682 ], [ 105.932679606969273, 20.631073096298685 ], [ 105.929993606971465, 20.630502296297621 ], [ 105.929300306973943, 20.633486596296454 ], [ 105.930654706972831, 20.633776896296986 ], [ 105.931342906972276, 20.633928096297264 ] ] ] ] } },
{ "type": "Feature", "properties": { "id": "osm_way_671534841", "name_vi": "Khu công nghiệp Hòa Mạc", "name_en": null, "aliases": null, "category": "industrial_park", "province_code": "37", "province_en": "Ninh Binh", "former_province_code": "35", "status": "unknown", "area_ha": 126.24641310705398, "developer": null, "website": null, "geometry_type": "polygon", "location_accuracy": "site", "part_count": 1, "osm_ids": "osm_way_671534841", "source": "OpenStreetMap", "source_url": "https://www.openstreetmap.org/way/671534841", "verified_on": "2026-08-31", "attribute_source": "osm", "geometry_observed_on": "2026-08-31" }, "geometry": { "type": "Polygon", "coordinates": [ [ [ 105.99558010691706, 20.643092396324043 ], [ 105.995539706917299, 20.643441896323928 ], [ 105.995388706922313, 20.651459596321608 ], [ 105.996643706921148, 20.651480796322165 ], [ 105.99662090692199, 20.652851096321765 ], [ 105.995401306923128, 20.652844096321207 ], [ 105.995379106923977, 20.654196296320819 ], [ 106.004741906915143, 20.65423129632509 ], [ 106.005298206914091, 20.653378996325586 ], [ 106.005828106913, 20.652389096326115 ], [ 106.00604810691236, 20.651675496326416 ], [ 106.006077206911911, 20.650998996326621 ], [ 106.005989606910575, 20.648612296327258 ], [ 106.005233906909737, 20.646088796327625 ], [ 106.004306206909405, 20.644073596327775 ], [ 106.003898006909324, 20.643323196327795 ], [ 106.003719506909306, 20.642995096327812 ], [ 106.003305806909694, 20.64299999632761 ], [ 105.99558010691706, 20.643092396324043 ] ] ] } },
{ "type": "Feature", "properties": { "id": "osm_way_280678043", "name_vi": "Khu công nghiệp Hoà Xá", "name_en": null, "aliases": null, "category": "industrial_park", "province_code": "37", "province_en": "Ninh Binh", "former_province_code": "36", "status": "unknown", "area_ha": 292.92975195397247, "developer": null, "website": null, "geometry_type": "polygon", "location_accuracy": "site", "part_count": 1, "osm_ids": "osm_way_280678043", "source": "OpenStreetMap", "source_url": "https://www.openstreetmap.org/way/280678043", "verified_on": "2026-08-31", "attribute_source": "osm", "geometry_observed_on": "2026-08-31" }, "geometry": { "type": "Polygon", "coordinates": [ [ [ 106.152659206635519, 20.423680496458658 ], [ 106.152332006635802, 20.423649696458494 ], [ 106.150839306637138, 20.423525296457861 ], [ 106.151676706633651, 20.419081496459512 ], [ 106.148547106636187, 20.418352196458265 ], [ 106.148774806635032, 20.416812296458815 ], [ 106.147623806635991, 20.416609496458335 ], [ 106.147006806636512, 20.416491496458093 ], [ 106.14709700663623, 20.416157896458241 ], [ 106.146781706636474, 20.416078196458106 ], [ 106.146831006635935, 20.415261396458359 ], [ 106.145619506637061, 20.415248496457799 ], [ 106.146227906635573, 20.413737796458506 ], [ 106.145974706635755, 20.413651196458414 ], [ 106.146048706635383, 20.413147896458604 ], [ 106.145215606636043, 20.412929696458278 ], [ 106.14514260663627, 20.413181496458169 ], [ 106.144861006636503, 20.413115696458068 ], [ 106.144944006636265, 20.412871296458164 ], [ 106.144725006636463, 20.412866396458071 ], [ 106.144722106636451, 20.41283689645806 ], [ 106.144501706636674, 20.412824496457983 ], [ 106.144479406636492, 20.412513796458047 ], [ 106.143867706637039, 20.4124336964578 ], [ 106.143510406637319, 20.412365996457648 ], [ 106.142428706638157, 20.412061496457248 ], [ 106.142369706638348, 20.412291796457147 ], [ 106.142226406638514, 20.412322896457074 ], [ 106.142148406638626, 20.41242139645701 ], [ 106.141892106638892, 20.412447496456878 ], [ 106.141816206638964, 20.412425496456851 ], [ 106.141860306638762, 20.412171696456955 ], [ 106.141530206639075, 20.412182896456788 ], [ 106.141531906639031, 20.412087596456825 ], [ 106.141075206639428, 20.412024996456626 ], [ 106.141069806639265, 20.411788296456692 ], [ 106.140666106639699, 20.411840596456486 ], [ 106.140668606639665, 20.411811196456483 ], [ 106.14006490664022, 20.411760396456234 ], [ 106.140035906640108, 20.411539196456296 ], [ 106.139476206640609, 20.411483296456044 ], [ 106.139382106640952, 20.411889996455884 ], [ 106.13917660664103, 20.411723596455836 ], [ 106.13896970664112, 20.411527696455799 ], [ 106.138835606641095, 20.411315796455803 ], [ 106.138885306640972, 20.411178296455859 ], [ 106.139002406640614, 20.410781296456022 ], [ 106.138751406640395, 20.409984096456149 ], [ 106.138903506640233, 20.409989396456204 ], [ 106.139055206640109, 20.410006996456275 ], [ 106.139625006638283, 20.407895396457135 ], [ 106.138666506638884, 20.407395896456837 ], [ 106.137703606639832, 20.40741849645639 ], [ 106.137711706640061, 20.407848396456266 ], [ 106.137833306640218, 20.408290096456184 ], [ 106.138045206640342, 20.408820496456144 ], [ 106.137950406640613, 20.409155596456003 ], [ 106.137739806640738, 20.408970396455956 ], [ 106.137391606640961, 20.408831496455857 ], [ 106.136836306641399, 20.408689996455621 ], [ 106.134980206642993, 20.408378996454854 ], [ 106.134439206644416, 20.409912296454163 ], [ 106.13450780664617, 20.412946496453326 ], [ 106.1347912066459, 20.412939196453465 ], [ 106.134880506646169, 20.413514396453348 ], [ 106.135143406647416, 20.415953796452772 ], [ 106.135516806647033, 20.415933496452936 ], [ 106.135989106648239, 20.418647196452383 ], [ 106.136436906649124, 20.420814796451978 ], [ 106.136802206649392, 20.421828896451856 ], [ 106.137025406649158, 20.421792496451975 ], [ 106.137060206649323, 20.422112796451902 ], [ 106.137261606649105, 20.422050796452009 ], [ 106.137323306649137, 20.422207396451988 ], [ 106.137988806648508, 20.422216996452288 ], [ 106.138024506649217, 20.42345459645195 ], [ 106.138853906648421, 20.423429396452338 ], [ 106.138870306648528, 20.423684096452273 ], [ 106.139122006648407, 20.423833596452358 ], [ 106.139929106647614, 20.423784096452742 ], [ 106.139894806647561, 20.423649696452767 ], [ 106.140199206647296, 20.423673296452904 ], [ 106.140205006647093, 20.423361596452992 ], [ 106.141231306646091, 20.423302396453469 ], [ 106.141305706646421, 20.423972496453317 ], [ 106.14192010664587, 20.424017296453592 ], [ 106.14222250664551, 20.423875796453768 ], [ 106.141892906645481, 20.423332796453778 ], [ 106.142340706645072, 20.423348996453981 ], [ 106.142974506644421, 20.423276796454296 ], [ 106.143752206643654, 20.423225796454663 ], [ 106.143875606644201, 20.424302496454423 ], [ 106.143472406644605, 20.424354896454215 ], [ 106.143442806644288, 20.423783096454358 ], [ 106.143135206644601, 20.423806196454219 ], [ 106.142995506645462, 20.425039796453795 ], [ 106.142400206646045, 20.425039196453518 ], [ 106.142152406646332, 20.42514079645337 ], [ 106.14098990664742, 20.425128196452835 ], [ 106.14096930664752, 20.425267396452789 ], [ 106.139633806648746, 20.425188296452198 ], [ 106.139637706648756, 20.425237796452183 ], [ 106.139344506649024, 20.425202496452066 ], [ 106.138927706649397, 20.425180396451879 ], [ 106.139429206649396, 20.42594689645189 ], [ 106.140000206648992, 20.426190096452085 ], [ 106.140259806648984, 20.426569696452098 ], [ 106.141108006648864, 20.427686696452167 ], [ 106.142365406648693, 20.429363196452268 ], [ 106.143084706648509, 20.430197196452369 ], [ 106.14331060664847, 20.430447596452392 ], [ 106.143548506648287, 20.430544296452474 ], [ 106.144363906648138, 20.431579796452567 ], [ 106.144943306648088, 20.432404196452584 ], [ 106.145769406647972, 20.433510196452648 ], [ 106.150050206643527, 20.43286669645482 ], [ 106.15234080664105, 20.432313796456036 ], [ 106.151465006638972, 20.427537396456984 ], [ 106.151731406637893, 20.426161996457502 ], [ 106.151848906637127, 20.42507989645787 ], [ 106.152659206635519, 20.423680496458658 ] ] ] } },
{ "type": "Feature", "properties": { "id": "osm_way_720018478", "name_vi": "Khu công nghiệp Khánh Cư", "name_en": null, "aliases": null, "category": "industrial_park", "province_code": "37", "province_en": "Ninh Binh", "former_province_code": "37", "status": "unknown", "area_ha": 52.206762742535545, "developer": null, "website": null, "geometry_type": "polygon", "location_accuracy": "site", "part_count": 1, "osm_ids": "osm_way_720018478", "source": "OpenStreetMap", "source_url": "https://www.openstreetmap.org/way/720018478", "verified_on": "2026-08-31", "attribute_source": "osm", "geometry_observed_on": "2026-08-31" }, "geometry": { "type": "Polygon", "coordinates": [ [ [ 106.050824206603835, 20.211917296472098 ], [ 106.049491206605381, 20.212350196471345 ], [ 106.047809406607286, 20.21286869647043 ], [ 106.046892106608411, 20.213321796469874 ], [ 106.045768306609972, 20.214129696469119 ], [ 106.046189406609827, 20.214544996469204 ], [ 106.045170106611195, 20.215199496468539 ], [ 106.045859506611151, 20.216218796468574 ], [ 106.046744606610119, 20.215916796469063 ], [ 106.048439706608178, 20.215342896470009 ], [ 106.048570606608052, 20.215320296470079 ], [ 106.04913570660743, 20.215218896470368 ], [ 106.049770106606772, 20.21510629647069 ], [ 106.052390606604291, 20.215098796471903 ], [ 106.052392606604371, 20.215219596471883 ], [ 106.056652706600303, 20.215179296473874 ], [ 106.061033106596824, 20.216245296475574 ], [ 106.061409906594577, 20.213153796476622 ], [ 106.056604406598609, 20.212297396474661 ], [ 106.054780506600352, 20.212327596473802 ], [ 106.052666906602184, 20.212040596472917 ], [ 106.050824206603835, 20.211917296472098 ] ] ] } },
{ "type": "Feature", "properties": { "id": "osm_way_514641127", "name_vi": "Khu công nghiệp Khánh Phú", "name_en": null, "aliases": null, "category": "industrial_park", "province_code": "37", "province_en": "Ninh Binh", "former_province_code": "37", "status": "unknown", "area_ha": 349.86162309310475, "developer": null, "website": null, "geometry_type": "polygon", "location_accuracy": "site", "part_count": 1, "osm_ids": "osm_way_514641127", "source": "OpenStreetMap", "source_url": "https://www.openstreetmap.org/way/514641127", "verified_on": "2026-08-31", "attribute_source": "osm", "geometry_observed_on": "2026-08-31" }, "geometry": { "type": "Polygon", "coordinates": [ [ [ 106.008324606666832, 20.249675896441673 ], [ 106.015212506659694, 20.248629096445143 ], [ 106.020426706654689, 20.248508296447604 ], [ 106.030683506645502, 20.249353796452098 ], [ 106.038730106640088, 20.253017696454759 ], [ 106.045854106628568, 20.245065696460326 ], [ 106.045832606627371, 20.243052496460894 ], [ 106.039245106633757, 20.243294096457781 ], [ 106.033719806638757, 20.24295179645533 ], [ 106.030608406640695, 20.241260696454379 ], [ 106.027733106641563, 20.238170296453916 ], [ 106.025233306641738, 20.234616796453793 ], [ 106.024796206642364, 20.234952196453484 ], [ 106.01902580665049, 20.23937959644956 ], [ 106.018944006650628, 20.239442396449498 ], [ 106.018509306651239, 20.239775896449203 ], [ 106.018146106651741, 20.24005459644895 ], [ 106.016590006653928, 20.241262496447895 ], [ 106.016322606654342, 20.241517096447698 ], [ 106.013625306658099, 20.243500696445881 ], [ 106.01337260665845, 20.24368359644571 ], [ 106.009513706663725, 20.246356796443166 ], [ 106.008832206664579, 20.246709396442757 ], [ 106.007422206666135, 20.24709159644199 ], [ 106.007515606666246, 20.24739889644195 ], [ 106.007528306666259, 20.247434496441954 ], [ 106.007725306666401, 20.247989096441888 ], [ 106.008324606666832, 20.249675896441673 ] ] ] } },
{ "type": "Feature", "properties": { "id": "osm_way_1420859964", "name_vi": "Khu Công nghiệp Kim Bảng I tỉnh Hà Nam", "name_en": null, "aliases": null, "category": "industrial_park", "province_code": "37", "province_en": "Ninh Binh", "former_province_code": "35", "status": "unknown", "area_ha": 226.88982618648885, "developer": null, "website": null, "geometry_type": "polygon", "location_accuracy": "site", "part_count": 1, "osm_ids": "osm_way_1420859964", "source": "OpenStreetMap", "source_url": "https://www.openstreetmap.org/way/1420859964", "verified_on": "2026-08-31", "attribute_source": "osm", "geometry_observed_on": "2026-08-31" }, "geometry": { "type": "Polygon", "coordinates": [ [ [ 105.852229407043382, 20.627734496262885 ], [ 105.853651007042231, 20.628063096263432 ], [ 105.859950207037613, 20.630257796265692 ], [ 105.866947207032396, 20.632575596268232 ], [ 105.868566307026668, 20.625638896270939 ], [ 105.866226307028526, 20.62509309627001 ], [ 105.866847207026794, 20.623193496270829 ], [ 105.869517407021746, 20.619025096273237 ], [ 105.869406607021659, 20.618686896273271 ], [ 105.860361907028278, 20.61551949627005 ], [ 105.853525107037171, 20.61952179626579 ], [ 105.852180507042092, 20.62553419626348 ], [ 105.852229407043382, 20.627734496262885 ] ] ] } },
{ "type": "Feature", "properties": { "id": "osm_way_1092767652", "name_vi": "Khu công nghiệp Phúc Sơn", "name_en": "Phuc Son Industrial area", "aliases": "Khu Công Nghiệp Phúc Sơn|Phuc Son Industrial area", "category": "industrial_park", "province_code": "37", "province_en": "Ninh Binh", "former_province_code": "37", "status": "unknown", "area_ha": 103.28696571688417, "developer": null, "website": null, "geometry_type": "polygon", "location_accuracy": "site", "part_count": 3, "osm_ids": "osm_relation_14555192|osm_way_1092767652|osm_way_1092767653", "source": "OpenStreetMap", "source_url": "https://www.openstreetmap.org/way/1092767652", "verified_on": "2026-08-31", "attribute_source": "osm", "geometry_observed_on": "2026-08-31" }, "geometry": { "type": "MultiPolygon", "coordinates": [ [ [ [ 105.988362506664245, 20.214097296442599 ], [ 105.987582606663935, 20.212370696442736 ], [ 105.984896006667327, 20.21376539644109 ], [ 105.983809306668689, 20.214329596440415 ], [ 105.983636506668944, 20.214496096440293 ], [ 105.982571706670299, 20.215048296439655 ], [ 105.982940606670311, 20.215635496439653 ], [ 105.984290306669223, 20.215981696440174 ], [ 105.985653906668276, 20.21652949644065 ], [ 105.986237706667879, 20.216792496440846 ], [ 105.987153006667356, 20.217344596441112 ], [ 105.989502006664594, 20.216472596442451 ], [ 105.988997606664469, 20.215477796442496 ], [ 105.988362506664245, 20.214097296442599 ] ] ], [ [ [ 106.002796006666031, 20.239674396441959 ], [ 106.002762006666003, 20.239573696441983 ], [ 106.002320206665587, 20.238176196442186 ], [ 106.002307906665564, 20.238134396442181 ], [ 106.002029906665243, 20.237187696442327 ], [ 106.00157560666571, 20.2372181964421 ], [ 106.00142340666568, 20.236942396442124 ], [ 106.001154206665603, 20.236386996442153 ], [ 106.001007206665562, 20.236081296442158 ], [ 106.001556706664829, 20.235743496442517 ], [ 106.000033406664087, 20.232131396442849 ], [ 105.999780706663984, 20.231554696442892 ], [ 105.999161606663719, 20.230157696442994 ], [ 105.998904806663688, 20.229693296443024 ], [ 105.998764706663735, 20.229548696443 ], [ 105.998208906664019, 20.229171796442849 ], [ 105.997961406664118, 20.228943996442791 ], [ 105.997732606664215, 20.228711696442762 ], [ 105.997606506664184, 20.228475096442761 ], [ 105.997359006663686, 20.227265696442995 ], [ 105.996888206663016, 20.225416496443312 ], [ 105.996302206662278, 20.223280396443648 ], [ 105.995814306661885, 20.221891896443804 ], [ 105.995697806661894, 20.221694396443826 ], [ 105.995594806661927, 20.221572596443803 ], [ 105.995393306662109, 20.221576796443713 ], [ 105.99501710666253, 20.221677596443513 ], [ 105.994775306662802, 20.221732296443374 ], [ 105.99469910666285, 20.221698596443353 ], [ 105.994623006662721, 20.22137509644342 ], [ 105.994515506662538, 20.220916996443492 ], [ 105.994328206662544, 20.220617996443497 ], [ 105.99428150666256, 20.220561096443497 ], [ 105.99388450666271, 20.220201696443421 ], [ 105.992801106663762, 20.220254296442885 ], [ 105.992726406663792, 20.220197296442876 ], [ 105.992464806663591, 20.219478696442948 ], [ 105.992311506663185, 20.218525596443161 ], [ 105.989654506666383, 20.219642996441621 ], [ 105.990392106666263, 20.220644796441665 ], [ 105.991206006666474, 20.222236496441599 ], [ 105.993259906667092, 20.226485996441323 ], [ 105.995671406667725, 20.231302696441073 ], [ 105.996827806667795, 20.233243196441048 ], [ 105.996892706667808, 20.233347996441051 ], [ 105.997259206667778, 20.23386619644107 ], [ 105.999591606667437, 20.236951496441261 ], [ 105.999650806667404, 20.237019396441273 ], [ 106.000359106667233, 20.237825596441372 ], [ 106.001141806667007, 20.238702996441489 ], [ 106.002138706666756, 20.239847096441604 ], [ 106.002714606666686, 20.240631296441673 ], [ 106.003020106666682, 20.241102696441668 ], [ 106.003138506666716, 20.241309996441672 ], [ 106.003453806666798, 20.241949696441633 ], [ 106.003574006666639, 20.241897096441704 ], [ 106.003256006666419, 20.2410415964418 ], [ 106.002796006666031, 20.239674396441959 ] ] ] ] } },
{ "type": "Feature", "properties": { "id": "osm_way_1345180985", "name_vi": "Khu Công Nghiệp Thái Hà", "name_en": "Thai Ha Industrial area", "aliases": "Thai Ha Industrial area", "category": "industrial_park", "province_code": "37", "province_en": "Ninh Binh", "former_province_code": "35", "status": "unknown", "area_ha": 157.29719690744875, "developer": null, "website": null, "geometry_type": "polygon", "location_accuracy": "site", "part_count": 1, "osm_ids": "osm_way_1345180985", "source": "OpenStreetMap", "source_url": "https://www.openstreetmap.org/way/1345180985", "verified_on": "2026-08-31", "attribute_source": "osm", "geometry_observed_on": "2026-08-31" }, "geometry": { "type": "Polygon", "coordinates": [ [ [ 106.106112006780393, 20.590168096389746 ], [ 106.107763506778198, 20.589152796390788 ], [ 106.11039260677282, 20.584384096393357 ], [ 106.110323306770894, 20.581096896394261 ], [ 106.103354806777531, 20.581182296391045 ], [ 106.103318606776526, 20.579453796391508 ], [ 106.095521406783888, 20.579430696387931 ], [ 106.09580080679018, 20.590206496385004 ], [ 106.106112006780393, 20.590168096389746 ] ] ] } },
{ "type": "Feature", "properties": { "id": "osm_way_715162954", "name_vi": "Khu công nghiệp Thanh Liêm", "name_en": null, "aliases": null, "category": "industrial_park", "province_code": "37", "province_en": "Ninh Binh", "former_province_code": "35", "status": "unknown", "area_ha": 243.51650155924517, "developer": null, "website": null, "geometry_type": "polygon", "location_accuracy": "site", "part_count": 1, "osm_ids": "osm_way_715162954", "source": "OpenStreetMap", "source_url": "https://www.openstreetmap.org/way/715162954", "verified_on": "2026-08-31", "attribute_source": "osm", "geometry_observed_on": "2026-08-31" }, "geometry": { "type": "Polygon", "coordinates": [ [ [ 105.901790606917743, 20.49786629632219 ], [ 105.903653606915967, 20.497868296323048 ], [ 105.903739506917461, 20.500440996322357 ], [ 105.907612606913744, 20.500370596324149 ], [ 105.907623306912214, 20.497840296324878 ], [ 105.913912806906239, 20.497818696327762 ], [ 105.916996006903432, 20.497990096329119 ], [ 105.917640706899675, 20.492792896330904 ], [ 105.914640906902491, 20.492784596329525 ], [ 105.91453820689874, 20.486420996331269 ], [ 105.902488206910164, 20.486464396325744 ], [ 105.897099106916968, 20.489242896322487 ], [ 105.897205106920083, 20.494584596321019 ], [ 105.8971949069212, 20.49637089632051 ], [ 105.897387506921021, 20.49640359632059 ], [ 105.897420206921254, 20.49682309632049 ], [ 105.899373106919413, 20.496845696321387 ], [ 105.900027306918801, 20.496853296321675 ], [ 105.900166806918605, 20.496762796321764 ], [ 105.900971406917819, 20.496712596322141 ], [ 105.901175306918191, 20.497627096321985 ], [ 105.90176540691759, 20.497586896322272 ], [ 105.901790606917743, 20.49786629632219 ] ] ] } },
{ "type": "Feature", "properties": { "id": "osm_way_734767762", "name_vi": "My Trung Industrial park", "name_en": null, "aliases": null, "category": "industrial_park", "province_code": "37", "province_en": "Ninh Binh", "former_province_code": "36", "status": "unknown", "area_ha": 6.4184508240649363, "developer": null, "website": null, "geometry_type": "polygon", "location_accuracy": "site", "part_count": 1, "osm_ids": "osm_way_734767762", "source": "OpenStreetMap", "source_url": "https://www.openstreetmap.org/way/734767762", "verified_on": "2026-08-31", "attribute_source": "osm", "geometry_observed_on": "2026-08-31" }, "geometry": { "type": "Polygon", "coordinates": [ [ [ 106.188783606618415, 20.451874796467262 ], [ 106.188657606619202, 20.452950396466893 ], [ 106.18881920661903, 20.452953096466963 ], [ 106.188759506619576, 20.453762196466702 ], [ 106.189456906618972, 20.453842596466995 ], [ 106.190258806618232, 20.453892896467359 ], [ 106.191363906616942, 20.453475696467994 ], [ 106.192034506616139, 20.453191696468366 ], [ 106.192098806615704, 20.452593596468581 ], [ 106.19211370661553, 20.452347296468652 ], [ 106.191862806615774, 20.452342296468551 ], [ 106.191869506615632, 20.45209129646862 ], [ 106.191456606615986, 20.452068296468436 ], [ 106.190831606616555, 20.452012996468163 ], [ 106.190604806616761, 20.451997996468059 ], [ 106.189950406617371, 20.451962796467772 ], [ 106.188783606618415, 20.451874796467262 ] ] ] } },
{ "type": "Feature", "properties": { "id": "osm_way_598122602", "name_vi": "Khu công nghiệp Bỉm Sơn - khu A", "name_en": "Bim Son Industrial Zone (A)", "aliases": "Bim Son Industrial Zone (A)", "category": "industrial_park", "province_code": "38", "province_en": "Thanh Hoa", "former_province_code": "38", "status": "unknown", "area_ha": 29.870451623065776, "developer": null, "website": null, "geometry_type": "polygon", "location_accuracy": "site", "part_count": 1, "osm_ids": "osm_way_598122602", "source": "OpenStreetMap", "source_url": "https://www.openstreetmap.org/way/598122602", "verified_on": "2026-08-31", "attribute_source": "osm", "geometry_observed_on": "2026-08-31" }, "geometry": { "type": "Polygon", "coordinates": [ [ [ 105.850911106726414, 20.101619296411123 ], [ 105.850543706728772, 20.104944096410016 ], [ 105.850245906729157, 20.105127896409815 ], [ 105.849859406731483, 20.108395996408699 ], [ 105.853534306728221, 20.108722196410312 ], [ 105.853968906727616, 20.108404796410607 ], [ 105.854577706724001, 20.103360996412327 ], [ 105.853099806724472, 20.101835896412073 ], [ 105.850911106726414, 20.101619296411123 ] ] ] } },
{ "type": "Feature", "properties": { "id": "osm_way_641548815", "name_vi": "Khu công nghiệp Bỉm Sơn - khu B", "name_en": null, "aliases": null, "category": "industrial_park", "province_code": "38", "province_en": "Thanh Hoa", "former_province_code": "38", "status": "unknown", "area_ha": 67.645580808326201, "developer": null, "website": null, "geometry_type": "polygon", "location_accuracy": "site", "part_count": 1, "osm_ids": "osm_way_641548815", "source": "OpenStreetMap", "source_url": "https://www.openstreetmap.org/way/641548815", "verified_on": "2026-08-31", "attribute_source": "osm", "geometry_observed_on": "2026-08-31" }, "geometry": { "type": "Polygon", "coordinates": [ [ [ 105.873246206703101, 20.098007596422466 ], [ 105.870509706703601, 20.094511696422202 ], [ 105.866502106708921, 20.097066096419621 ], [ 105.866794306708869, 20.097436496419643 ], [ 105.866571506709207, 20.097645596419476 ], [ 105.857451006720865, 20.102676696413848 ], [ 105.85777410672101, 20.103432596413775 ], [ 105.860091606719763, 20.104982796414404 ], [ 105.865372806713339, 20.102588296417533 ], [ 105.873246206703101, 20.098007596422466 ] ] ] } },
{ "type": "Feature", "properties": { "id": "osm_way_1253667259", "name_vi": "Khu công nghiệp Bỉm Sơn A", "name_en": null, "aliases": null, "category": "industrial_park", "province_code": "38", "province_en": "Thanh Hoa", "former_province_code": "38", "status": "unknown", "area_ha": 218.49272267346149, "developer": null, "website": null, "geometry_type": "polygon", "location_accuracy": "site", "part_count": 1, "osm_ids": "osm_way_1253667259", "source": "OpenStreetMap", "source_url": "https://www.openstreetmap.org/way/1253667259", "verified_on": "2026-08-31", "attribute_source": "osm", "geometry_observed_on": "2026-08-31" }, "geometry": { "type": "Polygon", "coordinates": [ [ [ 105.848031406736609, 20.113986996406268 ], [ 105.849547306731793, 20.108379996408573 ], [ 105.853534306728221, 20.108722196410312 ], [ 105.853968906727616, 20.108404796410607 ], [ 105.854577706724001, 20.103360996412327 ], [ 105.855181406722821, 20.102325296412893 ], [ 105.839976506735042, 20.098764096406882 ], [ 105.838462806739912, 20.104480196404563 ], [ 105.83597480674797, 20.113932696400724 ], [ 105.837066106747258, 20.11447599640108 ], [ 105.837334406746763, 20.114043396401328 ], [ 105.838578806745915, 20.114606096401737 ], [ 105.838480806746318, 20.115149696401541 ], [ 105.840640106742569, 20.112288196403341 ], [ 105.848031406736609, 20.113986996406268 ] ] ] } },
{ "type": "Feature", "properties": { "id": "osm_way_628789947", "name_vi": "Khu công nghiệp Lễ Môn", "name_en": null, "aliases": null, "category": "industrial_park", "province_code": "38", "province_en": "Thanh Hoa", "former_province_code": "38", "status": "unknown", "area_ha": 89.481762200047868, "developer": null, "website": null, "geometry_type": "polygon", "location_accuracy": "site", "part_count": 1, "osm_ids": "osm_way_628789947", "source": "OpenStreetMap", "source_url": "https://www.openstreetmap.org/way/628789947", "verified_on": "2026-08-31", "attribute_source": "osm", "geometry_observed_on": "2026-08-31" }, "geometry": { "type": "Polygon", "coordinates": [ [ [ 105.809239006577499, 19.788611296480934 ], [ 105.809399606577273, 19.788475496481041 ], [ 105.809705206576666, 19.787978496481344 ], [ 105.810126206576115, 19.787724896481599 ], [ 105.810591506575619, 19.787600696481842 ], [ 105.811056806575138, 19.787567296482074 ], [ 105.812160906573297, 19.786239096482955 ], [ 105.812181306573194, 19.786060896483033 ], [ 105.812806706572232, 19.785470596483474 ], [ 105.815783006567258, 19.781877496485897 ], [ 105.821598806558484, 19.776403696490167 ], [ 105.819842906559103, 19.774707396489834 ], [ 105.818568006561037, 19.775898396488891 ], [ 105.817367806561407, 19.7746194964887 ], [ 105.805613306578877, 19.785192896480208 ], [ 105.809239006577499, 19.788611296480934 ] ] ] } },
{ "type": "Feature", "properties": { "id": "osm_way_628548211", "name_vi": "Khu công nghiệp Tây Bắc Ga", "name_en": null, "aliases": null, "category": "industrial_park", "province_code": "38", "province_en": "Thanh Hoa", "former_province_code": "38", "status": "unknown", "area_ha": 131.32105479673484, "developer": null, "website": null, "geometry_type": "polygon", "location_accuracy": "site", "part_count": 1, "osm_ids": "osm_way_628548211", "source": "OpenStreetMap", "source_url": "https://www.openstreetmap.org/way/628548211", "verified_on": "2026-08-31", "attribute_source": "osm", "geometry_observed_on": "2026-08-31" }, "geometry": { "type": "Polygon", "coordinates": [ [ [ 105.770510406636831, 19.82638859645219 ], [ 105.771156106636241, 19.826438596452476 ], [ 105.771323406636029, 19.826372696452569 ], [ 105.771380206635882, 19.82621359645265 ], [ 105.771383406635493, 19.825544796452849 ], [ 105.769373706637154, 19.82514819645202 ], [ 105.769318406636884, 19.824601596452151 ], [ 105.768668906637586, 19.824770296451813 ], [ 105.768137306638096, 19.824757296451558 ], [ 105.768136506637305, 19.823479796451927 ], [ 105.76809470663693, 19.82277989645209 ], [ 105.76781050663628, 19.82127789645239 ], [ 105.767634906636061, 19.820617296452493 ], [ 105.767451006635952, 19.820153296452553 ], [ 105.767116606636023, 19.81972859645251 ], [ 105.76657330663636, 19.81939829645237 ], [ 105.765887806636897, 19.819248896452091 ], [ 105.765118706637608, 19.819201696451749 ], [ 105.763655806639136, 19.819445496450985 ], [ 105.76310930663972, 19.819593996450685 ], [ 105.763073606639693, 19.81946229645072 ], [ 105.762412006640361, 19.819532796450392 ], [ 105.76141610664132, 19.819537696449927 ], [ 105.761325806641821, 19.820251696449681 ], [ 105.761293906642123, 19.820699196449542 ], [ 105.761182706642401, 19.820982896449408 ], [ 105.761012606642751, 19.821306196449235 ], [ 105.760795106643045, 19.82145879644909 ], [ 105.759687106644407, 19.821974796448426 ], [ 105.76044140664429, 19.822965196448504 ], [ 105.761055506644624, 19.824495796448353 ], [ 105.761151706647055, 19.828683796447208 ], [ 105.761205306648776, 19.831623496446387 ], [ 105.761518806648496, 19.831654896446526 ], [ 105.76227640664807, 19.832134796446738 ], [ 105.762792606647579, 19.832150496446967 ], [ 105.763555706646869, 19.832177296447313 ], [ 105.763561806647274, 19.832826496447129 ], [ 105.763653706647318, 19.833061896447116 ], [ 105.766795506644442, 19.833223096448517 ], [ 105.767936606643389, 19.833276196449038 ], [ 105.768834106642572, 19.833320396449437 ], [ 105.769798906641682, 19.833365296449884 ], [ 105.770524406639396, 19.830703896450974 ], [ 105.77093080663856, 19.829933696451377 ], [ 105.771053806638236, 19.829579096451539 ], [ 105.771009006638081, 19.829252996451608 ], [ 105.770846106638032, 19.828906596451635 ], [ 105.77059880663812, 19.828675596451586 ], [ 105.770340706638237, 19.828495096451515 ], [ 105.77012020663831, 19.828258996451474 ], [ 105.77000340663831, 19.828071396451485 ], [ 105.769983106638222, 19.827873596451528 ], [ 105.769973606637691, 19.82699959645176 ], [ 105.770259506637117, 19.826495296452052 ], [ 105.770510406636831, 19.82638859645219 ] ] ] } },
{ "type": "Feature", "properties": { "id": "osm_way_1183836665", "name_vi": "Khu CN VSIP Nghệ An", "name_en": "VSIP Nghe An Industrial Park", "aliases": "VSIP Nghe An Industrial Park", "category": "industrial_park", "province_code": "40", "province_en": "Nghe An", "former_province_code": "40", "status": "unknown", "area_ha": 594.54634625894948, "developer": null, "website": null, "geometry_type": "polygon", "location_accuracy": "site", "part_count": 4, "osm_ids": "osm_way_1183836665|osm_way_1183836666|osm_way_1183836667|osm_way_1183836675", "source": "OpenStreetMap", "source_url": "https://www.openstreetmap.org/way/1183836665", "verified_on": "2026-08-31", "attribute_source": "osm", "geometry_observed_on": "2026-08-31" }, "geometry": { "type": "MultiPolygon", "coordinates": [ [ [ [ 105.637989206082565, 18.687825396716402 ], [ 105.638826706081758, 18.6878253967168 ], [ 105.639562606081142, 18.687933196717111 ], [ 105.640473206080415, 18.688164296717474 ], [ 105.640692806080253, 18.688248996717558 ], [ 105.641635906078264, 18.686396596718541 ], [ 105.6424328060763, 18.684359396719508 ], [ 105.642318906076326, 18.684189896719495 ], [ 105.64102450607615, 18.681854196719556 ], [ 105.640809906076115, 18.681447596719568 ], [ 105.640606106075211, 18.679613096720015 ], [ 105.639919406071485, 18.672222496721812 ], [ 105.639880506071435, 18.672064896721828 ], [ 105.639780006071447, 18.671927696721841 ], [ 105.639644106071543, 18.671890596721781 ], [ 105.637928506072953, 18.671505496721078 ], [ 105.638209006071776, 18.669964896721662 ], [ 105.637912306072096, 18.670055296721483 ], [ 105.635944506074352, 18.670722596720363 ], [ 105.63605060607442, 18.670994196720333 ], [ 105.636075406074568, 18.67127249672026 ], [ 105.636068306074762, 18.671584296720173 ], [ 105.63600820607499, 18.671862596720061 ], [ 105.634822506078052, 18.675171896718538 ], [ 105.634461506079134, 18.676422496718011 ], [ 105.634274006079679, 18.677019296717759 ], [ 105.634220906080031, 18.677515496717579 ], [ 105.634266906080256, 18.678015096717456 ], [ 105.634422606081117, 18.679721596717044 ], [ 105.63422090608131, 18.679711596716952 ], [ 105.634111206081627, 18.680019996716812 ], [ 105.633948406081728, 18.679983196716744 ], [ 105.633966106081672, 18.679902696716784 ], [ 105.633534306081984, 18.679771896716613 ], [ 105.63358380608183, 18.679567396716688 ], [ 105.632766306082473, 18.679346096716372 ], [ 105.632292006083645, 18.680549796715798 ], [ 105.632274306083858, 18.680905196715685 ], [ 105.632430006084277, 18.681860696715486 ], [ 105.632288506084478, 18.681947896715396 ], [ 105.632001806084801, 18.682045096715221 ], [ 105.631708006085063, 18.682028296715089 ], [ 105.631424906085286, 18.681941196714984 ], [ 105.63125150608532, 18.681706496714966 ], [ 105.630876306085653, 18.681703096714802 ], [ 105.631124106084727, 18.680549796715241 ], [ 105.631861606083703, 18.679965096715769 ], [ 105.632476006082641, 18.679124796716298 ], [ 105.632851206081796, 18.6783234967167 ], [ 105.633205106080823, 18.67724729671718 ], [ 105.633778506079565, 18.676046996717798 ], [ 105.631867306081276, 18.675871196716944 ], [ 105.630520906082353, 18.675560296716391 ], [ 105.630450006082313, 18.675423096716404 ], [ 105.629605506083095, 18.675341796716019 ], [ 105.62955270608326, 18.675565096715935 ], [ 105.628755806083959, 18.67547659671559 ], [ 105.628150506085959, 18.677859096714599 ], [ 105.627554106086407, 18.677676996714375 ], [ 105.626267306090853, 18.683108296712202 ], [ 105.62759770608973, 18.683342096712767 ], [ 105.627184606091092, 18.684993696712095 ], [ 105.627002206091746, 18.68577109671179 ], [ 105.627023706091762, 18.685862596711768 ], [ 105.627597706091322, 18.686020096711999 ], [ 105.627329606092673, 18.68790519671132 ], [ 105.627732006092316, 18.687937096711501 ], [ 105.631874806088391, 18.68789089671348 ], [ 105.637163906083359, 18.687848496716001 ], [ 105.637989206082565, 18.687825396716402 ] ] ], [ [ [ 105.619398906100372, 18.688210996707483 ], [ 105.624297706095717, 18.688184396709808 ], [ 105.624891406093312, 18.68505819671099 ], [ 105.625999406089605, 18.680591396712799 ], [ 105.627764106083944, 18.673862296715583 ], [ 105.625564706085896, 18.673633596714591 ], [ 105.625720306085171, 18.672683296714947 ], [ 105.62437380608651, 18.672774696714292 ], [ 105.623842706087018, 18.67280519671403 ], [ 105.623317006088797, 18.674924396713163 ], [ 105.622115406089918, 18.674893896712611 ], [ 105.621487706088843, 18.672078496713123 ], [ 105.618837706091611, 18.672556196711732 ], [ 105.618709006091777, 18.67264259671164 ], [ 105.618628506091937, 18.672764596711566 ], [ 105.618601706092093, 18.67298819671149 ], [ 105.618612406096673, 18.680707596709276 ], [ 105.618644606099465, 18.68547429670792 ], [ 105.618692906100023, 18.686490596707639 ], [ 105.61880550610033, 18.687227496707486 ], [ 105.618857206100515, 18.687582796707403 ], [ 105.618903906100627, 18.687834996707352 ], [ 105.618992606100633, 18.68804289670733 ], [ 105.619165406100564, 18.688171196707369 ], [ 105.619398906100372, 18.688210996707483 ] ] ], [ [ [ 105.61934670610151, 18.690063596706921 ], [ 105.61969220610186, 18.691187296706762 ], [ 105.62102320610235, 18.694146696706532 ], [ 105.622045906102571, 18.696154996706433 ], [ 105.622372806102661, 18.696827396706396 ], [ 105.622494206102331, 18.696469096706561 ], [ 105.623348906099523, 18.693084996707945 ], [ 105.623848506097843, 18.691054596708771 ], [ 105.624194106096141, 18.688732096709597 ], [ 105.624170806096132, 18.688674596709603 ], [ 105.62411940609617, 18.688647996709591 ], [ 105.619636406100426, 18.688681096707459 ], [ 105.619435406100621, 18.688696696707364 ], [ 105.619271906100806, 18.688732096707266 ], [ 105.619169206100963, 18.688851496707176 ], [ 105.619113206101119, 18.689028496707106 ], [ 105.61934670610151, 18.690063596706921 ] ] ], [ [ [ 105.636525806091328, 18.700269796712107 ], [ 105.637123506089821, 18.698648496712867 ], [ 105.637574706088387, 18.69697729671357 ], [ 105.638725306085675, 18.694235396714898 ], [ 105.640363706081658, 18.690060896716876 ], [ 105.640748706080757, 18.68915279671732 ], [ 105.639842706081396, 18.688807696716999 ], [ 105.639025506082064, 18.688630796716659 ], [ 105.638212906082785, 18.688577696716276 ], [ 105.637148106083828, 18.688577696715782 ], [ 105.626832506093606, 18.688632096710869 ], [ 105.62618330609574, 18.691237696709823 ], [ 105.625977806096969, 18.692954096709226 ], [ 105.625865806097181, 18.693157596709117 ], [ 105.625394106097659, 18.693197396708872 ], [ 105.624950406099273, 18.69520569670809 ], [ 105.62455350610071, 18.696970696707396 ], [ 105.624273306100903, 18.696895496707278 ], [ 105.624137906101097, 18.697006096707181 ], [ 105.623965106101252, 18.696957396707109 ], [ 105.623904406101332, 18.697019396707066 ], [ 105.623736206101484, 18.697010496706991 ], [ 105.62362420610178, 18.697320196706841 ], [ 105.623203906102148, 18.697275896706664 ], [ 105.62329730610243, 18.697877496706543 ], [ 105.623035706102726, 18.697961596706385 ], [ 105.625282006103419, 18.702760996706065 ], [ 105.625426806103405, 18.702955596706069 ], [ 105.625585606103343, 18.703092796706116 ], [ 105.625926506103099, 18.703216596706248 ], [ 105.631905206098182, 18.704465896708722 ], [ 105.632423806096654, 18.702688096709476 ], [ 105.635119006094541, 18.703441096710524 ], [ 105.635533906093556, 18.702449296711023 ], [ 105.636525806091328, 18.700269796712107 ] ] ] ] } },
{ "type": "Feature", "properties": { "id": "osm_way_1183634222", "name_vi": "Khu công nghiệp Bắc Vinh", "name_en": null, "aliases": null, "category": "industrial_park", "province_code": "40", "province_en": "Nghe An", "former_province_code": "40", "status": "unknown", "area_ha": 53.602782026113672, "developer": null, "website": null, "geometry_type": "polygon", "location_accuracy": "site", "part_count": 1, "osm_ids": "osm_way_1183634222", "source": "OpenStreetMap", "source_url": "https://www.openstreetmap.org/way/1183634222", "verified_on": "2026-08-31", "attribute_source": "osm", "geometry_observed_on": "2026-08-31" }, "geometry": { "type": "Polygon", "coordinates": [ [ [ 105.653610906081497, 18.710920896717134 ], [ 105.657168106078615, 18.711712896718584 ], [ 105.658584906075745, 18.709176796719991 ], [ 105.656011106077514, 18.708027096719096 ], [ 105.656903906075769, 18.706500096719971 ], [ 105.655989006076382, 18.706073596719648 ], [ 105.657371406073452, 18.703345096721101 ], [ 105.653963806075808, 18.701902096719905 ], [ 105.64987610608452, 18.710083496715605 ], [ 105.653610906081497, 18.710920896717134 ] ] ] } },
{ "type": "Feature", "properties": { "id": "osm_way_631370043", "name_vi": "Khu công nghiệp Nam Cẩm", "name_en": null, "aliases": null, "category": "industrial_park", "province_code": "40", "province_en": "Nghe An", "former_province_code": "40", "status": "unknown", "area_ha": 252.17442287197807, "developer": null, "website": null, "geometry_type": "polygon", "location_accuracy": "site", "part_count": 3, "osm_ids": "osm_way_631370043|osm_way_695581806|osm_way_695581807", "source": "OpenStreetMap", "source_url": "https://www.openstreetmap.org/way/631370043", "verified_on": "2026-08-31", "attribute_source": "osm", "geometry_observed_on": "2026-08-31" }, "geometry": { "type": "MultiPolygon", "coordinates": [ [ [ [ 105.664894306141747, 18.830425296688016 ], [ 105.66574050614166, 18.83163389668805 ], [ 105.666555906141383, 18.83244929668821 ], [ 105.676817406128635, 18.827309196694536 ], [ 105.672602006127676, 18.819008896694939 ], [ 105.658709706144947, 18.825954996686367 ], [ 105.660909706146711, 18.832420196685558 ], [ 105.664894306141747, 18.830425296688016 ] ] ], [ [ [ 105.649548106153958, 18.826562396681872 ], [ 105.649413206156694, 18.830936396680542 ], [ 105.650465106155792, 18.831081096681 ], [ 105.650439906156535, 18.832324896680635 ], [ 105.649395606157512, 18.832279396680157 ], [ 105.649338306158199, 18.833350796679817 ], [ 105.651309406156415, 18.833483096680713 ], [ 105.651244306156954, 18.834267596680451 ], [ 105.650621706157523, 18.83424359668016 ], [ 105.650578406157777, 18.834625696680025 ], [ 105.649268006159005, 18.834569996679424 ], [ 105.649222006159491, 18.835366596679172 ], [ 105.650665906158281, 18.835592596679799 ], [ 105.6514661061574, 18.835392096680238 ], [ 105.652083506150689, 18.825073196683494 ], [ 105.649880706152715, 18.824996596682482 ], [ 105.648586006154247, 18.825498696681723 ], [ 105.648568106154841, 18.826494296681417 ], [ 105.649548106153958, 18.826562396681872 ] ] ], [ [ [ 105.652667906157248, 18.837046296680324 ], [ 105.654259306155794, 18.837114396681049 ], [ 105.655410206154357, 18.836552796681765 ], [ 105.656830706152263, 18.8353018966828 ], [ 105.657873706150838, 18.83453599668351 ], [ 105.658664906149951, 18.834306296683948 ], [ 105.659339206148516, 18.832961696684649 ], [ 105.659394406146859, 18.830262096685455 ], [ 105.659402106146601, 18.829872696685563 ], [ 105.65900810614626, 18.828651396685739 ], [ 105.658940306146192, 18.82844129668576 ], [ 105.65866020614591, 18.827512196685895 ], [ 105.655145906149144, 18.827348596684288 ], [ 105.652884806151206, 18.827237596683247 ], [ 105.652648306154006, 18.831553696681894 ], [ 105.652389206156784, 18.835837996680535 ], [ 105.652703906156518, 18.835854996680684 ], [ 105.652667906157248, 18.837046296680324 ] ] ] ] } },
{ "type": "Feature", "properties": { "id": "osm_way_1332615755", "name_vi": "Cụm công nghiệp Đức Thọ", "name_en": null, "aliases": null, "category": "industrial_cluster", "province_code": "42", "province_en": "Ha Tinh", "former_province_code": "42", "status": "unknown", "area_ha": 18.425375415717728, "developer": null, "website": null, "geometry_type": "polygon", "location_accuracy": "site", "part_count": 1, "osm_ids": "osm_way_1332615755", "source": "OpenStreetMap", "source_url": "https://www.openstreetmap.org/way/1332615755", "verified_on": "2026-08-31", "attribute_source": "osm", "geometry_observed_on": "2026-08-31" }, "geometry": { "type": "Polygon", "coordinates": [ [ [ 105.577271006037876, 18.515508796737326 ], [ 105.580695406035773, 18.5174168967384 ], [ 105.583272506031548, 18.514381796740508 ], [ 105.579200906034259, 18.512440196739135 ], [ 105.577271006037876, 18.515508796737326 ] ] ] } },
{ "type": "Feature", "properties": { "id": "osm_way_693909458", "name_vi": "Khu công nghiệp Bắc Đồng Hới", "name_en": "Dong Hoi North Industrial Park", "aliases": "Khu công nghiệp Bắc Đồng Hới mở rộng|Dong Hoi North Industrial Park", "category": "industrial_park", "province_code": "44", "province_en": "Quang Tri", "former_province_code": "44", "status": "unknown", "area_ha": 139.86058548692091, "developer": null, "website": null, "geometry_type": "polygon", "location_accuracy": "site", "part_count": 2, "osm_ids": "osm_way_1177192470|osm_way_693909458", "source": "OpenStreetMap", "source_url": "https://www.openstreetmap.org/way/693909458", "verified_on": "2026-08-31", "attribute_source": "osm", "geometry_observed_on": "2026-08-31" }, "geometry": { "type": "MultiPolygon", "coordinates": [ [ [ [ 106.56772120450114, 17.49237579751885 ], [ 106.56907900449994, 17.492492497519475 ], [ 106.570166304498855, 17.492403597520052 ], [ 106.572666504496112, 17.491770097521457 ], [ 106.571865204493648, 17.486234297522735 ], [ 106.567179204498444, 17.486916597520224 ], [ 106.566494604499326, 17.487311197519762 ], [ 106.564538304503344, 17.491007297517683 ], [ 106.566370704502049, 17.491759597518364 ], [ 106.56772120450114, 17.49237579751885 ] ] ], [ [ [ 106.557548704508477, 17.488520297514995 ], [ 106.557009304509833, 17.489960997514292 ], [ 106.554599704511688, 17.489257797513304 ], [ 106.553592704514344, 17.492173397511941 ], [ 106.557225104511701, 17.493493897513325 ], [ 106.556236104514127, 17.496032197512072 ], [ 106.560947304510691, 17.49779859751386 ], [ 106.562851804506536, 17.493730997516046 ], [ 106.563453304505217, 17.49244619751671 ], [ 106.565957004499722, 17.487098497519565 ], [ 106.560479604503428, 17.484647597517604 ], [ 106.560160804503695, 17.484555397517472 ], [ 106.559214104504591, 17.484555397517006 ], [ 106.559474904506587, 17.488397597515977 ], [ 106.55924910450716, 17.488999197515682 ], [ 106.557548704508477, 17.488520297514995 ] ] ] ] } },
{ "type": "Feature", "properties": { "id": "osm_way_631311066", "name_vi": "Khu công nghiệp Cảng biển Hòn La", "name_en": null, "aliases": null, "category": "industrial_park", "province_code": "44", "province_en": "Quang Tri", "former_province_code": "44", "status": "unknown", "area_ha": 60.360178159343064, "developer": null, "website": null, "geometry_type": "polygon", "location_accuracy": "site", "part_count": 1, "osm_ids": "osm_way_631311066", "source": "OpenStreetMap", "source_url": "https://www.openstreetmap.org/way/631311066", "verified_on": "2026-08-31", "attribute_source": "osm", "geometry_observed_on": "2026-08-31" }, "geometry": { "type": "Polygon", "coordinates": [ [ [ 106.485783904835444, 17.931081497346842 ], [ 106.485612204840308, 17.93910459734434 ], [ 106.485980004839931, 17.939061697344538 ], [ 106.491511504833625, 17.937194097347795 ], [ 106.491971704833063, 17.93698769734808 ], [ 106.49230190483263, 17.936749197348327 ], [ 106.492586404832153, 17.936441097348538 ], [ 106.492821804831749, 17.936098797348762 ], [ 106.493408904830474, 17.934860797349415 ], [ 106.493613304830035, 17.934457597349649 ], [ 106.493949004829474, 17.934051397349933 ], [ 106.495377604827354, 17.932737097351026 ], [ 106.495439804826944, 17.93211249735123 ], [ 106.485783904835444, 17.931081497346842 ] ] ] } },
{ "type": "Feature", "properties": { "id": "osm_way_626442151", "name_vi": "Khu công nghiệp Nam Đông Hà", "name_en": null, "aliases": null, "category": "industrial_park", "province_code": "44", "province_en": "Quang Tri", "former_province_code": "45", "status": "unknown", "area_ha": 97.196874067107132, "developer": null, "website": null, "geometry_type": "polygon", "location_accuracy": "site", "part_count": 1, "osm_ids": "osm_way_626442151", "source": "OpenStreetMap", "source_url": "https://www.openstreetmap.org/way/626442151", "verified_on": "2026-08-31", "attribute_source": "osm", "geometry_observed_on": "2026-08-31" }, "geometry": { "type": "Polygon", "coordinates": [ [ [ 107.11767080357879, 16.797180598004772 ], [ 107.118368803578278, 16.797434398005048 ], [ 107.119022703577727, 16.797544398005343 ], [ 107.12139080357565, 16.797789698006465 ], [ 107.122332603572985, 16.794713698007886 ], [ 107.123675903571879, 16.794973198008481 ], [ 107.124735803569024, 16.791787598009989 ], [ 107.124575603569028, 16.791516298009999 ], [ 107.121851903571155, 16.790761098008854 ], [ 107.121124803571647, 16.790442598008596 ], [ 107.114975003575395, 16.786938298006579 ], [ 107.111197803582527, 16.793130798002768 ], [ 107.111256003582625, 16.793392198002717 ], [ 107.11767080357879, 16.797180598004772 ] ] ] } },
{ "type": "Feature", "properties": { "id": "osm_way_693909486", "name_vi": "Khu công nghiệp Tây Bắc Đồng Hới", "name_en": "Northwest Dong Hoi Industrial Park", "aliases": "Northwest Dong Hoi Industrial Park", "category": "industrial_park", "province_code": "44", "province_en": "Quang Tri", "former_province_code": "44", "status": "unknown", "area_ha": 54.760361577800431, "developer": null, "website": null, "geometry_type": "polygon", "location_accuracy": "site", "part_count": 1, "osm_ids": "osm_way_693909486", "source": "OpenStreetMap", "source_url": "https://www.openstreetmap.org/way/693909486", "verified_on": "2026-08-31", "attribute_source": "osm", "geometry_observed_on": "2026-08-31" }, "geometry": { "type": "Polygon", "coordinates": [ [ [ 106.581166504482965, 17.482976097528301 ], [ 106.580751704483646, 17.483491297527934 ], [ 106.579748904484219, 17.48281489752766 ], [ 106.578911204485479, 17.483602997527012 ], [ 106.578123804486651, 17.484343597526394 ], [ 106.577662004487337, 17.484778097526029 ], [ 106.577285404487938, 17.485203997525723 ], [ 106.577260204487985, 17.48523249752569 ], [ 106.577077604488267, 17.485449497525543 ], [ 106.576999504488327, 17.485416297525514 ], [ 106.576940104488386, 17.485391097525497 ], [ 106.576794704488464, 17.485352597525434 ], [ 106.576431404488687, 17.485116597525316 ], [ 106.576275804488816, 17.48506009752526 ], [ 106.57606740448901, 17.485072697525151 ], [ 106.575378404489769, 17.485263797524752 ], [ 106.574356004490795, 17.485398297524213 ], [ 106.574409704491075, 17.485929797524093 ], [ 106.57446110449122, 17.486300997524001 ], [ 106.574565504491346, 17.486661697523939 ], [ 106.574778104491344, 17.486993097523943 ], [ 106.575197604491237, 17.487491297524006 ], [ 106.575936304491037, 17.48834839752411 ], [ 106.576166004490958, 17.488572697524152 ], [ 106.576628104490723, 17.488917097524268 ], [ 106.576759104490662, 17.48900819752431 ], [ 106.577555804490245, 17.489608497524529 ], [ 106.578854204489602, 17.49057619752487 ], [ 106.579604204489215, 17.491135097525071 ], [ 106.579706804489149, 17.491200397525105 ], [ 106.57986020448908, 17.491297897525151 ], [ 106.580167304488867, 17.491419897525262 ], [ 106.580568304488537, 17.491558297525415 ], [ 106.580986304488178, 17.491566397525627 ], [ 106.584132804485151, 17.491484997527188 ], [ 106.583990404484581, 17.490265497527492 ], [ 106.583736804484801, 17.490259697527378 ], [ 106.583021904485406, 17.490119597527062 ], [ 106.582245604485962, 17.489834797526765 ], [ 106.581547904486513, 17.489657497526469 ], [ 106.58127150448675, 17.489604197526347 ], [ 106.581146504486853, 17.489580097526307 ], [ 106.580882604487044, 17.489465897526202 ], [ 106.580695304487165, 17.489384897526151 ], [ 106.580123904487451, 17.488939697525989 ], [ 106.579571104487698, 17.488509097525856 ], [ 106.579401104487687, 17.488196097525854 ], [ 106.579511304487013, 17.487239697526189 ], [ 106.5796025044868, 17.48701779752632 ], [ 106.579984704485895, 17.486088297526781 ], [ 106.58077030448527, 17.486238497527122 ], [ 106.580727404485486, 17.486567297527003 ], [ 106.581671404484709, 17.486713197527418 ], [ 106.581654704484748, 17.486783197527412 ], [ 106.582204404484273, 17.486869697527641 ], [ 106.582153304484507, 17.487154897527539 ], [ 106.58287320448386, 17.487253697527859 ], [ 106.582784004484296, 17.487835197527634 ], [ 106.583050304484175, 17.4880557975277 ], [ 106.583452604483853, 17.48818589752786 ], [ 106.583827304483563, 17.48827899752802 ], [ 106.583902204483337, 17.487987597528143 ], [ 106.583938204483204, 17.487847697528192 ], [ 106.584740204481633, 17.486456297529013 ], [ 106.584723104481554, 17.486244697529081 ], [ 106.583963804481499, 17.484934597529097 ], [ 106.583090704481918, 17.484285197528852 ], [ 106.581337704482891, 17.483092597528358 ], [ 106.581166504482965, 17.482976097528301 ] ] ] } },
{ "type": "Feature", "properties": { "id": "osm_way_1219978043", "name_vi": "Khu Công Nghiệp Tây Bắc Quán Hàu", "name_en": "Quan Hau Industrial park", "aliases": "Quan Hau Industrial park", "category": "industrial_park", "province_code": "44", "province_en": "Quang Tri", "former_province_code": "44", "status": "unknown", "area_ha": 141.03196944991313, "developer": null, "website": null, "geometry_type": "polygon", "location_accuracy": "site", "part_count": 2, "osm_ids": "osm_way_1219978043|osm_way_1219978044", "source": "OpenStreetMap", "source_url": "https://www.openstreetmap.org/way/1219978043", "verified_on": "2026-08-31", "attribute_source": "osm", "geometry_observed_on": "2026-08-31" }, "geometry": { "type": "MultiPolygon", "coordinates": [ [ [ [ 106.628522904392739, 17.404893797575273 ], [ 106.628075804394328, 17.406873197574448 ], [ 106.632591304390644, 17.407885597576378 ], [ 106.634610404389079, 17.408456897577196 ], [ 106.635251604387093, 17.406049997578243 ], [ 106.628522904392739, 17.404893797575273 ] ] ], [ [ [ 106.627923304394457, 17.406836997574384 ], [ 106.609147904409525, 17.402390897566445 ], [ 106.607888404413885, 17.407806397564194 ], [ 106.626639204398685, 17.412018097572183 ], [ 106.62767560439525, 17.407836597573965 ], [ 106.627923304394457, 17.406836997574384 ] ] ] ] } },
{ "type": "Feature", "properties": { "id": "osm_way_1434553935", "name_vi": "Khu công nghiệp Phong Điền", "name_en": "Phong Dien Industrial Park", "aliases": "Phong Dien Industrial Park", "category": "industrial_park", "province_code": "46", "province_en": "Hue", "former_province_code": "46", "status": "unknown", "area_ha": 663.18094830931136, "developer": null, "website": null, "geometry_type": "polygon", "location_accuracy": "site", "part_count": 1, "osm_ids": "osm_way_1434553935", "source": "OpenStreetMap", "source_url": "https://www.openstreetmap.org/way/1434553935", "verified_on": "2026-08-31", "attribute_source": "osm", "geometry_observed_on": "2026-08-31" }, "geometry": { "type": "Polygon", "coordinates": [ [ [ 107.387890203211427, 16.601151698201924 ], [ 107.394521203204803, 16.600440298205513 ], [ 107.394916903204191, 16.60005069820583 ], [ 107.394494103202689, 16.596725998206651 ], [ 107.393800203201735, 16.593946798207163 ], [ 107.393512903201994, 16.593925998207013 ], [ 107.393111803202274, 16.593790998206853 ], [ 107.392829903202411, 16.593577998206776 ], [ 107.392849503201916, 16.592786398207032 ], [ 107.393386203201175, 16.592344498207449 ], [ 107.3918401031992, 16.586429798208506 ], [ 107.389008403196158, 16.57656399821013 ], [ 107.388016403194953, 16.57285969821077 ], [ 107.387431003195331, 16.572558298210577 ], [ 107.38077870320376, 16.576356898206022 ], [ 107.377033003208737, 16.578855798203342 ], [ 107.376740303210354, 16.581214498202471 ], [ 107.372609803215965, 16.584180898199453 ], [ 107.370880403217555, 16.584121198198584 ], [ 107.369450603226539, 16.597317298193765 ], [ 107.372461103223898, 16.597662798195188 ], [ 107.370935603227082, 16.600697098193475 ], [ 107.369136103229721, 16.602317198192051 ], [ 107.373787703227848, 16.606637098193076 ], [ 107.373962303227756, 16.606741098193126 ], [ 107.374231303227461, 16.60668679819328 ], [ 107.387890203211427, 16.601151698201924 ] ] ] } },
{ "type": "Feature", "properties": { "id": "osm_way_626402291", "name_vi": "Khu công nghiệp Phú Bài", "name_en": null, "aliases": null, "category": "industrial_park", "province_code": "46", "province_en": "Hue", "former_province_code": "46", "status": "unknown", "area_ha": 194.08331985242853, "developer": null, "website": null, "geometry_type": "polygon", "location_accuracy": "site", "part_count": 1, "osm_ids": "osm_way_626402291", "source": "OpenStreetMap", "source_url": "https://www.openstreetmap.org/way/626402291", "verified_on": "2026-08-31", "attribute_source": "osm", "geometry_observed_on": "2026-08-31" }, "geometry": { "type": "Polygon", "coordinates": [ [ [ 107.691826302808082, 16.396442498420495 ], [ 107.702244902793637, 16.388322398428361 ], [ 107.702214102792496, 16.386318298428979 ], [ 107.701259002793364, 16.386288698428505 ], [ 107.701193902789953, 16.380252098430354 ], [ 107.699286002791709, 16.380186098429412 ], [ 107.698323402792639, 16.380219098428899 ], [ 107.697524102793466, 16.38039229842844 ], [ 107.689844102801857, 16.382452398423869 ], [ 107.688272702803602, 16.382900598422925 ], [ 107.687395002804706, 16.383416698422316 ], [ 107.686871202805591, 16.384082198421837 ], [ 107.686531402806366, 16.384842798421435 ], [ 107.686092502807867, 16.386771398420603 ], [ 107.690014002806748, 16.39117179842123 ], [ 107.688201902809212, 16.392529998419874 ], [ 107.691826302808082, 16.396442498420495 ] ] ] } },
{ "type": "Feature", "properties": { "id": "osm_relation_17576915", "name_vi": "Khu Công nghệ Cao - Cảng Sông Hàn", "name_en": null, "aliases": null, "category": "hi_tech_park", "province_code": "48", "province_en": "Da Nang", "former_province_code": "48", "status": "unknown", "area_ha": null, "developer": "Công ty Cổ phần Xe khách Phương Trang - FUTA Bus Lines", "website": null, "geometry_type": "point", "location_accuracy": "locality", "part_count": 1, "osm_ids": "osm_relation_17576915", "source": "OpenStreetMap", "source_url": "https://www.openstreetmap.org/relation/17576915", "verified_on": "2026-08-31", "attribute_source": "osm", "geometry_observed_on": "2026-08-31" }, "geometry": { "type": "Point", "coordinates": [ 108.1482115, 16.07761135 ] } },
{ "type": "Feature", "properties": { "id": "osm_way_583371364", "name_vi": "Khu công nghệ cao Đà Nẵng", "name_en": "Da Nang Hi-tech Park", "aliases": "Da Nang Hi-tech Park", "category": "hi_tech_park", "province_code": "48", "province_en": "Da Nang", "former_province_code": "48", "status": "unknown", "area_ha": 547.38586871975315, "developer": null, "website": null, "geometry_type": "polygon", "location_accuracy": "site", "part_count": 1, "osm_ids": "osm_way_583371364", "source": "OpenStreetMap", "source_url": "https://www.openstreetmap.org/way/583371364", "verified_on": "2026-08-31", "attribute_source": "osm", "geometry_observed_on": "2026-08-31" }, "geometry": { "type": "Polygon", "coordinates": [ [ [ 108.089045402264091, 16.097629398718666 ], [ 108.088306402263996, 16.096264298718705 ], [ 108.087073602263885, 16.094004798718792 ], [ 108.08657380226424, 16.093829898718582 ], [ 108.086208402264532, 16.093768898718416 ], [ 108.086181002264254, 16.093238798718581 ], [ 108.086405202263975, 16.093121998718726 ], [ 108.086542402263774, 16.092996498718836 ], [ 108.086636002263603, 16.092855098718925 ], [ 108.084536802263301, 16.088899598719095 ], [ 108.084297402262948, 16.087894698719293 ], [ 108.084240102262626, 16.087222898719478 ], [ 108.084343402259876, 16.082630698720994 ], [ 108.084405602259196, 16.081574498721363 ], [ 108.084430502258627, 16.08059169872169 ], [ 108.084657802257937, 16.079755098722053 ], [ 108.085057302257084, 16.07892279872252 ], [ 108.086466002254539, 16.076799398723931 ], [ 108.079373102259794, 16.074394598721032 ], [ 108.078854702260188, 16.074249098720809 ], [ 108.07744040226163, 16.07443479872002 ], [ 108.076442602262588, 16.074500498719491 ], [ 108.076489702262691, 16.074744698719439 ], [ 108.073710802265339, 16.074822598717969 ], [ 108.071288502267578, 16.074785898716733 ], [ 108.071211202268032, 16.075472498716479 ], [ 108.068372802270758, 16.075568698714982 ], [ 108.067258402271818, 16.075625898714389 ], [ 108.066762202272372, 16.075790898714086 ], [ 108.066303402272979, 16.076074698713757 ], [ 108.066042302273416, 16.076389198713517 ], [ 108.065871802273719, 16.076639898713346 ], [ 108.06575320227401, 16.076955298713187 ], [ 108.065575602274507, 16.077550298712904 ], [ 108.065131702274954, 16.077579998712675 ], [ 108.064464302275624, 16.077670598712313 ], [ 108.063992002276152, 16.077825498712002 ], [ 108.063672802276542, 16.077982798711794 ], [ 108.063467802276818, 16.078143698711632 ], [ 108.06333110227709, 16.078368398711493 ], [ 108.064937402276072, 16.079219798712057 ], [ 108.063520402278954, 16.081934898710461 ], [ 108.062413402281294, 16.084206498709172 ], [ 108.061146402283526, 16.086036298707931 ], [ 108.061747202283115, 16.08629599870817 ], [ 108.061838202283354, 16.08684269870804 ], [ 108.062278202282783, 16.08661669870834 ], [ 108.063150602282164, 16.086922898708689 ], [ 108.063537602281926, 16.087097798708839 ], [ 108.063833402281787, 16.087403998708897 ], [ 108.064311402281206, 16.087148898709216 ], [ 108.064641402281026, 16.087352098709317 ], [ 108.065498202280196, 16.087292498709797 ], [ 108.065550802280171, 16.087332998709794 ], [ 108.065889302279857, 16.087360298709964 ], [ 108.066165302279686, 16.087539798710047 ], [ 108.066473702279396, 16.087494998710223 ], [ 108.067316902278847, 16.087929498710523 ], [ 108.067918602278525, 16.088342198710688 ], [ 108.068605902278136, 16.088797398710906 ], [ 108.069149702277883, 16.089231898711059 ], [ 108.070071702277488, 16.090029198711278 ], [ 108.070739502277277, 16.090743098711389 ], [ 108.070964102277188, 16.090959098711441 ], [ 108.070146402278539, 16.091979298710704 ], [ 108.069491402279937, 16.093335798709923 ], [ 108.068210602282988, 16.096580098708241 ], [ 108.06812750228336, 16.097085998708025 ], [ 108.068079602283575, 16.097377198707925 ], [ 108.068283402283754, 16.098034498707818 ], [ 108.068967402283434, 16.098551898707999 ], [ 108.06986980228271, 16.098789598708404 ], [ 108.073261102279474, 16.098691698710173 ], [ 108.081164302272384, 16.099223098714091 ], [ 108.084482802269264, 16.099181198715826 ], [ 108.087102702266733, 16.099041298717207 ], [ 108.088488702265309, 16.098822398717992 ], [ 108.088902102264768, 16.098564098718303 ], [ 108.089106002264316, 16.098086798718551 ], [ 108.089045402264091, 16.097629398718666 ] ] ] } },
{ "type": "Feature", "properties": { "id": "osm_way_1448102552", "name_vi": "Cụm công nghiệp Hà Lam - Chợ Được", "name_en": null, "aliases": null, "category": "industrial_cluster", "province_code": "48", "province_en": "Da Nang", "former_province_code": "49", "status": "unknown", "area_ha": 74.688400005495495, "developer": null, "website": null, "geometry_type": "polygon", "location_accuracy": "site", "part_count": 1, "osm_ids": "osm_way_1448102552", "source": "OpenStreetMap", "source_url": "https://www.openstreetmap.org/way/1448102552", "verified_on": "2026-08-31", "attribute_source": "osm", "geometry_observed_on": "2026-08-31" }, "geometry": { "type": "Polygon", "coordinates": [ [ [ 108.382919501785466, 15.741868698984213 ], [ 108.378741101792855, 15.747960098980096 ], [ 108.379455601792344, 15.748232198980386 ], [ 108.379884701792037, 15.748386198980548 ], [ 108.380177701791851, 15.748520598980663 ], [ 108.380586401791589, 15.748756698980797 ], [ 108.383100201790114, 15.750317198981605 ], [ 108.383202401790101, 15.750408998981632 ], [ 108.383311401790053, 15.750533498981644 ], [ 108.384694301790148, 15.752926698981607 ], [ 108.389333501784634, 15.750854798984681 ], [ 108.387607601783856, 15.746734898985103 ], [ 108.388829401782061, 15.745532498986112 ], [ 108.382919501785466, 15.741868698984213 ] ] ] } },
{ "type": "Feature", "properties": { "id": "osm_way_531448670", "name_vi": "Cụm Công nghiệp Thương Tín", "name_en": null, "aliases": null, "category": "industrial_cluster", "province_code": "48", "province_en": "Da Nang", "former_province_code": "49", "status": "unknown", "area_ha": 31.417389037969116, "developer": null, "website": null, "geometry_type": "polygon", "location_accuracy": "site", "part_count": 1, "osm_ids": "osm_way_531448670", "source": "OpenStreetMap", "source_url": "https://www.openstreetmap.org/way/531448670", "verified_on": "2026-08-31", "attribute_source": "osm", "geometry_observed_on": "2026-08-31" }, "geometry": { "type": "Polygon", "coordinates": [ [ [ 108.2908738019634, 15.902410298885149 ], [ 108.290095901964278, 15.902693998884656 ], [ 108.290433901964576, 15.903751598884481 ], [ 108.29078790196489, 15.904876298884309 ], [ 108.292767401962664, 15.904195298885563 ], [ 108.293454001963141, 15.906145398885293 ], [ 108.294859501963927, 15.909823798884847 ], [ 108.295025801963931, 15.910076598884855 ], [ 108.296721001961899, 15.909302698885984 ], [ 108.297981601960458, 15.908864198886778 ], [ 108.297536401960514, 15.908245098886747 ], [ 108.293733001960177, 15.90141969888694 ], [ 108.29102930196315, 15.902219398885283 ], [ 108.290900601963301, 15.902281298885205 ], [ 108.2908738019634, 15.902410298885149 ] ] ] } },
{ "type": "Feature", "properties": { "id": "osm_way_118609254", "name_vi": "Danang Industrial Park", "name_en": null, "aliases": null, "category": "industrial_park", "province_code": "48", "province_en": "Da Nang", "former_province_code": "48", "status": "unknown", "area_ha": 13.298268273313532, "developer": null, "website": "https://directorsdirectory.com/da-nang-industrial-park/", "geometry_type": "polygon", "location_accuracy": "site", "part_count": 2, "osm_ids": "osm_node_6158589798|osm_way_118609254", "source": "OpenStreetMap", "source_url": "https://www.openstreetmap.org/way/118609254", "verified_on": "2026-08-31", "attribute_source": "osm", "geometry_observed_on": "2026-08-31" }, "geometry": { "type": "Polygon", "coordinates": [ [ [ 108.238781902114454, 16.080765098801393 ], [ 108.237047802113466, 16.07623289880193 ], [ 108.236991002113513, 16.076210198801903 ], [ 108.236912702113585, 16.076213198801877 ], [ 108.234034302116768, 16.077073898800112 ], [ 108.234024902116843, 16.077182698800076 ], [ 108.237366102115914, 16.081018998800577 ], [ 108.237583202115744, 16.081091598800654 ], [ 108.238697002114591, 16.080901098801313 ], [ 108.238781902114454, 16.080765098801393 ] ] ] } },
{ "type": "Feature", "properties": { "id": "osm_way_591511627", "name_vi": "Khu Công Nghiệp - Hậu Cần Cảng Tam Hiệp", "name_en": null, "aliases": null, "category": "industrial_park", "province_code": "48", "province_en": "Da Nang", "former_province_code": "49", "status": "unknown", "area_ha": 123.73774079567049, "developer": null, "website": null, "geometry_type": "polygon", "location_accuracy": "site", "part_count": 1, "osm_ids": "osm_way_591511627", "source": "OpenStreetMap", "source_url": "https://www.openstreetmap.org/way/591511627", "verified_on": "2026-08-31", "attribute_source": "osm", "geometry_observed_on": "2026-08-31" }, "geometry": { "type": "Polygon", "coordinates": [ [ [ 108.603721701419886, 15.462565699189046 ], [ 108.610708701416968, 15.46884699919068 ], [ 108.615924501409125, 15.463637599195097 ], [ 108.612319301410594, 15.460289099194281 ], [ 108.612874301409747, 15.459720599194759 ], [ 108.616301201404553, 15.456252699197668 ], [ 108.618095901401858, 15.454421599199193 ], [ 108.615036501403083, 15.451588999198497 ], [ 108.609878501410762, 15.456635499194181 ], [ 108.609843401411212, 15.45733739919393 ], [ 108.609503801411705, 15.457683699193641 ], [ 108.608699801412499, 15.457735199193205 ], [ 108.603721701419886, 15.462565699189046 ] ] ] } },
{ "type": "Feature", "properties": { "id": "osm_way_584942874", "name_vi": "Khu công nghiệp Điện Nam – Điện Ngọc", "name_en": null, "aliases": null, "category": "industrial_park", "province_code": "48", "province_en": "Da Nang", "former_province_code": "49", "status": "unknown", "area_ha": 312.73130579908036, "developer": null, "website": null, "geometry_type": "polygon", "location_accuracy": "site", "part_count": 1, "osm_ids": "osm_way_584942874", "source": "OpenStreetMap", "source_url": "https://www.openstreetmap.org/way/584942874", "verified_on": "2026-08-31", "attribute_source": "osm", "geometry_observed_on": "2026-08-31" }, "geometry": { "type": "Polygon", "coordinates": [ [ [ 108.26549590201202, 15.945832598858146 ], [ 108.266617302009948, 15.944062698859298 ], [ 108.266770202009653, 15.943819798859451 ], [ 108.268422002006645, 15.941243098861126 ], [ 108.26917410200619, 15.94168089886138 ], [ 108.273773501997709, 15.934385998866095 ], [ 108.277852501990083, 15.927738198870328 ], [ 108.269484801995119, 15.922892298867538 ], [ 108.265496702002451, 15.92916469886346 ], [ 108.26195370200459, 15.927120498862271 ], [ 108.258544802009808, 15.930676798859375 ], [ 108.258247002010322, 15.931101098859079 ], [ 108.258136702010418, 15.931079898859029 ], [ 108.257171502012568, 15.933254298857847 ], [ 108.257055702012863, 15.933577798857684 ], [ 108.257033602013053, 15.933874698857572 ], [ 108.257050202013929, 15.935439398857081 ], [ 108.257502202013526, 15.935448998857321 ], [ 108.257495502013739, 15.93581929885719 ], [ 108.257763002013462, 15.935790198857347 ], [ 108.257774302013786, 15.936375498857167 ], [ 108.258812002013158, 15.936938798857527 ], [ 108.257588102015404, 15.938853398856271 ], [ 108.257527402015512, 15.938940498856219 ], [ 108.257024302015921, 15.938830298855988 ], [ 108.256978702016468, 15.939740798855665 ], [ 108.25714500201633, 15.939763998855753 ], [ 108.25714230201649, 15.94003479885566 ], [ 108.25764300201601, 15.940015698855939 ], [ 108.258257002015725, 15.9405007988561 ], [ 108.258166202015957, 15.940771598855969 ], [ 108.258883902015526, 15.941208398856194 ], [ 108.258247902016777, 15.942343898855503 ], [ 108.259265402016169, 15.942937898855847 ], [ 108.25903830201662, 15.943330998855602 ], [ 108.259620702016278, 15.943700498855792 ], [ 108.259451902016593, 15.943972598855614 ], [ 108.259782102016374, 15.944162098855715 ], [ 108.259669502016592, 15.944343598855605 ], [ 108.260436602016142, 15.944783698855865 ], [ 108.261284602014541, 15.94341689885673 ], [ 108.26549590201202, 15.945832598858146 ] ] ] } },
{ "type": "Feature", "properties": { "id": "osm_way_1448108749", "name_vi": "Khu công nghiệp Đông Quế Sơn", "name_en": null, "aliases": null, "category": "industrial_park", "province_code": "48", "province_en": "Da Nang", "former_province_code": "49", "status": "unknown", "area_ha": 95.275903540849384, "developer": null, "website": null, "geometry_type": "polygon", "location_accuracy": "site", "part_count": 1, "osm_ids": "osm_way_1448108749", "source": "OpenStreetMap", "source_url": "https://www.openstreetmap.org/way/1448108749", "verified_on": "2026-08-31", "attribute_source": "osm", "geometry_observed_on": "2026-08-31" }, "geometry": { "type": "Polygon", "coordinates": [ [ [ 108.337428001844913, 15.771530098951068 ], [ 108.336143801847015, 15.773093698949895 ], [ 108.336798001846702, 15.773621798950069 ], [ 108.336422901847314, 15.774079698949727 ], [ 108.336144001850016, 15.778316898948225 ], [ 108.337032301849561, 15.779006598948468 ], [ 108.338182501847612, 15.777495098949554 ], [ 108.345192801844135, 15.782807098951507 ], [ 108.349366201837285, 15.777651998955319 ], [ 108.346044601839054, 15.775355798954333 ], [ 108.346121801838208, 15.774009498954797 ], [ 108.346353501837811, 15.77367909895503 ], [ 108.343109101840412, 15.772910898953581 ], [ 108.342489001840832, 15.772657998953344 ], [ 108.34204270184118, 15.772542298953148 ], [ 108.340888301843023, 15.773851498952117 ], [ 108.337428001844913, 15.771530098951068 ] ] ] } },
{ "type": "Feature", "properties": { "id": "osm_way_586970040", "name_vi": "Khu Công nghiệp Hoà Cầm", "name_en": null, "aliases": null, "category": "industrial_park", "province_code": "48", "province_en": "Da Nang", "former_province_code": "48", "status": "unknown", "area_ha": 117.92217221622057, "developer": null, "website": null, "geometry_type": "polygon", "location_accuracy": "site", "part_count": 1, "osm_ids": "osm_way_586970040", "source": "OpenStreetMap", "source_url": "https://www.openstreetmap.org/way/586970040", "verified_on": "2026-08-31", "attribute_source": "osm", "geometry_observed_on": "2026-08-31" }, "geometry": { "type": "Polygon", "coordinates": [ [ [ 108.181200602123369, 16.002637898796433 ], [ 108.180874702123631, 16.002531598796288 ], [ 108.1805717021238, 16.0023227987962 ], [ 108.180451102123854, 16.002239598796162 ], [ 108.18035210212382, 16.002028298796183 ], [ 108.180203502123803, 16.001753898796185 ], [ 108.18004240212386, 16.001577998796165 ], [ 108.179651102124112, 16.001379298796031 ], [ 108.177646902125943, 16.001323598795008 ], [ 108.175606202127724, 16.001116698794011 ], [ 108.173763502131322, 16.00436279879203 ], [ 108.170758202134465, 16.00497089879028 ], [ 108.170758202135403, 16.00659019878977 ], [ 108.171272302134923, 16.006628198790022 ], [ 108.171288102135136, 16.006977898789916 ], [ 108.174870702132637, 16.008460198791287 ], [ 108.175424302133152, 16.010231498791029 ], [ 108.177765202130956, 16.010246698792226 ], [ 108.17996380212891, 16.010254298793367 ], [ 108.180256402128606, 16.010185898793537 ], [ 108.180707202127991, 16.009843798793874 ], [ 108.180873302127651, 16.009562498794043 ], [ 108.183522702125174, 16.009577698795422 ], [ 108.183538502124676, 16.008711098795708 ], [ 108.183965602124275, 16.008711098795921 ], [ 108.184819702123391, 16.008513498796429 ], [ 108.184384702122941, 16.007076698796673 ], [ 108.185594702121733, 16.006924698797349 ], [ 108.185586802121264, 16.006111198797598 ], [ 108.186425102120452, 16.006057998798045 ], [ 108.186377702119628, 16.0045451987985 ], [ 108.186267002119706, 16.004522398798439 ], [ 108.186274902118441, 16.002317798799144 ], [ 108.184440102120107, 16.002203798798249 ], [ 108.184226502120211, 16.002036498798176 ], [ 108.183807402120564, 16.001952898797985 ], [ 108.182945402121362, 16.001975698797541 ], [ 108.18212040212228, 16.002238698797022 ], [ 108.181200602123369, 16.002637898796433 ] ] ] } },
{ "type": "Feature", "properties": { "id": "osm_relation_16032278", "name_vi": "Khu công nghiệp Hòa Khánh", "name_en": "Hoa Khanh Industrial Area", "aliases": "Hoa Khanh Industrial Area", "category": "industrial_park", "province_code": "48", "province_en": "Da Nang", "former_province_code": "48", "status": "unknown", "area_ha": 498.52951987017309, "developer": null, "website": null, "geometry_type": "polygon", "location_accuracy": "site", "part_count": 1, "osm_ids": "osm_relation_16032278", "source": "OpenStreetMap", "source_url": "https://www.openstreetmap.org/relation/16032278", "verified_on": "2026-08-31", "attribute_source": "osm", "geometry_observed_on": "2026-08-31" }, "geometry": { "type": "MultiPolygon", "coordinates": [ [ [ [ 108.130715502221335, 16.090999498742281 ], [ 108.133316502219941, 16.092760998743053 ], [ 108.134606202217697, 16.091010298744283 ], [ 108.13790560221301, 16.088215798746877 ], [ 108.139056402210997, 16.086589098747979 ], [ 108.139191802210817, 16.086481398748091 ], [ 108.139331902210728, 16.086548698748139 ], [ 108.139789602210172, 16.086364698748433 ], [ 108.140004402209968, 16.086342298748544 ], [ 108.140251902209755, 16.086391598748662 ], [ 108.140448102209561, 16.086351198748773 ], [ 108.140541502209288, 16.086010198748937 ], [ 108.140649902209077, 16.085845598749042 ], [ 108.140472402209014, 16.085461898749067 ], [ 108.141192602208022, 16.084901398749629 ], [ 108.141925602206896, 16.084120998750251 ], [ 108.142504502205881, 16.083276698750815 ], [ 108.143614502205466, 16.084392198751033 ], [ 108.144867102203619, 16.083218498752057 ], [ 108.142727502204238, 16.080788998751721 ], [ 108.145779002199831, 16.078091798754155 ], [ 108.146565702198927, 16.077817098754647 ], [ 108.146912202198038, 16.076805298755147 ], [ 108.145738302198922, 16.076450198754657 ], [ 108.145614102199247, 16.07683039875446 ], [ 108.145189602199579, 16.076708898754287 ], [ 108.14531230219923, 16.076318598754476 ], [ 108.143549602200508, 16.075618198753794 ], [ 108.142071302199639, 16.071732398754243 ], [ 108.14124000220059, 16.072049298753733 ], [ 108.135581402207464, 16.074776198749937 ], [ 108.134056702209307, 16.075514798748912 ], [ 108.133063902210495, 16.075993198748254 ], [ 108.132822202210875, 16.076185198748068 ], [ 108.12492550222197, 16.082680798741922 ], [ 108.118970902230458, 16.087782498737237 ], [ 108.119890602230214, 16.088826598737381 ], [ 108.120465202229411, 16.08839119873781 ], [ 108.12113370222923, 16.089158898737914 ], [ 108.122792802226854, 16.087726798739219 ], [ 108.127089902225677, 16.092676298739864 ], [ 108.128518802225315, 16.094373198740076 ], [ 108.130715502221335, 16.090999498742281 ] ] ], [ [ [ 108.108746002242114, 16.091420198730791 ], [ 108.110216202240977, 16.091820698731421 ], [ 108.111015702240195, 16.091787298731855 ], [ 108.111723802239453, 16.091634798732276 ], [ 108.116748402232275, 16.087308298736236 ], [ 108.120070002227635, 16.084662298738788 ], [ 108.122710102224005, 16.082600898740818 ], [ 108.120736402224566, 16.080392598740477 ], [ 108.120560102224616, 16.080177298740459 ], [ 108.12108420222323, 16.078655698741215 ], [ 108.116679002226789, 16.077672698739253 ], [ 108.116280702227641, 16.078493598738792 ], [ 108.115473802229218, 16.079907998737923 ], [ 108.115065402229803, 16.080250498737602 ], [ 108.113118402231024, 16.079219098736928 ], [ 108.111781702233117, 16.080726198735761 ], [ 108.111143702233321, 16.080019898735646 ], [ 108.110285002234491, 16.080635298735011 ], [ 108.109964802234586, 16.08031359873495 ], [ 108.108574802236632, 16.081607198733831 ], [ 108.108116302237505, 16.082383398733334 ], [ 108.107133902238928, 16.083285498732547 ], [ 108.107155702238984, 16.083369398732525 ], [ 108.103910002243538, 16.086026498730014 ], [ 108.10577730224297, 16.088070398730324 ], [ 108.108746002242114, 16.091420198730791 ] ] ] ] } },
{ "type": "Feature", "properties": { "id": "osm_way_1218998231", "name_vi": "Khu công nghiệp Liên Chiểu", "name_en": "Lien Chieu Industrial Zone", "aliases": "Lien Chieu Industrial Zone", "category": "industrial_park", "province_code": "48", "province_en": "Da Nang", "former_province_code": "48", "status": "unknown", "area_ha": 137.93450296531722, "developer": null, "website": "https://directorsdirectory.com/lien-chieu-industrial-zone/", "geometry_type": "polygon", "location_accuracy": "site", "part_count": 1, "osm_ids": "osm_way_1218998231", "source": "OpenStreetMap", "source_url": "https://www.openstreetmap.org/way/1218998231", "verified_on": "2026-08-31", "attribute_source": "osm", "geometry_observed_on": "2026-08-31" }, "geometry": { "type": "Polygon", "coordinates": [ [ [ 108.116262502258337, 16.131824798721873 ], [ 108.119049402255655, 16.131724598723334 ], [ 108.1193443022553, 16.131593298723534 ], [ 108.119277302254503, 16.130107298723967 ], [ 108.119102202254638, 16.130054998723899 ], [ 108.119092502254134, 16.129202698724161 ], [ 108.11922130225399, 16.129109898724248 ], [ 108.119199802253249, 16.127764898724667 ], [ 108.119199802252894, 16.127172298724865 ], [ 108.119006702253088, 16.127172298724762 ], [ 108.119076402252759, 16.126749698724929 ], [ 108.119276102252527, 16.12668439872505 ], [ 108.11937590225223, 16.126320498725221 ], [ 108.11900950225251, 16.126179698725078 ], [ 108.119081702252316, 16.125981798725181 ], [ 108.118422102252836, 16.125786398724902 ], [ 108.118504602252628, 16.125578698725008 ], [ 108.11800920225302, 16.125427998724795 ], [ 108.118074102252876, 16.125304898724881 ], [ 108.117286102253615, 16.125299898724467 ], [ 108.117075502253613, 16.124987298724456 ], [ 108.11321310225685, 16.124348298722666 ], [ 108.113309702256402, 16.123688598722921 ], [ 108.109844302259248, 16.123018698721342 ], [ 108.10948850226076, 16.12504429872051 ], [ 108.107883402262104, 16.124804698719768 ], [ 108.107575902263449, 16.126625698719032 ], [ 108.108602602262593, 16.126802098719516 ], [ 108.107799802266001, 16.131434498717628 ], [ 108.111820302264107, 16.134644498718693 ], [ 108.111777302264883, 16.135953298718253 ], [ 108.111872902265006, 16.136332198718179 ], [ 108.112138902264846, 16.13649119871825 ], [ 108.112340002264759, 16.136618998718323 ], [ 108.112601102264605, 16.136791098718398 ], [ 108.112851402264468, 16.13698399871847 ], [ 108.113104502264363, 16.137207998718534 ], [ 108.113384502264239, 16.137468398718603 ], [ 108.113631302264153, 16.137710598718652 ], [ 108.113886602264088, 16.137985698718701 ], [ 108.114888702263855, 16.139222398718818 ], [ 108.115167702263619, 16.139251298718946 ], [ 108.116659002262224, 16.13926159871971 ], [ 108.116262502258337, 16.131824798721873 ] ] ] } },
{ "type": "Feature", "properties": { "id": "osm_way_559966611", "name_vi": "Khu công nghiệp may", "name_en": null, "aliases": null, "category": "industrial_park", "province_code": "48", "province_en": "Da Nang", "former_province_code": "49", "status": "unknown", "area_ha": 2.5961253125770734, "developer": null, "website": null, "geometry_type": "polygon", "location_accuracy": "site", "part_count": 1, "osm_ids": "osm_way_559966611", "source": "OpenStreetMap", "source_url": "https://www.openstreetmap.org/way/559966611", "verified_on": "2026-08-31", "attribute_source": "osm", "geometry_observed_on": "2026-08-31" }, "geometry": { "type": "Polygon", "coordinates": [ [ [ 108.463754201608111, 15.563666099083376 ], [ 108.465224001607154, 15.564358599083922 ], [ 108.465331301606895, 15.56410529908406 ], [ 108.465717501606619, 15.564286199084195 ], [ 108.465749701606583, 15.564218999084241 ], [ 108.465899901606463, 15.564311999084284 ], [ 108.466232501605802, 15.563666099084667 ], [ 108.464194001607154, 15.562704899083908 ], [ 108.463754201608111, 15.563666099083376 ] ] ] } },
{ "type": "Feature", "properties": { "id": "osm_way_586350686", "name_vi": "Khu công nghiệp Tam Thăng", "name_en": null, "aliases": null, "category": "industrial_park", "province_code": "48", "province_en": "Da Nang", "former_province_code": "49", "status": "unknown", "area_ha": 150.53449037289408, "developer": null, "website": null, "geometry_type": "polygon", "location_accuracy": "site", "part_count": 1, "osm_ids": "osm_way_586350686", "source": "OpenStreetMap", "source_url": "https://www.openstreetmap.org/way/586350686", "verified_on": "2026-08-31", "attribute_source": "osm", "geometry_observed_on": "2026-08-31" }, "geometry": { "type": "Polygon", "coordinates": [ [ [ 108.477115601631752, 15.626797799070136 ], [ 108.46625190163698, 15.618222399067218 ], [ 108.463389201641561, 15.62158599906464 ], [ 108.465530801640512, 15.623235199065231 ], [ 108.463532201643687, 15.625536499063445 ], [ 108.464019701643522, 15.626052599063531 ], [ 108.464637601643162, 15.626409099063737 ], [ 108.466027201642504, 15.62750589906412 ], [ 108.463444401646626, 15.630540399061793 ], [ 108.469716501643632, 15.635491099063488 ], [ 108.477115601631752, 15.626797799070136 ] ] ] } },
{ "type": "Feature", "properties": { "id": "osm_way_521222160", "name_vi": "Khu công nghiệp Tịnh Phong", "name_en": null, "aliases": null, "category": "industrial_park", "province_code": "51", "province_en": "Quang Ngai", "former_province_code": "51", "status": "unknown", "area_ha": 131.47911615326771, "developer": null, "website": null, "geometry_type": "polygon", "location_accuracy": "site", "part_count": 1, "osm_ids": "osm_way_521222160", "source": "OpenStreetMap", "source_url": "https://www.openstreetmap.org/way/521222160", "verified_on": "2026-08-31", "attribute_source": "osm", "geometry_observed_on": "2026-08-31" }, "geometry": { "type": "Polygon", "coordinates": [ [ [ 108.794187401087569, 15.190658699376707 ], [ 108.792848101092176, 15.196533899374122 ], [ 108.791494201096953, 15.202735899371394 ], [ 108.792999701095852, 15.203264499372022 ], [ 108.793478901095455, 15.203323699372257 ], [ 108.794074201094872, 15.203283399372582 ], [ 108.794271101094893, 15.203629799372571 ], [ 108.796936901092735, 15.204210699373789 ], [ 108.797742201091864, 15.203970599374292 ], [ 108.798592401090914, 15.203708999374824 ], [ 108.798917801090582, 15.203694499375001 ], [ 108.799188301090396, 15.203793899375107 ], [ 108.799778301089958, 15.203973799375364 ], [ 108.800236001088635, 15.202389399376109 ], [ 108.800798401086823, 15.200141899377142 ], [ 108.800663001086789, 15.199842099377166 ], [ 108.799267701087501, 15.19880799937676 ], [ 108.798750001087853, 15.198621099376551 ], [ 108.798100301088425, 15.198554499376225 ], [ 108.798333301087666, 15.197614599376655 ], [ 108.801339701085126, 15.198028799378106 ], [ 108.802839201080062, 15.191616399380969 ], [ 108.802149301079709, 15.189873799381168 ], [ 108.802020001079782, 15.189769799381136 ], [ 108.801889601079893, 15.189755899381062 ], [ 108.79683660108546, 15.191259599377922 ], [ 108.794187401087569, 15.190658699376707 ] ] ] } },
{ "type": "Feature", "properties": { "id": "osm_way_241066566", "name_vi": "Cụm Công nghiệp Phú An", "name_en": null, "aliases": null, "category": "industrial_cluster", "province_code": "52", "province_en": "Gia Lai", "former_province_code": "52", "status": "unknown", "area_ha": 25.199698491891542, "developer": null, "website": null, "geometry_type": "polygon", "location_accuracy": "site", "part_count": 1, "osm_ids": "osm_way_241066566", "source": "OpenStreetMap", "source_url": "https://www.openstreetmap.org/way/241066566", "verified_on": "2026-08-31", "attribute_source": "osm", "geometry_observed_on": "2026-08-31" }, "geometry": { "type": "Polygon", "coordinates": [ [ [ 108.93945170021756, 13.891582999874473 ], [ 108.942530600214539, 13.891338499876193 ], [ 108.942742700213685, 13.890154799876694 ], [ 108.943096200211926, 13.887581399877716 ], [ 108.941470300211947, 13.884956599877695 ], [ 108.939795900214008, 13.885888599876495 ], [ 108.939287100214059, 13.885089699876483 ], [ 108.938972900214466, 13.885307599876246 ], [ 108.938778300215077, 13.886091999875887 ], [ 108.939526500216218, 13.889331399875228 ], [ 108.939420300216881, 13.890343499874854 ], [ 108.939385000217328, 13.891046899874603 ], [ 108.93945170021756, 13.891582999874473 ] ] ] } },
{ "type": "Feature", "properties": { "id": "osm_way_1311569468", "name_vi": "Khu công nghiệp Becamex Bình Định", "name_en": "Becamex Binh Dinh Industrial Park", "aliases": "Becamex Binh Dinh Industrial Park", "category": "industrial_park", "province_code": "52", "province_en": "Gia Lai", "former_province_code": "52", "status": "unknown", "area_ha": 350.17061680229574, "developer": null, "website": null, "geometry_type": "polygon", "location_accuracy": "site", "part_count": 1, "osm_ids": "osm_way_1311569468", "source": "OpenStreetMap", "source_url": "https://www.openstreetmap.org/way/1311569468", "verified_on": "2026-08-31", "attribute_source": "osm", "geometry_observed_on": "2026-08-31" }, "geometry": { "type": "Polygon", "coordinates": [ [ [ 109.091082999994399, 13.744767400003447 ], [ 109.069385400006681, 13.730804799996355 ], [ 109.068139500008755, 13.732454999995143 ], [ 109.062915800017493, 13.739373999990098 ], [ 109.070546200013339, 13.744584099992494 ], [ 109.070178200014752, 13.746490899991676 ], [ 109.071971400014945, 13.749782099991569 ], [ 109.086769900001684, 13.75060709999924 ], [ 109.091082999994399, 13.744767400003447 ] ] ] } },
{ "type": "Feature", "properties": { "id": "osm_way_194451948", "name_vi": "Khu công nghiệp Nhơn Bình", "name_en": null, "aliases": null, "category": "industrial_park", "province_code": "52", "province_en": "Gia Lai", "former_province_code": "52", "status": "unknown", "area_ha": 29.719808668532838, "developer": null, "website": null, "geometry_type": "polygon", "location_accuracy": "site", "part_count": 1, "osm_ids": "osm_way_194451948", "source": "OpenStreetMap", "source_url": "https://www.openstreetmap.org/way/194451948", "verified_on": "2026-08-31", "attribute_source": "osm", "geometry_observed_on": "2026-08-31" }, "geometry": { "type": "Polygon", "coordinates": [ [ [ 109.20321839991675, 13.791467600048476 ], [ 109.196639399923697, 13.792996500044442 ], [ 109.197326399924535, 13.795633900043947 ], [ 109.19861029992326, 13.795441000044695 ], [ 109.200516499921605, 13.795637100045662 ], [ 109.200724299921632, 13.795988800045659 ], [ 109.202392999920207, 13.796242600046471 ], [ 109.204204099918357, 13.795925400047551 ], [ 109.20321839991675, 13.791467600048476 ] ] ] } },
{ "type": "Feature", "properties": { "id": "osm_way_208546620", "name_vi": "Khu công nghiệp Nhơn Hòa", "name_en": null, "aliases": null, "category": "industrial_park", "province_code": "52", "province_en": "Gia Lai", "former_province_code": "52", "status": "unknown", "area_ha": 264.49915894094363, "developer": null, "website": null, "geometry_type": "polygon", "location_accuracy": "site", "part_count": 1, "osm_ids": "osm_way_208546620", "source": "OpenStreetMap", "source_url": "https://www.openstreetmap.org/way/208546620", "verified_on": "2026-08-31", "attribute_source": "osm", "geometry_observed_on": "2026-08-31" }, "geometry": { "type": "Polygon", "coordinates": [ [ [ 109.078772300059825, 13.84085819996559 ], [ 109.074615500062592, 13.838954899963971 ], [ 109.074488700062716, 13.838933499963918 ], [ 109.074314900062873, 13.838932899963821 ], [ 109.072628000064483, 13.839040399962879 ], [ 109.072563100064528, 13.839002199962858 ], [ 109.072436800064565, 13.838851499962841 ], [ 109.072368200064616, 13.838821499962815 ], [ 109.070172200066466, 13.838513199961742 ], [ 109.070078000066516, 13.838438499961704 ], [ 109.070069600066446, 13.838322199961747 ], [ 109.071174300064854, 13.837295399962672 ], [ 109.071088700064692, 13.836820399962788 ], [ 109.069776800065299, 13.835778299962415 ], [ 109.059032100071704, 13.829461999958703 ], [ 109.057868400073772, 13.831207499957515 ], [ 109.05598030007701, 13.833849499955644 ], [ 109.05596910007705, 13.833940599955607 ], [ 109.055985000077115, 13.834031299955585 ], [ 109.056038400077099, 13.834112099955588 ], [ 109.056293300076959, 13.834326499955656 ], [ 109.062441200073607, 13.838473399957604 ], [ 109.065368000071985, 13.840362399958559 ], [ 109.068705600070132, 13.842595399959626 ], [ 109.068877700070274, 13.843128399959539 ], [ 109.070334200071485, 13.847693499958837 ], [ 109.067947400074118, 13.848448199957314 ], [ 109.069290000075, 13.852221599956799 ], [ 109.072022200072738, 13.852709399958108 ], [ 109.072187100072938, 13.853387899957974 ], [ 109.077016800068449, 13.853330199960583 ], [ 109.076343900067997, 13.851417199960853 ], [ 109.07572110006835, 13.850999699960653 ], [ 109.075682800068122, 13.850524999960786 ], [ 109.075802900067728, 13.850039199961007 ], [ 109.076359600066894, 13.849457699961501 ], [ 109.07640410006681, 13.849390599961536 ], [ 109.076414200066765, 13.849327699961565 ], [ 109.076159900066642, 13.848699699961632 ], [ 109.076315800066368, 13.848455499961798 ], [ 109.077796300064733, 13.84797109996275 ], [ 109.077919700064271, 13.847372099963001 ], [ 109.077490600063584, 13.845429299963408 ], [ 109.078010900063092, 13.84541889996369 ], [ 109.078016300063439, 13.846049099963492 ], [ 109.079008700062531, 13.846054399964016 ], [ 109.079019400062734, 13.846418999963905 ], [ 109.080435600061435, 13.846476199964652 ], [ 109.080478500061233, 13.846200199964761 ], [ 109.080773600060951, 13.846174099964928 ], [ 109.080821900060556, 13.845549099965158 ], [ 109.080827200060369, 13.845220999965273 ], [ 109.082683300058363, 13.844720999966425 ], [ 109.083997600056833, 13.844137599967324 ], [ 109.085261100055504, 13.84388489996808 ], [ 109.085088600055258, 13.843129399968232 ], [ 109.084158500056219, 13.843356299967663 ], [ 109.084035200055979, 13.842705199967803 ], [ 109.083622100056246, 13.842502099967655 ], [ 109.083455800056171, 13.842106199967693 ], [ 109.081261700058349, 13.842330199966447 ], [ 109.080945200058963, 13.842929199966076 ], [ 109.079142800060794, 13.843226099965008 ], [ 109.078961800059844, 13.841208799965573 ], [ 109.078772300059825, 13.84085819996559 ] ] ] } },
{ "type": "Feature", "properties": { "id": "osm_way_1422861577", "name_vi": "Khu công nghiệp Nhơn Hội A", "name_en": null, "aliases": null, "category": "industrial_park", "province_code": "52", "province_en": "Gia Lai", "former_province_code": "52", "status": "unknown", "area_ha": 393.10986680201711, "developer": null, "website": null, "geometry_type": "polygon", "location_accuracy": "site", "part_count": 1, "osm_ids": "osm_way_1422861577", "source": "OpenStreetMap", "source_url": "https://www.openstreetmap.org/way/1422861577", "verified_on": "2026-08-31", "attribute_source": "osm", "geometry_observed_on": "2026-08-31" }, "geometry": { "type": "Polygon", "coordinates": [ [ [ 109.259306299888465, 13.833510800064905 ], [ 109.26841179988098, 13.835223600069238 ], [ 109.268796899879604, 13.833387100070047 ], [ 109.28282009986799, 13.835838000076787 ], [ 109.282779999867742, 13.835318400076936 ], [ 109.282804299867209, 13.83443100007724 ], [ 109.282804299866939, 13.833934100077402 ], [ 109.282670299866766, 13.833366200077512 ], [ 109.282974899865835, 13.832242100078039 ], [ 109.283157699865143, 13.831307400078448 ], [ 109.283462299864411, 13.830514700078867 ], [ 109.283693899863735, 13.829710100079254 ], [ 109.284254399863002, 13.82930780007969 ], [ 109.284900199862165, 13.828881800080177 ], [ 109.285046399861642, 13.828171900080484 ], [ 109.285204799860907, 13.827130700080913 ], [ 109.285241399859999, 13.825592500081429 ], [ 109.285180499859564, 13.824728700081682 ], [ 109.284632099859891, 13.824409200081488 ], [ 109.284193499859825, 13.823581000081523 ], [ 109.284109699859727, 13.823227000081596 ], [ 109.26205259987735, 13.818273100071357 ], [ 109.259306299888465, 13.833510800064905 ] ] ] } },
{ "type": "Feature", "properties": { "id": "osm_way_163784975", "name_vi": "Cụm Công Nghiệp Diên Phú", "name_en": null, "aliases": null, "category": "industrial_cluster", "province_code": "56", "province_en": "Khanh Hoa", "former_province_code": "56", "status": "unknown", "area_ha": 30.984748520928871, "developer": null, "website": null, "geometry_type": "polygon", "location_accuracy": "site", "part_count": 1, "osm_ids": "osm_way_163784975", "source": "OpenStreetMap", "source_url": "https://www.openstreetmap.org/way/163784975", "verified_on": "2026-08-31", "attribute_source": "osm", "geometry_observed_on": "2026-08-31" }, "geometry": { "type": "Polygon", "coordinates": [ [ [ 109.123754699144882, 12.277808400498699 ], [ 109.123212499146604, 12.279999800497691 ], [ 109.122609899148728, 12.28283620049644 ], [ 109.1278602991447, 12.284327100498807 ], [ 109.128341099143299, 12.282601400499626 ], [ 109.12832369914311, 12.282234100499737 ], [ 109.128070099142917, 12.281473700499848 ], [ 109.128043899142455, 12.280619400500106 ], [ 109.127790299142305, 12.279910300500205 ], [ 109.127723399142141, 12.279499500500295 ], [ 109.127719999142016, 12.279238800500384 ], [ 109.125844999143325, 12.278482300499613 ], [ 109.123754699144882, 12.277808400498699 ] ] ] } },
{ "type": "Feature", "properties": { "id": "osm_way_1418295423", "name_vi": "Cụm công nghiệp Sông Cầu", "name_en": null, "aliases": null, "category": "industrial_cluster", "province_code": "56", "province_en": "Khanh Hoa", "former_province_code": "56", "status": "unknown", "area_ha": 38.372403842012751, "developer": null, "website": null, "geometry_type": "polygon", "location_accuracy": "site", "part_count": 1, "osm_ids": "osm_way_1418295423", "source": "OpenStreetMap", "source_url": "https://www.openstreetmap.org/way/1418295423", "verified_on": "2026-08-31", "attribute_source": "osm", "geometry_observed_on": "2026-08-31" }, "geometry": { "type": "Polygon", "coordinates": [ [ [ 108.953799599298208, 12.270749500408728 ], [ 108.953819399296364, 12.267454600409812 ], [ 108.952015099298038, 12.267459400408825 ], [ 108.95207919929716, 12.266014300409328 ], [ 108.950560799298586, 12.266014300408509 ], [ 108.950536199298043, 12.265017100408812 ], [ 108.951093299297526, 12.265012300409126 ], [ 108.95116229929674, 12.263721300409575 ], [ 108.94860379929915, 12.263769500408175 ], [ 108.948337599299862, 12.264602800407763 ], [ 108.94734669930159, 12.26608170040674 ], [ 108.94707059930208, 12.266496000406455 ], [ 108.946967099302313, 12.266770600406307 ], [ 108.946857399302928, 12.267666300405963 ], [ 108.946756599303114, 12.267834700405851 ], [ 108.947507899302877, 12.268642000405999 ], [ 108.947481899303142, 12.269115500405826 ], [ 108.947387599303553, 12.269668500405599 ], [ 108.948747099302423, 12.269906800406257 ], [ 108.950080499301322, 12.270170600406901 ], [ 108.952516599299329, 12.270602800408078 ], [ 108.953799599298208, 12.270749500408728 ] ] ] } },
{ "type": "Feature", "properties": { "id": "osm_way_1418823242", "name_vi": "Cụm công nghiệp Tháp Chàm", "name_en": null, "aliases": null, "category": "industrial_cluster", "province_code": "56", "province_en": "Khanh Hoa", "former_province_code": "58", "status": "unknown", "area_ha": 18.391316106981247, "developer": null, "website": null, "geometry_type": "polygon", "location_accuracy": "site", "part_count": 1, "osm_ids": "osm_way_1418823242", "source": "OpenStreetMap", "source_url": "https://www.openstreetmap.org/way/1418823242", "verified_on": "2026-08-31", "attribute_source": "osm", "geometry_observed_on": "2026-08-31" }, "geometry": { "type": "Polygon", "coordinates": [ [ [ 108.945559898939266, 11.609356000619085 ], [ 108.946397798938435, 11.609265600619572 ], [ 108.946142498937647, 11.607470900620012 ], [ 108.945903398937929, 11.607509300619871 ], [ 108.945727798938094, 11.607531300619762 ], [ 108.945339198938456, 11.607549600619549 ], [ 108.94489089893888, 11.607538600619305 ], [ 108.944143498939539, 11.607494900618919 ], [ 108.943084598940473, 11.607417800618366 ], [ 108.943032298940537, 11.607445300618325 ], [ 108.942856698940773, 11.607608100618172 ], [ 108.942830498940836, 11.607659400618143 ], [ 108.942574598941604, 11.608616400617697 ], [ 108.94254469894193, 11.609161600617503 ], [ 108.94255779894209, 11.609441600617421 ], [ 108.942811798942685, 11.610984100617051 ], [ 108.942823598942724, 11.611057300617039 ], [ 108.94307999894275, 11.611543800617023 ], [ 108.943908798942289, 11.612092900617295 ], [ 108.944513998941858, 11.612336500617545 ], [ 108.944814198941614, 11.612357300617708 ], [ 108.945069498941606, 11.612832100617684 ], [ 108.945346998941318, 11.612743300617863 ], [ 108.945905198940821, 11.612757300618163 ], [ 108.945830498940325, 11.611724500618459 ], [ 108.945639098939694, 11.610297700618815 ], [ 108.945559898939266, 11.609356000619085 ] ] ] } },
{ "type": "Feature", "properties": { "id": "osm_way_1415427006", "name_vi": "Cụm công nghiệp Trảng É", "name_en": null, "aliases": null, "category": "industrial_cluster", "province_code": "56", "province_en": "Khanh Hoa", "former_province_code": "56", "status": "unknown", "area_ha": 54.816474661603607, "developer": null, "website": null, "geometry_type": "polygon", "location_accuracy": "site", "part_count": 1, "osm_ids": "osm_way_1415427006", "source": "OpenStreetMap", "source_url": "https://www.openstreetmap.org/way/1415427006", "verified_on": "2026-08-31", "attribute_source": "osm", "geometry_observed_on": "2026-08-31" }, "geometry": { "type": "Polygon", "coordinates": [ [ [ 109.098460999115332, 12.18245270051599 ], [ 109.099203699113929, 12.181176200516807 ], [ 109.099422299113783, 12.181272700516901 ], [ 109.100306999113144, 12.181600000517273 ], [ 109.100573399112889, 12.181579100517427 ], [ 109.100715299112807, 12.181672500517472 ], [ 109.100835799112758, 12.181782800517503 ], [ 109.100872199112771, 12.181844900517499 ], [ 109.100924899112783, 12.181967400517488 ], [ 109.10089209911294, 12.182205200517398 ], [ 109.100935799113032, 12.18242620051735 ], [ 109.100919199113164, 12.182631600517272 ], [ 109.101029199113128, 12.182776300517283 ], [ 109.101094799113156, 12.182938400517262 ], [ 109.101222299113147, 12.183089100517282 ], [ 109.101240699113163, 12.183158500517276 ], [ 109.101220999113266, 12.183337800517199 ], [ 109.101250499113277, 12.183398500517203 ], [ 109.101298599113264, 12.183435200517208 ], [ 109.1018164991128, 12.183493200517482 ], [ 109.102249199112464, 12.183595700517682 ], [ 109.102615399112167, 12.183640400517861 ], [ 109.102925499111848, 12.183623300518038 ], [ 109.103400799111327, 12.183478400518347 ], [ 109.103633199111115, 12.183492000518466 ], [ 109.103729999111039, 12.183517200518512 ], [ 109.103814499110996, 12.183573700518538 ], [ 109.103923899110995, 12.183756400518533 ], [ 109.103975399110993, 12.183801800518555 ], [ 109.10433589911068, 12.183877600518722 ], [ 109.104401799110647, 12.18386930051876 ], [ 109.104566399110425, 12.183788600518874 ], [ 109.104901599110065, 12.183694800519085 ], [ 109.105102499109876, 12.183706600519194 ], [ 109.105152999109833, 12.183680600519232 ], [ 109.105198599109741, 12.18361840051927 ], [ 109.105266999109674, 12.183595300519322 ], [ 109.105337299109635, 12.183628200519346 ], [ 109.105376299109665, 12.183783100519308 ], [ 109.105449199109643, 12.183857000519328 ], [ 109.105646399109489, 12.183921400519418 ], [ 109.10580959910935, 12.183935900519504 ], [ 109.106044099109141, 12.183900400519645 ], [ 109.106553299108569, 12.183750100519964 ], [ 109.106680499108393, 12.183667300520066 ], [ 109.106890799108044, 12.183358600520283 ], [ 109.10721119910761, 12.183136900520521 ], [ 109.107270399107421, 12.182886400520637 ], [ 109.107255599107333, 12.182698400520694 ], [ 109.107117599107326, 12.182491200520683 ], [ 109.106954899107464, 12.182428600520618 ], [ 109.106752799107639, 12.182423800520509 ], [ 109.106565399107765, 12.182356300520427 ], [ 109.106274599107905, 12.182096100520358 ], [ 109.106210499107888, 12.18196600052036 ], [ 109.106237699107652, 12.181560000520504 ], [ 109.106209399107541, 12.181344100520564 ], [ 109.106050899107586, 12.181139300520542 ], [ 109.10439729910857, 12.180181800519952 ], [ 109.104885199107599, 12.17923500052053 ], [ 109.099204599111019, 12.175941700518516 ], [ 109.097987099113112, 12.177663200517292 ], [ 109.097250999113555, 12.177242500517027 ], [ 109.096458199115276, 12.179019300516021 ], [ 109.098196699115363, 12.182069300515966 ], [ 109.098460999115332, 12.18245270051599 ] ] ] } },
{ "type": "Feature", "properties": { "id": "osm_way_475148361", "name_vi": "Khu công nghiệp Suối Dầu", "name_en": null, "aliases": null, "category": "industrial_park", "province_code": "56", "province_en": "Khanh Hoa", "former_province_code": "56", "status": "unknown", "area_ha": 140.12279873122844, "developer": null, "website": null, "geometry_type": "polygon", "location_accuracy": "site", "part_count": 1, "osm_ids": "osm_way_475148361", "source": "OpenStreetMap", "source_url": "https://www.openstreetmap.org/way/475148361", "verified_on": "2026-08-31", "attribute_source": "osm", "geometry_observed_on": "2026-08-31" }, "geometry": { "type": "Polygon", "coordinates": [ [ [ 109.074564199123586, 12.157508700511119 ], [ 109.076557799119939, 12.154257600513263 ], [ 109.071599899122646, 12.150867200511671 ], [ 109.072646699120725, 12.149155500512798 ], [ 109.074949499116585, 12.145527500515223 ], [ 109.072094799118219, 12.143741300514256 ], [ 109.066765899122473, 12.142513300511755 ], [ 109.066004599124142, 12.144299500510764 ], [ 109.062902499129677, 12.149043900507534 ], [ 109.06170349913117, 12.149769500506645 ], [ 109.064843699129696, 12.152318400507525 ], [ 109.067317799128347, 12.154011500508322 ], [ 109.072589599125308, 12.157304500510115 ], [ 109.073242799124401, 12.156797600510625 ], [ 109.074564199123586, 12.157508700511119 ] ] ] } },
{ "type": "Feature", "properties": { "id": "osm_way_925999757", "name_vi": "Khu công nghiệp Thành Hải", "name_en": null, "aliases": null, "category": "industrial_park", "province_code": "56", "province_en": "Khanh Hoa", "former_province_code": "58", "status": "unknown", "area_ha": 83.607761293874759, "developer": null, "website": null, "geometry_type": "polygon", "location_accuracy": "site", "part_count": 1, "osm_ids": "osm_way_925999757", "source": "OpenStreetMap", "source_url": "https://www.openstreetmap.org/way/925999757", "verified_on": "2026-08-31", "attribute_source": "osm", "geometry_observed_on": "2026-08-31" }, "geometry": { "type": "Polygon", "coordinates": [ [ [ 108.998133098889937, 11.608116000648137 ], [ 108.998912598888737, 11.607230000648849 ], [ 108.999542898888521, 11.607896900648978 ], [ 108.999829898888052, 11.607548700649243 ], [ 109.001753198885027, 11.605296300651023 ], [ 109.002443098883944, 11.604519600651651 ], [ 109.00286929888334, 11.60408020065203 ], [ 109.003295598882701, 11.603640800652409 ], [ 109.003195498882647, 11.603399900652427 ], [ 109.003154698882668, 11.603376800652411 ], [ 109.001534998884537, 11.604013200651323 ], [ 109.001364698884714, 11.604070100651208 ], [ 108.999199898887056, 11.60468920064983 ], [ 108.998799298887491, 11.604788800649576 ], [ 108.998730998887439, 11.604563400649623 ], [ 108.997757298886555, 11.601351600650128 ], [ 108.994813798889766, 11.602219200648239 ], [ 108.994689598889721, 11.601965600648256 ], [ 108.990638598894193, 11.603259100645626 ], [ 108.991178498894939, 11.605514300645186 ], [ 108.99226359889613, 11.609454000644506 ], [ 108.993399298897188, 11.613289300643871 ], [ 108.993898898896546, 11.613007200644242 ], [ 108.998133098889937, 11.608116000648137 ] ] ] } },
{ "type": "Feature", "properties": { "id": "osm_way_627214209", "name_vi": "Cụm công nghiệp Hòa An", "name_en": null, "aliases": null, "category": "industrial_cluster", "province_code": "66", "province_en": "Dak Lak", "former_province_code": "54", "status": "unknown", "area_ha": 6.8641147555425848, "developer": null, "website": null, "geometry_type": "polygon", "location_accuracy": "site", "part_count": 1, "osm_ids": "osm_way_627214209", "source": "OpenStreetMap", "source_url": "https://www.openstreetmap.org/way/627214209", "verified_on": "2026-08-31", "attribute_source": "osm", "geometry_observed_on": "2026-08-31" }, "geometry": { "type": "Polygon", "coordinates": [ [ [ 109.268884199445949, 13.059390800322632 ], [ 109.265706599449544, 13.060585300320525 ], [ 109.266223199449257, 13.060910600320693 ], [ 109.266635399449044, 13.061190100320829 ], [ 109.267031899448895, 13.061596700320914 ], [ 109.267277199448984, 13.062160900320858 ], [ 109.269583399446418, 13.061393400322361 ], [ 109.268884199445949, 13.059390800322632 ] ] ] } },
{ "type": "Feature", "properties": { "id": "osm_way_243203797", "name_vi": "Cụm công nghiệp Tân An", "name_en": null, "aliases": null, "category": "industrial_cluster", "province_code": "66", "province_en": "Dak Lak", "former_province_code": "66", "status": "unknown", "area_ha": 109.95288252101837, "developer": null, "website": null, "geometry_type": "polygon", "location_accuracy": "site", "part_count": 1, "osm_ids": "osm_way_243203797", "source": "OpenStreetMap", "source_url": "https://www.openstreetmap.org/way/243203797", "verified_on": "2026-08-31", "attribute_source": "osm", "geometry_observed_on": "2026-08-31" }, "geometry": { "type": "Polygon", "coordinates": [ [ [ 108.078891800364119, 12.725569599790218 ], [ 108.078954600365648, 12.728382699789345 ], [ 108.079200100368652, 12.73420829978761 ], [ 108.079211500368871, 12.734606999787495 ], [ 108.079293800370024, 12.736790299786833 ], [ 108.079435000371902, 12.740439699785734 ], [ 108.079546100372696, 12.742019299785287 ], [ 108.079632400372702, 12.74218539978528 ], [ 108.080600600371781, 12.742149699785806 ], [ 108.081618600370049, 12.740722999786806 ], [ 108.084134500366645, 12.738850599788758 ], [ 108.085267600364759, 12.737379899789836 ], [ 108.085260800364694, 12.73724039978987 ], [ 108.086694700363338, 12.737184999790667 ], [ 108.086566000361842, 12.734295299791521 ], [ 108.0851354003632, 12.734350099790746 ], [ 108.084723300358561, 12.725338799793416 ], [ 108.081910300361244, 12.725450099791871 ], [ 108.080012000363055, 12.725525299790828 ], [ 108.078991900364045, 12.72556559979027 ], [ 108.078891800364119, 12.725569599790218 ] ] ] } },
{ "type": "Feature", "properties": { "id": "osm_way_693435724", "name_vi": "Khu công nghiệp An Phú", "name_en": null, "aliases": null, "category": "industrial_park", "province_code": "66", "province_en": "Dak Lak", "former_province_code": "54", "status": "unknown", "area_ha": 62.381893230777408, "developer": null, "website": null, "geometry_type": "polygon", "location_accuracy": "site", "part_count": 1, "osm_ids": "osm_way_693435724", "source": "OpenStreetMap", "source_url": "https://www.openstreetmap.org/way/693435724", "verified_on": "2026-08-31", "attribute_source": "osm", "geometry_observed_on": "2026-08-31" }, "geometry": { "type": "Polygon", "coordinates": [ [ [ 109.283526699475487, 13.13654150030537 ], [ 109.283418699475646, 13.136620300305292 ], [ 109.281081099477831, 13.136712100303999 ], [ 109.281942699478975, 13.140155000303334 ], [ 109.283165199477693, 13.139866000304099 ], [ 109.284659499474785, 13.137133300305793 ], [ 109.284852499474567, 13.13706710030592 ], [ 109.285367299474245, 13.137338700306112 ], [ 109.285503099473985, 13.137105400306268 ], [ 109.285006199474296, 13.136837400306081 ], [ 109.284963299474242, 13.136635500306118 ], [ 109.288281299467826, 13.130670500309867 ], [ 109.287067299467594, 13.128237200310005 ], [ 109.287008199467508, 13.127983000310049 ], [ 109.287697699466165, 13.126753700310822 ], [ 109.283407999468878, 13.12451170030924 ], [ 109.280898499473764, 13.129065300306397 ], [ 109.285061199471144, 13.131262700307929 ], [ 109.285085099471146, 13.131334700307915 ], [ 109.284144799472969, 13.133031900306859 ], [ 109.283924699473388, 13.133429300306609 ], [ 109.284233499473217, 13.133596600306726 ], [ 109.283704399474288, 13.134650900306097 ], [ 109.283921799474143, 13.134765300306167 ], [ 109.283569599474802, 13.135356100305783 ], [ 109.283887099474612, 13.135531900305894 ], [ 109.28360459947514, 13.136003600305596 ], [ 109.283582299475228, 13.136142100305538 ], [ 109.283713299475153, 13.136210000305582 ], [ 109.283526699475487, 13.13654150030537 ] ] ] } },
{ "type": "Feature", "properties": { "id": "osm_way_642935041", "name_vi": "Khu công nghiệp Đông Bắc Sông Cầu", "name_en": null, "aliases": "KCN Đông Bắc Sông Cầu", "category": "industrial_park", "province_code": "66", "province_en": "Dak Lak", "former_province_code": "54", "status": "unknown", "area_ha": 110.87452290115992, "developer": null, "website": null, "geometry_type": "polygon", "location_accuracy": "site", "part_count": 1, "osm_ids": "osm_way_642935041", "source": "OpenStreetMap", "source_url": "https://www.openstreetmap.org/way/642935041", "verified_on": "2026-08-31", "attribute_source": "osm", "geometry_observed_on": "2026-08-31" }, "geometry": { "type": "Polygon", "coordinates": [ [ [ 109.245655599770487, 13.600856300133453 ], [ 109.250214999763358, 13.595715600137568 ], [ 109.253393499757308, 13.590125400141114 ], [ 109.246612999761666, 13.586738200138567 ], [ 109.244281199766377, 13.591309300135819 ], [ 109.239975799773077, 13.596127200131928 ], [ 109.245655599770487, 13.600856300133453 ] ] ] } },
{ "type": "Feature", "properties": { "id": "osm_way_643165759", "name_vi": "Khu công nghiệp Hòa Hiệp", "name_en": null, "aliases": null, "category": "industrial_park", "province_code": "66", "province_en": "Dak Lak", "former_province_code": "54", "status": "unknown", "area_ha": 102.21453258515386, "developer": null, "website": null, "geometry_type": "polygon", "location_accuracy": "site", "part_count": 1, "osm_ids": "osm_way_643165759", "source": "OpenStreetMap", "source_url": "https://www.openstreetmap.org/way/643165759", "verified_on": "2026-08-31", "attribute_source": "osm", "geometry_observed_on": "2026-08-31" }, "geometry": { "type": "Polygon", "coordinates": [ [ [ 109.36169219933042, 13.006098200390284 ], [ 109.356968799338347, 13.012514600385629 ], [ 109.355491799340825, 13.014520900384175 ], [ 109.359009599338705, 13.016555000385408 ], [ 109.362761799336454, 13.018724600386737 ], [ 109.368622099326757, 13.011016300392425 ], [ 109.36169219933042, 13.006098200390284 ] ] ] } },
{ "type": "Feature", "properties": { "id": "osm_way_182822939", "name_vi": "Khu công nghiệp Hòa Phú", "name_en": null, "aliases": "KCN Hòa Phú", "category": "industrial_park", "province_code": "66", "province_en": "Dak Lak", "former_province_code": "66", "status": "unknown", "area_ha": 149.92136235798219, "developer": null, "website": null, "geometry_type": "polygon", "location_accuracy": "site", "part_count": 1, "osm_ids": "osm_way_182822939", "source": "OpenStreetMap", "source_url": "https://www.openstreetmap.org/way/182822939", "verified_on": "2026-08-31", "attribute_source": "osm", "geometry_observed_on": "2026-08-31" }, "geometry": { "type": "Polygon", "coordinates": [ [ [ 107.938375900420951, 12.592797799757589 ], [ 107.937473000421818, 12.592867399757084 ], [ 107.937496800423958, 12.596739799755856 ], [ 107.935714800425956, 12.597319499754716 ], [ 107.935144500426972, 12.598177499754138 ], [ 107.934954500431147, 12.605365599751735 ], [ 107.937096900429196, 12.605445999752851 ], [ 107.940514300426088, 12.605574299754638 ], [ 107.940468400425431, 12.60433859975501 ], [ 107.943091100422976, 12.604278099756442 ], [ 107.943222900422455, 12.603580199756729 ], [ 107.944957400420122, 12.602258499758086 ], [ 107.946905700418199, 12.602142599759159 ], [ 107.946953300413099, 12.593052899762101 ], [ 107.938375900420951, 12.592797799757589 ] ] ] } },
{ "type": "Feature", "properties": { "id": "osm_way_1462736597", "name_vi": "Cụm công nghiệp Đông Hà", "name_en": null, "aliases": null, "category": "industrial_cluster", "province_code": "68", "province_en": "Lam Dong", "former_province_code": "60", "status": "unknown", "area_ha": 106.36222368546903, "developer": null, "website": null, "geometry_type": "polygon", "location_accuracy": "site", "part_count": 1, "osm_ids": "osm_way_1462736597", "source": "OpenStreetMap", "source_url": "https://www.openstreetmap.org/way/1462736597", "verified_on": "2026-08-31", "attribute_source": "osm", "geometry_observed_on": "2026-08-31" }, "geometry": { "type": "Polygon", "coordinates": [ [ [ 107.494457899962825, 11.021837700021674 ], [ 107.495745399961947, 11.022410600022182 ], [ 107.504541599956056, 11.026616300025589 ], [ 107.504342599952821, 11.020444700027452 ], [ 107.504328999951682, 11.018334000028112 ], [ 107.504467699949458, 11.014555900029396 ], [ 107.504260299949678, 11.014581500029275 ], [ 107.504003899949709, 11.014197300029267 ], [ 107.503767299949928, 11.014216600029128 ], [ 107.503690999950066, 11.014357700029048 ], [ 107.503855399950211, 11.014871100028966 ], [ 107.503758299950377, 11.015010400028865 ], [ 107.50354909995059, 11.015032400028746 ], [ 107.502951299951036, 11.014812400028495 ], [ 107.502697299951208, 11.014717000028384 ], [ 107.502615099951413, 11.014944400028275 ], [ 107.502488099951563, 11.015010400028181 ], [ 107.502204099951769, 11.014900400028068 ], [ 107.501763299952216, 11.014951700027808 ], [ 107.500829299953324, 11.015399100027164 ], [ 107.500642499953699, 11.015780500026937 ], [ 107.500358499953975, 11.015765900026798 ], [ 107.500246499953917, 11.015494500026822 ], [ 107.500403399953456, 11.01493710002708 ], [ 107.500179199953593, 11.014768400027009 ], [ 107.499820599953964, 11.01485640002679 ], [ 107.499521699954414, 11.015157100026542 ], [ 107.499118199954751, 11.015098400026337 ], [ 107.499088299954906, 11.015318500026247 ], [ 107.498931399955154, 11.015509200026104 ], [ 107.498756699955294, 11.015452700026032 ], [ 107.498589099955197, 11.014983400026091 ], [ 107.498342599955393, 11.014935000025968 ], [ 107.498179899955559, 11.014959200025878 ], [ 107.498110899955762, 11.015215600025755 ], [ 107.497943299955992, 11.015341500025631 ], [ 107.497731299956115, 11.015244700025542 ], [ 107.497637599956093, 11.015007600025566 ], [ 107.497638499955826, 11.014547600025709 ], [ 107.497566799955791, 11.014351500025739 ], [ 107.49729499995604, 11.014379300025579 ], [ 107.496909899956421, 11.014384800025372 ], [ 107.496819299956499, 11.01439040002532 ], [ 107.496717399956708, 11.014612700025202 ], [ 107.496502199956922, 11.014590500025092 ], [ 107.49632669995701, 11.01447380002503 ], [ 107.496275699956954, 11.014301500025059 ], [ 107.496196399956972, 11.014162500025069 ], [ 107.496020899957188, 11.014262500024934 ], [ 107.49505819996034, 11.018370200023101 ], [ 107.494644799961762, 11.020204400022292 ], [ 107.494457899962825, 11.021837700021674 ] ] ] } },
{ "type": "Feature", "properties": { "id": "osm_way_1462737710", "name_vi": "Cụm Công Nghiệp Nam Hà", "name_en": null, "aliases": null, "category": "industrial_cluster", "province_code": "68", "province_en": "Lam Dong", "former_province_code": "60", "status": "unknown", "area_ha": 120.61462387242483, "developer": null, "website": null, "geometry_type": "polygon", "location_accuracy": "site", "part_count": 1, "osm_ids": "osm_way_1462737710", "source": "OpenStreetMap", "source_url": "https://www.openstreetmap.org/way/1462737710", "verified_on": "2026-08-31", "attribute_source": "osm", "geometry_observed_on": "2026-08-31" }, "geometry": { "type": "Polygon", "coordinates": [ [ [ 107.504506299953889, 11.02261460002684 ], [ 107.507798499950653, 11.022285100028729 ], [ 107.51461589994426, 11.022286200032402 ], [ 107.514762399939656, 11.014188100035073 ], [ 107.512879499940667, 11.012823900034489 ], [ 107.511026399941272, 11.010784900034139 ], [ 107.508889399943754, 11.011709100032688 ], [ 107.508530799943983, 11.011503700032559 ], [ 107.508052599944378, 11.01140100003234 ], [ 107.50749969994564, 11.012765200031607 ], [ 107.506782299946579, 11.013249300031061 ], [ 107.506647799947061, 11.01388000003079 ], [ 107.505721299947993, 11.013968100030256 ], [ 107.504906599948868, 11.014232600029736 ], [ 107.504498899949155, 11.01407690002956 ], [ 107.504612199949278, 11.014488200029501 ], [ 107.504566899949452, 11.014710600029405 ], [ 107.504465199951213, 11.017712300028384 ], [ 107.504506299953889, 11.02261460002684 ] ] ] } },
{ "type": "Feature", "properties": { "id": "osm_way_1462740195", "name_vi": "Cụm công nghiệp Nam Hà II", "name_en": null, "aliases": null, "category": "industrial_cluster", "province_code": "68", "province_en": "Lam Dong", "former_province_code": "60", "status": "unknown", "area_ha": 115.52151003751864, "developer": null, "website": null, "geometry_type": "polygon", "location_accuracy": "site", "part_count": 1, "osm_ids": "osm_way_1462740195", "source": "OpenStreetMap", "source_url": "https://www.openstreetmap.org/way/1462740195", "verified_on": "2026-08-31", "attribute_source": "osm", "geometry_observed_on": "2026-08-31" }, "geometry": { "type": "Polygon", "coordinates": [ [ [ 107.481560499974805, 11.021729600014755 ], [ 107.48810599996844, 11.02128960001842 ], [ 107.488150799965837, 11.016625000019932 ], [ 107.492081099962391, 11.017050400021914 ], [ 107.491557999962083, 11.015598200022096 ], [ 107.492559599959577, 11.012758000023547 ], [ 107.491820099959881, 11.012070800023366 ], [ 107.491445499960221, 11.012061200023163 ], [ 107.49116939996027, 11.011664400023149 ], [ 107.490715899960577, 11.011461100022967 ], [ 107.490508799960566, 11.011083700022972 ], [ 107.490321499960601, 11.010851400022947 ], [ 107.490189399960727, 11.010807800022892 ], [ 107.489867499961036, 11.010845800022707 ], [ 107.489743099961146, 11.010812000022643 ], [ 107.489614299961204, 11.010744600022603 ], [ 107.489434099961258, 11.01050870002258 ], [ 107.4893567999613, 11.010462400022554 ], [ 107.488931999961821, 11.010652000022267 ], [ 107.488794599961935, 11.010660400022186 ], [ 107.488721699961971, 11.010614100022162 ], [ 107.488614399962003, 11.01048350002214 ], [ 107.488603899961987, 11.010422500022161 ], [ 107.488724199961595, 11.009953200022377 ], [ 107.488719099961557, 11.009851800022401 ], [ 107.488625399961592, 11.009762300022386 ], [ 107.48824829996191, 11.009735700022185 ], [ 107.488011699962101, 11.009648600022091 ], [ 107.487370799962406, 11.009123600021908 ], [ 107.487291899962486, 11.00911150002187 ], [ 107.487052799962811, 11.009326800021672 ], [ 107.486927099962969, 11.009365500021596 ], [ 107.486789099963062, 11.009326800021533 ], [ 107.486670799963079, 11.009147800021523 ], [ 107.486616599963099, 11.009087300021513 ], [ 107.486532799963143, 11.009053400021473 ], [ 107.486473699963227, 11.009088600021428 ], [ 107.486281299963551, 11.009350800021243 ], [ 107.486138999963714, 11.009394400021156 ], [ 107.486028999963793, 11.00936750002111 ], [ 107.485866399963854, 11.009171500021079 ], [ 107.485735699963911, 11.009089200021041 ], [ 107.485629699964022, 11.009072300020989 ], [ 107.485321599964323, 11.009132800020801 ], [ 107.485136799964494, 11.009115900020705 ], [ 107.484217399965189, 11.008815800020303 ], [ 107.483346699965779, 11.008423700019959 ], [ 107.483222299965874, 11.008402600019897 ], [ 107.482979799966145, 11.00848480001974 ], [ 107.482816699966378, 11.008600600019617 ], [ 107.482625699966576, 11.008640600019501 ], [ 107.482492699966684, 11.008617500019433 ], [ 107.482186299966898, 11.008521300019307 ], [ 107.482137499967308, 11.009147000019079 ], [ 107.481838299968771, 11.011286000018236 ], [ 107.482655199968249, 11.011723100018532 ], [ 107.483232799967936, 11.012134400018716 ], [ 107.482878999968904, 11.013288200018152 ], [ 107.482221499972113, 11.017996800016299 ], [ 107.481560499974805, 11.021729600014755 ] ] ] } },
{ "type": "Feature", "properties": { "id": "osm_way_666647368", "name_vi": "Cụm Công nghiệp Thắng Hải", "name_en": null, "aliases": null, "category": "industrial_cluster", "province_code": "68", "province_en": "Lam Dong", "former_province_code": "60", "status": "unknown", "area_ha": 48.700876370565489, "developer": null, "website": null, "geometry_type": "polygon", "location_accuracy": "site", "part_count": 1, "osm_ids": "osm_way_666647368", "source": "OpenStreetMap", "source_url": "https://www.openstreetmap.org/way/666647368", "verified_on": "2026-08-31", "attribute_source": "osm", "geometry_observed_on": "2026-08-31" }, "geometry": { "type": "Polygon", "coordinates": [ [ [ 107.580195699662696, 10.622680100195559 ], [ 107.588639199654821, 10.622659000200132 ], [ 107.58860709965235, 10.618145700201554 ], [ 107.581289999659134, 10.618103500197604 ], [ 107.57988449966048, 10.618156200196832 ], [ 107.579004799661689, 10.618868000196125 ], [ 107.58030289966193, 10.621477900195995 ], [ 107.580195699662696, 10.622680100195559 ] ] ] } },
{ "type": "Feature", "properties": { "id": "osm_way_924401530", "name_vi": "Khu công nghiệp Hàm Kiệm I", "name_en": null, "aliases": null, "category": "industrial_park", "province_code": "68", "province_en": "Lam Dong", "former_province_code": "60", "status": "unknown", "area_ha": 588.50421070350114, "developer": null, "website": null, "geometry_type": "polygon", "location_accuracy": "site", "part_count": 1, "osm_ids": "osm_way_924401530", "source": "OpenStreetMap", "source_url": "https://www.openstreetmap.org/way/924401530", "verified_on": "2026-08-31", "attribute_source": "osm", "geometry_observed_on": "2026-08-31" }, "geometry": { "type": "Polygon", "coordinates": [ [ [ 107.983098299459499, 10.934692400313844 ], [ 107.988288399455939, 10.936970400315927 ], [ 108.024723499425065, 10.942455900333925 ], [ 108.028049399415735, 10.931142400339354 ], [ 107.991678699446538, 10.925664600321396 ], [ 107.988138199448997, 10.92414760031996 ], [ 107.983098299459499, 10.934692400313844 ] ] ] } },
{ "type": "Feature", "properties": { "id": "osm_way_729008638", "name_vi": "Khu công nghiệp Lộc Sơn", "name_en": null, "aliases": null, "category": "industrial_park", "province_code": "68", "province_en": "Lam Dong", "former_province_code": "68", "status": "unknown", "area_ha": 179.38484665723249, "developer": null, "website": null, "geometry_type": "polygon", "location_accuracy": "site", "part_count": 1, "osm_ids": "osm_way_729008638", "source": "OpenStreetMap", "source_url": "https://www.openstreetmap.org/way/729008638", "verified_on": "2026-08-31", "attribute_source": "osm", "geometry_observed_on": "2026-08-31" }, "geometry": { "type": "Polygon", "coordinates": [ [ [ 107.842354799910808, 11.51415170005178 ], [ 107.844779499906721, 11.510871600054143 ], [ 107.842225999907612, 11.50815930005364 ], [ 107.840702499908119, 11.506519200053338 ], [ 107.837569699910901, 11.506308900051719 ], [ 107.835767199912169, 11.505531000050997 ], [ 107.832527099914032, 11.503470400049908 ], [ 107.832033599914482, 11.503407300049656 ], [ 107.8314971999161, 11.505446900048723 ], [ 107.831690299916346, 11.50622480004858 ], [ 107.832183799915796, 11.5060566000489 ], [ 107.832655899915835, 11.506918700048875 ], [ 107.833557099915424, 11.507717700049106 ], [ 107.834436899915289, 11.508937200049195 ], [ 107.83493039991545, 11.510051600049096 ], [ 107.839844199911809, 11.511733700051206 ], [ 107.839157599913378, 11.513436800050288 ], [ 107.837912999917364, 11.518504000047995 ], [ 107.833514199920842, 11.51741070004597 ], [ 107.833063599922383, 11.519387100045101 ], [ 107.831776099924483, 11.521069100043864 ], [ 107.831582999926525, 11.524412100042682 ], [ 107.831840499926471, 11.524769500042719 ], [ 107.836507599921532, 11.523686700045575 ], [ 107.835402499923376, 11.525148000044508 ], [ 107.835874499924117, 11.527292500044078 ], [ 107.839350699921255, 11.527986400045734 ], [ 107.839779799919754, 11.525989000046598 ], [ 107.840659599918993, 11.526094100047041 ], [ 107.841796899913746, 11.518525000050085 ], [ 107.842354799910808, 11.51415170005178 ] ] ] } },
{ "type": "Feature", "properties": { "id": "osm_way_633510473", "name_vi": "Khu công nghiệp Phan Thiết", "name_en": null, "aliases": null, "category": "industrial_park", "province_code": "68", "province_en": "Lam Dong", "former_province_code": "60", "status": "unknown", "area_ha": 113.65735946863208, "developer": null, "website": null, "geometry_type": "polygon", "location_accuracy": "site", "part_count": 1, "osm_ids": "osm_way_633510473", "source": "OpenStreetMap", "source_url": "https://www.openstreetmap.org/way/633510473", "verified_on": "2026-08-31", "attribute_source": "osm", "geometry_observed_on": "2026-08-31" }, "geometry": { "type": "Polygon", "coordinates": [ [ [ 108.096046399363786, 10.951534800369698 ], [ 108.092179499368456, 10.953504200366968 ], [ 108.096272099369102, 10.961571400366601 ], [ 108.102740499362412, 10.960333600370504 ], [ 108.103101599361992, 10.960171900370757 ], [ 108.10472979936003, 10.959388200371889 ], [ 108.103202999359809, 10.956390300372023 ], [ 108.102702499359665, 10.955283100372109 ], [ 108.103760499358373, 10.95472330037286 ], [ 108.10196969935788, 10.950828600373139 ], [ 108.101781799357994, 10.950726200373072 ], [ 108.100229699359502, 10.950835300372189 ], [ 108.098045899361267, 10.950367600371159 ], [ 108.096678899362175, 10.949711900370634 ], [ 108.096046399363786, 10.951534800369698 ] ] ] } },
{ "type": "Feature", "properties": { "id": "osm_way_729019544", "name_vi": "Khu công nghiệp Phú Hội", "name_en": null, "aliases": null, "category": "industrial_park", "province_code": "68", "province_en": "Lam Dong", "former_province_code": "68", "status": "unknown", "area_ha": 86.495873155507937, "developer": null, "website": null, "geometry_type": "polygon", "location_accuracy": "site", "part_count": 1, "osm_ids": "osm_way_729019544", "source": "OpenStreetMap", "source_url": "https://www.openstreetmap.org/way/729019544", "verified_on": "2026-08-31", "attribute_source": "osm", "geometry_observed_on": "2026-08-31" }, "geometry": { "type": "Polygon", "coordinates": [ [ [ 108.376414799508638, 11.68491350028548 ], [ 108.375492099513124, 11.691490500282864 ], [ 108.375148799514022, 11.692520100282339 ], [ 108.374311899515902, 11.694537300281235 ], [ 108.373904199517128, 11.696050200280524 ], [ 108.379526099512972, 11.697962300282951 ], [ 108.379611899511858, 11.696113200283593 ], [ 108.380749199509864, 11.694432300284742 ], [ 108.383130999503678, 11.687267000288353 ], [ 108.380727699505229, 11.686006200287453 ], [ 108.376414799508638, 11.68491350028548 ] ] ] } },
{ "type": "Feature", "properties": { "id": "osm_way_182515009", "name_vi": "Khu công nghiệp Tâm Thắng", "name_en": null, "aliases": "KCN Tâm Thắng", "category": "industrial_park", "province_code": "68", "province_en": "Lam Dong", "former_province_code": "67", "status": "unknown", "area_ha": 199.13537452132948, "developer": null, "website": null, "geometry_type": "polygon", "location_accuracy": "site", "part_count": 1, "osm_ids": "osm_way_182515009", "source": "OpenStreetMap", "source_url": "https://www.openstreetmap.org/way/182515009", "verified_on": "2026-08-31", "attribute_source": "osm", "geometry_observed_on": "2026-08-31" }, "geometry": { "type": "Polygon", "coordinates": [ [ [ 107.91927480044707, 12.607693399742598 ], [ 107.921474800445921, 12.609329799743247 ], [ 107.922400200445438, 12.610023599743522 ], [ 107.923250900443591, 12.608093899744599 ], [ 107.923691200442576, 12.607056099745163 ], [ 107.925010200441662, 12.607616899745688 ], [ 107.926031300439377, 12.605212399747003 ], [ 107.926253300438105, 12.60328439974775 ], [ 107.926945400436054, 12.600766699748924 ], [ 107.927193000435537, 12.600289399749201 ], [ 107.927750900434361, 12.599061699749896 ], [ 107.928512700432748, 12.597449299750828 ], [ 107.928816700432293, 12.597171399751073 ], [ 107.929335100432084, 12.597634099751204 ], [ 107.931269900428148, 12.593817699753464 ], [ 107.926231100431664, 12.591716399751435 ], [ 107.928073400427465, 12.587253699753854 ], [ 107.922635100431279, 12.585022299751667 ], [ 107.921369900434868, 12.589311699749608 ], [ 107.920881500435996, 12.590568199748944 ], [ 107.919505300437862, 12.591564799747886 ], [ 107.918808400438536, 12.591651399747485 ], [ 107.918867500438836, 12.592255799747324 ], [ 107.918879300439016, 12.592587599747226 ], [ 107.918941500439445, 12.593462899746982 ], [ 107.918926400439787, 12.594036499746801 ], [ 107.919094800442409, 12.599072899745256 ], [ 107.921367500440823, 12.600009499746184 ], [ 107.920193400443381, 12.60261289974472 ], [ 107.921292300442659, 12.603171799745127 ], [ 107.91927480044707, 12.607693399742598 ] ] ] } },
{ "type": "Feature", "properties": { "id": "osm_way_1074421163", "name_vi": "Cụm Công nghiệp Phú Cường", "name_en": null, "aliases": null, "category": "industrial_cluster", "province_code": "75", "province_en": "Dong Nai", "former_province_code": "75", "status": "unknown", "area_ha": 44.376507124725315, "developer": null, "website": null, "geometry_type": "polygon", "location_accuracy": "site", "part_count": 1, "osm_ids": "osm_way_1074421163", "source": "OpenStreetMap", "source_url": "https://www.openstreetmap.org/way/1074421163", "verified_on": "2026-08-31", "attribute_source": "osm", "geometry_observed_on": "2026-08-31" }, "geometry": { "type": "Polygon", "coordinates": [ [ [ 107.16985720029885, 11.08141179982791 ], [ 107.1686295003, 11.081439599827242 ], [ 107.168513500300122, 11.081442299827179 ], [ 107.168399600300219, 11.081444799827119 ], [ 107.166980800301559, 11.08147789982635 ], [ 107.165385700303077, 11.081512999825478 ], [ 107.164551500303872, 11.081531899825025 ], [ 107.164580800304634, 11.082970099824582 ], [ 107.16458450030467, 11.083051699824559 ], [ 107.164596700304699, 11.083124899824538 ], [ 107.164615100304729, 11.083202899824522 ], [ 107.164631000304752, 11.083277299824511 ], [ 107.16501950030532, 11.084984499824181 ], [ 107.165043600305381, 11.085096799824157 ], [ 107.165058700305423, 11.085214999824121 ], [ 107.165066200305461, 11.085308099824102 ], [ 107.165067700305514, 11.085389399824075 ], [ 107.165064700305578, 11.085482499824048 ], [ 107.165032300305882, 11.086004099823864 ], [ 107.165027800305936, 11.086063199823839 ], [ 107.165027800305964, 11.086120799823821 ], [ 107.165032300305981, 11.086178499823808 ], [ 107.165039900305999, 11.086241999823788 ], [ 107.165133200306343, 11.086994099823601 ], [ 107.16525220030627, 11.087073899823642 ], [ 107.16537560030622, 11.087175899823675 ], [ 107.165496100306157, 11.087280799823708 ], [ 107.165610500306101, 11.087390099823731 ], [ 107.165709900306084, 11.087499499823746 ], [ 107.165803300306052, 11.087610299823764 ], [ 107.165892100306039, 11.087726999823774 ], [ 107.165991500306021, 11.087873299823782 ], [ 107.166551600305354, 11.08758299982418 ], [ 107.167704100304093, 11.087290499824888 ], [ 107.170403200301422, 11.087007899826427 ], [ 107.170931900300928, 11.086997599826722 ], [ 107.172461000299506, 11.087014799827534 ], [ 107.171936900299372, 11.085886899827607 ], [ 107.171238500299168, 11.084383999827709 ], [ 107.171160200299184, 11.08421569982773 ], [ 107.171085700299145, 11.084055299827735 ], [ 107.169869500298844, 11.081438299827914 ], [ 107.16985720029885, 11.08141179982791 ] ] ] } },
{ "type": "Feature", "properties": { "id": "osm_way_762471603", "name_vi": "Cụm công nghiệp Phú Thạnh - Vĩnh Thanh", "name_en": null, "aliases": null, "category": "industrial_cluster", "province_code": "75", "province_en": "Dong Nai", "former_province_code": "75", "status": "unknown", "area_ha": 85.669153639745929, "developer": null, "website": null, "geometry_type": "polygon", "location_accuracy": "site", "part_count": 1, "osm_ids": "osm_way_762471603", "source": "OpenStreetMap", "source_url": "https://www.openstreetmap.org/way/762471603", "verified_on": "2026-08-31", "attribute_source": "osm", "geometry_observed_on": "2026-08-31" }, "geometry": { "type": "Polygon", "coordinates": [ [ [ 106.842985100742965, 10.695115399574963 ], [ 106.842867100747711, 10.703485999572248 ], [ 106.845243600745462, 10.703504799573526 ], [ 106.847244500743585, 10.703528199574592 ], [ 106.851267800739905, 10.7037284995767 ], [ 106.852072500738799, 10.703116999577324 ], [ 106.852104700738124, 10.701925799577715 ], [ 106.852292400737326, 10.700829399578158 ], [ 106.852566000736431, 10.699690799578667 ], [ 106.8535316007343, 10.697497999579873 ], [ 106.842985100742965, 10.695115399574963 ] ] ] } },
{ "type": "Feature", "properties": { "id": "osm_way_1016187111", "name_vi": "Cụm Công nghiệp Thạnh Phú - Thiện Tân", "name_en": null, "aliases": null, "category": "industrial_cluster", "province_code": "75", "province_en": "Dong Nai", "former_province_code": "75", "status": "unknown", "area_ha": 92.304264527764772, "developer": null, "website": null, "geometry_type": "polygon", "location_accuracy": "site", "part_count": 1, "osm_ids": "osm_way_1016187111", "source": "OpenStreetMap", "source_url": "https://www.openstreetmap.org/way/1016187111", "verified_on": "2026-08-31", "attribute_source": "osm", "geometry_observed_on": "2026-08-31" }, "geometry": { "type": "Polygon", "coordinates": [ [ [ 106.8549145009071, 11.01104039948166 ], [ 106.85584330090623, 11.011103099482137 ], [ 106.855828000906314, 11.011238599482084 ], [ 106.856650600905581, 11.011310299482506 ], [ 106.856652900905672, 11.011463899482463 ], [ 106.857198900905146, 11.01145309948275 ], [ 106.857109300905464, 11.011856599482583 ], [ 106.857143700905411, 11.011863699482594 ], [ 106.857717500904968, 11.011982399482866 ], [ 106.858582900904238, 11.012161499483266 ], [ 106.858609900904213, 11.012167099483289 ], [ 106.858351800905481, 11.014018699482557 ], [ 106.859130800904836, 11.014173999482932 ], [ 106.8591654009048, 11.014179899482945 ], [ 106.859910900904168, 11.014291199483313 ], [ 106.860001800904087, 11.014300599483358 ], [ 106.860083100904006, 11.014313099483394 ], [ 106.860144500903971, 11.01432719948343 ], [ 106.860371500903781, 11.014405899483522 ], [ 106.860499000903687, 11.014449699483578 ], [ 106.86081400090346, 11.014560499483709 ], [ 106.860976000903065, 11.014111799483938 ], [ 106.860784500903208, 11.01405949948386 ], [ 106.860910200902893, 11.01369259948404 ], [ 106.861065800902878, 11.013929599484047 ], [ 106.861441300902513, 11.01392959948425 ], [ 106.862246000901379, 11.013276599484888 ], [ 106.862251300901278, 11.013092299484947 ], [ 106.862718000900827, 11.013044899485216 ], [ 106.862755600900726, 11.012944899485275 ], [ 106.863372500900155, 11.012965999485589 ], [ 106.863404700899963, 11.012681599485699 ], [ 106.863774800899634, 11.012702699485889 ], [ 106.863847700898717, 11.011160899486413 ], [ 106.863879600898315, 11.010531999486629 ], [ 106.863993900898208, 11.010536099486691 ], [ 106.864325100897844, 11.0104276994869 ], [ 106.864506500897605, 11.010328399487028 ], [ 106.864682400897394, 11.010232399487155 ], [ 106.864704400897367, 11.010221299487171 ], [ 106.864795500896776, 11.009318999487506 ], [ 106.864794200896725, 11.009240099487519 ], [ 106.8645952008969, 11.009207299487429 ], [ 106.864606800896766, 11.008950699487519 ], [ 106.864594300896741, 11.008896799487527 ], [ 106.864437000896501, 11.00822719948766 ], [ 106.864535100896404, 11.008201899487723 ], [ 106.864508300896375, 11.008101799487729 ], [ 106.864381700896189, 11.007581999487824 ], [ 106.863870300896309, 11.00688829948777 ], [ 106.86379280089632, 11.006783199487767 ], [ 106.863643400896478, 11.006790099487681 ], [ 106.863136700896945, 11.006813499487398 ], [ 106.863120500896954, 11.006814299487395 ], [ 106.862678400897408, 11.00686009948714 ], [ 106.862676400897442, 11.006910599487124 ], [ 106.862473800897632, 11.006903799487016 ], [ 106.862359900897715, 11.006883999486963 ], [ 106.862283300897786, 11.006857699486927 ], [ 106.862225400897842, 11.006826799486912 ], [ 106.862197800897889, 11.006892899486873 ], [ 106.860489500899433, 11.006769699485995 ], [ 106.860462300899457, 11.006768599485985 ], [ 106.860466100899416, 11.006694799486008 ], [ 106.86049010089917, 11.006256199486161 ], [ 106.860520400898892, 11.0058516994863 ], [ 106.860536400898766, 11.005641999486377 ], [ 106.860553000898619, 11.005463499486444 ], [ 106.860414500898713, 11.005332099486411 ], [ 106.860205700898817, 11.005151299486357 ], [ 106.860020700898914, 11.004991999486309 ], [ 106.859793100898997, 11.004800599486245 ], [ 106.859671300899038, 11.004649199486225 ], [ 106.859595800899015, 11.004529299486224 ], [ 106.859411400899049, 11.004231599486221 ], [ 106.859303000899061, 11.004100399486202 ], [ 106.859217100899087, 11.003995899486188 ], [ 106.859055600899168, 11.003838099486147 ], [ 106.85890400089923, 11.003691999486113 ], [ 106.858811900899269, 11.003604499486096 ], [ 106.858524700899437, 11.003412899485999 ], [ 106.858303600899546, 11.00326539948593 ], [ 106.858073100899688, 11.003099899485864 ], [ 106.858002300899713, 11.003040199485845 ], [ 106.857859800899803, 11.002948399485787 ], [ 106.857756900899872, 11.00290969948575 ], [ 106.857653800899968, 11.002904999485693 ], [ 106.857573900900036, 11.002909499485648 ], [ 106.856400200901163, 11.002950899485013 ], [ 106.856121500901494, 11.003040299484828 ], [ 106.855506800902162, 11.003207799484446 ], [ 106.853312500904579, 11.003834199483073 ], [ 106.853091500904839, 11.003897299482935 ], [ 106.853151200904833, 11.004006099482933 ], [ 106.853322900904828, 11.004285099482935 ], [ 106.85360550090482, 11.004741199482943 ], [ 106.853848900904808, 11.005134599482952 ], [ 106.853987700904767, 11.005321799482964 ], [ 106.854187900904719, 11.005561199482994 ], [ 106.854612700904582, 11.006045099483071 ], [ 106.854791400904517, 11.006254999483103 ], [ 106.855037000904474, 11.006558999483135 ], [ 106.855095500904469, 11.00664439948314 ], [ 106.855158000904481, 11.006768599483141 ], [ 106.855199600904484, 11.00685699948313 ], [ 106.855243800904489, 11.006939599483125 ], [ 106.85527650090458, 11.007159699483079 ], [ 106.855306000904676, 11.007387899483016 ], [ 106.855301800904897, 11.007721299482908 ], [ 106.8552984009049, 11.007786899482891 ], [ 106.855216300905354, 11.008421799482649 ], [ 106.855117600905899, 11.009279399482326 ], [ 106.855070200906155, 11.009629999482188 ], [ 106.855038600906354, 11.009922299482076 ], [ 106.854977900906718, 11.010478299481875 ], [ 106.8549145009071, 11.01104039948166 ] ] ] } },
{ "type": "Feature", "properties": { "id": "osm_node_12535607272", "name_vi": "Amata City Long Thanh Industrial Park", "name_en": null, "aliases": null, "category": "industrial_park", "province_code": "75", "province_en": "Dong Nai", "former_province_code": "75", "status": "unknown", "area_ha": null, "developer": null, "website": "https://directorsdirectory.com/amata-city-long-thanh-industrial-park/", "geometry_type": "point", "location_accuracy": "locality", "part_count": 1, "osm_ids": "osm_node_12535607272", "source": "OpenStreetMap", "source_url": "https://www.openstreetmap.org/node/12535607272", "verified_on": "2026-08-31", "attribute_source": "osm", "geometry_observed_on": "2026-08-31" }, "geometry": { "type": "Point", "coordinates": [ 106.9245156, 10.78016 ] } },
{ "type": "Feature", "properties": { "id": "osm_way_597919509", "name_vi": "Chon Thanh I Industrial Zone", "name_en": null, "aliases": null, "category": "industrial_park", "province_code": "75", "province_en": "Dong Nai", "former_province_code": "70", "status": "unknown", "area_ha": 246.3112455081002, "developer": null, "website": null, "geometry_type": "polygon", "location_accuracy": "site", "part_count": 1, "osm_ids": "osm_way_597919509", "source": "OpenStreetMap", "source_url": "https://www.openstreetmap.org/way/597919509", "verified_on": "2026-08-31", "attribute_source": "osm", "geometry_observed_on": "2026-08-31" }, "geometry": { "type": "Polygon", "coordinates": [ [ [ 106.591931701012427, 11.393224499419844 ], [ 106.592381001013791, 11.396445499419073 ], [ 106.594226301012156, 11.396613799420004 ], [ 106.594483801012814, 11.398233399419624 ], [ 106.605577401002094, 11.397665499425722 ], [ 106.609455900998441, 11.397639199427793 ], [ 106.609509600997569, 11.396145699428295 ], [ 106.610925800996242, 11.396156199429043 ], [ 106.610952600996072, 11.395882799429145 ], [ 106.611961100995131, 11.395914299429675 ], [ 106.611982600993969, 11.393837199430342 ], [ 106.611033100994803, 11.393758299429857 ], [ 106.6109365009941, 11.392317399430262 ], [ 106.613688500991486, 11.392248999431756 ], [ 106.613795700990948, 11.391439199432067 ], [ 106.615442600987265, 11.387621299434139 ], [ 106.611901000990443, 11.387360799432344 ], [ 106.607499300994391, 11.38703629943009 ], [ 106.602729000998735, 11.38678779942763 ], [ 106.59960960100149, 11.386545899426045 ], [ 106.598960501002026, 11.386340799425763 ], [ 106.596472701003464, 11.384751299424938 ], [ 106.596289001003655, 11.384807799424822 ], [ 106.5960087010059, 11.388377299423549 ], [ 106.596067601006979, 11.390404499422939 ], [ 106.594361801008603, 11.390462399422011 ], [ 106.594446301010066, 11.393220599421188 ], [ 106.591931701012427, 11.393224499419844 ] ] ] } },
{ "type": "Feature", "properties": { "id": "osm_way_583464295", "name_vi": "Khu công nghiệp Amata", "name_en": null, "aliases": "Khu công nghiệp Amata (mở rộng)", "category": "industrial_park", "province_code": "75", "province_en": "Dong Nai", "former_province_code": "75", "status": "unknown", "area_ha": 600.11563314173122, "developer": null, "website": null, "geometry_type": "polygon", "location_accuracy": "site", "part_count": 2, "osm_ids": "osm_way_1016015905|osm_way_583464295", "source": "OpenStreetMap", "source_url": "https://www.openstreetmap.org/way/583464295", "verified_on": "2026-08-31", "attribute_source": "osm", "geometry_observed_on": "2026-08-31" }, "geometry": { "type": "MultiPolygon", "coordinates": [ [ [ [ 106.890529800838905, 10.948973999520362 ], [ 106.890568200838999, 10.949173499520324 ], [ 106.889087000840689, 10.949687099519366 ], [ 106.889126100840699, 10.949796999519352 ], [ 106.889175300840719, 10.949901199519351 ], [ 106.889207100840736, 10.949992899519328 ], [ 106.889234700840717, 10.950009399519342 ], [ 106.889573500840612, 10.950391299519396 ], [ 106.889607700840614, 10.950456199519401 ], [ 106.889601900840674, 10.950528999519378 ], [ 106.889374900841005, 10.950753599519183 ], [ 106.889145500841337, 10.950991699518989 ], [ 106.888879900841758, 10.951281299518746 ], [ 106.888763200841936, 10.95139499951865 ], [ 106.888550900842233, 10.951555299518491 ], [ 106.888418500842405, 10.951646199518388 ], [ 106.894257400840672, 10.958475999519372 ], [ 106.894573200840341, 10.958410499519561 ], [ 106.894620400840438, 10.958677799519494 ], [ 106.895299900839717, 10.958519099519911 ], [ 106.895529500839473, 10.958468199520054 ], [ 106.896301800838629, 10.958285599520526 ], [ 106.897406000837449, 10.95806489952118 ], [ 106.897629400837218, 10.958022899521318 ], [ 106.898510400836315, 10.957858099521838 ], [ 106.898729000836084, 10.957835399521963 ], [ 106.898959300835884, 10.957824899522102 ], [ 106.899404700835419, 10.957762299522352 ], [ 106.899514500835281, 10.957747299522426 ], [ 106.899994100834832, 10.957724299522683 ], [ 106.900082100834751, 10.957716299522728 ], [ 106.900857700833953, 10.957594099523194 ], [ 106.900976900833825, 10.957592299523252 ], [ 106.901096800833727, 10.957595999523315 ], [ 106.90138800083345, 10.957635799523459 ], [ 106.901623900833258, 10.95765739952358 ], [ 106.902488500832504, 10.957769099524004 ], [ 106.902962700832092, 10.957826699524245 ], [ 106.903378500831735, 10.957893499524451 ], [ 106.903742900831389, 10.957924299524628 ], [ 106.904019600831163, 10.957978599524766 ], [ 106.904341200830913, 10.958080599524907 ], [ 106.904536900830763, 10.95815259952499 ], [ 106.904733900830635, 10.958239999525059 ], [ 106.904802200830531, 10.958158499525133 ], [ 106.904633200830204, 10.957251199525322 ], [ 106.904615900830052, 10.956985899525398 ], [ 106.904629200829987, 10.956897999525435 ], [ 106.904695500829902, 10.956842599525489 ], [ 106.905187300829354, 10.956740999525776 ], [ 106.905341300829207, 10.956680299525884 ], [ 106.905546700828964, 10.956617099526012 ], [ 106.905791400828704, 10.956552399526162 ], [ 106.906072700828418, 10.956508999526328 ], [ 106.906054200827811, 10.955390199526674 ], [ 106.906018100827424, 10.954654099526886 ], [ 106.905968800826926, 10.953667299527176 ], [ 106.905963300826855, 10.953530699527212 ], [ 106.905937300826793, 10.953339799527258 ], [ 106.905862600826694, 10.953059499527306 ], [ 106.905836300826678, 10.952986999527321 ], [ 106.905783800826683, 10.952927299527307 ], [ 106.905750400826719, 10.95291609952729 ], [ 106.90568340082676, 10.952896199527265 ], [ 106.905596200826849, 10.952890599527219 ], [ 106.905317600827132, 10.952898199527068 ], [ 106.905295800827147, 10.952894099527063 ], [ 106.905274500827161, 10.952885699527046 ], [ 106.905256300827148, 10.952854399527048 ], [ 106.905233200827084, 10.952701199527077 ], [ 106.905195800826732, 10.952015199527279 ], [ 106.905165500826641, 10.951776899527333 ], [ 106.905131400826633, 10.951695099527351 ], [ 106.905060000826666, 10.951626999527326 ], [ 106.904971700826735, 10.95159379952729 ], [ 106.904805000826883, 10.951593599527202 ], [ 106.902627000828986, 10.951709599525993 ], [ 106.901167200830457, 10.951825299525176 ], [ 106.900546100831065, 10.951882699524827 ], [ 106.9003145008313, 10.951909199524696 ], [ 106.899884900831751, 10.951962299524446 ], [ 106.899677200831945, 10.951989699524328 ], [ 106.899569900832063, 10.95199359952427 ], [ 106.89929070083231, 10.952003699524118 ], [ 106.899223300832389, 10.952025499524069 ], [ 106.899175800832438, 10.952019299524039 ], [ 106.899104700832481, 10.95198209952402 ], [ 106.8989878008326, 10.951971099523956 ], [ 106.89891420083265, 10.951980699523915 ], [ 106.898844700832726, 10.951955399523889 ], [ 106.898813300832714, 10.951903699523889 ], [ 106.898803200832646, 10.951756599523925 ], [ 106.898758900831979, 10.950493899524309 ], [ 106.898802400831926, 10.950484099524331 ], [ 106.899139000831511, 10.950285999524572 ], [ 106.89943980083109, 10.950042799524811 ], [ 106.899756800830104, 10.948801299525368 ], [ 106.899853400829784, 10.948423199525546 ], [ 106.899852900827625, 10.94452359952678 ], [ 106.899852100824049, 10.938064499528815 ], [ 106.899694600824176, 10.938036699528743 ], [ 106.900003500823104, 10.936662199529341 ], [ 106.899060300823223, 10.93521319952929 ], [ 106.89898930082326, 10.935197099529253 ], [ 106.89894010082331, 10.935185999529239 ], [ 106.887266500832865, 10.932544499523802 ], [ 106.88381070083571, 10.931762499522197 ], [ 106.88380370083577, 10.931829699522167 ], [ 106.883840000835804, 10.931983999522135 ], [ 106.883786500836024, 10.932268899522022 ], [ 106.883757300836123, 10.932422699521949 ], [ 106.883754800836186, 10.93251679952192 ], [ 106.883846100836166, 10.932630299521936 ], [ 106.883758600836359, 10.932867799521814 ], [ 106.883726300836514, 10.933046799521739 ], [ 106.883486800837218, 10.933903599521342 ], [ 106.883415800837426, 10.934191399521211 ], [ 106.883396000837564, 10.934401699521137 ], [ 106.883311600837814, 10.934695899521 ], [ 106.883278400837909, 10.934821499520941 ], [ 106.883245000838002, 10.934922899520888 ], [ 106.883221300838088, 10.935052299520832 ], [ 106.883212000838142, 10.935144399520794 ], [ 106.883209800838202, 10.935213599520782 ], [ 106.883189600838264, 10.935315199520739 ], [ 106.882800200839327, 10.936542199520137 ], [ 106.882725400839618, 10.936947999519967 ], [ 106.882740200839663, 10.937034899519954 ], [ 106.882687500839793, 10.937180799519883 ], [ 106.882659700839852, 10.937267499519836 ], [ 106.882582700840004, 10.937442099519739 ], [ 106.882590700840055, 10.937506199519721 ], [ 106.882619500840065, 10.937578899519712 ], [ 106.882647100840074, 10.937656499519704 ], [ 106.882659700840108, 10.937708499519692 ], [ 106.882633000840158, 10.93779169951965 ], [ 106.882537100840352, 10.937944399519553 ], [ 106.882366000840619, 10.938130999519407 ], [ 106.882145900840953, 10.938392099519204 ], [ 106.882158600841024, 10.938513999519166 ], [ 106.88219600084112, 10.938737899519117 ], [ 106.882220600841094, 10.938788799519116 ], [ 106.882287500841073, 10.938795399519154 ], [ 106.882339400841019, 10.938826099519167 ], [ 106.882398600840986, 10.9388539995192 ], [ 106.882458100840935, 10.938907499519209 ], [ 106.882485000840973, 10.938963699519206 ], [ 106.882490600841123, 10.939244599519117 ], [ 106.882499700841123, 10.939291799519102 ], [ 106.882541900841147, 10.939383399519102 ], [ 106.882571500841138, 10.939452499519088 ], [ 106.882629600841142, 10.939536399519103 ], [ 106.882667700841125, 10.939583499519111 ], [ 106.882705100841136, 10.939626199519111 ], [ 106.882750500841098, 10.93966459951913 ], [ 106.882768200841141, 10.939764899519101 ], [ 106.882790900841172, 10.939866499519079 ], [ 106.882788400841278, 10.940025099519033 ], [ 106.882775800841316, 10.940089499519004 ], [ 106.882758100841357, 10.940143999518979 ], [ 106.882700100841433, 10.940200999518924 ], [ 106.882662200841523, 10.940267899518883 ], [ 106.882639500841577, 10.940324899518849 ], [ 106.882634500841604, 10.940379399518839 ], [ 106.88263950084162, 10.940416499518824 ], [ 106.882631900841645, 10.940443799518818 ], [ 106.882606700841677, 10.940461099518801 ], [ 106.882533500841745, 10.940475999518751 ], [ 106.882432600841867, 10.940498299518694 ], [ 106.882389700841941, 10.940542899518652 ], [ 106.882354400842019, 10.940637099518607 ], [ 106.88233670084206, 10.940689099518579 ], [ 106.882354400842075, 10.940741099518574 ], [ 106.882394700842056, 10.94079069951858 ], [ 106.882707700841934, 10.941120199518643 ], [ 106.882732900841944, 10.941159799518648 ], [ 106.882844600841864, 10.941180099518697 ], [ 106.882896800841834, 10.941251999518702 ], [ 106.882859700841877, 10.941281399518674 ], [ 106.882838500841942, 10.941309099518655 ], [ 106.882847500841919, 10.941335499518649 ], [ 106.882872500841927, 10.941360199518655 ], [ 106.88291450084192, 10.941430599518657 ], [ 106.882987100841873, 10.941484399518675 ], [ 106.883068900841835, 10.941508899518713 ], [ 106.883156800841775, 10.941573599518742 ], [ 106.883213600841771, 10.941640799518748 ], [ 106.88327190084172, 10.941690399518768 ], [ 106.883320600841714, 10.941745499518774 ], [ 106.883351100841693, 10.941781699518776 ], [ 106.883377000841719, 10.941817299518789 ], [ 106.883427400841711, 10.941933499518766 ], [ 106.883484900841736, 10.942056699518769 ], [ 106.88352530084174, 10.942100499518773 ], [ 106.883542900841746, 10.942173099518765 ], [ 106.883658400841696, 10.942272199518792 ], [ 106.883764300841619, 10.942350499518822 ], [ 106.883848000841596, 10.94240999951885 ], [ 106.883941600841538, 10.942473099518876 ], [ 106.884016100841492, 10.942542899518891 ], [ 106.884076700841476, 10.942605099518909 ], [ 106.884167700841445, 10.942657399518945 ], [ 106.884228500841402, 10.942716999518959 ], [ 106.88430400084134, 10.942745099518989 ], [ 106.884377300841322, 10.942817999519006 ], [ 106.88444760084127, 10.942864799519027 ], [ 106.884510000841274, 10.942952399519031 ], [ 106.884521200841277, 10.942998699519023 ], [ 106.884525000841293, 10.943051099519012 ], [ 106.884545100841322, 10.943101699519008 ], [ 106.884561900841319, 10.943151299519 ], [ 106.884609400841313, 10.943212399519004 ], [ 106.884660500841292, 10.943263999519015 ], [ 106.88472320084125, 10.943319699519025 ], [ 106.884802000841219, 10.943387899519049 ], [ 106.884823900841241, 10.943437599519051 ], [ 106.884903900841181, 10.943471299519082 ], [ 106.884924100841175, 10.943502899519086 ], [ 106.884970600841143, 10.943520299519106 ], [ 106.885020000841081, 10.94351489951913 ], [ 106.885095500841047, 10.943543399519156 ], [ 106.885251300840864, 10.943501099519255 ], [ 106.885304300840787, 10.943461499519294 ], [ 106.885369900840743, 10.943456499519336 ], [ 106.885415300840705, 10.943466399519355 ], [ 106.885488500840623, 10.943493699519383 ], [ 106.885565400840591, 10.943538299519416 ], [ 106.885662600840533, 10.943595299519446 ], [ 106.885735800840479, 10.943624999519477 ], [ 106.885806400840451, 10.943674599519504 ], [ 106.885912400840368, 10.943733999519543 ], [ 106.886008300840331, 10.943825699519557 ], [ 106.886063800840304, 10.943867799519575 ], [ 106.886164800840263, 10.943942099519607 ], [ 106.886250600840214, 10.944023899519634 ], [ 106.886339600840145, 10.944058399519662 ], [ 106.886416200840102, 10.944104699519691 ], [ 106.886486800840046, 10.944140999519714 ], [ 106.886632200839912, 10.944151599519794 ], [ 106.886705400839872, 10.944171599519832 ], [ 106.886792000839819, 10.944217499519864 ], [ 106.88683710083977, 10.944247499519875 ], [ 106.886840500839781, 10.944266899519869 ], [ 106.886867700839773, 10.944294699519874 ], [ 106.886901600839764, 10.944313499519891 ], [ 106.886908700839754, 10.944332899519878 ], [ 106.886944100839727, 10.944358299519896 ], [ 106.886975300839794, 10.944474799519881 ], [ 106.887007000839773, 10.944529999519878 ], [ 106.887041300839769, 10.944560999519888 ], [ 106.88709390083973, 10.944605999519894 ], [ 106.887130500839717, 10.94463159951991 ], [ 106.887193500839672, 10.944665499519926 ], [ 106.887260500839631, 10.944698899519953 ], [ 106.887385400839534, 10.94475029952001 ], [ 106.887540200839425, 10.944810399520076 ], [ 106.887626600839354, 10.944837999520111 ], [ 106.887677400839351, 10.94488059952012 ], [ 106.887721300839289, 10.944897599520136 ], [ 106.887783100839258, 10.944941399520159 ], [ 106.887805500839249, 10.944944699520175 ], [ 106.887830600839251, 10.944955499520184 ], [ 106.887870400839205, 10.944978199520195 ], [ 106.887907400839197, 10.945001499520217 ], [ 106.88793640083918, 10.94503889952021 ], [ 106.887989100839164, 10.945088199520228 ], [ 106.888050800839181, 10.94523349952021 ], [ 106.888068200839228, 10.945319399520196 ], [ 106.888104200839209, 10.945371299520199 ], [ 106.888140600839208, 10.945420199520205 ], [ 106.888187800839162, 10.945463499520214 ], [ 106.888235900839163, 10.945493399520229 ], [ 106.888282300839137, 10.945528899520246 ], [ 106.888334900839098, 10.945554999520265 ], [ 106.888398400839066, 10.94561249952028 ], [ 106.888478800839025, 10.945647999520318 ], [ 106.888531100838975, 10.945682799520327 ], [ 106.888566100838958, 10.945705199520338 ], [ 106.888607800838926, 10.94572359952036 ], [ 106.888703000838873, 10.94577849952039 ], [ 106.88880990083878, 10.945822599520437 ], [ 106.888892900838741, 10.945851199520469 ], [ 106.8889630008387, 10.945921299520485 ], [ 106.889084700838637, 10.946024199520522 ], [ 106.88913790083862, 10.946092599520524 ], [ 106.889218900838571, 10.946099899520574 ], [ 106.88929560083848, 10.94608919952061 ], [ 106.889391900838419, 10.946097799520667 ], [ 106.889470400838334, 10.946118399520699 ], [ 106.889521100838294, 10.946149799520715 ], [ 106.889553800838286, 10.946181799520717 ], [ 106.889594100838266, 10.946209099520736 ], [ 106.889667300838255, 10.94631069952074 ], [ 106.889714000838282, 10.94647209952071 ], [ 106.889761900838309, 10.946592199520701 ], [ 106.889837300838323, 10.946734499520701 ], [ 106.889879900838352, 10.946816999520701 ], [ 106.889916200838329, 10.946857999520699 ], [ 106.889980300838303, 10.946907599520721 ], [ 106.890077100838269, 10.947030099520731 ], [ 106.890098200838281, 10.947113199520714 ], [ 106.890129500838285, 10.947160699520722 ], [ 106.890144700838292, 10.947192499520725 ], [ 106.890164400838302, 10.947252099520709 ], [ 106.890194700838293, 10.947294199520716 ], [ 106.890269400838278, 10.947404699520716 ], [ 106.890320800838268, 10.94745869952073 ], [ 106.890379000838251, 10.947519799520744 ], [ 106.89036380083833, 10.947626199520705 ], [ 106.890320100838395, 10.947675199520667 ], [ 106.890311900838455, 10.947753699520636 ], [ 106.890325800838497, 10.947875399520601 ], [ 106.890380900838551, 10.948059199520573 ], [ 106.890358800838641, 10.948188599520517 ], [ 106.890339500838721, 10.94828869952048 ], [ 106.890346100838741, 10.94834969952046 ], [ 106.89036380083877, 10.94839429952046 ], [ 106.890388100838749, 10.948447199520452 ], [ 106.890414300838756, 10.948478499520457 ], [ 106.890489600838706, 10.948536199520477 ], [ 106.890574200838671, 10.948575299520508 ], [ 106.890684400838609, 10.948676799520536 ], [ 106.890752000838617, 10.948763699520546 ], [ 106.890774800838614, 10.94883309952054 ], [ 106.890807300838631, 10.948920299520529 ], [ 106.890779800838672, 10.948980699520492 ], [ 106.890529800838905, 10.948973999520362 ] ] ], [ [ [ 106.932239600804763, 10.958472999539765 ], [ 106.932177100804765, 10.958357499539767 ], [ 106.932071100804833, 10.95828049953974 ], [ 106.931753000805017, 10.958093699539626 ], [ 106.930283600805978, 10.95731839953908 ], [ 106.929871900806233, 10.957101199538926 ], [ 106.929768900806323, 10.957046799538888 ], [ 106.92967540080636, 10.956997499538851 ], [ 106.928136900807388, 10.95618569953829 ], [ 106.928075000807425, 10.956169599538251 ], [ 106.928035700807456, 10.956176699538236 ], [ 106.927994500807515, 10.956199499538203 ], [ 106.927958800807573, 10.956234599538178 ], [ 106.92792840080763, 10.956271499538142 ], [ 106.926300800808704, 10.955420699537537 ], [ 106.926368700808553, 10.955299499537615 ], [ 106.925246400809314, 10.954733099537195 ], [ 106.925065600809404, 10.954636299537119 ], [ 106.913461900819939, 10.95385059953114 ], [ 106.913312500820084, 10.95382619953106 ], [ 106.913026100820318, 10.953783399530929 ], [ 106.908331200824321, 10.953006999528649 ], [ 106.908042700824581, 10.952992599528503 ], [ 106.908326100824553, 10.953426899528507 ], [ 106.908517600824524, 10.953688399528536 ], [ 106.908742100824497, 10.954014799528551 ], [ 106.908839000824571, 10.954293599528517 ], [ 106.908841200824654, 10.95444699952847 ], [ 106.908918200824687, 10.954645899528447 ], [ 106.909208800824658, 10.955062999528472 ], [ 106.909294700824645, 10.955214299528475 ], [ 106.909396000824614, 10.955311599528498 ], [ 106.909534700824494, 10.955352599528554 ], [ 106.909715200824337, 10.955402299528638 ], [ 106.909893500824268, 10.955544999528684 ], [ 106.910247900824203, 10.956024799528727 ], [ 106.910267700824235, 10.956111299528706 ], [ 106.910214900824343, 10.956219299528648 ], [ 106.910221500824377, 10.956329599528619 ], [ 106.910298600824376, 10.956409499528634 ], [ 106.91045050082424, 10.956452699528699 ], [ 106.910648600824089, 10.956504599528792 ], [ 106.910853300823931, 10.956562999528886 ], [ 106.911042700823785, 10.956664599528949 ], [ 106.911505500823452, 10.956816499529152 ], [ 106.91165900082332, 10.956863099529217 ], [ 106.911885700823163, 10.956964699529301 ], [ 106.912226900822901, 10.957094399529451 ], [ 106.912420700822778, 10.957167899529528 ], [ 106.912640800822587, 10.957204599529637 ], [ 106.912854300822431, 10.957252199529734 ], [ 106.912982000822282, 10.957243499529811 ], [ 106.913089900822172, 10.957215399529881 ], [ 106.913182400822095, 10.957232699529921 ], [ 106.913266000822034, 10.957288899529946 ], [ 106.913411300821934, 10.957334299530013 ], [ 106.913695300821686, 10.957414299530141 ], [ 106.91379880082161, 10.957425099530187 ], [ 106.913871400821591, 10.957481299530215 ], [ 106.913988600821469, 10.957504299530264 ], [ 106.913397400822831, 10.958928399529503 ], [ 106.913702000822624, 10.959074499529622 ], [ 106.913992700822419, 10.959214799529731 ], [ 106.914397500822162, 10.959402099529887 ], [ 106.915303400821514, 10.959812399530247 ], [ 106.915345400821479, 10.959828699530263 ], [ 106.91574490082121, 10.959967199530437 ], [ 106.915963700821024, 10.960016999530536 ], [ 106.916035800820964, 10.960035899530567 ], [ 106.916375200820681, 10.960120799530722 ], [ 106.916435200820629, 10.960154699530751 ], [ 106.916448800820632, 10.96018659953074 ], [ 106.916449100820671, 10.960245499530727 ], [ 106.916403700820837, 10.960473699530633 ], [ 106.916362700820955, 10.960636999530555 ], [ 106.916307100821143, 10.960844499530461 ], [ 106.916305500821167, 10.960852499530455 ], [ 106.916479800820994, 10.960854999530545 ], [ 106.916387000822013, 10.962538399529965 ], [ 106.916166700822203, 10.96252429952985 ], [ 106.916150800822336, 10.962727399529781 ], [ 106.916098700822616, 10.963110399529631 ], [ 106.916498100822224, 10.963129099529846 ], [ 106.917168900821608, 10.963158699530185 ], [ 106.918036200820822, 10.963203199530641 ], [ 106.918797600820113, 10.963228299531044 ], [ 106.919416600819545, 10.963259599531366 ], [ 106.920947900818135, 10.963336999532165 ], [ 106.921190800817925, 10.963350099532285 ], [ 106.921768700817395, 10.963376399532587 ], [ 106.921813800817347, 10.963380099532607 ], [ 106.923197600816096, 10.963477999533323 ], [ 106.923393100815915, 10.963489299533437 ], [ 106.923481500815825, 10.963496599533466 ], [ 106.924418300814992, 10.963578799533948 ], [ 106.924835700814612, 10.963572999534174 ], [ 106.925217400814219, 10.963545999534395 ], [ 106.925822000813611, 10.963487599534734 ], [ 106.926354800813073, 10.963433099535036 ], [ 106.926385900813059, 10.963428799535055 ], [ 106.926731300812691, 10.963369899535262 ], [ 106.926972600812434, 10.963315599535402 ], [ 106.926999600812408, 10.963308599535422 ], [ 106.927277100812105, 10.96324459953559 ], [ 106.927305100812077, 10.963237799535611 ], [ 106.927565500811781, 10.963169999535774 ], [ 106.928594700810592, 10.962739199536459 ], [ 106.928739700810397, 10.962666799536558 ], [ 106.928765000810372, 10.962654899536579 ], [ 106.929446100809557, 10.962315199537054 ], [ 106.929472100809519, 10.962302899537075 ], [ 106.931214500807343, 10.961374599538301 ], [ 106.931241000807319, 10.96136029953832 ], [ 106.931466600807013, 10.961234199538476 ], [ 106.931492700806999, 10.9612195995385 ], [ 106.931549300806935, 10.961194999538538 ], [ 106.933091800805016, 10.960378799539619 ], [ 106.933116200804989, 10.96036479953964 ], [ 106.933263600804807, 10.96028989953974 ], [ 106.932826400804686, 10.959345799539808 ], [ 106.93270850080475, 10.959233999539775 ], [ 106.932644100804765, 10.959146599539769 ], [ 106.932449200804768, 10.958833999539763 ], [ 106.932434200804749, 10.95876199953978 ], [ 106.932447200804717, 10.958704699539805 ], [ 106.932373100804838, 10.958807599539732 ], [ 106.932239600804763, 10.958472999539765 ] ] ] ] } },
{ "type": "Feature", "properties": { "id": "osm_way_1462512216", "name_vi": "Khu công nghiệp Bắc Đồng Phú", "name_en": null, "aliases": null, "category": "industrial_park", "province_code": "75", "province_en": "Dong Nai", "former_province_code": "70", "status": "unknown", "area_ha": 167.10464893022896, "developer": null, "website": null, "geometry_type": "polygon", "location_accuracy": "site", "part_count": 1, "osm_ids": "osm_way_1462512216", "source": "OpenStreetMap", "source_url": "https://www.openstreetmap.org/way/1462512216", "verified_on": "2026-08-31", "attribute_source": "osm", "geometry_observed_on": "2026-08-31" }, "geometry": { "type": "Polygon", "coordinates": [ [ [ 106.884061000789529, 11.484738999546803 ], [ 106.883527600787787, 11.480697499547794 ], [ 106.883319400786675, 11.478326199548434 ], [ 106.882838100784909, 11.474361099549425 ], [ 106.882421800783931, 11.471900399549984 ], [ 106.882460800783022, 11.470319499550502 ], [ 106.882603900781945, 11.468613399551121 ], [ 106.873185000790684, 11.468496299546132 ], [ 106.873185000796155, 11.478351699543012 ], [ 106.875513700794642, 11.479575599543873 ], [ 106.876853700793987, 11.480620999544261 ], [ 106.877100900794375, 11.481730199544034 ], [ 106.877660300794616, 11.483119899543896 ], [ 106.878675000794104, 11.483910299544185 ], [ 106.880353300793288, 11.485274399544647 ], [ 106.884061000789529, 11.484738999546803 ] ] ] } },
{ "type": "Feature", "properties": { "id": "osm_way_1462513965", "name_vi": "Khu công nghiệp Bắc Đồng Phú Khu B", "name_en": null, "aliases": null, "category": "industrial_park", "province_code": "75", "province_en": "Dong Nai", "former_province_code": "70", "status": "unknown", "area_ha": 408.11997269592126, "developer": null, "website": null, "geometry_type": "polygon", "location_accuracy": "site", "part_count": 1, "osm_ids": "osm_way_1462513965", "source": "OpenStreetMap", "source_url": "https://www.openstreetmap.org/way/1462513965", "verified_on": "2026-08-31", "attribute_source": "osm", "geometry_observed_on": "2026-08-31" }, "geometry": { "type": "Polygon", "coordinates": [ [ [ 106.89083310077838, 11.476092799553157 ], [ 106.891137600778023, 11.475965999553353 ], [ 106.891686900777472, 11.475915499553665 ], [ 106.892322100777022, 11.476167799553931 ], [ 106.893077400776335, 11.476201499554318 ], [ 106.893935700775415, 11.475982799554844 ], [ 106.894227500775003, 11.475747299555074 ], [ 106.894502200774767, 11.475780899555216 ], [ 106.894605200774507, 11.47546129955537 ], [ 106.895515000773401, 11.475006999555999 ], [ 106.895566500773228, 11.474771499556098 ], [ 106.895600800772925, 11.474317299556265 ], [ 106.895961300771944, 11.473173299556811 ], [ 106.896716600770304, 11.471440499557771 ], [ 106.897849600768467, 11.470077899558804 ], [ 106.898261600767654, 11.469320799559275 ], [ 106.898828100766934, 11.468933899559694 ], [ 106.899480400765924, 11.468244099560264 ], [ 106.900064000764871, 11.467335599560856 ], [ 106.900287200764225, 11.466561799561223 ], [ 106.900235700763929, 11.465922499561394 ], [ 106.90148880076282, 11.46602339956204 ], [ 106.901677600761531, 11.464004599562776 ], [ 106.901574600761279, 11.463365299562922 ], [ 106.901815000760877, 11.46304559956315 ], [ 106.90224410075929, 11.460925799564055 ], [ 106.902604600758664, 11.460404299564408 ], [ 106.901540300758626, 11.458536799564435 ], [ 106.900716300759342, 11.458452699564024 ], [ 106.900287200759522, 11.458048899563924 ], [ 106.899531900760095, 11.457796599563594 ], [ 106.898690700760355, 11.456854399563442 ], [ 106.898519100759827, 11.455626299563733 ], [ 106.896562100761031, 11.454498999563052 ], [ 106.895600800761173, 11.453119499562977 ], [ 106.892219100763967, 11.452412799561388 ], [ 106.889678500764973, 11.449956499560816 ], [ 106.888785900765967, 11.450276099560238 ], [ 106.887487900767752, 11.451289399559215 ], [ 106.886465100769072, 11.45198239955845 ], [ 106.885038900771008, 11.453032999557363 ], [ 106.883301300773326, 11.454285199556038 ], [ 106.88071830077682, 11.456200499554045 ], [ 106.881134400776716, 11.456745799554097 ], [ 106.881911500776226, 11.457155899554381 ], [ 106.882479400775736, 11.457258399554656 ], [ 106.882927700775582, 11.45771249955475 ], [ 106.883092100775912, 11.458576599554565 ], [ 106.882838100776397, 11.459015999554286 ], [ 106.885886600775834, 11.46314609955461 ], [ 106.885632600776674, 11.464229899554134 ], [ 106.886305100776454, 11.464947599554259 ], [ 106.88690280077634, 11.465767799554323 ], [ 106.886723500777464, 11.467510599553675 ], [ 106.884392200779615, 11.467437399552455 ], [ 106.884377300780002, 11.468125699552221 ], [ 106.884556600781139, 11.470498299551567 ], [ 106.885244000781171, 11.471684599551562 ], [ 106.88621540078077, 11.4725778995518 ], [ 106.886484400780617, 11.472782999551876 ], [ 106.887201700780082, 11.473046599552175 ], [ 106.887590200779883, 11.473324899552297 ], [ 106.887665000780146, 11.473939999552139 ], [ 106.888292600780176, 11.475023699552137 ], [ 106.888546700780381, 11.475829199552015 ], [ 106.89083310077838, 11.476092799553157 ] ] ] } },
{ "type": "Feature", "properties": { "id": "osm_way_321136900", "name_vi": "Khu công nghiệp Bàu Xéo", "name_en": "Bau Xeo Industrial Park", "aliases": "Bau Xeo Industrial Park", "category": "industrial_park", "province_code": "75", "province_en": "Dong Nai", "former_province_code": "75", "status": "unknown", "area_ha": 524.03266934487601, "developer": null, "website": null, "geometry_type": "polygon", "location_accuracy": "site", "part_count": 1, "osm_ids": "osm_way_321136900", "source": "OpenStreetMap", "source_url": "https://www.openstreetmap.org/way/321136900", "verified_on": "2026-08-31", "attribute_source": "osm", "geometry_observed_on": "2026-08-31" }, "geometry": { "type": "Polygon", "coordinates": [ [ [ 107.019709000722898, 10.959875199586339 ], [ 107.031737400711407, 10.959696799592852 ], [ 107.031925300714065, 10.964798999591336 ], [ 107.042661300703458, 10.963965199597375 ], [ 107.042680200698115, 10.954354199600427 ], [ 107.042149700697948, 10.953171099600517 ], [ 107.04091850069949, 10.953839799599642 ], [ 107.040519000699561, 10.953280399599603 ], [ 107.039739600700514, 10.953685499599056 ], [ 107.038693100700414, 10.951712599599118 ], [ 107.038572700700357, 10.951403499599147 ], [ 107.038443000699388, 10.949448399599694 ], [ 107.038405900698891, 10.948475499599983 ], [ 107.038318600693145, 10.937997899603253 ], [ 107.021404700710832, 10.941044899593191 ], [ 107.02148710071711, 10.952479999589618 ], [ 107.021514900718174, 10.954475899589006 ], [ 107.021167600718456, 10.95437129958886 ], [ 107.020176700719048, 10.953789199588511 ], [ 107.019253300720621, 10.955042999587613 ], [ 107.019132100720938, 10.955409499587434 ], [ 107.019237100721327, 10.95628119958721 ], [ 107.019338500722441, 10.95847029958658 ], [ 107.019709000722898, 10.959875199586339 ] ] ] } },
{ "type": "Feature", "properties": { "id": "osm_way_1461706252", "name_vi": "Khu công nghiệp Becamex", "name_en": null, "aliases": null, "category": "industrial_park", "province_code": "75", "province_en": "Dong Nai", "former_province_code": "70", "status": "unknown", "area_ha": 780.56639159835368, "developer": null, "website": null, "geometry_type": "polygon", "location_accuracy": "site", "part_count": 1, "osm_ids": "osm_way_1461706252", "source": "OpenStreetMap", "source_url": "https://www.openstreetmap.org/way/1461706252", "verified_on": "2026-08-31", "attribute_source": "osm", "geometry_observed_on": "2026-08-31" }, "geometry": { "type": "Polygon", "coordinates": [ [ [ 106.661489500966354, 11.427696999446054 ], [ 106.668336500956386, 11.421308799451719 ], [ 106.669127700955656, 11.421296599452143 ], [ 106.67294230095105, 11.419495399454748 ], [ 106.676956100946981, 11.418902599457068 ], [ 106.679409500944516, 11.418572099458483 ], [ 106.680302300943282, 11.417901599459169 ], [ 106.677367400944135, 11.414469699458689 ], [ 106.676852400940476, 11.406981699460777 ], [ 106.675496300941617, 11.40674619946013 ], [ 106.674844000940979, 11.404524999460479 ], [ 106.676028400938975, 11.402909599461619 ], [ 106.675324600939547, 11.4027580994613 ], [ 106.675238800939383, 11.40232059946139 ], [ 106.674157300940394, 11.402303799460823 ], [ 106.67398570094015, 11.401563399460963 ], [ 106.67347070094057, 11.401462399460714 ], [ 106.67166820094225, 11.401428799459771 ], [ 106.671342100940052, 11.396935799461014 ], [ 106.674226000936983, 11.396245899462764 ], [ 106.674105800936886, 11.39587569946282 ], [ 106.673539300933456, 11.388757399464767 ], [ 106.674105800932551, 11.388050699465289 ], [ 106.673230300932602, 11.386704399465252 ], [ 106.673333300932271, 11.386266899465443 ], [ 106.673453500931828, 11.385661099465699 ], [ 106.672492200932496, 11.385273999465308 ], [ 106.671685400933583, 11.3858461994647 ], [ 106.670741300934921, 11.386653899463933 ], [ 106.670775600935372, 11.387512199463682 ], [ 106.668698500937467, 11.387781399462487 ], [ 106.668698500938092, 11.388892099462147 ], [ 106.662415700946525, 11.393536599457322 ], [ 106.661608900947513, 11.393923599456768 ], [ 106.660510200948991, 11.394714499455937 ], [ 106.658656300950966, 11.395168899454804 ], [ 106.657523300952178, 11.395421299454132 ], [ 106.657437500953378, 11.397457499453436 ], [ 106.656630700954878, 11.398820499452569 ], [ 106.656536200957248, 11.402905599451234 ], [ 106.655714300958579, 11.403930999450472 ], [ 106.654324500959802, 11.403769899449779 ], [ 106.653786500960805, 11.404692799449199 ], [ 106.651873700965467, 11.409878399446544 ], [ 106.653233600965535, 11.412295399446503 ], [ 106.653696800965648, 11.413262199446452 ], [ 106.654578500966238, 11.415796399446121 ], [ 106.654384300966598, 11.416133299445907 ], [ 106.653472700968166, 11.41745169944501 ], [ 106.658060500967068, 11.423179099445646 ], [ 106.661489500966354, 11.427696999446054 ] ] ] } },
{ "type": "Feature", "properties": { "id": "osm_way_790558235", "name_vi": "Khu công nghiệp Becamex Bình Phước", "name_en": null, "aliases": null, "category": "industrial_park", "province_code": "75", "province_en": "Dong Nai", "former_province_code": "70", "status": "unknown", "area_ha": 403.7867516217442, "developer": null, "website": null, "geometry_type": "polygon", "location_accuracy": "site", "part_count": 1, "osm_ids": "osm_way_790558235", "source": "OpenStreetMap", "source_url": "https://www.openstreetmap.org/way/790558235", "verified_on": "2026-08-31", "attribute_source": "osm", "geometry_observed_on": "2026-08-31" }, "geometry": { "type": "Polygon", "coordinates": [ [ [ 106.643621900986943, 11.43462069943434 ], [ 106.643836500991711, 11.443580099431632 ], [ 106.639180200996137, 11.443685299429118 ], [ 106.639823901004249, 11.459416099424494 ], [ 106.653449500991329, 11.459142699431844 ], [ 106.65334220099038, 11.457270999432382 ], [ 106.648943400994526, 11.457313099430021 ], [ 106.648732700992184, 11.452717199431357 ], [ 106.655158200986136, 11.452694899434782 ], [ 106.656796900984602, 11.45266539943567 ], [ 106.656646700981298, 11.44648239943754 ], [ 106.659822400976765, 11.443685299440112 ], [ 106.655853800978221, 11.439604799439286 ], [ 106.653256400979188, 11.436934199438747 ], [ 106.651067700980533, 11.435672299437977 ], [ 106.648513000982248, 11.434466299436995 ], [ 106.648241500982493, 11.43441519943687 ], [ 106.648021800982676, 11.434396399436761 ], [ 106.643621900986943, 11.43462069943434 ] ] ] } },
{ "type": "Feature", "properties": { "id": "osm_way_568387663", "name_vi": "Khu công nghiệp Biên Hòa 1", "name_en": null, "aliases": null, "category": "industrial_park", "province_code": "75", "province_en": "Dong Nai", "former_province_code": "75", "status": "unknown", "area_ha": 296.92956833508828, "developer": null, "website": null, "geometry_type": "polygon", "location_accuracy": "site", "part_count": 1, "osm_ids": "osm_way_568387663", "source": "OpenStreetMap", "source_url": "https://www.openstreetmap.org/way/568387663", "verified_on": "2026-08-31", "attribute_source": "osm", "geometry_observed_on": "2026-08-31" }, "geometry": { "type": "Polygon", "coordinates": [ [ [ 106.846351100863615, 10.918224699506348 ], [ 106.846243500863721, 10.918265199506274 ], [ 106.846292300864306, 10.919354399505961 ], [ 106.846211800864381, 10.919372799505918 ], [ 106.846246700864626, 10.919896899505758 ], [ 106.846315100864658, 10.920053599505751 ], [ 106.846309700864708, 10.920127399505732 ], [ 106.846185000864836, 10.920112899505662 ], [ 106.846155600864904, 10.920228499505615 ], [ 106.84612870086498, 10.92034459950556 ], [ 106.846090500865145, 10.920533999505482 ], [ 106.846059000865267, 10.9207244995054 ], [ 106.846048200865312, 10.920788799505377 ], [ 106.846037500865364, 10.92085289950535 ], [ 106.846029200865402, 10.920921299505327 ], [ 106.846024100865449, 10.920989899505306 ], [ 106.845987800865771, 10.921489499505117 ], [ 106.845981200865822, 10.92159169950509 ], [ 106.845977200865903, 10.921711499505044 ], [ 106.845986500866317, 10.922472599504811 ], [ 106.846006700866383, 10.922649099504769 ], [ 106.846010700866415, 10.922713599504748 ], [ 106.846014700866448, 10.922774199504735 ], [ 106.846014700866476, 10.922829499504719 ], [ 106.846033500866881, 10.923533999504505 ], [ 106.845910100866988, 10.923543199504438 ], [ 106.845930800867052, 10.923694499504402 ], [ 106.845949000867108, 10.92384599950436 ], [ 106.845968500867187, 10.924040099504296 ], [ 106.845983900867282, 10.924234499504257 ], [ 106.846103200867176, 10.924231899504319 ], [ 106.8460281008674, 10.924516299504191 ], [ 106.846023400867423, 10.924534699504184 ], [ 106.846022100867444, 10.924551899504181 ], [ 106.846026100867434, 10.924565699504177 ], [ 106.846032100867433, 10.924575599504173 ], [ 106.846190400867442, 10.924848099504176 ], [ 106.846203800867443, 10.924895499504165 ], [ 106.846203600867469, 10.924944499504154 ], [ 106.846197100867528, 10.924992999504134 ], [ 106.84618940086753, 10.925021399504123 ], [ 106.846183600867562, 10.925042799504112 ], [ 106.846163600867598, 10.925090399504077 ], [ 106.846147500867616, 10.925121999504061 ], [ 106.846130000867674, 10.925166799504041 ], [ 106.846126000867685, 10.925211599504026 ], [ 106.846126000867713, 10.925248399504012 ], [ 106.846297600868212, 10.926417199503733 ], [ 106.846308100868228, 10.926469599503726 ], [ 106.846443400868324, 10.926854499503676 ], [ 106.846616300868433, 10.927396699503596 ], [ 106.846676700868542, 10.927661299503546 ], [ 106.846703000868573, 10.927750499503532 ], [ 106.846740500868563, 10.927843299503518 ], [ 106.846899800868627, 10.928185799503495 ], [ 106.847052700868474, 10.928169099503588 ], [ 106.847404100868943, 10.929610999503319 ], [ 106.847287400869035, 10.929625399503252 ], [ 106.84739200086932, 10.930289099503101 ], [ 106.847519400869558, 10.930936999502967 ], [ 106.847534200869589, 10.930990899502955 ], [ 106.847557000869571, 10.931034399502959 ], [ 106.84757170086958, 10.931067299502955 ], [ 106.847590500869586, 10.931089699502955 ], [ 106.847614600869576, 10.931115999502955 ], [ 106.847620000869597, 10.931142399502953 ], [ 106.847628100869599, 10.931189799502945 ], [ 106.847640100869626, 10.931223999502942 ], [ 106.847654900869614, 10.931252999502936 ], [ 106.84767370086962, 10.93127929950294 ], [ 106.847703200869589, 10.931318799502939 ], [ 106.847724600869611, 10.931358299502946 ], [ 106.847735300869616, 10.931400499502933 ], [ 106.847748800869638, 10.931468899502917 ], [ 106.847756800869647, 10.931503199502911 ], [ 106.847774200869651, 10.931534799502915 ], [ 106.847846100869646, 10.931615599502928 ], [ 106.847899000869603, 10.931682199502935 ], [ 106.84791100086963, 10.931704599502932 ], [ 106.847915100869614, 10.931734899502931 ], [ 106.847916400869636, 10.931759899502921 ], [ 106.847921800869671, 10.93179809950291 ], [ 106.847925800869689, 10.931834999502897 ], [ 106.847929800869693, 10.931857399502894 ], [ 106.847937900869709, 10.931888999502888 ], [ 106.84794460086971, 10.931916599502886 ], [ 106.847959300869718, 10.931949499502881 ], [ 106.847975400869714, 10.93197459950288 ], [ 106.847994200869721, 10.932003499502882 ], [ 106.847999500869719, 10.932040399502874 ], [ 106.848008900869743, 10.932098299502869 ], [ 106.848015600869758, 10.93212989950286 ], [ 106.848030400869746, 10.932166799502848 ], [ 106.848035800869781, 10.93218789950285 ], [ 106.848046500869756, 10.932215499502842 ], [ 106.848050500869789, 10.932245799502832 ], [ 106.848049200869823, 10.93227739950283 ], [ 106.848047800869836, 10.932308999502817 ], [ 106.848062600869838, 10.932333999502813 ], [ 106.848080000869814, 10.932359099502811 ], [ 106.848090700869832, 10.932394599502816 ], [ 106.848088100869845, 10.932423599502794 ], [ 106.848085400869877, 10.93245649950279 ], [ 106.848080000869899, 10.93248149950278 ], [ 106.848073300869913, 10.932505199502771 ], [ 106.848047800869949, 10.932520999502751 ], [ 106.848026500869992, 10.93255429950273 ], [ 106.848015700870022, 10.932578899502714 ], [ 106.847999500870202, 10.932889699502606 ], [ 106.848000900870218, 10.932917399502594 ], [ 106.848007600870218, 10.932933199502594 ], [ 106.848033100870197, 10.932959499502603 ], [ 106.848063900870173, 10.932966099502622 ], [ 106.848090700870131, 10.932967399502623 ], [ 106.848114900870129, 10.932964799502647 ], [ 106.848151100870083, 10.932969999502664 ], [ 106.84816990087009, 10.932985799502667 ], [ 106.84818330087009, 10.93299899950267 ], [ 106.848192700870072, 10.933014799502674 ], [ 106.848210100870091, 10.933046399502674 ], [ 106.848214100870095, 10.933063499502667 ], [ 106.848216800870105, 10.933088499502661 ], [ 106.848219500870115, 10.933114899502657 ], [ 106.848219500870115, 10.933146499502643 ], [ 106.848222200870126, 10.933179399502635 ], [ 106.84822480087017, 10.933207099502626 ], [ 106.84817920087022, 10.933221499502604 ], [ 106.848259700870258, 10.933453299502563 ], [ 106.848313400870197, 10.933436199502603 ], [ 106.848416600870209, 10.933623199502597 ], [ 106.848357600870273, 10.933636299502565 ], [ 106.848401900870329, 10.933814099502527 ], [ 106.848418000870325, 10.933849599502526 ], [ 106.84843410087035, 10.933881199502526 ], [ 106.848447500870336, 10.933911499502523 ], [ 106.848466200870348, 10.933935199502528 ], [ 106.848489000870316, 10.933954999502529 ], [ 106.848510500870319, 10.933979999502537 ], [ 106.848527900870309, 10.93400899950254 ], [ 106.84857620087034, 10.934116899502532 ], [ 106.848596300870312, 10.93411689950254 ], [ 106.8487734008704, 10.934571199502487 ], [ 106.84923170086995, 10.934547199502747 ], [ 106.849542900869636, 10.93449319950293 ], [ 106.849636800869533, 10.934472099502987 ], [ 106.849704300869433, 10.934434099503035 ], [ 106.849654200869466, 10.934407999503012 ], [ 106.849587700869506, 10.934336099503012 ], [ 106.849545000869483, 10.934236999503014 ], [ 106.849511000869455, 10.934126099503025 ], [ 106.849459400869364, 10.933884399503079 ], [ 106.849358200869077, 10.933192399503245 ], [ 106.849342800869053, 10.933106099503261 ], [ 106.849310400868944, 10.932889599503307 ], [ 106.849286900868861, 10.932703599503354 ], [ 106.849267400868797, 10.932552299503397 ], [ 106.849212500868703, 10.932271499503452 ], [ 106.849257200868664, 10.932266799503472 ], [ 106.849552000868357, 10.932234099503651 ], [ 106.849566100868344, 10.932222099503656 ], [ 106.849574200868346, 10.932206499503666 ], [ 106.849587300868308, 10.932193799503681 ], [ 106.84959070086812, 10.931875999503781 ], [ 106.849565500867911, 10.9314474995039 ], [ 106.849600200867869, 10.931440199503927 ], [ 106.849597700867861, 10.931416099503927 ], [ 106.849637600867808, 10.931404299503951 ], [ 106.84961910086767, 10.931082099504039 ], [ 106.849567400867429, 10.930571799504184 ], [ 106.849506300867503, 10.93058549950414 ], [ 106.849431400867573, 10.930595499504095 ], [ 106.849290600867704, 10.930593199504031 ], [ 106.849122100867845, 10.930543599503949 ], [ 106.848902000868009, 10.930499499503844 ], [ 106.848856500868038, 10.930491799503825 ], [ 106.8488100008679, 10.93012769950391 ], [ 106.848736100867583, 10.929439999504089 ], [ 106.848625600867123, 10.92845689950434 ], [ 106.848510500866695, 10.927454199504595 ], [ 106.848420400866303, 10.926589799504821 ], [ 106.848319200865845, 10.925594699505078 ], [ 106.848282300865677, 10.925234499505175 ], [ 106.848395200865568, 10.925227499505239 ], [ 106.848591400865359, 10.925199999505349 ], [ 106.848661400865296, 10.925218399505384 ], [ 106.848712800865272, 10.92523209950541 ], [ 106.848880900865097, 10.925236699505492 ], [ 106.849065400864944, 10.925250499505589 ], [ 106.849107400864895, 10.925243599505608 ], [ 106.849142400864849, 10.925216099505636 ], [ 106.84914010086483, 10.925177099505651 ], [ 106.84911680086482, 10.925110599505654 ], [ 106.849058400864863, 10.925071599505642 ], [ 106.84901870086486, 10.925011999505641 ], [ 106.849000000864848, 10.924940899505659 ], [ 106.848993000864795, 10.924869899505667 ], [ 106.849025700864715, 10.924778199505717 ], [ 106.84908410086463, 10.924755199505761 ], [ 106.849130900864608, 10.924732299505791 ], [ 106.84916190086453, 10.924685499505816 ], [ 106.849139800864521, 10.924610499505832 ], [ 106.84908880086455, 10.924574299505819 ], [ 106.84905290086455, 10.92453949950581 ], [ 106.848989800864558, 10.924427799505811 ], [ 106.848957300864512, 10.924309999505832 ], [ 106.848939000864476, 10.924190299505852 ], [ 106.84895330086438, 10.924028599505911 ], [ 106.848989800864302, 10.923956699505959 ], [ 106.849122000864128, 10.92388289950606 ], [ 106.849439100863748, 10.923757099506258 ], [ 106.849557000863626, 10.923677299506346 ], [ 106.849711500863421, 10.923603499506459 ], [ 106.849809000863274, 10.923559499506517 ], [ 106.849951300863154, 10.92353159950661 ], [ 106.850181000862946, 10.923517599506734 ], [ 106.850317200862833, 10.923563499506797 ], [ 106.850484800862645, 10.923505699506904 ], [ 106.850641700862667, 10.923827499506887 ], [ 106.85072270086269, 10.92399739950687 ], [ 106.850768400862719, 10.924124599506859 ], [ 106.850829000862731, 10.924295599506836 ], [ 106.85227360086111, 10.923818399507763 ], [ 106.853718100859467, 10.923297299508706 ], [ 106.854208000859302, 10.923844799508799 ], [ 106.854348800859256, 10.92400599950882 ], [ 106.854520300859221, 10.92420529950885 ], [ 106.854662400859169, 10.924374899508871 ], [ 106.854785400859129, 10.924533699508888 ], [ 106.854911300859115, 10.924703599508907 ], [ 106.855089300859063, 10.924902899508933 ], [ 106.855166800859024, 10.924958499508955 ], [ 106.855274900858902, 10.924971699509014 ], [ 106.855385300858813, 10.92497179950907 ], [ 106.855432900858773, 10.9249641995091 ], [ 106.855448900858747, 10.92495929950911 ], [ 106.85547400085872, 10.924943799509128 ], [ 106.855582500858546, 10.924843399509227 ], [ 106.855709500858367, 10.924716199509325 ], [ 106.85582140085819, 10.924602199509417 ], [ 106.85594340085801, 10.924480299509529 ], [ 106.856089000857963, 10.924631099509556 ], [ 106.856103600857978, 10.924676299509549 ], [ 106.85608110085802, 10.924707999509522 ], [ 106.855936100858202, 10.924831499509411 ], [ 106.855811500858394, 10.924941099509304 ], [ 106.855774300858457, 10.925009799509267 ], [ 106.855725700858585, 10.925154599509199 ], [ 106.855584600858833, 10.925348899509059 ], [ 106.854561900859792, 10.925347099508507 ], [ 106.854041200860536, 10.925759399508102 ], [ 106.853985100860612, 10.925819099508054 ], [ 106.854327800860844, 10.926845999507911 ], [ 106.854533900860929, 10.927322899507869 ], [ 106.854832900861098, 10.92811859950778 ], [ 106.855115500860734, 10.928002999507965 ], [ 106.85576420085998, 10.927734699508404 ], [ 106.856194900859492, 10.92755819950869 ], [ 106.856931900858626, 10.927264099509172 ], [ 106.857170900858364, 10.927188299509332 ], [ 106.857341700858186, 10.92716869950943 ], [ 106.857490700858037, 10.927175299509509 ], [ 106.857738700857823, 10.927196199509629 ], [ 106.858334000857283, 10.92724589950994 ], [ 106.858528500857105, 10.927262999510036 ], [ 106.859036200856664, 10.927296399510302 ], [ 106.859911200855862, 10.927354699510747 ], [ 106.860514500855288, 10.92739209951106 ], [ 106.860863700854978, 10.927416799511239 ], [ 106.86120400085467, 10.927445799511416 ], [ 106.862089200853902, 10.927524799511861 ], [ 106.863281500852807, 10.927603799512484 ], [ 106.864317900851887, 10.927677799513013 ], [ 106.864710100851511, 10.927707599513214 ], [ 106.865354300850939, 10.927725399513559 ], [ 106.86627350085007, 10.927745999514045 ], [ 106.866737100849647, 10.927763399514282 ], [ 106.867183200849198, 10.927780899514516 ], [ 106.867346300849064, 10.927782999514609 ], [ 106.867364600848873, 10.927463999514719 ], [ 106.867379400848847, 10.927422499514741 ], [ 106.867417100848755, 10.927360999514777 ], [ 106.867457900848692, 10.927278399514828 ], [ 106.867496000848575, 10.927166499514883 ], [ 106.867508400848493, 10.927046799514923 ], [ 106.867506800848432, 10.926913099514969 ], [ 106.86744450084835, 10.926654699515016 ], [ 106.867292700848182, 10.926143799515092 ], [ 106.867196800848134, 10.925842799515138 ], [ 106.86711100084807, 10.925595499515168 ], [ 106.866952800848125, 10.925382199515152 ], [ 106.866820900848097, 10.925158299515148 ], [ 106.866814600848102, 10.925148099515146 ], [ 106.866668800848089, 10.924880399515157 ], [ 106.866667600848089, 10.924859199515163 ], [ 106.866628200848083, 10.924776899515166 ], [ 106.866579500848147, 10.924799299515135 ], [ 106.866367300848097, 10.924358299515164 ], [ 106.866181100848081, 10.924030599515165 ], [ 106.866020500848308, 10.924122299515055 ], [ 106.865523600848363, 10.92340979951501 ], [ 106.864875200848559, 10.922651999514899 ], [ 106.864197900848836, 10.92200769951474 ], [ 106.86336150084918, 10.921219399514532 ], [ 106.863321200849242, 10.921222899514516 ], [ 106.86306910084933, 10.920983199514449 ], [ 106.863074500849308, 10.920948999514467 ], [ 106.862881400849389, 10.92076989951442 ], [ 106.86043040085039, 10.918377099513858 ], [ 106.860402600850392, 10.918348499513858 ], [ 106.860002800850538, 10.917936499513768 ], [ 106.856739500851845, 10.914708599513034 ], [ 106.855309200852346, 10.913197699512741 ], [ 106.85509110085242, 10.912979099512693 ], [ 106.854574800852617, 10.912460999512586 ], [ 106.854322100852727, 10.912208799512529 ], [ 106.853187400853173, 10.911099399512265 ], [ 106.852397600853507, 10.910313199512089 ], [ 106.851854600853713, 10.909769599511975 ], [ 106.851611200853782, 10.909526999511918 ], [ 106.851426700853878, 10.909355999511877 ], [ 106.85140520085389, 10.909333799511872 ], [ 106.851248600853964, 10.909175799511839 ], [ 106.851062600854021, 10.90898989951179 ], [ 106.850348400854301, 10.908268599511636 ], [ 106.850151600854375, 10.908069699511595 ], [ 106.850129400854385, 10.908047599511587 ], [ 106.84999970085444, 10.907915999511555 ], [ 106.849977500854436, 10.907894199511556 ], [ 106.849229800854744, 10.907174399511385 ], [ 106.849165500854781, 10.907113499511365 ], [ 106.849119500854783, 10.907066299511357 ], [ 106.849014100854845, 10.90695499951134 ], [ 106.848882000854886, 10.906816799511306 ], [ 106.848861100854876, 10.906797699511303 ], [ 106.848736700854957, 10.906695999511269 ], [ 106.848506500855066, 10.906502899511201 ], [ 106.84807770085601, 10.907452799510674 ], [ 106.847952100856261, 10.90774199951052 ], [ 106.848690500855781, 10.908100099510804 ], [ 106.848121800856916, 10.909199799510143 ], [ 106.848430900856798, 10.909513799510213 ], [ 106.848658300856712, 10.909744299510269 ], [ 106.849024200856576, 10.910106099510344 ], [ 106.848643700857295, 10.910769799509932 ], [ 106.848321700857625, 10.910786699509757 ], [ 106.847965900858, 10.910870299509535 ], [ 106.847549300858461, 10.91099379950928 ], [ 106.847312200858724, 10.91105089950913 ], [ 106.847209000858825, 10.911046199509073 ], [ 106.84683630085911, 10.91092549950891 ], [ 106.846702400859485, 10.911421799508686 ], [ 106.846588600859832, 10.911836699508491 ], [ 106.846163600861033, 10.913258899507815 ], [ 106.846035500861404, 10.913685799507606 ], [ 106.845829100861906, 10.914282999507307 ], [ 106.845741000862148, 10.91451449950719 ], [ 106.845647200862345, 10.914732499507071 ], [ 106.845710700862369, 10.914877899507061 ], [ 106.845866600862436, 10.915287499507015 ], [ 106.846069200862459, 10.915693799506991 ], [ 106.846455500862547, 10.916492399506945 ], [ 106.846570100862536, 10.916677399506957 ], [ 106.846850200862463, 10.917013599506999 ], [ 106.847043000862399, 10.917209099507044 ], [ 106.847485200862224, 10.917693599507123 ], [ 106.846351100863615, 10.918224699506348 ] ] ] } },
{ "type": "Feature", "properties": { "id": "osm_way_306132369", "name_vi": "Khu công nghiệp Biên Hòa 2", "name_en": null, "aliases": null, "category": "industrial_park", "province_code": "75", "province_en": "Dong Nai", "former_province_code": "75", "status": "unknown", "area_ha": 400.37146540675337, "developer": null, "website": null, "geometry_type": "polygon", "location_accuracy": "site", "part_count": 1, "osm_ids": "osm_way_306132369", "source": "OpenStreetMap", "source_url": "https://www.openstreetmap.org/way/306132369", "verified_on": "2026-08-31", "attribute_source": "osm", "geometry_observed_on": "2026-08-31" }, "geometry": { "type": "Polygon", "coordinates": [ [ [ 106.872168200848492, 10.934962599514925 ], [ 106.872377300848143, 10.934700699515117 ], [ 106.872394900848121, 10.934678999515134 ], [ 106.872882700847327, 10.934059699515597 ], [ 106.872913200847265, 10.934026699515623 ], [ 106.873087400846984, 10.933812699515785 ], [ 106.873770300845877, 10.932967999516416 ], [ 106.874361800844909, 10.932236399516967 ], [ 106.874266500844968, 10.932158299516939 ], [ 106.874207200844992, 10.932109799516926 ], [ 106.873840100845158, 10.931809099516817 ], [ 106.873926000845017, 10.93169299951691 ], [ 106.873949000844974, 10.931661899516925 ], [ 106.874380100844235, 10.931079099517349 ], [ 106.875502200842391, 10.9296552995184 ], [ 106.876068700841458, 10.92894989951891 ], [ 106.876099300841418, 10.928912399518948 ], [ 106.876192700841273, 10.928798299519038 ], [ 106.876795500840288, 10.928069099519588 ], [ 106.877007900839928, 10.927795799519783 ], [ 106.877050400839877, 10.927740999519832 ], [ 106.877074700839813, 10.927709599519851 ], [ 106.877116900839752, 10.927655199519887 ], [ 106.877141900839703, 10.927622899519911 ], [ 106.877184200839636, 10.927568199519957 ], [ 106.877201500839618, 10.927545999519973 ], [ 106.877278400839486, 10.927446699520045 ], [ 106.877817100838627, 10.926796899520536 ], [ 106.878013400838299, 10.926560199520715 ], [ 106.879354100836139, 10.924942899521946 ], [ 106.880302100834328, 10.92330989952297 ], [ 106.881274600832015, 10.920800699524287 ], [ 106.879538200833011, 10.919592699523738 ], [ 106.880621500831211, 10.918238399524748 ], [ 106.879198800831873, 10.916984799524377 ], [ 106.879162800831892, 10.916959699524366 ], [ 106.878710600832136, 10.916633099524226 ], [ 106.878574400832221, 10.916532499524186 ], [ 106.878119600832449, 10.916181699524046 ], [ 106.87759720083271, 10.915777899523897 ], [ 106.877573300832722, 10.91576009952389 ], [ 106.877321400832855, 10.915568699523815 ], [ 106.876787000833133, 10.915167499523655 ], [ 106.876768400833143, 10.915153599523652 ], [ 106.876746100833159, 10.915136699523648 ], [ 106.876504200833281, 10.914943099523578 ], [ 106.875966500834195, 10.915652799523061 ], [ 106.875401100835148, 10.916412299522518 ], [ 106.875375100835171, 10.916447299522487 ], [ 106.875284900835211, 10.916376099522463 ], [ 106.87510180083531, 10.916231499522421 ], [ 106.874094600835846, 10.915435999522124 ], [ 106.873664800836039, 10.915103499521999 ], [ 106.873471900836137, 10.914954699521942 ], [ 106.87305090083639, 10.914637899521821 ], [ 106.873077900836321, 10.914603299521845 ], [ 106.874206800834443, 10.913157099522898 ], [ 106.872015300835599, 10.911492999522254 ], [ 106.871663100835789, 10.911216999522154 ], [ 106.871069200836089, 10.910754799521976 ], [ 106.869910200837978, 10.912172999520914 ], [ 106.869847200838038, 10.91217969952087 ], [ 106.869298800838308, 10.911743499520712 ], [ 106.868780200838572, 10.911332199520569 ], [ 106.867826900839077, 10.910606199520286 ], [ 106.867552800839206, 10.910398599520205 ], [ 106.867163000839412, 10.910093399520081 ], [ 106.867112600839448, 10.910065699520075 ], [ 106.867033000839498, 10.910016399520043 ], [ 106.866689800839737, 10.909857899519913 ], [ 106.866285800840018, 10.909669799519753 ], [ 106.865705200840395, 10.909400399519519 ], [ 106.865222300840742, 10.909178099519336 ], [ 106.86474010084109, 10.90896859951914 ], [ 106.86460590084117, 10.90890839951909 ], [ 106.864506300841256, 10.908889599519044 ], [ 106.864408000841323, 10.908885799518988 ], [ 106.864388700841388, 10.908893499518978 ], [ 106.864377100841352, 10.908852299518983 ], [ 106.864355700841344, 10.908782499518995 ], [ 106.86431620084133, 10.908679099519013 ], [ 106.864047600841687, 10.90885219951881 ], [ 106.863530000842374, 10.909232799518419 ], [ 106.863343900842594, 10.909328299518279 ], [ 106.863066900842966, 10.909510599518077 ], [ 106.862876700843202, 10.909605099517947 ], [ 106.862567900843487, 10.909622299517769 ], [ 106.862292300843748, 10.90963629951762 ], [ 106.862009700844027, 10.909615899517476 ], [ 106.861814700844178, 10.909556499517388 ], [ 106.86153890084438, 10.90943759951727 ], [ 106.861316900844514, 10.909298899517205 ], [ 106.861135300844595, 10.909179999517143 ], [ 106.860836500844869, 10.909143599516993 ], [ 106.860469300845281, 10.909239399516766 ], [ 106.860274300845433, 10.909219599516666 ], [ 106.860085900845561, 10.909120599516601 ], [ 106.859709200845828, 10.90894879951645 ], [ 106.859156900846244, 10.908740899516213 ], [ 106.858782600846482, 10.908588199516066 ], [ 106.858742600846526, 10.908571899516048 ], [ 106.858600700846623, 10.908513999515989 ], [ 106.857416500847492, 10.908056499515498 ], [ 106.857391200847502, 10.908046699515488 ], [ 106.8573491008476, 10.908149599515435 ], [ 106.857321000847662, 10.908224799515397 ], [ 106.85728740084771, 10.908216699515377 ], [ 106.857248100847741, 10.908219399515351 ], [ 106.857202000847806, 10.908239399515331 ], [ 106.856737600848177, 10.908129099515113 ], [ 106.856509500848389, 10.908099299514996 ], [ 106.855963900848877, 10.908069699514717 ], [ 106.855599200849213, 10.908046099514527 ], [ 106.854881700849873, 10.907996199514161 ], [ 106.85505020084932, 10.907318199514464 ], [ 106.854718100849581, 10.907238099514309 ], [ 106.85462390084966, 10.907198499514275 ], [ 106.854363400849891, 10.90719999951413 ], [ 106.854358500849884, 10.907138799514149 ], [ 106.85346280085075, 10.907183499513653 ], [ 106.853548100850759, 10.907363199513641 ], [ 106.852995900851511, 10.907754399513221 ], [ 106.852981800851595, 10.907875599513178 ], [ 106.852220100852293, 10.907839299512778 ], [ 106.852216800852332, 10.907906299512751 ], [ 106.852216400852342, 10.907915199512749 ], [ 106.852213200852376, 10.907981399512732 ], [ 106.852126800852446, 10.907977299512686 ], [ 106.852019400852583, 10.908052099512602 ], [ 106.851967300852692, 10.908118299512555 ], [ 106.851939800852733, 10.90817789951252 ], [ 106.851934200852781, 10.908210599512511 ], [ 106.851940200852781, 10.908246799512499 ], [ 106.851955500852796, 10.908287199512499 ], [ 106.851984400852785, 10.908337799512489 ], [ 106.852005600852777, 10.908359299512503 ], [ 106.852405800852623, 10.90876179951259 ], [ 106.852446000852609, 10.908802199512593 ], [ 106.853030100852379, 10.909387899512726 ], [ 106.853336200852269, 10.909694799512794 ], [ 106.853539900852184, 10.909895099512827 ], [ 106.85445100085181, 10.910791699513043 ], [ 106.855324400851472, 10.911640899513245 ], [ 106.855684000851326, 10.911990599513334 ], [ 106.856035700851209, 10.912356399513396 ], [ 106.857124400850779, 10.91346229951364 ], [ 106.857346500850696, 10.913698999513679 ], [ 106.857619800850586, 10.913957999513743 ], [ 106.857852500850498, 10.9141783995138 ], [ 106.858262000850289, 10.914566299513897 ], [ 106.858692700850142, 10.914973899514001 ], [ 106.858788300850108, 10.91506439951403 ], [ 106.859381200849825, 10.915601899514176 ], [ 106.85992940084958, 10.916098899514314 ], [ 106.859949500849581, 10.91611709951432 ], [ 106.860222500849474, 10.916368299514382 ], [ 106.860322500849406, 10.916470599514408 ], [ 106.861051300849141, 10.917215899514567 ], [ 106.86137990084903, 10.917552499514633 ], [ 106.86141040084901, 10.917585099514634 ], [ 106.861791300848893, 10.917992499514716 ], [ 106.862010400848803, 10.918230199514756 ], [ 106.862140100848762, 10.918369899514779 ], [ 106.863135000848402, 10.919439799514979 ], [ 106.863163000848417, 10.91947159951498 ], [ 106.863726500848188, 10.920051599515109 ], [ 106.864286900847986, 10.920625899515224 ], [ 106.864613600847846, 10.920948299515297 ], [ 106.865050200847691, 10.92140099951539 ], [ 106.865146000847659, 10.921488299515419 ], [ 106.865283500847582, 10.921615499515438 ], [ 106.865315200847562, 10.921644899515453 ], [ 106.865631100847452, 10.921954599515526 ], [ 106.86593380084733, 10.922281599515584 ], [ 106.866239000847244, 10.922612699515641 ], [ 106.866392900847174, 10.922795599515664 ], [ 106.866516300847167, 10.922942099515687 ], [ 106.866774800847097, 10.923274099515723 ], [ 106.867004700847062, 10.923600199515738 ], [ 106.867127400847039, 10.923783199515748 ], [ 106.867387500847059, 10.924226699515751 ], [ 106.867644900847125, 10.924764899515711 ], [ 106.867664200847102, 10.924806399515711 ], [ 106.867739500847136, 10.924988899515695 ], [ 106.86790080084721, 10.925387299515663 ], [ 106.868046100847295, 10.925808099515603 ], [ 106.868255200847472, 10.926476999515504 ], [ 106.868265000847487, 10.926513599515497 ], [ 106.8682753008475, 10.926558199515492 ], [ 106.868333900847617, 10.926864099515427 ], [ 106.868400200847745, 10.927208999515353 ], [ 106.868427600847809, 10.927351399515322 ], [ 106.868457200847843, 10.927502499515287 ], [ 106.868481900847911, 10.927629099515261 ], [ 106.868484400847919, 10.92765629951526 ], [ 106.868489400847935, 10.927699099515245 ], [ 106.868517600848051, 10.927942199515183 ], [ 106.868541100848262, 10.92836209951507 ], [ 106.868559300848418, 10.928688799514971 ], [ 106.868573800848708, 10.929234599514807 ], [ 106.868574500848737, 10.929279999514792 ], [ 106.868578800848894, 10.929565299514708 ], [ 106.868584800848936, 10.929676599514668 ], [ 106.868585700848968, 10.929729099514658 ], [ 106.868596300849248, 10.930233099514505 ], [ 106.868596800849275, 10.930262099514497 ], [ 106.868610100849637, 10.930950099514279 ], [ 106.868642900850574, 10.932692599513752 ], [ 106.868649600850759, 10.93305129951364 ], [ 106.868661700850978, 10.933467399513523 ], [ 106.868664000851012, 10.933544499513488 ], [ 106.868665800851034, 10.933572199513479 ], [ 106.86868790085154, 10.934509699513198 ], [ 106.868689400851537, 10.934551399513193 ], [ 106.868717500851815, 10.935051399513046 ], [ 106.868916100851962, 10.935653099512963 ], [ 106.86892960085197, 10.935698899512957 ], [ 106.869010300852025, 10.935938299512927 ], [ 106.869022300852038, 10.935973799512922 ], [ 106.869048500852045, 10.936055199512905 ], [ 106.869122300852041, 10.936181399512904 ], [ 106.869261600852056, 10.936419399512909 ], [ 106.869278600852041, 10.936442099512911 ], [ 106.869407800852017, 10.936588999512939 ], [ 106.869633400851896, 10.936765699512994 ], [ 106.869850200851744, 10.936866299513083 ], [ 106.870050400851568, 10.936879999513184 ], [ 106.870213800851388, 10.936849199513279 ], [ 106.870298000851307, 10.936833399513334 ], [ 106.870413400851163, 10.936789299513411 ], [ 106.870510600851048, 10.936751899513473 ], [ 106.870539600851018, 10.936737599513501 ], [ 106.870600200850944, 10.936710999513535 ], [ 106.87063030085092, 10.936688999513557 ], [ 106.870783400850684, 10.936577199513673 ], [ 106.870904400850534, 10.936491699513768 ], [ 106.871038900850351, 10.936349899513885 ], [ 106.871070300850278, 10.936316699513915 ], [ 106.871104500850237, 10.936279399513944 ], [ 106.871197300850099, 10.936185499514023 ], [ 106.871333700849846, 10.936014799514147 ], [ 106.871343300849844, 10.93600279951416 ], [ 106.871468400849636, 10.935843999514272 ], [ 106.871581300849456, 10.935707899514378 ], [ 106.87166810084932, 10.935603199514455 ], [ 106.871862300849003, 10.935351299514647 ], [ 106.872001100848792, 10.935171299514776 ], [ 106.872148700848513, 10.934986999514907 ], [ 106.872168200848492, 10.934962599514925 ] ] ] } },
{ "type": "Feature", "properties": { "id": "osm_way_1465014906", "name_vi": "Khu công nghiệp Công nghệ cao Long Thành", "name_en": null, "aliases": null, "category": "industrial_park", "province_code": "75", "province_en": "Dong Nai", "former_province_code": "75", "status": "unknown", "area_ha": 210.35501196567975, "developer": null, "website": null, "geometry_type": "polygon", "location_accuracy": "site", "part_count": 1, "osm_ids": "osm_way_1465014906", "source": "OpenStreetMap", "source_url": "https://www.openstreetmap.org/way/1465014906", "verified_on": "2026-08-31", "attribute_source": "osm", "geometry_observed_on": "2026-08-31" }, "geometry": { "type": "Polygon", "coordinates": [ [ [ 106.927563900708606, 10.777306499594491 ], [ 106.926816400708987, 10.776705699594276 ], [ 106.926250100709339, 10.776371899594078 ], [ 106.925751800709534, 10.775904699593958 ], [ 106.925525300709424, 10.77531499959402 ], [ 106.923350800711972, 10.776216199592573 ], [ 106.916918000719605, 10.779008699588227 ], [ 106.911968800725475, 10.781167099584875 ], [ 106.909771700728015, 10.781990399583442 ], [ 106.913814800728403, 10.789577899583216 ], [ 106.915830800726397, 10.789399799584361 ], [ 106.916901600725325, 10.789269599584973 ], [ 106.918129800724529, 10.789933899585428 ], [ 106.924709900719179, 10.79151359958847 ], [ 106.924913800719253, 10.791980899588429 ], [ 106.925196900718944, 10.791914099588592 ], [ 106.925389400718743, 10.791880799588712 ], [ 106.926850400717271, 10.791691599589562 ], [ 106.927314700716565, 10.791235499589959 ], [ 106.927258100716372, 10.790779399590068 ], [ 106.926975000716496, 10.790523499589998 ], [ 106.924970400717442, 10.788821299589458 ], [ 106.925004400716318, 10.786840999590099 ], [ 106.924777800716214, 10.786295899590153 ], [ 106.924653300715718, 10.785138899590455 ], [ 106.924619300714753, 10.783380999590985 ], [ 106.925208200714238, 10.783436699591281 ], [ 106.925570600713385, 10.782535499591761 ], [ 106.92632940071158, 10.780532899592812 ], [ 106.927337400709888, 10.779253499593752 ], [ 106.927303400709761, 10.77895309959383 ], [ 106.927779100709188, 10.778741699594153 ], [ 106.928062200708808, 10.778530299594378 ], [ 106.928254800708658, 10.778585899594457 ], [ 106.928832300708123, 10.778630399594753 ], [ 106.929285400707613, 10.778463599595048 ], [ 106.928945600707408, 10.777495599595175 ], [ 106.928266100708072, 10.777540099594791 ], [ 106.927563900708606, 10.777306499594491 ] ] ] } },
{ "type": "Feature", "properties": { "id": "osm_way_631548585", "name_vi": "Khu công nghiệp Dầu Giây", "name_en": "Dau Giay Industrial Zone", "aliases": "Dau Giay Industrial Zone", "category": "industrial_park", "province_code": "75", "province_en": "Dong Nai", "former_province_code": "75", "status": "unknown", "area_ha": 332.32567287261321, "developer": null, "website": null, "geometry_type": "polygon", "location_accuracy": "site", "part_count": 1, "osm_ids": "osm_way_631548585", "source": "OpenStreetMap", "source_url": "https://www.openstreetmap.org/way/631548585", "verified_on": "2026-08-31", "attribute_source": "osm", "geometry_observed_on": "2026-08-31" }, "geometry": { "type": "Polygon", "coordinates": [ [ [ 107.140259300241681, 10.927945799860804 ], [ 107.152759100229972, 10.927872099867555 ], [ 107.163556500219855, 10.92784479987337 ], [ 107.1638557002195, 10.927685099873585 ], [ 107.163928900218139, 10.92534009987437 ], [ 107.164169200217856, 10.925255799874522 ], [ 107.164237900217714, 10.925104099874615 ], [ 107.164263600217524, 10.924817499874715 ], [ 107.164297900215857, 10.921842599875681 ], [ 107.163948400214863, 10.919469499876248 ], [ 107.160537900218046, 10.919486099874405 ], [ 107.159784300219115, 10.920101699873804 ], [ 107.159792100220031, 10.921791999873271 ], [ 107.154894000224644, 10.92184439987062 ], [ 107.149941700229263, 10.921808299867967 ], [ 107.149945900229397, 10.922085599867884 ], [ 107.149897800229468, 10.922120799867844 ], [ 107.148710000230594, 10.922183099867189 ], [ 107.14859950023174, 10.92406649986653 ], [ 107.14848900023236, 10.925005999866158 ], [ 107.140232200240135, 10.925093599861704 ], [ 107.139780600240471, 10.924970699861495 ], [ 107.139765200239296, 10.922783399862187 ], [ 107.139754700239152, 10.922522799862254 ], [ 107.139732800239074, 10.922311899862322 ], [ 107.139694000238961, 10.92204599986238 ], [ 107.139642900238869, 10.92180169986243 ], [ 107.138918800238471, 10.919853599862654 ], [ 107.138863700238389, 10.919582599862718 ], [ 107.138821800238262, 10.919305399862781 ], [ 107.138814100238179, 10.919151399862828 ], [ 107.138816900238027, 10.918898499862904 ], [ 107.138849200237857, 10.918628799863006 ], [ 107.138878600237732, 10.918445599863082 ], [ 107.138949500237516, 10.918188199863206 ], [ 107.139467500236037, 10.916400499864048 ], [ 107.139581800235277, 10.915198499864497 ], [ 107.139366700234675, 10.913717699864852 ], [ 107.134800600238961, 10.913756499862382 ], [ 107.13479700023872, 10.913328799862514 ], [ 107.131966300241373, 10.913328799860992 ], [ 107.128935800244207, 10.913328799859368 ], [ 107.129002800247605, 10.919640699857393 ], [ 107.128973000251207, 10.926106999855318 ], [ 107.129713300250614, 10.926254499855672 ], [ 107.134736100246855, 10.92796339985783 ], [ 107.134864400246755, 10.927982799857894 ], [ 107.135044100246589, 10.92798539985799 ], [ 107.139971000241985, 10.927981499860635 ], [ 107.140259300241681, 10.927945799860804 ] ] ] } },
{ "type": "Feature", "properties": { "id": "osm_way_1376626461", "name_vi": "Khu công nghiệp Định Quán", "name_en": "Dinh Quan Industrial Zone", "aliases": "Dinh Quan Industrial Zone", "category": "industrial_park", "province_code": "75", "province_en": "Dong Nai", "former_province_code": "75", "status": "unknown", "area_ha": 57.488244756412122, "developer": null, "website": null, "geometry_type": "polygon", "location_accuracy": "site", "part_count": 1, "osm_ids": "osm_way_1376626461", "source": "OpenStreetMap", "source_url": "https://www.openstreetmap.org/way/1376626461", "verified_on": "2026-08-31", "attribute_source": "osm", "geometry_observed_on": "2026-08-31" }, "geometry": { "type": "Polygon", "coordinates": [ [ [ 107.246373300265518, 11.150424299847087 ], [ 107.246039100265804, 11.15040869984691 ], [ 107.245704700266131, 11.150398199846736 ], [ 107.245370100266442, 11.150392699846554 ], [ 107.244989300266766, 11.150392799846349 ], [ 107.244990200266926, 11.150659499846268 ], [ 107.244995500267081, 11.150926199846179 ], [ 107.245005400267203, 11.151192699846108 ], [ 107.245025500267374, 11.151548199846003 ], [ 107.245041000267477, 11.151725599845953 ], [ 107.24504500026751, 11.151781699845937 ], [ 107.245053600267553, 11.151903199845899 ], [ 107.245060700267629, 11.152040299845863 ], [ 107.245066200267672, 11.152145199845833 ], [ 107.245073300267805, 11.152387299845754 ], [ 107.245075600267882, 11.152508399845718 ], [ 107.245075100267925, 11.152629599845683 ], [ 107.245068200268065, 11.15282979984562 ], [ 107.245048300268166, 11.153011099845546 ], [ 107.245043600268318, 11.153254499845463 ], [ 107.245040300268442, 11.153479499845391 ], [ 107.245043600268559, 11.153704599845327 ], [ 107.245053600268676, 11.153929499845258 ], [ 107.245054300268706, 11.153958499845249 ], [ 107.245061300268844, 11.15423919984517 ], [ 107.245061300269015, 11.154564699845062 ], [ 107.245053600269216, 11.15488219984495 ], [ 107.245050800269311, 11.1550640998449 ], [ 107.245045500269512, 11.155403199844786 ], [ 107.245042600269642, 11.1556636998447 ], [ 107.24504290026978, 11.155895299844632 ], [ 107.245048200269963, 11.156259499844515 ], [ 107.245058900270152, 11.156594599844409 ], [ 107.245075100270313, 11.156929499844317 ], [ 107.245085800270445, 11.157171599844245 ], [ 107.246223000269339, 11.157122499844871 ], [ 107.246523500269049, 11.157109599845027 ], [ 107.247637800268009, 11.157061499845655 ], [ 107.247612500268147, 11.157268999845574 ], [ 107.248527100267296, 11.15728469984605 ], [ 107.248524400267002, 11.156803199846216 ], [ 107.248609300266935, 11.156800099846258 ], [ 107.248694100266874, 11.156802599846309 ], [ 107.248778600266789, 11.156810699846343 ], [ 107.248862400266717, 11.156824199846383 ], [ 107.248949100266657, 11.156844299846426 ], [ 107.249034200266578, 11.156870299846462 ], [ 107.249117200266511, 11.156901999846491 ], [ 107.249197700266464, 11.156939299846526 ], [ 107.249275400266441, 11.156982099846557 ], [ 107.24937220026635, 11.157026399846599 ], [ 107.249472400266271, 11.157062699846632 ], [ 107.249575200266207, 11.157090899846684 ], [ 107.249680100266119, 11.157110699846738 ], [ 107.249786300266024, 11.157121999846787 ], [ 107.249893000265928, 11.157127399846843 ], [ 107.250023800265794, 11.157132099846908 ], [ 107.250135000265715, 11.157134499846972 ], [ 107.250219600265623, 11.157129499847011 ], [ 107.250296700265551, 11.157127799847055 ], [ 107.250373500265468, 11.157119499847099 ], [ 107.250449100265399, 11.157104599847145 ], [ 107.25052320026532, 11.157083399847192 ], [ 107.250595100265244, 11.157055799847242 ], [ 107.250653200265162, 11.157026099847284 ], [ 107.250707900265084, 11.156990799847323 ], [ 107.250758800265032, 11.156950399847366 ], [ 107.250805400264952, 11.1569052998474 ], [ 107.250847200264872, 11.156855799847444 ], [ 107.25090770026479, 11.156794499847489 ], [ 107.25097350026472, 11.156738699847544 ], [ 107.251044100264608, 11.156688799847606 ], [ 107.251118800264507, 11.156645199847654 ], [ 107.251197300264423, 11.156608299847704 ], [ 107.251278700264336, 11.156578299847769 ], [ 107.251362500264236, 11.156555499847808 ], [ 107.251448000264133, 11.15653999984786 ], [ 107.251547500263527, 11.155579299848226 ], [ 107.251625100263041, 11.154829499848503 ], [ 107.251644000262914, 11.154640299848577 ], [ 107.251737500262308, 11.153704199848926 ], [ 107.251837700261788, 11.152947699849218 ], [ 107.251949300261231, 11.152104999849549 ], [ 107.251994800261002, 11.151761399849677 ], [ 107.252160300260144, 11.150511699850167 ], [ 107.252172200260091, 11.150421699850209 ], [ 107.252274200260004, 11.150442699850256 ], [ 107.252368000259835, 11.150261099850363 ], [ 107.252270600259877, 11.15019149985033 ], [ 107.251762500260199, 11.149933299850137 ], [ 107.251673300260265, 11.149892699850104 ], [ 107.251721600260055, 11.14962169985022 ], [ 107.251621000260158, 11.149599599850163 ], [ 107.251519300260242, 11.14958289985012 ], [ 107.251416900260324, 11.149571899850066 ], [ 107.251313900260413, 11.149566399850013 ], [ 107.251214600260511, 11.149566399849959 ], [ 107.25116510026055, 11.149571099849938 ], [ 107.251115400260602, 11.149571699849901 ], [ 107.251044700260664, 11.149565299849867 ], [ 107.250975200260726, 11.149550499849839 ], [ 107.250908100260773, 11.149527599849803 ], [ 107.250844300260809, 11.14949679984978 ], [ 107.250784800260874, 11.149458699849761 ], [ 107.250730400260863, 11.149413799849752 ], [ 107.250682000260895, 11.149362799849737 ], [ 107.250640300260912, 11.14930629984973 ], [ 107.250624500260898, 11.149274999849734 ], [ 107.2506058002609, 11.149245399849734 ], [ 107.250570400260912, 11.14920219984973 ], [ 107.250528800260909, 11.149164799849718 ], [ 107.250481900260951, 11.149133899849707 ], [ 107.250430800261, 11.149110299849678 ], [ 107.250376700261043, 11.149094599849658 ], [ 107.250320700261071, 11.149087099849629 ], [ 107.250264300261122, 11.149087899849594 ], [ 107.250208600261175, 11.149097099849568 ], [ 107.250154900261236, 11.149114399849529 ], [ 107.250104600261295, 11.149139499849504 ], [ 107.250058600261369, 11.149171699849459 ], [ 107.249928400261552, 11.149256899849366 ], [ 107.249794200261704, 11.149335899849261 ], [ 107.249726800261783, 11.149374899849221 ], [ 107.249656300261876, 11.149408499849175 ], [ 107.249578200261965, 11.149438099849116 ], [ 107.249497700262069, 11.149460899849066 ], [ 107.249415600262154, 11.149476799849019 ], [ 107.249332300262225, 11.149485699848974 ], [ 107.249248600262291, 11.149487499848924 ], [ 107.249164900262372, 11.149480999848889 ], [ 107.249082300262444, 11.149466399848848 ], [ 107.249076300262502, 11.149567699848804 ], [ 107.249063500262579, 11.149668499848767 ], [ 107.249044000262643, 11.149768199848726 ], [ 107.249017900262714, 11.149866399848685 ], [ 107.24898500026282, 11.149963599848634 ], [ 107.2489456002629, 11.150058499848589 ], [ 107.248899900262998, 11.150150599848525 ], [ 107.248855000263092, 11.150226699848483 ], [ 107.248805000263175, 11.150299599848426 ], [ 107.248768700263227, 11.150345499848399 ], [ 107.248750200263274, 11.150369099848374 ], [ 107.248690700263339, 11.150434799848325 ], [ 107.248289900263742, 11.150448499848109 ], [ 107.247888900264115, 11.150455699847887 ], [ 107.247621900264335, 11.150461699847746 ], [ 107.247387300264577, 11.150454899847619 ], [ 107.247086800264853, 11.150450599847458 ], [ 107.246729900265194, 11.150439999847269 ], [ 107.246373300265518, 11.150424299847087 ] ] ] } },
{ "type": "Feature", "properties": { "id": "osm_way_597920108", "name_vi": "Khu công nghiệp Đồng Xoài I", "name_en": null, "aliases": null, "category": "industrial_park", "province_code": "75", "province_en": "Dong Nai", "former_province_code": "70", "status": "unknown", "area_ha": 176.21486850771083, "developer": null, "website": null, "geometry_type": "polygon", "location_accuracy": "site", "part_count": 1, "osm_ids": "osm_way_597920108", "source": "OpenStreetMap", "source_url": "https://www.openstreetmap.org/way/597920108", "verified_on": "2026-08-31", "attribute_source": "osm", "geometry_observed_on": "2026-08-31" }, "geometry": { "type": "Polygon", "coordinates": [ [ [ 106.8297243008588, 11.517925799507296 ], [ 106.837116500852744, 11.519460699510748 ], [ 106.836708800854254, 11.521510599509876 ], [ 106.842738400849328, 11.522845699512683 ], [ 106.843972200845243, 11.517536799515016 ], [ 106.844212400844654, 11.516871899515349 ], [ 106.840202500847994, 11.516127499513447 ], [ 106.84087570084553, 11.512805799514862 ], [ 106.83841910084773, 11.512655499513592 ], [ 106.835989000849935, 11.512507799512349 ], [ 106.835694300850918, 11.513822099511778 ], [ 106.832477300853938, 11.513811099510054 ], [ 106.82610910085937, 11.512813999506971 ], [ 106.826799800857884, 11.511327399507818 ], [ 106.818107300866146, 11.511561199503097 ], [ 106.817504100868874, 11.51547209950154 ], [ 106.8297243008588, 11.517925799507296 ] ] ] } },
{ "type": "Feature", "properties": { "id": "osm_way_1462771156", "name_vi": "Khu công nghiệp Đồng Xoài II", "name_en": null, "aliases": null, "category": "industrial_park", "province_code": "75", "province_en": "Dong Nai", "former_province_code": "70", "status": "unknown", "area_ha": 69.518148468495795, "developer": null, "website": null, "geometry_type": "polygon", "location_accuracy": "site", "part_count": 1, "osm_ids": "osm_way_1462771156", "source": "OpenStreetMap", "source_url": "https://www.openstreetmap.org/way/1462771156", "verified_on": "2026-08-31", "attribute_source": "osm", "geometry_observed_on": "2026-08-31" }, "geometry": { "type": "Polygon", "coordinates": [ [ [ 106.849458400842877, 11.522523199516366 ], [ 106.858517500835461, 11.524447899520593 ], [ 106.859562600832007, 11.519984699522562 ], [ 106.853075100837316, 11.518603199519536 ], [ 106.853241800835804, 11.516160099520398 ], [ 106.84877640083981, 11.515840199518115 ], [ 106.848766600843433, 11.522361199516046 ], [ 106.849458400842877, 11.522523199516366 ] ] ] } },
{ "type": "Feature", "properties": { "id": "osm_way_1462511195", "name_vi": "Khu công nghiệp Đồng Xoài III", "name_en": null, "aliases": null, "category": "industrial_park", "province_code": "75", "province_en": "Dong Nai", "former_province_code": "70", "status": "unknown", "area_ha": 296.35087845798324, "developer": null, "website": null, "geometry_type": "polygon", "location_accuracy": "site", "part_count": 1, "osm_ids": "osm_way_1462511195", "source": "OpenStreetMap", "source_url": "https://www.openstreetmap.org/way/1462511195", "verified_on": "2026-08-31", "attribute_source": "osm", "geometry_observed_on": "2026-08-31" }, "geometry": { "type": "Polygon", "coordinates": [ [ [ 106.882198200808617, 11.516008699535909 ], [ 106.882320500806088, 11.511651799537351 ], [ 106.882406400803873, 11.507850199538602 ], [ 106.883000100797346, 11.497053299542339 ], [ 106.878966200801173, 11.497163299540144 ], [ 106.876161200804333, 11.498118299538344 ], [ 106.873560900806822, 11.498223899536924 ], [ 106.869164300810894, 11.498136399534605 ], [ 106.867774300814659, 11.502597799532451 ], [ 106.867329600815467, 11.503299799531989 ], [ 106.866720200817809, 11.50647059953066 ], [ 106.866866100817759, 11.506630399530687 ], [ 106.86713220081765, 11.506907999530743 ], [ 106.867535600817433, 11.507160299530883 ], [ 106.868170700816904, 11.507320099531167 ], [ 106.868763000816443, 11.507488299531429 ], [ 106.869466800815871, 11.507622899531761 ], [ 106.869604100816034, 11.508144299531667 ], [ 106.869389500817292, 11.510053499530954 ], [ 106.869518300817901, 11.511365499530607 ], [ 106.869792900818098, 11.512181299530498 ], [ 106.86989590081852, 11.513098099530257 ], [ 106.871312100817889, 11.514367999530609 ], [ 106.871398000817919, 11.514586699530589 ], [ 106.871629700817778, 11.514695999530678 ], [ 106.872290600817436, 11.515192299530879 ], [ 106.8723764008176, 11.515646399530773 ], [ 106.872788400817271, 11.515747299530963 ], [ 106.874505000815688, 11.515789399531872 ], [ 106.876187300814124, 11.515789399532768 ], [ 106.877629300812714, 11.515713699533558 ], [ 106.878479000811922, 11.515705299534009 ], [ 106.880650500809963, 11.515839799535138 ], [ 106.881234200809445, 11.515907099535427 ], [ 106.882198200808617, 11.516008699535909 ] ] ] } },
{ "type": "Feature", "properties": { "id": "osm_way_793350526", "name_vi": "Khu công nghiệp Giang Điền", "name_en": null, "aliases": null, "category": "industrial_park", "province_code": "75", "province_en": "Dong Nai", "former_province_code": "75", "status": "unknown", "area_ha": 460.13981130120175, "developer": null, "website": null, "geometry_type": "polygon", "location_accuracy": "site", "part_count": 1, "osm_ids": "osm_way_793350526", "source": "OpenStreetMap", "source_url": "https://www.openstreetmap.org/way/793350526", "verified_on": "2026-08-31", "attribute_source": "osm", "geometry_observed_on": "2026-08-31" }, "geometry": { "type": "Polygon", "coordinates": [ [ [ 106.981482500716268, 10.882947299590096 ], [ 106.978656300720857, 10.886385399587487 ], [ 106.975711700725626, 10.889942899584788 ], [ 106.972302900731179, 10.894166999581618 ], [ 106.970017400734875, 10.896898699579529 ], [ 106.972138000733665, 10.898330299580206 ], [ 106.9744618007323, 10.899876299580976 ], [ 106.976495100731142, 10.901227999581632 ], [ 106.978782300729847, 10.902775299582377 ], [ 106.980460700728884, 10.903907999582925 ], [ 106.98203620072799, 10.904970299583438 ], [ 106.983548300727108, 10.905976099583928 ], [ 106.98360120072708, 10.906009899583946 ], [ 106.983655200727057, 10.906037099583969 ], [ 106.983710600726994, 10.906056699583992 ], [ 106.98375840072697, 10.906064299584012 ], [ 106.983827000726919, 10.906069499584047 ], [ 106.983915500726823, 10.90606949958409 ], [ 106.984468100726303, 10.906068299584391 ], [ 106.984446800727198, 10.907656199583883 ], [ 106.986249400725555, 10.907773999584814 ], [ 106.987126500724742, 10.907810899585275 ], [ 106.987125000724788, 10.907876899585247 ], [ 106.988770800723231, 10.907838699586142 ], [ 106.988763600723047, 10.907513599586242 ], [ 106.989966200721867, 10.90746299958691 ], [ 106.989705100720755, 10.904994099587553 ], [ 106.989847400720606, 10.904962099587641 ], [ 106.989977500720471, 10.904962099587713 ], [ 106.990701200719883, 10.905105899588049 ], [ 106.990729600719817, 10.905073899588073 ], [ 106.990973600719627, 10.905117799588188 ], [ 106.99165660071904, 10.90526949958851 ], [ 106.991822200718673, 10.904850899588729 ], [ 106.992947600717727, 10.905066299589269 ], [ 106.994625200716328, 10.905392999590072 ], [ 106.994792900715623, 10.904415699590468 ], [ 106.99477150071543, 10.904031199590577 ], [ 106.994739300715395, 10.903931099590594 ], [ 106.994632000715285, 10.903541299590668 ], [ 106.994551500715332, 10.903483299590635 ], [ 106.994531600715263, 10.90330689959068 ], [ 106.994234300714922, 10.902212099590864 ], [ 106.994308800714848, 10.902169399590916 ], [ 106.994402300714739, 10.902145499590979 ], [ 106.994438900714641, 10.90203369959103 ], [ 106.994597500714434, 10.901945899591146 ], [ 106.994756000714233, 10.901869999591256 ], [ 106.995599500713354, 10.901699499591764 ], [ 106.996641100712296, 10.901562399592363 ], [ 106.996640500711479, 10.900108299592823 ], [ 106.996633400711303, 10.899791299592922 ], [ 106.996629200710842, 10.898909899593198 ], [ 106.996633800710413, 10.898182599593429 ], [ 106.996634300709943, 10.897330099593701 ], [ 106.996637000709583, 10.896667999593907 ], [ 106.996640600709156, 10.895916199594147 ], [ 106.996642200708735, 10.895172899594387 ], [ 106.996644900708617, 10.894943699594462 ], [ 106.996650900708545, 10.894824299594502 ], [ 106.996648600708497, 10.894757799594526 ], [ 106.9966404007085, 10.894703899594532 ], [ 106.996617000708468, 10.894640899594538 ], [ 106.996591400708454, 10.894583499594548 ], [ 106.996559800708468, 10.89453189959454 ], [ 106.996515500708469, 10.894483799594532 ], [ 106.996469700708502, 10.89443949959453 ], [ 106.996173800708661, 10.894216399594434 ], [ 106.994788500709376, 10.893168999594023 ], [ 106.99330550071015, 10.892021799593584 ], [ 106.991863100710916, 10.890924099593159 ], [ 106.990436200711642, 10.889843799592727 ], [ 106.989608300712092, 10.88923979959247 ], [ 106.989514100712086, 10.889064599592484 ], [ 106.989374300712157, 10.888963799592442 ], [ 106.989209400712227, 10.888836099592389 ], [ 106.987972300712897, 10.887885799592027 ], [ 106.985467300714163, 10.885940799591294 ], [ 106.983191700715366, 10.884194699590626 ], [ 106.981482500716268, 10.882947299590096 ] ] ] } },
{ "type": "Feature", "properties": { "id": "osm_way_1225327680", "name_vi": "Khu công nghiệp Hố Nai 3", "name_en": "Ho Nai Industrial Zone", "aliases": "Ho Nai Industrial Zone", "category": "industrial_park", "province_code": "75", "province_en": "Dong Nai", "former_province_code": "75", "status": "unknown", "area_ha": 381.16683658863747, "developer": null, "website": "https://directorsdirectory.com/ho-nai-industrial-zone/", "geometry_type": "polygon", "location_accuracy": "site", "part_count": 1, "osm_ids": "osm_way_1225327680", "source": "OpenStreetMap", "source_url": "https://www.openstreetmap.org/way/1225327680", "verified_on": "2026-08-31", "attribute_source": "osm", "geometry_observed_on": "2026-08-31" }, "geometry": { "type": "Polygon", "coordinates": [ [ [ 106.936250900800928, 10.958390399541942 ], [ 106.936167800800916, 10.958216599541956 ], [ 106.941221100794621, 10.955472699545538 ], [ 106.942516600793127, 10.955017099546373 ], [ 106.944994900790036, 10.953658299548136 ], [ 106.946007500788667, 10.952938099548909 ], [ 106.94471870078884, 10.951030199548821 ], [ 106.944740100788636, 10.950718199548932 ], [ 106.943391000788665, 10.948423199548939 ], [ 106.943594800788247, 10.948054499549155 ], [ 106.945394600786756, 10.948428399550009 ], [ 106.945982000784653, 10.945629099551205 ], [ 106.943315900786843, 10.945052399549958 ], [ 106.941864800788039, 10.94473639954928 ], [ 106.941880900787979, 10.944659999549311 ], [ 106.945543900782681, 10.94135479955232 ], [ 106.94424310078179, 10.937548899552823 ], [ 106.942355500779897, 10.930904999553912 ], [ 106.933906400786967, 10.929254699549892 ], [ 106.930307900797501, 10.942123899543898 ], [ 106.930277100797582, 10.942220699543844 ], [ 106.930073800797899, 10.942402199543675 ], [ 106.930156300798075, 10.94291389954356 ], [ 106.930180700798275, 10.943296999543456 ], [ 106.930375800798188, 10.943464699543505 ], [ 106.930493700798337, 10.943939699543417 ], [ 106.93077420079841, 10.944522399543386 ], [ 106.930827100798524, 10.944829799543321 ], [ 106.930949000798449, 10.944893699543362 ], [ 106.931375900798187, 10.945145099543515 ], [ 106.931603600798027, 10.945264899543595 ], [ 106.931664500798021, 10.945380599543594 ], [ 106.931679500798111, 10.945520199543552 ], [ 106.931774300798153, 10.945771799543527 ], [ 106.931835300798198, 10.945959399543508 ], [ 106.93182310079834, 10.946198899543418 ], [ 106.931798700798453, 10.946370499543352 ], [ 106.931713300798606, 10.946522199543255 ], [ 106.931778400798677, 10.946721799543226 ], [ 106.93187190079864, 10.946821599543247 ], [ 106.931766200798862, 10.947057099543111 ], [ 106.931693000799029, 10.94724469954302 ], [ 106.931705200799186, 10.947543999542928 ], [ 106.932136100798928, 10.947799499543079 ], [ 106.932250000798916, 10.947967099543085 ], [ 106.932245900799018, 10.948130799543035 ], [ 106.93213210079918, 10.948218599542953 ], [ 106.932006000799376, 10.948330299542846 ], [ 106.932050800799388, 10.948477999542819 ], [ 106.932160500799398, 10.948689599542817 ], [ 106.932160500799441, 10.948789399542784 ], [ 106.93214020079958, 10.948952999542716 ], [ 106.932245900799614, 10.949196499542701 ], [ 106.932388200799608, 10.949419999542709 ], [ 106.932453300799637, 10.949579699542692 ], [ 106.932595500799565, 10.949691399542735 ], [ 106.93289230079931, 10.949759299542871 ], [ 106.933046800799303, 10.950010699542869 ], [ 106.933059000799474, 10.950353999542772 ], [ 106.933205400799537, 10.950677299542747 ], [ 106.933229800799566, 10.950808999542716 ], [ 106.933156600799734, 10.950956699542635 ], [ 106.933185000799824, 10.951184199542578 ], [ 106.933278500799815, 10.951327899542582 ], [ 106.933359800799806, 10.951427699542592 ], [ 106.933351700799903, 10.951599299542538 ], [ 106.933302900800058, 10.951814899542441 ], [ 106.933315100800201, 10.952090299542357 ], [ 106.933339500800216, 10.952158099542347 ], [ 106.933416200800153, 10.952209499542377 ], [ 106.933420500800196, 10.952252799542366 ], [ 106.933424900800219, 10.952297799542356 ], [ 106.9333680008003, 10.952365699542296 ], [ 106.93334360080037, 10.952429499542273 ], [ 106.933351700800472, 10.952621099542213 ], [ 106.933495200800522, 10.952948799542183 ], [ 106.933663600800543, 10.953270199542173 ], [ 106.933827500800561, 10.953600099542159 ], [ 106.93393430080063, 10.953910899542116 ], [ 106.934055000800726, 10.954277599542063 ], [ 106.934299000800664, 10.954604899542089 ], [ 106.93437220080078, 10.954964099542019 ], [ 106.93453070080092, 10.955462999541943 ], [ 106.934814600800976, 10.95605659954191 ], [ 106.934814600801104, 10.956272499541845 ], [ 106.934742200801267, 10.956435799541747 ], [ 106.934688500801414, 10.956614799541672 ], [ 106.934704600801496, 10.956788599541621 ], [ 106.934881700801483, 10.95705199954164 ], [ 106.935026500801484, 10.957302099541639 ], [ 106.935034500801564, 10.957473299541583 ], [ 106.934964800801737, 10.957641799541491 ], [ 106.934935300801882, 10.957884099541403 ], [ 106.934932600802, 10.958089499541332 ], [ 106.934901800802166, 10.958294899541249 ], [ 106.934935600802291, 10.958601599541169 ], [ 106.935108900802348, 10.959014199541137 ], [ 106.936250900800928, 10.958390399541942 ] ] ] } },
{ "type": "Feature", "properties": { "id": "osm_way_322590398", "name_vi": "Khu công nghiệp Lộc An - Bình Sơn", "name_en": null, "aliases": null, "category": "industrial_park", "province_code": "75", "province_en": "Dong Nai", "former_province_code": "75", "status": "unknown", "area_ha": 519.62430268296168, "developer": null, "website": null, "geometry_type": "polygon", "location_accuracy": "site", "part_count": 1, "osm_ids": "osm_way_322590398", "source": "OpenStreetMap", "source_url": "https://www.openstreetmap.org/way/322590398", "verified_on": "2026-08-31", "attribute_source": "osm", "geometry_observed_on": "2026-08-31" }, "geometry": { "type": "Polygon", "coordinates": [ [ [ 106.977422100673024, 10.79813089961473 ], [ 106.979586400671053, 10.798219499615868 ], [ 106.984022800666253, 10.797125299618601 ], [ 106.991685600658116, 10.795540699623221 ], [ 107.002959000647607, 10.795767099629222 ], [ 107.004495500646158, 10.795785899630044 ], [ 107.005859000644762, 10.795578399630839 ], [ 107.005302100639895, 10.785903099633599 ], [ 107.002573800641116, 10.783463499632905 ], [ 106.998574600643735, 10.781356099631413 ], [ 106.99801500064406, 10.780966599631238 ], [ 106.997606900644129, 10.780428299631197 ], [ 106.997128900644469, 10.780164899631021 ], [ 106.996837400644552, 10.779855599630954 ], [ 106.995018500645855, 10.779099699630223 ], [ 106.9942024006465, 10.778870599629851 ], [ 106.993246300647385, 10.778847699629344 ], [ 106.99162560064903, 10.779030999628418 ], [ 106.990203200650512, 10.779305899627561 ], [ 106.987999600652898, 10.779855599626202 ], [ 106.986961900654038, 10.780130499625555 ], [ 106.981435300659143, 10.779912899622648 ], [ 106.981396200659745, 10.780941199622298 ], [ 106.981563800661107, 10.783663999621528 ], [ 106.980127900662595, 10.783923499620681 ], [ 106.978695600663784, 10.783641599619997 ], [ 106.978479100664018, 10.78364929961988 ], [ 106.978359100664136, 10.783687799619797 ], [ 106.978278200664249, 10.783728799619746 ], [ 106.978207800664336, 10.78378769961969 ], [ 106.977845100665036, 10.78442069961929 ], [ 106.977725100665211, 10.784556499619185 ], [ 106.977602500665412, 10.78467699961908 ], [ 106.977446000665651, 10.784871799618928 ], [ 106.977122500666269, 10.785422799618585 ], [ 106.976986800666609, 10.785763599618406 ], [ 106.977015900667652, 10.7877356996178 ], [ 106.977095100668407, 10.789221199617373 ], [ 106.977422100673024, 10.79813089961473 ] ] ] } },
{ "type": "Feature", "properties": { "id": "osm_way_882356440", "name_vi": "Khu công nghiệp Long Đức", "name_en": null, "aliases": null, "category": "industrial_park", "province_code": "75", "province_en": "Dong Nai", "former_province_code": "75", "status": "unknown", "area_ha": 461.52996558928203, "developer": null, "website": null, "geometry_type": "polygon", "location_accuracy": "site", "part_count": 1, "osm_ids": "osm_way_882356440", "source": "OpenStreetMap", "source_url": "https://www.openstreetmap.org/way/882356440", "verified_on": "2026-08-31", "attribute_source": "osm", "geometry_observed_on": "2026-08-31" }, "geometry": { "type": "Polygon", "coordinates": [ [ [ 106.987537700685195, 10.837265699607794 ], [ 106.974073000698112, 10.837606099600446 ], [ 106.972546200699625, 10.837753299599578 ], [ 106.967440200708054, 10.844249999594783 ], [ 106.967008700708732, 10.8447110995944 ], [ 106.96681740070899, 10.844865499594249 ], [ 106.965508500709802, 10.844096299593788 ], [ 106.964027900711415, 10.844454599592884 ], [ 106.963094500712941, 10.845624199592006 ], [ 106.9626760007136, 10.846098399591629 ], [ 106.959650500716506, 10.846193199589981 ], [ 106.959081900716882, 10.845908699589762 ], [ 106.955938300717236, 10.841187999589568 ], [ 106.956088500717044, 10.841093199589679 ], [ 106.954747400717196, 10.839080599589586 ], [ 106.9531381007194, 10.840302899588337 ], [ 106.952269100719903, 10.839723299588051 ], [ 106.951174700721367, 10.840524199587211 ], [ 106.952140300721595, 10.84256839958708 ], [ 106.949578900725015, 10.844383499585131 ], [ 106.954927200724114, 10.851851599585649 ], [ 106.955316100723863, 10.85206239958579 ], [ 106.9558069007239, 10.852942199585774 ], [ 106.956279000723143, 10.852394299586201 ], [ 106.962665300719451, 10.856641099588284 ], [ 106.962728700719367, 10.85656619958835 ], [ 106.963893700718657, 10.857307099588747 ], [ 106.966429900714417, 10.853980999591156 ], [ 106.965661300714785, 10.853321499590953 ], [ 106.965690800714725, 10.853263599590987 ], [ 106.964690400715298, 10.852597099590664 ], [ 106.964859400714985, 10.85233369959084 ], [ 106.963738200715639, 10.851606699590466 ], [ 106.964274600714703, 10.850832199590995 ], [ 106.965186600714205, 10.851456499591288 ], [ 106.967913400709378, 10.847424399594031 ], [ 106.969766600708326, 10.848666799594636 ], [ 106.970564400706905, 10.847470899595441 ], [ 106.973520600705399, 10.849779099596299 ], [ 106.973532200705364, 10.84976009959632 ], [ 106.975990500700874, 10.845855999598875 ], [ 106.978021600699819, 10.84738219959948 ], [ 106.978615500698794, 10.84655399960006 ], [ 106.986852200694372, 10.85263409960257 ], [ 106.990141800689699, 10.84980749960523 ], [ 106.990656800688356, 10.848269099605991 ], [ 106.98913330068838, 10.845697999605985 ], [ 106.988382300687817, 10.843421999606308 ], [ 106.987537700685195, 10.837265699607794 ] ] ] } },
{ "type": "Feature", "properties": { "id": "osm_way_714064293", "name_vi": "Khu công nghiệp Long Khánh", "name_en": null, "aliases": null, "category": "industrial_park", "province_code": "75", "province_en": "Dong Nai", "former_province_code": "75", "status": "unknown", "area_ha": 246.48744559775636, "developer": null, "website": null, "geometry_type": "polygon", "location_accuracy": "site", "part_count": 1, "osm_ids": "osm_way_714064293", "source": "OpenStreetMap", "source_url": "https://www.openstreetmap.org/way/714064293", "verified_on": "2026-08-31", "attribute_source": "osm", "geometry_observed_on": "2026-08-31" }, "geometry": { "type": "Polygon", "coordinates": [ [ [ 107.235231400174371, 10.966715399899568 ], [ 107.235226100174089, 10.966184499899743 ], [ 107.235181800174075, 10.966090999899746 ], [ 107.234693400174294, 10.965656499899623 ], [ 107.234306000174527, 10.965438299899477 ], [ 107.234040900174662, 10.965251499899397 ], [ 107.233824700174836, 10.965162099899311 ], [ 107.233786400174807, 10.965095999899306 ], [ 107.23367200017465, 10.964602899899404 ], [ 107.233614100174677, 10.964562899899386 ], [ 107.233515200174779, 10.964562099899338 ], [ 107.232858500175396, 10.964574299898976 ], [ 107.232856800175355, 10.964486499899001 ], [ 107.232855300175316, 10.96442069989903 ], [ 107.231744500176362, 10.964432399898426 ], [ 107.231731100176006, 10.96373719989864 ], [ 107.231246300176423, 10.96373399989838 ], [ 107.231236800176234, 10.963329699898495 ], [ 107.231215200176223, 10.963285599898505 ], [ 107.231149400176264, 10.96323659989848 ], [ 107.230621400176844, 10.963378499898155 ], [ 107.230253200177202, 10.963396199897948 ], [ 107.230151300177269, 10.963367299897904 ], [ 107.229872300177419, 10.963182899897808 ], [ 107.229614900177594, 10.963045999897721 ], [ 107.228263000178714, 10.962840599897055 ], [ 107.227742700179434, 10.963243499896647 ], [ 107.227160600180198, 10.963643799896206 ], [ 107.226669000180763, 10.963796199895889 ], [ 107.226154700181283, 10.963885199895588 ], [ 107.225798300181609, 10.963907399895392 ], [ 107.223901700183347, 10.963820199894396 ], [ 107.223944700182429, 10.962231299894924 ], [ 107.21865330018737, 10.96224029989207 ], [ 107.218369300187689, 10.962326099891893 ], [ 107.218116400188023, 10.962497799891707 ], [ 107.217890800188357, 10.962726799891511 ], [ 107.210293600200302, 10.971484199884634 ], [ 107.210274800201574, 10.973781599883891 ], [ 107.222231100190356, 10.973659399890368 ], [ 107.222390400190193, 10.973657799890454 ], [ 107.222449400189532, 10.972539699890842 ], [ 107.225939200186659, 10.973233899892499 ], [ 107.225904200185212, 10.970581799893315 ], [ 107.230693800180731, 10.970550999895911 ], [ 107.230678100179858, 10.968963099896406 ], [ 107.234748600176047, 10.968923299898613 ], [ 107.234810300179163, 10.974671599896817 ], [ 107.236215800177845, 10.974668999897572 ], [ 107.236234500177133, 10.973447199897974 ], [ 107.236744200176673, 10.973436699898249 ], [ 107.236752200173783, 10.968243999899906 ], [ 107.236142000173771, 10.967169699899914 ], [ 107.235955600173682, 10.966707499899961 ], [ 107.235231400174371, 10.966715399899568 ] ] ] } },
{ "type": "Feature", "properties": { "id": "osm_way_718462141", "name_vi": "Khu công nghiệp Long Thành", "name_en": "Long Thanh Industrial Zone", "aliases": "Long Thanh Industrial Zone", "category": "industrial_park", "province_code": "75", "province_en": "Dong Nai", "former_province_code": "75", "status": "unknown", "area_ha": 441.3402353687714, "developer": null, "website": null, "geometry_type": "polygon", "location_accuracy": "site", "part_count": 1, "osm_ids": "osm_way_718462141", "source": "OpenStreetMap", "source_url": "https://www.openstreetmap.org/way/718462141", "verified_on": "2026-08-31", "attribute_source": "osm", "geometry_observed_on": "2026-08-31" }, "geometry": { "type": "Polygon", "coordinates": [ [ [ 106.923258300727852, 10.804673899583529 ], [ 106.922024500727076, 10.801153999583979 ], [ 106.921498800726056, 10.798455999584551 ], [ 106.918838000728755, 10.798751099583018 ], [ 106.91955680072914, 10.800648099582805 ], [ 106.920511700730145, 10.804073199582243 ], [ 106.920318600730369, 10.804189099582093 ], [ 106.909525400742609, 10.807856499575136 ], [ 106.909402000742872, 10.808114699574988 ], [ 106.909198200743191, 10.808364999574803 ], [ 106.910574100744057, 10.812253699574313 ], [ 106.909876800744854, 10.812519799573847 ], [ 106.91015570074552, 10.814197999573471 ], [ 106.910440000746348, 10.816187099572996 ], [ 106.910595600746916, 10.817456999572682 ], [ 106.910712200746929, 10.817672299572672 ], [ 106.911378100747129, 10.81919529957255 ], [ 106.913307300745913, 10.820246999573257 ], [ 106.913838400745576, 10.820539299573452 ], [ 106.915235800744725, 10.821400799573922 ], [ 106.916727100743813, 10.822286099574452 ], [ 106.920946200740985, 10.824398899576053 ], [ 106.927131400736016, 10.825974399578882 ], [ 106.927429900735476, 10.825515299579184 ], [ 106.927826100734933, 10.825215599579492 ], [ 106.927967200734741, 10.8251205995796 ], [ 106.928268700734591, 10.825328899579695 ], [ 106.927818000735684, 10.826551299579062 ], [ 106.930972300734098, 10.829080399579956 ], [ 106.933225400730507, 10.826435399582012 ], [ 106.931669700730737, 10.824190799581885 ], [ 106.932517200729123, 10.822710199582804 ], [ 106.931819900727888, 10.819322199583501 ], [ 106.931111800726669, 10.815907899584202 ], [ 106.930553900725911, 10.813584199584636 ], [ 106.929727800724677, 10.809974799585328 ], [ 106.924814000730223, 10.811566099582189 ], [ 106.92282380072875, 10.805527499583023 ], [ 106.923483600727991, 10.80530089958345 ], [ 106.923258300727852, 10.804673899583529 ] ] ] } },
{ "type": "Feature", "properties": { "id": "osm_way_583464298", "name_vi": "Khu công nghiệp Loteco", "name_en": null, "aliases": "Long Binh Techno Park (LOTECO)", "category": "industrial_park", "province_code": "75", "province_en": "Dong Nai", "former_province_code": "75", "status": "unknown", "area_ha": 99.493698441200621, "developer": null, "website": "https://directorsdirectory.com/long-binh-techno-park-loteco/", "geometry_type": "polygon", "location_accuracy": "site", "part_count": 1, "osm_ids": "osm_way_583464298", "source": "OpenStreetMap", "source_url": "https://www.openstreetmap.org/way/583464298", "verified_on": "2026-08-31", "attribute_source": "osm", "geometry_observed_on": "2026-08-31" }, "geometry": { "type": "Polygon", "coordinates": [ [ [ 106.896718800824587, 10.933724099528501 ], [ 106.896643200823746, 10.932071999528983 ], [ 106.896494200822104, 10.928848899529923 ], [ 106.896394800821199, 10.927056399530434 ], [ 106.896312200820574, 10.925778499530796 ], [ 106.893056600823627, 10.925759599529048 ], [ 106.891039900825533, 10.925747899527973 ], [ 106.883726700832426, 10.925705499524057 ], [ 106.883588700833158, 10.926781799523642 ], [ 106.883585100833216, 10.926911399523602 ], [ 106.883627900833204, 10.926970999523601 ], [ 106.88368140083324, 10.927076099523607 ], [ 106.883746100833221, 10.9271777995236 ], [ 106.883779600833307, 10.927380599523554 ], [ 106.883838500833363, 10.927599299523521 ], [ 106.883931200833558, 10.92806179952343 ], [ 106.884002200833535, 10.928173399523429 ], [ 106.884091800833531, 10.92831409952343 ], [ 106.884113200833596, 10.928499799523383 ], [ 106.884108700833721, 10.928692599523318 ], [ 106.884107200833768, 10.928756699523291 ], [ 106.884102500833862, 10.928955299523231 ], [ 106.884141800834087, 10.929396799523117 ], [ 106.884138600834305, 10.929783699522989 ], [ 106.884145400834427, 10.930041499522908 ], [ 106.884141800834527, 10.930199199522855 ], [ 106.884141800834598, 10.930332399522818 ], [ 106.884059700834896, 10.930707299522657 ], [ 106.884001600835049, 10.930871199522574 ], [ 106.88442090083467, 10.930972699522766 ], [ 106.884533700834623, 10.930999999522825 ], [ 106.88671210083281, 10.931486999523834 ], [ 106.896718800824587, 10.933724099528501 ] ] ] } },
{ "type": "Feature", "properties": { "id": "osm_way_366493800", "name_vi": "Khu công nghiệp Nhơn Trạch", "name_en": null, "aliases": null, "category": "industrial_park", "province_code": "75", "province_en": "Dong Nai", "former_province_code": "75", "status": "unknown", "area_ha": 2525.6782820764597, "developer": null, "website": null, "geometry_type": "polygon", "location_accuracy": "site", "part_count": 1, "osm_ids": "osm_way_366493800", "source": "OpenStreetMap", "source_url": "https://www.openstreetmap.org/way/366493800", "verified_on": "2026-08-31", "attribute_source": "osm", "geometry_observed_on": "2026-08-31" }, "geometry": { "type": "Polygon", "coordinates": [ [ [ 106.956350000644491, 10.710765699631004 ], [ 106.957334600640948, 10.706101199633013 ], [ 106.954908300640099, 10.700417299633505 ], [ 106.953958800638404, 10.69571809963448 ], [ 106.954640100635132, 10.690972199636342 ], [ 106.953542200634786, 10.688473299636541 ], [ 106.950817700638055, 10.689758199634674 ], [ 106.937888300653512, 10.695597599625867 ], [ 106.937163500654165, 10.695549099625488 ], [ 106.936609400655357, 10.696742499624818 ], [ 106.926078800663973, 10.69430879961992 ], [ 106.925821300664253, 10.694403299619744 ], [ 106.925643900664483, 10.694528599619616 ], [ 106.9255756006647, 10.694782099619495 ], [ 106.924451800668422, 10.699583199617374 ], [ 106.909752300680424, 10.696142599610553 ], [ 106.903004300703472, 10.726236399597413 ], [ 106.901334400705835, 10.727616399596078 ], [ 106.904608200703194, 10.728450299597583 ], [ 106.909009600699662, 10.72957149959959 ], [ 106.908121700702694, 10.73355339959785 ], [ 106.913470000698311, 10.734718399600368 ], [ 106.912145900702754, 10.740495999597828 ], [ 106.9149141007005, 10.741163799599105 ], [ 106.91462400070148, 10.742407499598562 ], [ 106.914488000701922, 10.743014299598293 ], [ 106.914821400701982, 10.743693499598251 ], [ 106.915419200701919, 10.744548599598312 ], [ 106.915700500701732, 10.744734199598394 ], [ 106.917863100699975, 10.745230899599399 ], [ 106.938150100683373, 10.749868299608856 ], [ 106.941046900673257, 10.736529999614634 ], [ 106.942600900671977, 10.736933099615339 ], [ 106.944759300664913, 10.727819299619386 ], [ 106.945960700661118, 10.723039799621537 ], [ 106.943127900663441, 10.722446499620197 ], [ 106.940446900665663, 10.721856599618944 ], [ 106.941739200661772, 10.717045499621165 ], [ 106.950455200654872, 10.719480399625084 ], [ 106.950450500654938, 10.719575599625051 ], [ 106.950572100654853, 10.719606899625109 ], [ 106.952793500653058, 10.720179699626119 ], [ 106.95336340065262, 10.720326599626381 ], [ 106.953962700651218, 10.718837199627171 ], [ 106.955380400647755, 10.715039999629138 ], [ 106.956350000644491, 10.710765699631004 ] ] ] } },
{ "type": "Feature", "properties": { "id": "osm_way_1222385074", "name_vi": "Khu công nghiệp Sông Mây", "name_en": null, "aliases": null, "category": "industrial_park", "province_code": "75", "province_en": "Dong Nai", "former_province_code": "75", "status": "unknown", "area_ha": 193.04492407055153, "developer": null, "website": null, "geometry_type": "polygon", "location_accuracy": "site", "part_count": 1, "osm_ids": "osm_way_1222385074", "source": "OpenStreetMap", "source_url": "https://www.openstreetmap.org/way/1222385074", "verified_on": "2026-08-31", "attribute_source": "osm", "geometry_observed_on": "2026-08-31" }, "geometry": { "type": "Polygon", "coordinates": [ [ [ 106.956900800787565, 10.969444499549549 ], [ 106.956699100787688, 10.969357899549465 ], [ 106.95631600078805, 10.969337499549269 ], [ 106.956157500788223, 10.969384399549167 ], [ 106.955921900788553, 10.969578199548975 ], [ 106.954014100791198, 10.97113019954746 ], [ 106.954151600791178, 10.971293199547485 ], [ 106.954003600791381, 10.971413699547368 ], [ 106.953551900791993, 10.971782099547003 ], [ 106.95249330079352, 10.972666099546162 ], [ 106.952118400794035, 10.972990499545855 ], [ 106.951766900794539, 10.973304799545565 ], [ 106.951528500794879, 10.973523799545372 ], [ 106.951226000795344, 10.973801099545117 ], [ 106.950719300796067, 10.974261699544703 ], [ 106.950090900796994, 10.974841299544185 ], [ 106.949601000797713, 10.975307199543774 ], [ 106.949180400798355, 10.97572389954342 ], [ 106.948850700798829, 10.976067199543136 ], [ 106.948250500799773, 10.976724799542602 ], [ 106.947701400800639, 10.977347599542105 ], [ 106.947340700801192, 10.977769899541785 ], [ 106.94724410080137, 10.977886799541695 ], [ 106.947261400801381, 10.977966899541673 ], [ 106.947294400801454, 10.978110999541643 ], [ 106.947338500801507, 10.978295799541609 ], [ 106.947491600801484, 10.978506599541625 ], [ 106.948879700801228, 10.980404999541772 ], [ 106.949773200801062, 10.981632199541867 ], [ 106.949927200801028, 10.981842799541885 ], [ 106.950050800801009, 10.982014299541895 ], [ 106.949155500802206, 10.982636299541216 ], [ 106.948337300803303, 10.983207599540599 ], [ 106.948101200803592, 10.983370199540415 ], [ 106.947946700803868, 10.983565999540277 ], [ 106.947890800803961, 10.983638799540222 ], [ 106.947848800804024, 10.983695099540181 ], [ 106.947847400804065, 10.983752599540162 ], [ 106.947655500804217, 10.983748199540065 ], [ 106.947061800804931, 10.983983399539667 ], [ 106.946887400805139, 10.984058799539557 ], [ 106.946703000805357, 10.98414599953942 ], [ 106.946340200805793, 10.984332199539169 ], [ 106.946175100806002, 10.984423399539054 ], [ 106.945885700806386, 10.984593399538836 ], [ 106.945854700806464, 10.984723199538792 ], [ 106.945831200806552, 10.984824399538741 ], [ 106.94718440080635, 10.986747999538862 ], [ 106.947895400805393, 10.986265999539393 ], [ 106.94874380080428, 10.985676599540035 ], [ 106.950777400803929, 10.988496999540233 ], [ 106.952427100803604, 10.990738999540417 ], [ 106.95314140080346, 10.991680799540504 ], [ 106.953901700803272, 10.992658699540604 ], [ 106.953979600803208, 10.992671599540632 ], [ 106.954076200803087, 10.992605599540715 ], [ 106.955082900801742, 10.991906299541476 ], [ 106.952377400802263, 10.988231399541188 ], [ 106.953381000800974, 10.987618699541912 ], [ 106.956338900797064, 10.985623999544135 ], [ 106.957633300796871, 10.987461999544252 ], [ 106.960282300793367, 10.985664399546238 ], [ 106.959064100793555, 10.983934399546131 ], [ 106.958052200793702, 10.982483899546038 ], [ 106.957400300793793, 10.981536599545993 ], [ 106.957125200793811, 10.981130399545973 ], [ 106.956882300793879, 10.980769099545961 ], [ 106.957368100793232, 10.980454199546323 ], [ 106.959501400790401, 10.979027299547914 ], [ 106.957877800790655, 10.976688499547778 ], [ 106.956881500790828, 10.975315899547681 ], [ 106.956433800790933, 10.97474079954762 ], [ 106.957891800788957, 10.973645199548749 ], [ 106.959192700787156, 10.972628999549771 ], [ 106.958070500787443, 10.971244699549608 ], [ 106.958180200787211, 10.970993799549746 ], [ 106.956900800787565, 10.969444499549549 ] ] ] } },
{ "type": "Feature", "properties": { "id": "osm_way_1178756648", "name_vi": "Khu công nghiệp Tam Phước", "name_en": null, "aliases": null, "category": "industrial_park", "province_code": "75", "province_en": "Dong Nai", "former_province_code": "75", "status": "unknown", "area_ha": 302.49752105526909, "developer": null, "website": null, "geometry_type": "polygon", "location_accuracy": "site", "part_count": 1, "osm_ids": "osm_way_1178756648", "source": "OpenStreetMap", "source_url": "https://www.openstreetmap.org/way/1178756648", "verified_on": "2026-08-31", "attribute_source": "osm", "geometry_observed_on": "2026-08-31" }, "geometry": { "type": "Polygon", "coordinates": [ [ [ 106.932273200756725, 10.872029299567098 ], [ 106.93237780075674, 10.872239999567078 ], [ 106.939153100751767, 10.874800299569923 ], [ 106.939207300751704, 10.874803299569935 ], [ 106.939261400751661, 10.874797999569976 ], [ 106.939314000751608, 10.874784499570008 ], [ 106.93936350075154, 10.874763199570044 ], [ 106.939410600751501, 10.874737099570076 ], [ 106.939444000751422, 10.874714399570093 ], [ 106.939475600751393, 10.874689199570115 ], [ 106.939534900751298, 10.874634599570173 ], [ 106.939587600751224, 10.87457379957022 ], [ 106.939612700751169, 10.874539199570243 ], [ 106.93963570075114, 10.87450319957027 ], [ 106.939689500751058, 10.874436799570312 ], [ 106.939726900750983, 10.874396599570357 ], [ 106.939768800750926, 10.874360899570387 ], [ 106.939814700750873, 10.874330299570419 ], [ 106.939863900750822, 10.874305099570451 ], [ 106.939915400750749, 10.874285799570483 ], [ 106.939968800750705, 10.874272499570516 ], [ 106.940055600750583, 10.874262799570566 ], [ 106.940140800750513, 10.87426099957062 ], [ 106.940258100750427, 10.874265599570682 ], [ 106.940374200750313, 10.874278899570736 ], [ 106.940488900750225, 10.874301099570792 ], [ 106.940601600750128, 10.874331799570841 ], [ 106.940711400750061, 10.87437089957089 ], [ 106.940870200749941, 10.874439499570958 ], [ 106.94102520074982, 10.874516099571007 ], [ 106.941175800749747, 10.87460069957107 ], [ 106.941321700749654, 10.874692799571111 ], [ 106.941462500749566, 10.874792399571158 ], [ 106.941588900749508, 10.874891699571192 ], [ 106.941710600749431, 10.87499649957123 ], [ 106.941825600749411, 10.875104899571255 ], [ 106.941935700749369, 10.875218299571278 ], [ 106.942040500749329, 10.875336299571298 ], [ 106.943219300747799, 10.874601399572157 ], [ 106.943243400747818, 10.874640899572173 ], [ 106.944191600746592, 10.874066299572862 ], [ 106.944300200746454, 10.873999499572939 ], [ 106.94438710074634, 10.873941699573006 ], [ 106.944493400746197, 10.873867799573086 ], [ 106.944888400745626, 10.873525399573399 ], [ 106.94541950074489, 10.873080199573836 ], [ 106.945955200744137, 10.872640399574252 ], [ 106.946436200743463, 10.872252999574632 ], [ 106.946920700742808, 10.871869899575021 ], [ 106.947293400742296, 10.871572699575315 ], [ 106.947496500741991, 10.87140349957547 ], [ 106.947642300741762, 10.871277599575594 ], [ 106.947749100741603, 10.871161199575685 ], [ 106.947848800741454, 10.871038899575783 ], [ 106.947929500741324, 10.870927799575856 ], [ 106.948004400741183, 10.870812899575935 ], [ 106.948073200741035, 10.870694399576003 ], [ 106.948135800740928, 10.87057259957608 ], [ 106.948199100740794, 10.870435599576158 ], [ 106.948256500740655, 10.87029599957623 ], [ 106.948307800740523, 10.870154799576301 ], [ 106.948353000740426, 10.870011599576374 ], [ 106.949329400739629, 10.870293399576809 ], [ 106.95002670073869, 10.869766599577353 ], [ 106.950048200738593, 10.869642799577397 ], [ 106.95050150073817, 10.869632299577653 ], [ 106.951826500733659, 10.863784499580209 ], [ 106.937090500745654, 10.860307399573381 ], [ 106.937157500745357, 10.85988069957356 ], [ 106.936929600745543, 10.859822499573449 ], [ 106.936158400746152, 10.859625699573105 ], [ 106.935883800746382, 10.859555799572975 ], [ 106.935831600746425, 10.859541999572953 ], [ 106.935585900746617, 10.859479499572835 ], [ 106.935349700746812, 10.859419199572725 ], [ 106.932833800748853, 10.85877699957158 ], [ 106.932794000748856, 10.858761699571565 ], [ 106.932758200748879, 10.85873869957155 ], [ 106.932727900748915, 10.858708999571544 ], [ 106.932704500748883, 10.85867389957154 ], [ 106.9326889007489, 10.858634699571546 ], [ 106.932683300748877, 10.858607299571553 ], [ 106.932681400748891, 10.858579399571559 ], [ 106.932666200748855, 10.858525499571561 ], [ 106.932643500748839, 10.858474299571572 ], [ 106.93261380074884, 10.858426599571576 ], [ 106.932583500748876, 10.858389599571568 ], [ 106.932548900748884, 10.858356299571559 ], [ 106.932510600748898, 10.858327199571546 ], [ 106.93246900074891, 10.858302799571543 ], [ 106.930899900750177, 10.857902399570817 ], [ 106.93074170075117, 10.859417099570258 ], [ 106.929245000754989, 10.863768699568071 ], [ 106.931047400753741, 10.864561599568797 ], [ 106.929722400756347, 10.867006099567305 ], [ 106.929945000756192, 10.867092999567401 ], [ 106.929467600757064, 10.86789379956689 ], [ 106.930822100756146, 10.868496999567428 ], [ 106.930033600757795, 10.870156399566481 ], [ 106.929994300757841, 10.870155099566464 ], [ 106.929955200757888, 10.870159099566441 ], [ 106.929917100757933, 10.870168399566415 ], [ 106.929880700757963, 10.870182799566393 ], [ 106.929842400758005, 10.870204699566361 ], [ 106.929808100758052, 10.870232299566336 ], [ 106.929778600758112, 10.870264699566306 ], [ 106.929609800758371, 10.870506799566144 ], [ 106.930994800757617, 10.871482499566582 ], [ 106.931100400757558, 10.871550999566608 ], [ 106.931208400757498, 10.871615699566648 ], [ 106.931353300757408, 10.871694599566704 ], [ 106.931501800757317, 10.871766599566758 ], [ 106.931653600757215, 10.871831699566817 ], [ 106.931801400757095, 10.871888499566881 ], [ 106.931951300756992, 10.871939699566953 ], [ 106.932111400756853, 10.871987599567021 ], [ 106.932273200756725, 10.872029299567098 ] ] ] } },
{ "type": "Feature", "properties": { "id": "osm_way_924383400", "name_vi": "Khu công nghiệp Xuân Lộc", "name_en": null, "aliases": null, "category": "industrial_park", "province_code": "75", "province_en": "Dong Nai", "former_province_code": "75", "status": "unknown", "area_ha": 73.661346061630596, "developer": null, "website": null, "geometry_type": "polygon", "location_accuracy": "site", "part_count": 1, "osm_ids": "osm_way_924383400", "source": "OpenStreetMap", "source_url": "https://www.openstreetmap.org/way/924383400", "verified_on": "2026-08-31", "attribute_source": "osm", "geometry_observed_on": "2026-08-31" }, "geometry": { "type": "Polygon", "coordinates": [ [ [ 107.410394799976288, 10.904168800013892 ], [ 107.408136299977926, 10.903321800012941 ], [ 107.406321699982186, 10.907987000010475 ], [ 107.418113599973637, 10.912409400015427 ], [ 107.419928199969348, 10.907744200017889 ], [ 107.414623799973228, 10.90575480001567 ], [ 107.413608999974329, 10.906101600015008 ], [ 107.411227199975968, 10.905037600014058 ], [ 107.410368899976348, 10.904258000013842 ], [ 107.410394799976288, 10.904168800013892 ] ] ] } },
{ "type": "Feature", "properties": { "id": "osm_way_1489376670", "name_vi": "KNIC Dong Long Thanh", "name_en": null, "aliases": null, "category": "industrial_park", "province_code": "75", "province_en": "Dong Nai", "former_province_code": "75", "status": "unknown", "area_ha": 1236.1337165645161, "developer": null, "website": null, "geometry_type": "polygon", "location_accuracy": "site", "part_count": 1, "osm_ids": "osm_way_1489376670", "source": "OpenStreetMap", "source_url": "https://www.openstreetmap.org/way/1489376670", "verified_on": "2026-08-31", "attribute_source": "osm", "geometry_observed_on": "2026-08-31" }, "geometry": { "type": "Polygon", "coordinates": [ [ [ 107.128401800207683, 10.846297399880386 ], [ 107.166103500173264, 10.84775149990022 ], [ 107.165940400171635, 10.844544599901157 ], [ 107.177046200161271, 10.844591599907117 ], [ 107.176860000161184, 10.844090499907177 ], [ 107.184499900153682, 10.843406699911505 ], [ 107.184172600148457, 10.833432999914505 ], [ 107.172111500156262, 10.827144299910012 ], [ 107.169528100156271, 10.82279079991001 ], [ 107.160930800162944, 10.820317799906169 ], [ 107.159156900162472, 10.816453799906435 ], [ 107.156768000163055, 10.813474999906099 ], [ 107.156181500174768, 10.833721999899343 ], [ 107.151857300180538, 10.83682219989603 ], [ 107.147178800183553, 10.834372599894293 ], [ 107.139244200191087, 10.834607099889944 ], [ 107.139244200191882, 10.836068299889487 ], [ 107.136409600194568, 10.836131699887936 ], [ 107.134766700194575, 10.833352999887936 ], [ 107.127422200201522, 10.833501699883938 ], [ 107.127556200193993, 10.820073899888278 ], [ 107.122833900197975, 10.819282699885981 ], [ 107.119687673439699, 10.835093220051874 ], [ 107.124580700205172, 10.835290599881834 ], [ 107.124995600205821, 10.837145199881467 ], [ 107.12289280020822, 10.837945899880076 ], [ 107.128571800202366, 10.836948499883459 ], [ 107.129473100202972, 10.839589899883093 ], [ 107.126481100207783, 10.843233899880325 ], [ 107.128401800207683, 10.846297399880386 ] ] ] } },
{ "type": "Feature", "properties": { "id": "osm_way_327898250", "name_vi": "Khu chế xuất Linh Trung I", "name_en": "Linh Trung I Export Processing Zone", "aliases": "Linh Trung I Export Processing Zone", "category": "export_processing_zone", "province_code": "79", "province_en": "Ho Chi Minh City", "former_province_code": "79", "status": "unknown", "area_ha": 132.7059934573125, "developer": null, "website": null, "geometry_type": "polygon", "location_accuracy": "site", "part_count": 1, "osm_ids": "osm_way_327898250", "source": "OpenStreetMap", "source_url": "https://www.openstreetmap.org/way/327898250", "verified_on": "2026-08-31", "attribute_source": "osm", "geometry_observed_on": "2026-08-31" }, "geometry": { "type": "Polygon", "coordinates": [ [ [ 106.767020900912811, 10.871715199478446 ], [ 106.76961740091005, 10.871178499480001 ], [ 106.772608300906668, 10.870215199481912 ], [ 106.772720400906749, 10.870526999481868 ], [ 106.779781400898798, 10.86821559948639 ], [ 106.776673200897633, 10.860827699487048 ], [ 106.775160800899599, 10.861785899485938 ], [ 106.7746567008993, 10.860380499486107 ], [ 106.773599700900419, 10.860612099485474 ], [ 106.772371900901675, 10.860803699484748 ], [ 106.772412600902015, 10.861482499484557 ], [ 106.772331300902223, 10.861682099484455 ], [ 106.772672800902313, 10.862432699484405 ], [ 106.767351100908442, 10.864414599480915 ], [ 106.767117600908691, 10.864451299480788 ], [ 106.766398400909267, 10.864304599480439 ], [ 106.766118200909546, 10.864295399480293 ], [ 106.764633200911433, 10.865166799479223 ], [ 106.763979400911353, 10.863919299479258 ], [ 106.762972800912664, 10.864567599478521 ], [ 106.762597600913111, 10.86469269947828 ], [ 106.762548100913193, 10.864783099478224 ], [ 106.763022300913548, 10.866235899478019 ], [ 106.76320630091341, 10.866340199478087 ], [ 106.764544200912312, 10.866618299478718 ], [ 106.764622000912311, 10.866722499478728 ], [ 106.766115600913096, 10.87067099947828 ], [ 106.765060900914435, 10.871338299477507 ], [ 106.764983000914569, 10.87144259947743 ], [ 106.765645000914418, 10.87224979947753 ], [ 106.765753700914345, 10.872325899477568 ], [ 106.767020900912811, 10.871715199478446 ] ] ] } },
{ "type": "Feature", "properties": { "id": "osm_way_1053215663", "name_vi": "Khu chế xuất Linh Trung II", "name_en": null, "aliases": null, "category": "export_processing_zone", "province_code": "79", "province_en": "Ho Chi Minh City", "former_province_code": "74", "status": "unknown", "area_ha": 61.747190160507905, "developer": null, "website": null, "geometry_type": "polygon", "location_accuracy": "site", "part_count": 1, "osm_ids": "osm_way_1053215663", "source": "OpenStreetMap", "source_url": "https://www.openstreetmap.org/way/1053215663", "verified_on": "2026-08-31", "attribute_source": "osm", "geometry_observed_on": "2026-08-31" }, "geometry": { "type": "Polygon", "coordinates": [ [ [ 106.726377700961123, 10.889496899451029 ], [ 106.724468000961778, 10.887408999450658 ], [ 106.72427490096193, 10.88738789945057 ], [ 106.724028100961959, 10.887013899450547 ], [ 106.722654800962388, 10.885449399450312 ], [ 106.722472400962545, 10.885412499450224 ], [ 106.722268600962536, 10.885043699450225 ], [ 106.720712900963051, 10.883321099449933 ], [ 106.720085300964058, 10.884058599449366 ], [ 106.719827800964481, 10.884390499449127 ], [ 106.718819300966729, 10.88670309944786 ], [ 106.718443700967526, 10.887524899447389 ], [ 106.71833110096793, 10.888051699447169 ], [ 106.718121900969308, 10.89020099944638 ], [ 106.717896600969965, 10.890954299446024 ], [ 106.717078500971766, 10.892815599444999 ], [ 106.717049000971869, 10.892949999444939 ], [ 106.718132600971785, 10.894638299444985 ], [ 106.719682900969786, 10.89366899944612 ], [ 106.721367400967608, 10.892628599447354 ], [ 106.726377700961123, 10.889496899451029 ] ] ] } },
{ "type": "Feature", "properties": { "id": "osm_relation_17540366", "name_vi": "Khu chế xuất Linh Trung II - Long Trường - Khu du lịch BCR", "name_en": null, "aliases": null, "category": "export_processing_zone", "province_code": "79", "province_en": "Ho Chi Minh City", "former_province_code": "79", "status": "unknown", "area_ha": null, "developer": "Công ty Cổ phần Xe khách Phương Trang - FUTA Bus Lines", "website": null, "geometry_type": "point", "location_accuracy": "locality", "part_count": 1, "osm_ids": "osm_relation_17540366", "source": "OpenStreetMap", "source_url": "https://www.openstreetmap.org/relation/17540366", "verified_on": "2026-08-31", "attribute_source": "osm", "geometry_observed_on": "2026-08-31" }, "geometry": { "type": "Point", "coordinates": [ 106.778012100000012, 10.8493512 ] } },
{ "type": "Feature", "properties": { "id": "osm_way_377269911", "name_vi": "Khu chế xuất Tân Thuận", "name_en": null, "aliases": null, "category": "export_processing_zone", "province_code": "79", "province_en": "Ho Chi Minh City", "former_province_code": "79", "status": "unknown", "area_ha": 242.33772764270645, "developer": null, "website": null, "geometry_type": "polygon", "location_accuracy": "site", "part_count": 1, "osm_ids": "osm_way_377269911", "source": "OpenStreetMap", "source_url": "https://www.openstreetmap.org/way/377269911", "verified_on": "2026-08-31", "attribute_source": "osm", "geometry_observed_on": "2026-08-31" }, "geometry": { "type": "Polygon", "coordinates": [ [ [ 106.731683200880141, 10.752658799496997 ], [ 106.73182130088, 10.752691099497055 ], [ 106.73167060088106, 10.754290599496477 ], [ 106.731247500882333, 10.755898399495745 ], [ 106.731056900882919, 10.756624699495411 ], [ 106.731391600882716, 10.756830199495527 ], [ 106.733567700881224, 10.757870199496363 ], [ 106.734255800879694, 10.75624409949725 ], [ 106.736712000877901, 10.757192799498263 ], [ 106.736955800877823, 10.757473599498319 ], [ 106.737213200878116, 10.758459299498142 ], [ 106.737741500878471, 10.760015399497931 ], [ 106.738699200879324, 10.763142499497464 ], [ 106.73937330087989, 10.76534889949712 ], [ 106.73948510088006, 10.765820499497039 ], [ 106.739531100880299, 10.766340399496903 ], [ 106.739791100883323, 10.772184499495197 ], [ 106.739866800884158, 10.773848599494713 ], [ 106.739986900884119, 10.773985399494734 ], [ 106.740152700883996, 10.774035899494802 ], [ 106.740289900883838, 10.774017599494888 ], [ 106.741266200882762, 10.773720699495504 ], [ 106.742410000881492, 10.77335989949623 ], [ 106.743073900880603, 10.772925699496724 ], [ 106.744226900879042, 10.772066999497616 ], [ 106.74583720087665, 10.770500399498978 ], [ 106.746709600875306, 10.769566399499732 ], [ 106.747194000874487, 10.768939199500194 ], [ 106.748179000872824, 10.767592599501157 ], [ 106.748907000871569, 10.766576999501858 ], [ 106.749755400870086, 10.765355799502698 ], [ 106.749867200869872, 10.765149099502825 ], [ 106.749916500869759, 10.765029599502885 ], [ 106.749916500869674, 10.764887499502933 ], [ 106.749872500869671, 10.764815999502931 ], [ 106.749755400869688, 10.764625899502931 ], [ 106.748841500869887, 10.763440599502809 ], [ 106.74604700087059, 10.759926599502419 ], [ 106.744613600870906, 10.75808559950223 ], [ 106.745587600869598, 10.75738719950297 ], [ 106.745103400869539, 10.756437999503017 ], [ 106.744359500869649, 10.755373799502951 ], [ 106.743564500869724, 10.75412679950291 ], [ 106.743443600869725, 10.753916699502915 ], [ 106.743118200870015, 10.753921299502739 ], [ 106.742546300870572, 10.753948699502427 ], [ 106.742072100871212, 10.754304899502053 ], [ 106.741467600871388, 10.753583199501962 ], [ 106.740765600871811, 10.753135599501718 ], [ 106.740165800872305, 10.753003099501441 ], [ 106.740143000871797, 10.752036199501735 ], [ 106.740330400868316, 10.746081799503715 ], [ 106.740325800868192, 10.745877699503778 ], [ 106.740276500868134, 10.745687099503812 ], [ 106.740161400868175, 10.745554699503788 ], [ 106.73995430086832, 10.745499799503696 ], [ 106.738315500869945, 10.745609299502783 ], [ 106.738142900870173, 10.745717499502657 ], [ 106.73807720087035, 10.745920999502555 ], [ 106.737965400870863, 10.746637999502273 ], [ 106.738755600870093, 10.746604899502701 ], [ 106.738584200873333, 10.752165299500858 ], [ 106.731670100879697, 10.751870699497241 ], [ 106.731683200880141, 10.752658799496997 ] ] ] } },
{ "type": "Feature", "properties": { "id": "osm_relation_6289815", "name_vi": "Khu công nghệ cao Thành phố Hồ Chí Minh", "name_en": "Saigon Hi-Tech Park", "aliases": "Saigon Hi-Tech Park|SHTP", "category": "hi_tech_park", "province_code": "79", "province_en": "Ho Chi Minh City", "former_province_code": "79", "status": "unknown", "area_ha": 926.93148907141222, "developer": null, "website": "http://www.shtp.hochiminhcity.gov.vn", "geometry_type": "polygon", "location_accuracy": "site", "part_count": 1, "osm_ids": "osm_relation_6289815", "source": "OpenStreetMap", "source_url": "https://www.openstreetmap.org/relation/6289815", "verified_on": "2026-08-31", "attribute_source": "osm", "geometry_observed_on": "2026-08-31" }, "geometry": { "type": "Polygon", "coordinates": [ [ [ 106.819584900844987, 10.839112699516939 ], [ 106.820382500843749, 10.838268699517634 ], [ 106.820789900843081, 10.837741299518019 ], [ 106.821137200842443, 10.837205499518378 ], [ 106.82176210084117, 10.835934099519116 ], [ 106.826056300831667, 10.826160799524501 ], [ 106.825063300832454, 10.825864399524066 ], [ 106.824857000832623, 10.82584189952396 ], [ 106.824608200832898, 10.825886799523813 ], [ 106.824358500833185, 10.825994499523642 ], [ 106.824167100833435, 10.826125399523496 ], [ 106.823975900833716, 10.826283599523348 ], [ 106.823662200834193, 10.826625399523065 ], [ 106.823185300835007, 10.827285499522601 ], [ 106.822855500835516, 10.827595599522335 ], [ 106.822498500835962, 10.827873799522049 ], [ 106.822114700836508, 10.828124399521769 ], [ 106.820744300838271, 10.828971999520759 ], [ 106.820332500838759, 10.829142799520485 ], [ 106.819953600839156, 10.829251399520246 ], [ 106.819432000839711, 10.829347099519936 ], [ 106.81809870084102, 10.829462199519186 ], [ 106.817744800841425, 10.829554499518968 ], [ 106.817407600841818, 10.829700599518739 ], [ 106.817074100842234, 10.829888199518502 ], [ 106.815995300843667, 10.830638599517689 ], [ 106.815226200844521, 10.830881099517192 ], [ 106.814213500845554, 10.830986099516624 ], [ 106.813975900845776, 10.830976699516492 ], [ 106.813737200846006, 10.830940199516375 ], [ 106.811761100847605, 10.830504399515453 ], [ 106.81157170084775, 10.83043499951537 ], [ 106.811407300847861, 10.830355599515308 ], [ 106.81122960084798, 10.830241799515248 ], [ 106.810287800848357, 10.829349799515033 ], [ 106.810035600848479, 10.829141099514956 ], [ 106.809762400848641, 10.828947899514873 ], [ 106.808300900849517, 10.828038399514369 ], [ 106.80811540084963, 10.827938899514304 ], [ 106.80788690084978, 10.827845899514207 ], [ 106.806659800850767, 10.827491299513666 ], [ 106.806560000850823, 10.82743669951363 ], [ 106.80641060085091, 10.827323799513588 ], [ 106.806150200851022, 10.827106699513514 ], [ 106.805131200851406, 10.826075099513288 ], [ 106.804042500851978, 10.825246199512966 ], [ 106.804009700851665, 10.824633199513144 ], [ 106.803965100851642, 10.824473099513169 ], [ 106.803890400851628, 10.824332999513173 ], [ 106.803774000851675, 10.824190699513155 ], [ 106.803239900851892, 10.823707899513023 ], [ 106.803126900851908, 10.823569499513008 ], [ 106.802998800851938, 10.823369399512996 ], [ 106.802921100851918, 10.823203299513001 ], [ 106.802843600851887, 10.823007699513028 ], [ 106.802797100851819, 10.822812999513063 ], [ 106.802778300851699, 10.822601499513118 ], [ 106.802784200851576, 10.822340899513211 ], [ 106.802814300851395, 10.822093499513301 ], [ 106.802923000851024, 10.821597399513514 ], [ 106.802951800850863, 10.821362499513601 ], [ 106.802945400850774, 10.821209299513649 ], [ 106.802897000850763, 10.821087599513664 ], [ 106.802819300850786, 10.820988299513646 ], [ 106.802668900850932, 10.821002799513563 ], [ 106.802354600851274, 10.821077399513376 ], [ 106.802183200851445, 10.821110799513272 ], [ 106.801898500851735, 10.821151599513113 ], [ 106.801599600852043, 10.821165699512941 ], [ 106.800977600852605, 10.821132699512617 ], [ 106.800353800853188, 10.821159699512275 ], [ 106.79988590085371, 10.821256899511994 ], [ 106.799714500853881, 10.821298299511891 ], [ 106.799583800854009, 10.821311199511817 ], [ 106.799334400854235, 10.821288399511689 ], [ 106.799209200854349, 10.82127689951162 ], [ 106.799051400854495, 10.821237799511549 ], [ 106.798827600854651, 10.821153599511456 ], [ 106.798652500854701, 10.820968699511424 ], [ 106.798400500854655, 10.820437299511454 ], [ 106.798106900854748, 10.8201202995114 ], [ 106.797753400854972, 10.819891299511276 ], [ 106.797380400855218, 10.819730299511129 ], [ 106.796688200855783, 10.819554499510817 ], [ 106.796270300856094, 10.81940529951064 ], [ 106.795906500856347, 10.819224099510498 ], [ 106.794643700857137, 10.818527099510034 ], [ 106.794389000857279, 10.818354799509954 ], [ 106.79353080085761, 10.817475799509774 ], [ 106.79343180085759, 10.817250599509789 ], [ 106.793374000857597, 10.817173899509786 ], [ 106.79296830085778, 10.816811799509679 ], [ 106.792640600857965, 10.816582099509576 ], [ 106.792026100858408, 10.816339099509324 ], [ 106.791562700858705, 10.816082999509156 ], [ 106.791273200858924, 10.815976099509037 ], [ 106.791060000859034, 10.815843799508958 ], [ 106.789911600859654, 10.815002799508607 ], [ 106.789625200859888, 10.814943799508479 ], [ 106.789232700860268, 10.81492579950827 ], [ 106.78829360086111, 10.814862699507787 ], [ 106.788138400861257, 10.814863599507703 ], [ 106.788073000861331, 10.814867999507664 ], [ 106.787830800861556, 10.814878999507533 ], [ 106.787783100861631, 10.81495259950748 ], [ 106.787776000861683, 10.815014499507457 ], [ 106.787809700861686, 10.81506889950747 ], [ 106.788597500861414, 10.815905899507625 ], [ 106.788663700861392, 10.816018499507623 ], [ 106.788690500861435, 10.816129199507595 ], [ 106.788694300861508, 10.816245199507565 ], [ 106.788536100862643, 10.818016499506923 ], [ 106.788504000862758, 10.818182599506846 ], [ 106.788456200862896, 10.818353699506771 ], [ 106.788391400863034, 10.81849209950669 ], [ 106.788297400863215, 10.818619199506601 ], [ 106.788164400863394, 10.818741099506491 ], [ 106.787936400863714, 10.818918999506309 ], [ 106.787902100863761, 10.818967399506279 ], [ 106.787894200863803, 10.819017899506262 ], [ 106.78809910086413, 10.819965199506072 ], [ 106.788121300864191, 10.820107399506039 ], [ 106.788130400864262, 10.820256899505994 ], [ 106.788119900864345, 10.820397599505945 ], [ 106.788080400864487, 10.820568499505878 ], [ 106.788004200864663, 10.820779199505766 ], [ 106.787913300864872, 10.820965699505656 ], [ 106.787779900865118, 10.821203299505511 ], [ 106.786820900866644, 10.822330899504639 ], [ 106.786651700866884, 10.822464099504508 ], [ 106.786457300867141, 10.822577599504365 ], [ 106.786281800867343, 10.822663799504245 ], [ 106.785798900867931, 10.822875299503913 ], [ 106.785739900867995, 10.822928899503868 ], [ 106.785707400868105, 10.823010099503822 ], [ 106.785707200868117, 10.823083199503792 ], [ 106.785744400868126, 10.823160199503805 ], [ 106.785809200868101, 10.823222599503813 ], [ 106.786197300867883, 10.823463499503946 ], [ 106.786255600867861, 10.823531999503958 ], [ 106.786278300867892, 10.823617499503946 ], [ 106.78627270086794, 10.823710699503909 ], [ 106.786216600868173, 10.824011199503779 ], [ 106.786162800868283, 10.824146299503713 ], [ 106.78608820086842, 10.82427579950363 ], [ 106.785190700869848, 10.825305799502823 ], [ 106.785145700869933, 10.825390899502779 ], [ 106.785126900869997, 10.825469999502738 ], [ 106.785119800870049, 10.825549199502708 ], [ 106.785185300870168, 10.825906099502633 ], [ 106.785210400870184, 10.825967599502622 ], [ 106.785239900870195, 10.826018799502627 ], [ 106.785430700870151, 10.826263699502649 ], [ 106.785449000870173, 10.826340999502635 ], [ 106.785452100870202, 10.826409399502616 ], [ 106.785269300870823, 10.827207599502266 ], [ 106.785273200870847, 10.827253699502247 ], [ 106.78529870087084, 10.82728599950226 ], [ 106.78720920086937, 10.827865199503105 ], [ 106.787255200869325, 10.827889099503119 ], [ 106.78728920086931, 10.82791919950313 ], [ 106.787627800869188, 10.828277799503196 ], [ 106.787679300869158, 10.828313599503211 ], [ 106.787739700869096, 10.828315199503248 ], [ 106.788088500868724, 10.828216199503462 ], [ 106.788132300868668, 10.828215899503483 ], [ 106.788166600868649, 10.828228199503503 ], [ 106.788665500868419, 10.828669599503632 ], [ 106.788684100868409, 10.82867919950364 ], [ 106.788706400868392, 10.828684399503642 ], [ 106.789308200867808, 10.828652899503979 ], [ 106.789368400867744, 10.828640399504017 ], [ 106.789437800867702, 10.828639999504055 ], [ 106.789491000867628, 10.828643799504086 ], [ 106.789560600867588, 10.828671699504106 ], [ 106.789601700867578, 10.828703799504121 ], [ 106.789622300867578, 10.828727899504127 ], [ 106.789668100867587, 10.82886509950411 ], [ 106.78968880086758, 10.828921599504099 ], [ 106.789721700867588, 10.828957799504108 ], [ 106.789742200867579, 10.82896979950411 ], [ 106.789787200867551, 10.828969499504138 ], [ 106.790034600867315, 10.828972199504268 ], [ 106.790035000867348, 10.829044999504244 ], [ 106.790031100867353, 10.829077299504233 ], [ 106.790014900867405, 10.82910569950422 ], [ 106.789982300867436, 10.829122099504193 ], [ 106.78990470086751, 10.829134599504146 ], [ 106.789716600867692, 10.829111499504053 ], [ 106.789655100867719, 10.829087599504026 ], [ 106.789610000867754, 10.829051499504017 ], [ 106.789564700867757, 10.828999199504011 ], [ 106.789523300867756, 10.828914499504018 ], [ 106.789494300867744, 10.828845899504023 ], [ 106.789473700867745, 10.828809699504022 ], [ 106.789444900867764, 10.828781499504018 ], [ 106.789420200867767, 10.828761499504004 ], [ 106.78939980086777, 10.828753499503994 ], [ 106.789367100867821, 10.828753699503986 ], [ 106.789330400867854, 10.828765999503958 ], [ 106.789277700867942, 10.828839099503906 ], [ 106.789131900868199, 10.82906639950375 ], [ 106.789002000868422, 10.829224799503635 ], [ 106.788946900868524, 10.829329099503573 ], [ 106.788886600868665, 10.829495199503485 ], [ 106.788862500868746, 10.829572099503448 ], [ 106.788826000868809, 10.829624899503418 ], [ 106.788785500868869, 10.829673599503371 ], [ 106.788732600868954, 10.829722499503335 ], [ 106.788683900869017, 10.829775299503289 ], [ 106.788667700869055, 10.829803699503278 ], [ 106.788647600869112, 10.829860399503239 ], [ 106.788623500869164, 10.829933299503208 ], [ 106.788571100869277, 10.830054899503143 ], [ 106.788502200869416, 10.830148299503065 ], [ 106.78822930086973, 10.830303499502872 ], [ 106.788074300869937, 10.830372899502777 ], [ 106.787938900870088, 10.830408899502691 ], [ 106.787833100870188, 10.830420099502625 ], [ 106.787413300870554, 10.830367499502422 ], [ 106.787278300870682, 10.830348099502354 ], [ 106.787208800870744, 10.830348499502321 ], [ 106.787086400870862, 10.830369399502246 ], [ 106.786923300871067, 10.830447199502137 ], [ 106.786809300871212, 10.830520599502055 ], [ 106.786704800871377, 10.830625799501957 ], [ 106.786648100871474, 10.830711099501901 ], [ 106.786615900871553, 10.830796099501859 ], [ 106.786604500871633, 10.830937699501805 ], [ 106.78663600087188, 10.83143069950167 ], [ 106.786661300871941, 10.831557399501641 ], [ 106.786706800871954, 10.831654099501636 ], [ 106.786752100871922, 10.831706399501641 ], [ 106.786801400871894, 10.831750599501651 ], [ 106.786854700871885, 10.831770499501673 ], [ 106.7869447008718, 10.831798299501719 ], [ 106.786989800871766, 10.831822299501734 ], [ 106.78703920087176, 10.831878599501739 ], [ 106.787080500871753, 10.831942999501743 ], [ 106.787121700871737, 10.831995399501753 ], [ 106.787175000871713, 10.832031399501771 ], [ 106.787273200871624, 10.83205509950181 ], [ 106.787420500871505, 10.832078499501884 ], [ 106.7875556008714, 10.832105999501943 ], [ 106.787637500871341, 10.832141999501983 ], [ 106.787703100871283, 10.832181999502003 ], [ 106.787752300871247, 10.832197899502027 ], [ 106.788156400871202, 10.832805399502051 ], [ 106.788181400871224, 10.832886099502037 ], [ 106.788220500871248, 10.833014899502022 ], [ 106.788236000871308, 10.833137599501988 ], [ 106.788236400871355, 10.833219399501969 ], [ 106.788567900871541, 10.834094099501868 ], [ 106.788781800871618, 10.834600999501827 ], [ 106.788944700871582, 10.834827099501833 ], [ 106.789621100870761, 10.83448709950231 ], [ 106.789781700870549, 10.83439289950242 ], [ 106.789868400870418, 10.834305199502495 ], [ 106.790108300870017, 10.834005099502725 ], [ 106.790221300869803, 10.833811499502845 ], [ 106.790314400869633, 10.83366779950294 ], [ 106.790407600869486, 10.833530399503035 ], [ 106.790521100869327, 10.833423899503121 ], [ 106.790614700869213, 10.83337359950319 ], [ 106.790755400869031, 10.833316799503287 ], [ 106.790882700868906, 10.833278699503365 ], [ 106.791123900868612, 10.833190199503523 ], [ 106.791439100868303, 10.833138499503708 ], [ 106.791684500868058, 10.833123299503848 ], [ 106.791766500867979, 10.833151099503878 ], [ 106.791826200867945, 10.833191999503903 ], [ 106.791862800867946, 10.83327299950389 ], [ 106.791992900868081, 10.83371409950383 ], [ 106.792020600868128, 10.833850899503792 ], [ 106.792021300868214, 10.833962899503764 ], [ 106.791962200868369, 10.834187299503661 ], [ 106.791783100868756, 10.83455549950345 ], [ 106.79164400086907, 10.834867499503275 ], [ 106.791618100869158, 10.835029399503213 ], [ 106.791639000869225, 10.835159999503182 ], [ 106.791714000869248, 10.835346299503156 ], [ 106.791774800869234, 10.835414399503176 ], [ 106.791876800869161, 10.835461399503217 ], [ 106.791989900869055, 10.835456699503274 ], [ 106.792170600868829, 10.835362299503398 ], [ 106.792391200868522, 10.835211699503564 ], [ 106.792664900868147, 10.834948699503796 ], [ 106.792998500867625, 10.834604499504078 ], [ 106.793071500867484, 10.834473299504166 ], [ 106.793130700867323, 10.834267599504258 ], [ 106.793116600867265, 10.834149399504291 ], [ 106.792994700867268, 10.833969699504282 ], [ 106.792920100867278, 10.833845599504279 ], [ 106.792865700867253, 10.833721499504293 ], [ 106.792865000867195, 10.833609499504325 ], [ 106.792877500867107, 10.833453799504378 ], [ 106.792917100867001, 10.833341599504436 ], [ 106.792963600866912, 10.833260399504493 ], [ 106.793043500866759, 10.833141699504569 ], [ 106.793110300866687, 10.833091499504622 ], [ 106.793170500866609, 10.833053799504661 ], [ 106.793318000866449, 10.833021799504754 ], [ 106.793425400866354, 10.833021199504815 ], [ 106.793606800866186, 10.833038799504902 ], [ 106.793824900865999, 10.833059199505012 ], [ 106.793930800865908, 10.833099399505059 ], [ 106.794057100865814, 10.833141999505116 ], [ 106.794279600865679, 10.833296299505189 ], [ 106.795379300865221, 10.834319599505458 ], [ 106.796470300866403, 10.838303699504779 ], [ 106.798334400864931, 10.838857899505612 ], [ 106.798986200864491, 10.839154299505864 ], [ 106.799518000864396, 10.839871099505924 ], [ 106.800729000864266, 10.841715599505996 ], [ 106.801314400864342, 10.842876599505939 ], [ 106.801323300864524, 10.843184999505848 ], [ 106.801306300864695, 10.843493099505741 ], [ 106.801261600864933, 10.843808299505621 ], [ 106.801189600865158, 10.844118699505479 ], [ 106.799664800868129, 10.846882099503787 ], [ 106.799584300868219, 10.846862999503754 ], [ 106.799156500868975, 10.847520899503309 ], [ 106.799039400869162, 10.847660399503214 ], [ 106.798916500869353, 10.847794899503105 ], [ 106.79877490086956, 10.847936499502977 ], [ 106.798626800869769, 10.848071499502856 ], [ 106.798087700870553, 10.848558199502421 ], [ 106.796961100872167, 10.849538799501502 ], [ 106.795798400873778, 10.850445899500595 ], [ 106.795708200873889, 10.850522299500513 ], [ 106.795621000874021, 10.850601899500445 ], [ 106.79553690087414, 10.850684699500375 ], [ 106.795446300874289, 10.850780999500296 ], [ 106.795359800874436, 10.850880899500217 ], [ 106.793966400876698, 10.85256949949893 ], [ 106.793918800876753, 10.852618899498896 ], [ 106.793868500876826, 10.852665599498854 ], [ 106.793813500876908, 10.852711299498809 ], [ 106.793755900876988, 10.852753899498763 ], [ 106.793644800877132, 10.852824999498681 ], [ 106.793528900877277, 10.852888499498604 ], [ 106.793408800877415, 10.852943899498515 ], [ 106.793285200877577, 10.85299089949844 ], [ 106.793163300877708, 10.853028199498361 ], [ 106.793039100877849, 10.85305739949829 ], [ 106.792913300877942, 10.853078399498207 ], [ 106.792786300878106, 10.853090999498139 ], [ 106.791535000879293, 10.853137099497447 ], [ 106.791273500879555, 10.853162199497309 ], [ 106.791041500879814, 10.853201699497165 ], [ 106.789682900881232, 10.853492099496354 ], [ 106.789544400881383, 10.85350759949627 ], [ 106.7894201008815, 10.853503299496204 ], [ 106.789210900881685, 10.853470399496105 ], [ 106.789046000881811, 10.853417599496032 ], [ 106.788754200882011, 10.853272399495914 ], [ 106.788622600882093, 10.853194099495873 ], [ 106.78849610088217, 10.85310819949583 ], [ 106.788371500882207, 10.853011799495793 ], [ 106.788253300882261, 10.852907999495764 ], [ 106.788185600882301, 10.85281309949576 ], [ 106.788125900882278, 10.852712999495758 ], [ 106.788051100882271, 10.852550999495769 ], [ 106.786574300883856, 10.852910599494864 ], [ 106.787657200882848, 10.852933599495431 ], [ 106.783911000887642, 10.855163799492715 ], [ 106.793299900881877, 10.860781599495992 ], [ 106.793927500881296, 10.860828999496313 ], [ 106.794576600880617, 10.860691999496705 ], [ 106.796143000878871, 10.860217899497695 ], [ 106.796577600878351, 10.860012399497995 ], [ 106.79730710087739, 10.859538299498533 ], [ 106.798122500876204, 10.858779599499211 ], [ 106.815150800851441, 10.843175899513275 ], [ 106.819584900844987, 10.839112699516939 ] ] ] } },
{ "type": "Feature", "properties": { "id": "osm_node_4173032595", "name_vi": "Khu công nghệ cao Việt - Sing", "name_en": null, "aliases": null, "category": "hi_tech_park", "province_code": "79", "province_en": "Ho Chi Minh City", "former_province_code": "74", "status": "unknown", "area_ha": null, "developer": null, "website": null, "geometry_type": "point", "location_accuracy": "locality", "part_count": 1, "osm_ids": "osm_node_4173032595", "source": "OpenStreetMap", "source_url": "https://www.openstreetmap.org/node/4173032595", "verified_on": "2026-08-31", "attribute_source": "osm", "geometry_observed_on": "2026-08-31" }, "geometry": { "type": "Point", "coordinates": [ 106.5347882, 11.1079891 ] } },
{ "type": "Feature", "properties": { "id": "osm_way_270876378", "name_vi": "Cụm CN-TTCN Hắc Dịch", "name_en": null, "aliases": null, "category": "industrial_cluster", "province_code": "79", "province_en": "Ho Chi Minh City", "former_province_code": "77", "status": "unknown", "area_ha": 34.326157174522436, "developer": null, "website": null, "geometry_type": "polygon", "location_accuracy": "site", "part_count": 1, "osm_ids": "osm_way_270876378", "source": "OpenStreetMap", "source_url": "https://www.openstreetmap.org/way/270876378", "verified_on": "2026-08-31", "attribute_source": "osm", "geometry_observed_on": "2026-08-31" }, "geometry": { "type": "Polygon", "coordinates": [ [ [ 107.090187800482397, 10.646451799723467 ], [ 107.090346500481161, 10.644468999724188 ], [ 107.090430600479891, 10.642357799724891 ], [ 107.086991100482734, 10.64157379972329 ], [ 107.087076900482487, 10.641304999723422 ], [ 107.084829200484407, 10.640962299722318 ], [ 107.083767100485474, 10.641025499721726 ], [ 107.083154900488083, 10.644691899720236 ], [ 107.090187800482397, 10.646451799723467 ] ] ] } },
{ "type": "Feature", "properties": { "id": "osm_way_271395222", "name_vi": "Cụm CN-TTCN Tóc Tiên 8", "name_en": null, "aliases": null, "category": "industrial_cluster", "province_code": "79", "province_en": "Ho Chi Minh City", "former_province_code": "77", "status": "unknown", "area_ha": 14.988621093884971, "developer": null, "website": null, "geometry_type": "polygon", "location_accuracy": "site", "part_count": 1, "osm_ids": "osm_way_271395222", "source": "OpenStreetMap", "source_url": "https://www.openstreetmap.org/way/271395222", "verified_on": "2026-08-31", "attribute_source": "osm", "geometry_observed_on": "2026-08-31" }, "geometry": { "type": "Polygon", "coordinates": [ [ [ 107.111752291853321, 10.607110428238391 ], [ 107.114700991731837, 10.607190228468351 ], [ 107.115213591710202, 10.607210228508093 ], [ 107.115269391993721, 10.603623428650883 ], [ 107.111802992135026, 10.603548628379787 ], [ 107.111752291853321, 10.607110428238391 ] ] ] } },
{ "type": "Feature", "properties": { "id": "osm_way_277999908", "name_vi": "Cụm Công nghiệp Khí Thấp Áp", "name_en": null, "aliases": null, "category": "industrial_cluster", "province_code": "79", "province_en": "Ho Chi Minh City", "former_province_code": "77", "status": "unknown", "area_ha": 29.680559578945207, "developer": null, "website": null, "geometry_type": "polygon", "location_accuracy": "site", "part_count": 1, "osm_ids": "osm_way_277999908", "source": "OpenStreetMap", "source_url": "https://www.openstreetmap.org/way/277999908", "verified_on": "2026-08-31", "attribute_source": "osm", "geometry_observed_on": "2026-08-31" }, "geometry": { "type": "Polygon", "coordinates": [ [ [ 107.127689700014471, 10.494759799991826 ], [ 107.131928900010621, 10.494932799994055 ], [ 107.137566700005522, 10.495290099996977 ], [ 107.13751880000504, 10.49433539999726 ], [ 107.137345000005112, 10.494148699997222 ], [ 107.137136700005186, 10.493924799997185 ], [ 107.136356100005457, 10.493086099997027 ], [ 107.135780700005711, 10.492555699996894 ], [ 107.128360900012311, 10.492001799993057 ], [ 107.128085200012649, 10.49209609999288 ], [ 107.127953400012871, 10.492308199992744 ], [ 107.127689700014471, 10.494759799991826 ] ] ] } },
{ "type": "Feature", "properties": { "id": "osm_way_533312484", "name_vi": "Cụm công nghiệp Phong Phú", "name_en": null, "aliases": null, "category": "industrial_cluster", "province_code": "79", "province_en": "Ho Chi Minh City", "former_province_code": "79", "status": "unknown", "area_ha": 17.265294146143404, "developer": null, "website": null, "geometry_type": "polygon", "location_accuracy": "site", "part_count": 1, "osm_ids": "osm_way_533312484", "source": "OpenStreetMap", "source_url": "https://www.openstreetmap.org/way/533312484", "verified_on": "2026-08-31", "attribute_source": "osm", "geometry_observed_on": "2026-08-31" }, "geometry": { "type": "Polygon", "coordinates": [ [ [ 106.779599900879404, 10.833006999497393 ], [ 106.779936500879103, 10.83305109949756 ], [ 106.780185900878863, 10.833011599497704 ], [ 106.780462200878759, 10.833298699497767 ], [ 106.780824700878227, 10.832984299498056 ], [ 106.780994300878078, 10.832995099498147 ], [ 106.781062000878009, 10.832971099498183 ], [ 106.781072100877992, 10.832982299498184 ], [ 106.78188830087683, 10.832284599498845 ], [ 106.781769800876816, 10.832026299498873 ], [ 106.782475900875781, 10.831365699499454 ], [ 106.781968900875796, 10.830547699499441 ], [ 106.782132500875534, 10.830350199499591 ], [ 106.781676600875613, 10.829719199499548 ], [ 106.780965800876672, 10.830381799498953 ], [ 106.780374300876758, 10.829543999498904 ], [ 106.779490600877807, 10.829932599498303 ], [ 106.779267900877812, 10.82960129949829 ], [ 106.77898360087822, 10.829818699498064 ], [ 106.77731600088039, 10.830903199496833 ], [ 106.777230100880558, 10.831049599496742 ], [ 106.777267700880586, 10.831154299496729 ], [ 106.777152300880743, 10.83125709949663 ], [ 106.77710410088082, 10.831266299496601 ], [ 106.776619300881521, 10.831727999496199 ], [ 106.776866000881427, 10.83197759949625 ], [ 106.776983400881363, 10.832071799496285 ], [ 106.777118800881254, 10.832115899496344 ], [ 106.777168600881211, 10.832133599496359 ], [ 106.777217100881188, 10.83215469949638 ], [ 106.777256300881177, 10.832174999496397 ], [ 106.777294200881144, 10.832197599496412 ], [ 106.777361900881104, 10.832250899496429 ], [ 106.777371600881082, 10.832243999496443 ], [ 106.777603000881015, 10.832499899496487 ], [ 106.777561400881083, 10.832538499496453 ], [ 106.777813200881013, 10.832834399496495 ], [ 106.777814500881092, 10.832968799496454 ], [ 106.77784970088112, 10.833088599496431 ], [ 106.777911400881109, 10.833190099496429 ], [ 106.778035500881089, 10.83333099949645 ], [ 106.77804420088107, 10.833337499496459 ], [ 106.778054200881058, 10.833341499496461 ], [ 106.778066000881054, 10.833342999496464 ], [ 106.778077700881028, 10.83334119949647 ], [ 106.778204400880909, 10.833317799496546 ], [ 106.778444500880667, 10.833305299496681 ], [ 106.779076800879949, 10.8330471994971 ], [ 106.77920890087978, 10.833014899497185 ], [ 106.779599900879404, 10.833006999497393 ] ] ] } },
{ "type": "Feature", "properties": { "id": "osm_way_1338782176", "name_vi": "Cụm công nghiệp Phước Tân", "name_en": null, "aliases": null, "category": "industrial_cluster", "province_code": "79", "province_en": "Ho Chi Minh City", "former_province_code": "77", "status": "unknown", "area_ha": 53.780779799952768, "developer": null, "website": null, "geometry_type": "polygon", "location_accuracy": "site", "part_count": 1, "osm_ids": "osm_way_1338782176", "source": "OpenStreetMap", "source_url": "https://www.openstreetmap.org/way/1338782176", "verified_on": "2026-08-31", "attribute_source": "osm", "geometry_observed_on": "2026-08-31" }, "geometry": { "type": "Polygon", "coordinates": [ [ [ 107.382952699821459, 10.57701480010345 ], [ 107.379040699825055, 10.576879800101386 ], [ 107.379003399826473, 10.579400500100556 ], [ 107.375219699829984, 10.579399400098508 ], [ 107.375155299831775, 10.582500100097491 ], [ 107.380133499828034, 10.584166400099649 ], [ 107.38343299982499, 10.584245200101401 ], [ 107.382952699821459, 10.57701480010345 ] ] ] } },
{ "type": "Feature", "properties": { "id": "osm_node_12672413691", "name_vi": "Cụm Công Nghiệp Tân Thành", "name_en": null, "aliases": null, "category": "industrial_cluster", "province_code": "79", "province_en": "Ho Chi Minh City", "former_province_code": "74", "status": "unknown", "area_ha": null, "developer": null, "website": null, "geometry_type": "point", "location_accuracy": "locality", "part_count": 1, "osm_ids": "osm_node_12672413691", "source": "OpenStreetMap", "source_url": "https://www.openstreetmap.org/node/12672413691", "verified_on": "2026-08-31", "attribute_source": "osm", "geometry_observed_on": "2026-08-31" }, "geometry": { "type": "Point", "coordinates": [ 106.7168588, 10.9562986 ] } },
{ "type": "Feature", "properties": { "id": "osm_way_516578020", "name_vi": "Khu công nghiệp An Hạ", "name_en": null, "aliases": null, "category": "industrial_park", "province_code": "79", "province_en": "Ho Chi Minh City", "former_province_code": "79", "status": "unknown", "area_ha": 113.23010392780684, "developer": null, "website": null, "geometry_type": "polygon", "location_accuracy": "site", "part_count": 1, "osm_ids": "osm_way_516578020", "source": "OpenStreetMap", "source_url": "https://www.openstreetmap.org/way/516578020", "verified_on": "2026-08-31", "attribute_source": "osm", "geometry_observed_on": "2026-08-31" }, "geometry": { "type": "Polygon", "coordinates": [ [ [ 106.509468501121447, 10.808510399360257 ], [ 106.512038901124953, 10.81922889935827 ], [ 106.513778501127078, 10.825989799357075 ], [ 106.519880601120363, 10.824341099360861 ], [ 106.517652601117746, 10.81577519936236 ], [ 106.517358501118053, 10.815845799362181 ], [ 106.51662980111729, 10.813220399362617 ], [ 106.514279501119844, 10.813814899361171 ], [ 106.512666501117963, 10.807679499362228 ], [ 106.509468501121447, 10.808510399360257 ] ] ] } },
{ "type": "Feature", "properties": { "id": "osm_way_790548272", "name_vi": "Khu công nghiệp Bàu Bàng", "name_en": "Bau Bang Industrial Zone", "aliases": "Bau Bang Industrial Zone", "category": "industrial_park", "province_code": "79", "province_en": "Ho Chi Minh City", "former_province_code": "74", "status": "unknown", "area_ha": 2586.4456381602813, "developer": null, "website": null, "geometry_type": "polygon", "location_accuracy": "site", "part_count": 1, "osm_ids": "osm_way_790548272", "source": "OpenStreetMap", "source_url": "https://www.openstreetmap.org/way/790548272", "verified_on": "2026-08-31", "attribute_source": "osm", "geometry_observed_on": "2026-08-31" }, "geometry": { "type": "Polygon", "coordinates": [ [ [ 106.606521500932772, 11.274229299465153 ], [ 106.606628900931867, 11.272756299465671 ], [ 106.607186800930819, 11.271830299466272 ], [ 106.607122400930493, 11.271135899466458 ], [ 106.607337000930158, 11.270883399466646 ], [ 106.607337000929832, 11.270273099466836 ], [ 106.607852000928389, 11.268547499467658 ], [ 106.60875320092741, 11.268294999468225 ], [ 106.609225300926468, 11.267421599468747 ], [ 106.609075100926503, 11.267211199468735 ], [ 106.609139400926352, 11.267032299468825 ], [ 106.609096500926171, 11.266611399468935 ], [ 106.609611500925297, 11.265948499469419 ], [ 106.609225300925317, 11.265306699469409 ], [ 106.608989200925407, 11.265064699469363 ], [ 106.609021400924917, 11.264233399469639 ], [ 106.609386200924547, 11.264191299469848 ], [ 106.609439800924136, 11.263559999470077 ], [ 106.609289600924171, 11.263381099470054 ], [ 106.609665100923408, 11.262634099470487 ], [ 106.609429100923137, 11.261750199470642 ], [ 106.609139400923368, 11.261655499470518 ], [ 106.609042900923086, 11.261003099470676 ], [ 106.608742500923142, 11.260540099470662 ], [ 106.608978500922561, 11.259929799470978 ], [ 106.608592300922197, 11.258667099471174 ], [ 106.616992900915221, 11.260234999475161 ], [ 106.617207500913437, 11.257372899476177 ], [ 106.625146800906748, 11.258761899479973 ], [ 106.626015900903653, 11.254626499481748 ], [ 106.630167900899337, 11.253858399484205 ], [ 106.630790200898815, 11.253942599484509 ], [ 106.632270800892854, 11.245734899487889 ], [ 106.632191600892426, 11.244809899488141 ], [ 106.631648500892979, 11.244892999487826 ], [ 106.631573400892762, 11.244366899487948 ], [ 106.633134500891131, 11.244056499488881 ], [ 106.636832600887317, 11.24340719949106 ], [ 106.63673480088714, 11.242929799491156 ], [ 106.632930600891044, 11.24359349948892 ], [ 106.632249300889612, 11.239836699489739 ], [ 106.63638890088535, 11.239114599492181 ], [ 106.636366200885206, 11.238861799492248 ], [ 106.635556500883609, 11.234592699493161 ], [ 106.633056100879685, 11.2232679994954 ], [ 106.632399500879472, 11.221762899495523 ], [ 106.623001100889923, 11.224730499489567 ], [ 106.624031000892273, 11.230686799488247 ], [ 106.622271500894044, 11.230960399487223 ], [ 106.62240030089481, 11.232559999486774 ], [ 106.619739500897566, 11.233022999485211 ], [ 106.618945600898215, 11.232833599484843 ], [ 106.617100200900097, 11.233107199483774 ], [ 106.616477900899454, 11.230897299484147 ], [ 106.614031800902126, 11.231591799482624 ], [ 106.611285200904732, 11.231675999481128 ], [ 106.612164100909126, 11.241070499478635 ], [ 106.604011000917694, 11.242746399473749 ], [ 106.604418700920306, 11.24815509947226 ], [ 106.604568900921578, 11.250701699471534 ], [ 106.605920700922724, 11.255057999470885 ], [ 106.600881600926968, 11.254217599468463 ], [ 106.601346800925043, 11.251534699469561 ], [ 106.595785800929775, 11.250607299466886 ], [ 106.590278100935024, 11.250764799463893 ], [ 106.589012100939414, 11.256573199461384 ], [ 106.58781040094452, 11.263770499458474 ], [ 106.57690990095368, 11.261834399453264 ], [ 106.569786000964157, 11.268736999447292 ], [ 106.563262900982366, 11.290537699436939 ], [ 106.578283200970574, 11.294661999443649 ], [ 106.584978000963758, 11.293651999447542 ], [ 106.599397600949843, 11.292978599455443 ], [ 106.60471910094499, 11.293231099458202 ], [ 106.606972200934649, 11.278374899464088 ], [ 106.606521500932772, 11.274229299465153 ] ] ] } },
{ "type": "Feature", "properties": { "id": "osm_way_503373077", "name_vi": "Khu Công nghiệp Bình Chiểu", "name_en": null, "aliases": null, "category": "industrial_park", "province_code": "79", "province_en": "Ho Chi Minh City", "former_province_code": "74", "status": "unknown", "area_ha": 28.669181907364052, "developer": null, "website": null, "geometry_type": "polygon", "location_accuracy": "site", "part_count": 1, "osm_ids": "osm_way_503373077", "source": "OpenStreetMap", "source_url": "https://www.openstreetmap.org/way/503373077", "verified_on": "2026-08-31", "attribute_source": "osm", "geometry_observed_on": "2026-08-31" }, "geometry": { "type": "Polygon", "coordinates": [ [ [ 106.730615300955179, 10.886038199454386 ], [ 106.730809300955002, 10.886013799454501 ], [ 106.731002900954806, 10.885986899454613 ], [ 106.731232500954562, 10.885951699454747 ], [ 106.731461600954319, 10.885913099454879 ], [ 106.736510500948938, 10.884814099457937 ], [ 106.736658800948788, 10.884781799458029 ], [ 106.736713300948736, 10.88476989945806 ], [ 106.735930100948792, 10.88356359945802 ], [ 106.735283700948713, 10.882304599458076 ], [ 106.734428100948776, 10.88095859945804 ], [ 106.734363700948848, 10.88099809945799 ], [ 106.733508100949948, 10.881524899457366 ], [ 106.732958300950443, 10.881432699457102 ], [ 106.732797300950622, 10.881519699456984 ], [ 106.732580100950969, 10.88178039945679 ], [ 106.73211340095159, 10.882093899456429 ], [ 106.731853200951818, 10.882056999456312 ], [ 106.73194170095158, 10.88180149945644 ], [ 106.730970200952314, 10.881454199456023 ], [ 106.730901600952507, 10.881682299455914 ], [ 106.730842000952549, 10.881665099455889 ], [ 106.730822500952613, 10.881730099455858 ], [ 106.730388700953114, 10.881909499455572 ], [ 106.730174100953406, 10.882051699455406 ], [ 106.72988440095466, 10.883795399454705 ], [ 106.729884400955171, 10.88475149945441 ], [ 106.729653800955347, 10.884698899454293 ], [ 106.729530400956193, 10.885992099453821 ], [ 106.729618900956197, 10.886142299453823 ], [ 106.730615300955179, 10.886038199454386 ] ] ] } },
{ "type": "Feature", "properties": { "id": "osm_way_291853380", "name_vi": "Khu công nghiệp Bình Đường", "name_en": null, "aliases": null, "category": "industrial_park", "province_code": "79", "province_en": "Ho Chi Minh City", "former_province_code": "74", "status": "unknown", "area_ha": 17.585400450028533, "developer": null, "website": null, "geometry_type": "polygon", "location_accuracy": "site", "part_count": 1, "osm_ids": "osm_way_291853380", "source": "OpenStreetMap", "source_url": "https://www.openstreetmap.org/way/291853380", "verified_on": "2026-08-31", "attribute_source": "osm", "geometry_observed_on": "2026-08-31" }, "geometry": { "type": "Polygon", "coordinates": [ [ [ 106.75360750092662, 10.873737999470597 ], [ 106.754063500925767, 10.87299359947108 ], [ 106.753582800926125, 10.872818199470878 ], [ 106.753611500926084, 10.872770699470912 ], [ 106.753732800925846, 10.872569799471041 ], [ 106.756078500921475, 10.868684999473524 ], [ 106.754636500922388, 10.867880099473 ], [ 106.754383900922733, 10.868097999472793 ], [ 106.753909400923135, 10.867958799472582 ], [ 106.753767700923419, 10.868273499472416 ], [ 106.753219300923817, 10.868073799472171 ], [ 106.753052900924061, 10.868188699472055 ], [ 106.752036100924855, 10.867886199471597 ], [ 106.752171700927349, 10.87259429947019 ], [ 106.75269550092699, 10.872872599470385 ], [ 106.752350400927725, 10.873604799469975 ], [ 106.752214800927874, 10.873634099469893 ], [ 106.752215100927899, 10.873659499469884 ], [ 106.752441500927674, 10.873658899470007 ], [ 106.752440200927694, 10.873714499469976 ], [ 106.752861200927299, 10.873722999470209 ], [ 106.75360750092662, 10.873737999470597 ] ] ] } },
{ "type": "Feature", "properties": { "id": "osm_way_1355895112", "name_vi": "Khu công nghiệp Cát Lái 2", "name_en": "Cat Lai 2 Industrial Zone", "aliases": "Cat Lai 2 Industrial Zone", "category": "industrial_park", "province_code": "79", "province_en": "Ho Chi Minh City", "former_province_code": "79", "status": "unknown", "area_ha": 133.66682051134774, "developer": null, "website": "https://directorsdirectory.com/cat-lai-2-industrial-zone/", "geometry_type": "polygon", "location_accuracy": "site", "part_count": 1, "osm_ids": "osm_way_1355895112", "source": "OpenStreetMap", "source_url": "https://www.openstreetmap.org/way/1355895112", "verified_on": "2026-08-31", "attribute_source": "osm", "geometry_observed_on": "2026-08-31" }, "geometry": { "type": "Polygon", "coordinates": [ [ [ 106.774460300848602, 10.768730699514904 ], [ 106.774640800848346, 10.768592999515041 ], [ 106.77486460084809, 10.768494099515198 ], [ 106.775036200847907, 10.768457399515302 ], [ 106.775163100847735, 10.768376799515398 ], [ 106.77526380084754, 10.768200899515501 ], [ 106.775413000847252, 10.767922399515673 ], [ 106.775603200846959, 10.767706199515837 ], [ 106.775827000846661, 10.767552299516003 ], [ 106.775991200846406, 10.767379999516152 ], [ 106.776069500846248, 10.767226099516241 ], [ 106.776084400846145, 10.767086899516295 ], [ 106.77600980084614, 10.766951299516299 ], [ 106.775767400846306, 10.766844999516204 ], [ 106.775446600846507, 10.76664339951609 ], [ 106.775241400846554, 10.766386899516064 ], [ 106.77516310084647, 10.76610109951611 ], [ 106.775155600846375, 10.76589949951617 ], [ 106.775189200846199, 10.765653999516267 ], [ 106.775248900845995, 10.765397499516377 ], [ 106.775245100845908, 10.765214199516429 ], [ 106.77522650084579, 10.764979699516502 ], [ 106.775114600845782, 10.764811099516489 ], [ 106.774864000845881, 10.764530799516443 ], [ 106.774693000845915, 10.76431269951642 ], [ 106.774569900845989, 10.764213799516392 ], [ 106.774572100845873, 10.764021699516451 ], [ 106.774498800845834, 10.763799399516479 ], [ 106.774579100845671, 10.763661899516567 ], [ 106.774792700845367, 10.763476499516736 ], [ 106.774893700845254, 10.763447699516801 ], [ 106.775033700845128, 10.763463599516871 ], [ 106.775686000844615, 10.763677599517155 ], [ 106.775791000844549, 10.763713499517204 ], [ 106.775850000844486, 10.763706699517236 ], [ 106.775905300844443, 10.763692499517267 ], [ 106.77619750084402, 10.7634522995175 ], [ 106.777161100843642, 10.764402899517723 ], [ 106.778169900843679, 10.766219099517684 ], [ 106.778407700843502, 10.766263299517803 ], [ 106.77847840084344, 10.766299599517822 ], [ 106.778828000843333, 10.766699199517888 ], [ 106.783277600836954, 10.762773399521526 ], [ 106.781619800837518, 10.760933099521212 ], [ 106.781426700837571, 10.760725099521169 ], [ 106.781194100837666, 10.760544699521098 ], [ 106.781013400837821, 10.760456399521034 ], [ 106.780789900838002, 10.760395999520931 ], [ 106.777534600840582, 10.759534399519461 ], [ 106.777526100840717, 10.759763899519378 ], [ 106.77755880084085, 10.760053199519303 ], [ 106.777506700840988, 10.760207399519228 ], [ 106.777297500841328, 10.760480299519028 ], [ 106.776891300841854, 10.760734299518731 ], [ 106.776659500842129, 10.760841399518576 ], [ 106.77641130084244, 10.76092079951842 ], [ 106.776115400842684, 10.760891999518266 ], [ 106.775825000842886, 10.760780699518143 ], [ 106.775655700843032, 10.760747299518059 ], [ 106.775441700843245, 10.760762499517948 ], [ 106.774850500843812, 10.760762499517625 ], [ 106.774537300844031, 10.760612599517506 ], [ 106.7742946008442, 10.76050889951741 ], [ 106.774081200844321, 10.760402499517323 ], [ 106.774029100844274, 10.760171699517372 ], [ 106.773902200844219, 10.759915099517386 ], [ 106.773850000844192, 10.759753899517401 ], [ 106.773753000844181, 10.759541299517426 ], [ 106.773596300844204, 10.759354399517401 ], [ 106.773443400844329, 10.759314099517322 ], [ 106.773290400844516, 10.759391099517225 ], [ 106.773208400844695, 10.75956329951712 ], [ 106.773167400844883, 10.759819799517018 ], [ 106.773096500845114, 10.76013869951688 ], [ 106.773010700845276, 10.760288899516787 ], [ 106.772850300845477, 10.760373199516675 ], [ 106.772645100845722, 10.760435499516543 ], [ 106.772466100845847, 10.760402499516463 ], [ 106.77232800084596, 10.760332899516408 ], [ 106.772193700845989, 10.760160699516389 ], [ 106.771818900846171, 10.759855699516285 ], [ 106.77128150084647, 10.75950309951611 ], [ 106.770744600846825, 10.759215099515908 ], [ 106.770199500847227, 10.759011599515679 ], [ 106.769906600847378, 10.758780399515588 ], [ 106.769507000847611, 10.758525899515458 ], [ 106.768356100848479, 10.75810209951498 ], [ 106.768086700848642, 10.757947199514886 ], [ 106.767841100848742, 10.757724099514817 ], [ 106.767621900848752, 10.75736819951481 ], [ 106.767515200848493, 10.756705299514962 ], [ 106.767368900848325, 10.756167899515059 ], [ 106.76727720084827, 10.755924199515086 ], [ 106.767116800848342, 10.75578129951505 ], [ 106.766777400848582, 10.755634699514911 ], [ 106.766382000848935, 10.755587099514711 ], [ 106.76607980084917, 10.755488099514572 ], [ 106.765897000849236, 10.755308599514542 ], [ 106.765788800849222, 10.755081299514551 ], [ 106.76578140084905, 10.754788199514648 ], [ 106.76581490084881, 10.754414399514776 ], [ 106.765934300848514, 10.754077199514944 ], [ 106.766008900848249, 10.753696099515109 ], [ 106.766008900848092, 10.753417499515193 ], [ 106.765882100848046, 10.753131699515222 ], [ 106.765669500848119, 10.752889799515174 ], [ 106.765318800848362, 10.752713899515047 ], [ 106.765005500848559, 10.752541599514934 ], [ 106.764645400848906, 10.752544599514739 ], [ 106.764242800849246, 10.752479899514547 ], [ 106.764045200849395, 10.75242949951445 ], [ 106.763825600849557, 10.752335999514356 ], [ 106.763551500849772, 10.752250599514241 ], [ 106.763391300849918, 10.752272199514147 ], [ 106.762342200851336, 10.753000799513357 ], [ 106.761819200852145, 10.753569799512899 ], [ 106.763375000851553, 10.755170099513224 ], [ 106.762633900852634, 10.755882699512602 ], [ 106.763361500852426, 10.756702899512732 ], [ 106.763050600852878, 10.757023499512467 ], [ 106.763357000852793, 10.757354799512525 ], [ 106.763006500853294, 10.757679699512241 ], [ 106.763818500852992, 10.758534099512406 ], [ 106.764622400852588, 10.759178599512627 ], [ 106.765197000852353, 10.759709199512775 ], [ 106.766484300851971, 10.761220899512983 ], [ 106.768345700851228, 10.763037299513414 ], [ 106.770749800850027, 10.764973899514096 ], [ 106.772624100849185, 10.766667699514565 ], [ 106.7737707008488, 10.767904499514795 ], [ 106.774460300848602, 10.768730699514904 ] ] ] } },
{ "type": "Feature", "properties": { "id": "osm_way_594483046", "name_vi": "Khu công nghiệp chuyên sâu Phú Mỹ 3", "name_en": null, "aliases": null, "category": "industrial_park", "province_code": "79", "province_en": "Ho Chi Minh City", "former_province_code": "77", "status": "unknown", "area_ha": 337.34204661506999, "developer": null, "website": null, "geometry_type": "polygon", "location_accuracy": "site", "part_count": 1, "osm_ids": "osm_way_594483046", "source": "OpenStreetMap", "source_url": "https://www.openstreetmap.org/way/594483046", "verified_on": "2026-08-31", "attribute_source": "osm", "geometry_observed_on": "2026-08-31" }, "geometry": { "type": "Polygon", "coordinates": [ [ [ 107.062250700449624, 10.53968969974221 ], [ 107.0625400004498, 10.540455199742125 ], [ 107.062829700449726, 10.540845399742157 ], [ 107.063006800449628, 10.541003599742206 ], [ 107.063275000449451, 10.541109099742318 ], [ 107.063382300449362, 10.541145999742362 ], [ 107.063484200449267, 10.541119699742422 ], [ 107.063618300449065, 10.540982599742543 ], [ 107.063827500448724, 10.540745199742727 ], [ 107.064138600448416, 10.540713599742908 ], [ 107.065334900447624, 10.541346499743341 ], [ 107.066718900444911, 10.538778099744908 ], [ 107.078204200424395, 10.521326099756637 ], [ 107.0570449004464, 10.524986899744059 ], [ 107.055523400447996, 10.525250099743152 ], [ 107.051221100452494, 10.52604129974058 ], [ 107.051618100453538, 10.528593899739986 ], [ 107.051929200453642, 10.529332299739924 ], [ 107.052605100453434, 10.530123399740038 ], [ 107.053946200453268, 10.532106499740127 ], [ 107.054343200454355, 10.534701299739524 ], [ 107.054665100454315, 10.535239199739525 ], [ 107.062250700449624, 10.53968969974221 ] ] ] } },
{ "type": "Feature", "properties": { "id": "osm_way_566356404", "name_vi": "Khu công nghiệp Đá Bạc", "name_en": null, "aliases": null, "category": "industrial_park", "province_code": "79", "province_en": "Ho Chi Minh City", "former_province_code": "77", "status": "unknown", "area_ha": 62.853815568182746, "developer": null, "website": null, "geometry_type": "polygon", "location_accuracy": "site", "part_count": 1, "osm_ids": "osm_way_566356404", "source": "OpenStreetMap", "source_url": "https://www.openstreetmap.org/way/566356404", "verified_on": "2026-08-31", "attribute_source": "osm", "geometry_observed_on": "2026-08-31" }, "geometry": { "type": "Polygon", "coordinates": [ [ [ 107.27773899992367, 10.58430450004429 ], [ 107.28582859991532, 10.582849100049122 ], [ 107.284503599913137, 10.576647800050386 ], [ 107.276446199921466, 10.578103200045573 ], [ 107.276784199921977, 10.579590300045277 ], [ 107.27773899992367, 10.58430450004429 ] ] ] } },
{ "type": "Feature", "properties": { "id": "osm_way_783792019", "name_vi": "Khu công nghiệp Đại Đăng", "name_en": null, "aliases": "Khu Công Nghiệp Đại Đăng", "category": "industrial_park", "province_code": "79", "province_en": "Ho Chi Minh City", "former_province_code": "74", "status": "unknown", "area_ha": 166.68998969361775, "developer": null, "website": null, "geometry_type": "polygon", "location_accuracy": "site", "part_count": 2, "osm_ids": "osm_node_4123749584|osm_way_783792019", "source": "OpenStreetMap", "source_url": "https://www.openstreetmap.org/way/783792019", "verified_on": "2026-08-31", "attribute_source": "osm", "geometry_observed_on": "2026-08-31" }, "geometry": { "type": "Polygon", "coordinates": [ [ [ 106.685848801063642, 11.004974099392941 ], [ 106.686180501064015, 11.006199399392729 ], [ 106.687811401065872, 11.012310699391683 ], [ 106.688651201066776, 11.015393699391165 ], [ 106.689573101067836, 11.018818099390577 ], [ 106.690476301068841, 11.022207699389991 ], [ 106.690552701068754, 11.022187699390033 ], [ 106.691181401068079, 11.022023999390429 ], [ 106.69122890106803, 11.022010799390459 ], [ 106.692313401066841, 11.021721699391128 ], [ 106.693403001065647, 11.021441299391796 ], [ 106.693992901065002, 11.021285499392166 ], [ 106.694173001064812, 11.021242399392275 ], [ 106.697806501060839, 11.020295099394522 ], [ 106.699023401059506, 11.019980899395268 ], [ 106.698981701059481, 11.019828499395297 ], [ 106.698376101058784, 11.017560899395683 ], [ 106.69813390105854, 11.016675699395833 ], [ 106.698074001058458, 11.016461699395865 ], [ 106.697526301057835, 11.014402599396229 ], [ 106.697222901057501, 11.01326339939642 ], [ 106.697166001057425, 11.013053599396457 ], [ 106.696746001056979, 11.01149099939672 ], [ 106.696155601056233, 11.009165199397136 ], [ 106.694383101057937, 11.009244099396163 ], [ 106.693973201057389, 11.007563599396473 ], [ 106.693663101057737, 11.007650299396277 ], [ 106.693501501057554, 11.007064699396379 ], [ 106.693303101057353, 11.006360099396497 ], [ 106.693077301057087, 11.00549549939665 ], [ 106.692953501056934, 11.004998099396737 ], [ 106.692488601057434, 11.005124999396445 ], [ 106.6917959010582, 11.005309499396015 ], [ 106.691648501058054, 11.004781199396103 ], [ 106.689543901060361, 11.005327099394801 ], [ 106.689483401060414, 11.005342799394768 ], [ 106.688454401061549, 11.005609599394134 ], [ 106.687619201062446, 11.005826199393612 ], [ 106.687581501062397, 11.00568179939364 ], [ 106.687452501062253, 11.00519239939373 ], [ 106.687298401062066, 11.004597599393833 ], [ 106.686625901062797, 11.004772899393423 ], [ 106.685848801063642, 11.004974099392941 ] ] ] } },
{ "type": "Feature", "properties": { "id": "osm_way_857583505", "name_vi": "Khu công nghiệp Đất Cuốc (Khu A)", "name_en": null, "aliases": null, "category": "industrial_park", "province_code": "79", "province_en": "Ho Chi Minh City", "former_province_code": "74", "status": "unknown", "area_ha": 158.74807750578606, "developer": null, "website": null, "geometry_type": "polygon", "location_accuracy": "site", "part_count": 1, "osm_ids": "osm_way_857583505", "source": "OpenStreetMap", "source_url": "https://www.openstreetmap.org/way/857583505", "verified_on": "2026-08-31", "attribute_source": "osm", "geometry_observed_on": "2026-08-31" }, "geometry": { "type": "Polygon", "coordinates": [ [ [ 106.833952500619986, 11.094031199643693 ], [ 106.833329600620473, 11.093841599643419 ], [ 106.833839200620957, 11.09554669964316 ], [ 106.834198300621267, 11.096755299642959 ], [ 106.834571100621616, 11.09799469964277 ], [ 106.835117900622123, 11.099829599642478 ], [ 106.835570000622539, 11.101331099642245 ], [ 106.835890900622815, 11.102411399642072 ], [ 106.83621510062315, 11.103549299641889 ], [ 106.837202500624045, 11.106834799641378 ], [ 106.837983400622747, 11.105813199642125 ], [ 106.838862700622144, 11.106216399642463 ], [ 106.83913960062182, 11.106117499642647 ], [ 106.839308000621642, 11.106049899642757 ], [ 106.839392200621546, 11.106032299642804 ], [ 106.839470000621489, 11.10603229964285 ], [ 106.83956110062141, 11.106072199642885 ], [ 106.83975080062136, 11.106300199642908 ], [ 106.840286400621338, 11.107187899642923 ], [ 106.84051100062139, 11.107638599642899 ], [ 106.841089700621723, 11.109233699642703 ], [ 106.843083900619447, 11.108486699644009 ], [ 106.843352900620545, 11.110934399643378 ], [ 106.849357200613909, 11.109121199647159 ], [ 106.848485300613603, 11.107080399647341 ], [ 106.848012700613808, 11.106633499647232 ], [ 106.846661700613268, 11.103382499647543 ], [ 106.846404100612986, 11.102427699647707 ], [ 106.84495420061458, 11.102857599646793 ], [ 106.84437980061405, 11.100915799647098 ], [ 106.843393800615104, 11.101184499646479 ], [ 106.843029000614848, 11.100108899646626 ], [ 106.842617600614616, 11.098989799646766 ], [ 106.84200410061483, 11.098331199646646 ], [ 106.842779100613072, 11.096439599647658 ], [ 106.840799500614438, 11.095562299646874 ], [ 106.839412100615377, 11.094886699646342 ], [ 106.839098300615689, 11.094929299646168 ], [ 106.838592200616063, 11.094775999645943 ], [ 106.837919900616598, 11.094599999645636 ], [ 106.837346900617064, 11.094479999645369 ], [ 106.837018600617284, 11.094300999645251 ], [ 106.836709700617504, 11.09418519964512 ], [ 106.836197400617962, 11.094153599644853 ], [ 106.835746600618364, 11.094158799644621 ], [ 106.835621500618686, 11.094472199644446 ], [ 106.835561300618721, 11.094457399644419 ], [ 106.835251200618984, 11.094397399644272 ], [ 106.834735100619383, 11.094245999644041 ], [ 106.834280700619729, 11.094124899643846 ], [ 106.833952500619986, 11.094031199643693 ] ] ] } },
{ "type": "Feature", "properties": { "id": "osm_way_857583506", "name_vi": "Khu công nghiệp Đất Cuốc (Khu B)", "name_en": null, "aliases": null, "category": "industrial_park", "province_code": "79", "province_en": "Ho Chi Minh City", "former_province_code": "74", "status": "unknown", "area_ha": 150.26921318936169, "developer": null, "website": null, "geometry_type": "polygon", "location_accuracy": "site", "part_count": 1, "osm_ids": "osm_way_857583506", "source": "OpenStreetMap", "source_url": "https://www.openstreetmap.org/way/857583506", "verified_on": "2026-08-31", "attribute_source": "osm", "geometry_observed_on": "2026-08-31" }, "geometry": { "type": "Polygon", "coordinates": [ [ [ 106.835344200623084, 11.102007699641909 ], [ 106.833693200624651, 11.102015899641019 ], [ 106.831906800626342, 11.102041799640062 ], [ 106.830276100627884, 11.102078799639173 ], [ 106.82810200062994, 11.102093799638009 ], [ 106.828109600630739, 11.103539099637549 ], [ 106.828133900631826, 11.105573099636919 ], [ 106.828129700632772, 11.107245799636392 ], [ 106.828074700634801, 11.110831299635226 ], [ 106.826135000636611, 11.110851499634181 ], [ 106.826136300636676, 11.110949999634146 ], [ 106.824998900637723, 11.110936999633545 ], [ 106.824812700637906, 11.110934599633445 ], [ 106.824703500638009, 11.110959899633386 ], [ 106.824589700638157, 11.110998599633309 ], [ 106.824494100638262, 11.111043299633243 ], [ 106.824412100638398, 11.111128199633168 ], [ 106.824354100638502, 11.111223099633115 ], [ 106.824306900638589, 11.111316999633056 ], [ 106.824290700638684, 11.111445399633002 ], [ 106.824294600639021, 11.112087899632803 ], [ 106.824335500640373, 11.114604899632026 ], [ 106.826367300638523, 11.114677199633093 ], [ 106.828835700636276, 11.114772799634389 ], [ 106.831502200633835, 11.114917199635761 ], [ 106.833499200632048, 11.115031299636803 ], [ 106.834338700631292, 11.115068899637244 ], [ 106.835183400630513, 11.115096399637686 ], [ 106.836906300628883, 11.115106499638602 ], [ 106.836904500628052, 11.113586799639076 ], [ 106.836915300627226, 11.112106699639547 ], [ 106.836965700625996, 11.110021399640242 ], [ 106.836975100624713, 11.107649799641004 ], [ 106.836956800624492, 11.107273999641102 ], [ 106.83668280062426, 11.106336399641261 ], [ 106.8362537006238, 11.104827099641509 ], [ 106.835932500623542, 11.103785499641665 ], [ 106.83541280062316, 11.102216999641882 ], [ 106.835343600623233, 11.102217999641843 ], [ 106.835344200623084, 11.102007699641909 ] ] ] } },
{ "type": "Feature", "properties": { "id": "osm_way_1342085617", "name_vi": "Khu công nghiệp Đất Đỏ", "name_en": null, "aliases": null, "category": "industrial_park", "province_code": "79", "province_en": "Ho Chi Minh City", "former_province_code": "77", "status": "unknown", "area_ha": 351.86476024035221, "developer": null, "website": null, "geometry_type": "polygon", "location_accuracy": "site", "part_count": 1, "osm_ids": "osm_way_1342085617", "source": "OpenStreetMap", "source_url": "https://www.openstreetmap.org/way/1342085617", "verified_on": "2026-08-31", "attribute_source": "osm", "geometry_observed_on": "2026-08-31" }, "geometry": { "type": "Polygon", "coordinates": [ [ [ 107.302733699858834, 10.508939000081806 ], [ 107.294092499866565, 10.508322300077346 ], [ 107.287268899873553, 10.509472100073285 ], [ 107.287213099874975, 10.511957700072458 ], [ 107.290348399874929, 10.517185700072494 ], [ 107.292106599874415, 10.519252300072782 ], [ 107.294132599873251, 10.520577000073461 ], [ 107.300066999868349, 10.521727400076296 ], [ 107.303488199865441, 10.522212000077991 ], [ 107.306105299862963, 10.522159700079417 ], [ 107.311861899857405, 10.521817100082634 ], [ 107.312639999850077, 10.509878200086865 ], [ 107.31184059985047, 10.509176800086662 ], [ 107.307675799854209, 10.508924200084484 ], [ 107.302733699858834, 10.508939000081806 ] ] ] } },
{ "type": "Feature", "properties": { "id": "osm_way_291052399", "name_vi": "Khu công nghiệp Dệt may Bình An", "name_en": null, "aliases": null, "category": "industrial_park", "province_code": "79", "province_en": "Ho Chi Minh City", "former_province_code": "79", "status": "unknown", "area_ha": 21.63696812435817, "developer": null, "website": null, "geometry_type": "polygon", "location_accuracy": "site", "part_count": 1, "osm_ids": "osm_way_291052399", "source": "OpenStreetMap", "source_url": "https://www.openstreetmap.org/way/291052399", "verified_on": "2026-08-31", "attribute_source": "osm", "geometry_observed_on": "2026-08-31" }, "geometry": { "type": "Polygon", "coordinates": [ [ [ 106.820487700874494, 10.893802099500174 ], [ 106.820579700872813, 10.890924499501129 ], [ 106.819992200873386, 10.890959199500804 ], [ 106.819673600873756, 10.891063499500595 ], [ 106.818486700874814, 10.890979499499984 ], [ 106.818463400875572, 10.89229099949956 ], [ 106.818398000875689, 10.892405699499488 ], [ 106.816333800877089, 10.891405999498696 ], [ 106.815838800878069, 10.892341499498142 ], [ 106.81838860087646, 10.893735599499065 ], [ 106.818388600876574, 10.893932799498998 ], [ 106.817767500877309, 10.894239999498572 ], [ 106.817272500878019, 10.894671099498176 ], [ 106.817224500878737, 10.895859599497772 ], [ 106.821620200874619, 10.895977699500092 ], [ 106.822285600873712, 10.895435599500617 ], [ 106.821563600873787, 10.894365099500567 ], [ 106.821544700873588, 10.893950499500695 ], [ 106.820611900874454, 10.893892599500212 ], [ 106.820487700874494, 10.893802099500174 ] ] ] } },
{ "type": "Feature", "properties": { "id": "osm_way_323602532", "name_vi": "Khu công nghiệp Đồng An 1", "name_en": null, "aliases": null, "category": "industrial_park", "province_code": "79", "province_en": "Ho Chi Minh City", "former_province_code": "74", "status": "unknown", "area_ha": 148.58382108227852, "developer": null, "website": null, "geometry_type": "polygon", "location_accuracy": "site", "part_count": 1, "osm_ids": "osm_way_323602532", "source": "OpenStreetMap", "source_url": "https://www.openstreetmap.org/way/323602532", "verified_on": "2026-08-31", "attribute_source": "osm", "geometry_observed_on": "2026-08-31" }, "geometry": { "type": "Polygon", "coordinates": [ [ [ 106.72402750096586, 10.89398919944836 ], [ 106.722763800967371, 10.894595199447487 ], [ 106.723522000967662, 10.896378699447327 ], [ 106.72334570096794, 10.896603799447167 ], [ 106.723345700968252, 10.897169399446986 ], [ 106.72320460096843, 10.897232899446891 ], [ 106.722810800968347, 10.89640759944694 ], [ 106.721964400969426, 10.896915499446333 ], [ 106.721482500970041, 10.897209799445976 ], [ 106.721376700970097, 10.897128999445938 ], [ 106.720665500970966, 10.897452199445466 ], [ 106.720242300971535, 10.897786999445128 ], [ 106.720001300972029, 10.898237199444857 ], [ 106.720077700972226, 10.898716199444747 ], [ 106.71900790097358, 10.899351099443974 ], [ 106.718978600973855, 10.899795499443815 ], [ 106.720677200972375, 10.900037999444651 ], [ 106.721982100970948, 10.899674299445465 ], [ 106.72203640097085, 10.89962309944551 ], [ 106.721882600970645, 10.898978299445634 ], [ 106.723520100968713, 10.898280399446733 ], [ 106.723933100968736, 10.899062199446702 ], [ 106.724203500968812, 10.899604699446678 ], [ 106.722781100970479, 10.90020499944573 ], [ 106.72366270097092, 10.902502099445474 ], [ 106.724656100969838, 10.902259699446084 ], [ 106.724991100970058, 10.903223499445962 ], [ 106.725079300970094, 10.903431299445936 ], [ 106.725283100970515, 10.904524099445709 ], [ 106.726087600969848, 10.904710299446085 ], [ 106.72631620096945, 10.904391899446308 ], [ 106.726902200968993, 10.90454699944657 ], [ 106.727824900968244, 10.904755199446999 ], [ 106.727766700967933, 10.904126699447161 ], [ 106.727575100967556, 10.903121199447387 ], [ 106.728024800967091, 10.903058299447636 ], [ 106.727890500966737, 10.902178499447844 ], [ 106.728842300965709, 10.90196629944842 ], [ 106.7304715009641, 10.901827499449336 ], [ 106.730479800964218, 10.902039699449274 ], [ 106.730443300964566, 10.902610999449074 ], [ 106.730371800964718, 10.902762099448992 ], [ 106.730368800964811, 10.902958399448931 ], [ 106.730092600965094, 10.902943899448783 ], [ 106.730233600965278, 10.903523999448678 ], [ 106.730201600965572, 10.90399219944851 ], [ 106.730089900965865, 10.904350099448331 ], [ 106.730042900966282, 10.905013799448106 ], [ 106.730313200966052, 10.90504549944824 ], [ 106.73020370096657, 10.905805899447945 ], [ 106.730723200966139, 10.905940599448179 ], [ 106.730877000965549, 10.905108099448523 ], [ 106.732302700964269, 10.905236599449244 ], [ 106.732665900962346, 10.902385199450347 ], [ 106.73293500096176, 10.901814299450663 ], [ 106.733344800960424, 10.900110299451425 ], [ 106.732974500960694, 10.899951599451274 ], [ 106.732765800960891, 10.899945799451165 ], [ 106.73227500096084, 10.89901079945119 ], [ 106.733441700959403, 10.89839689945202 ], [ 106.733635700959169, 10.898342099452135 ], [ 106.734579000958234, 10.898255499452665 ], [ 106.734743600957898, 10.897923699452864 ], [ 106.735578200956837, 10.897433099453462 ], [ 106.735989700956239, 10.897066599453801 ], [ 106.736812600955062, 10.896373999454459 ], [ 106.737074100954771, 10.896252699454633 ], [ 106.737418000954335, 10.896076699454877 ], [ 106.737838200953732, 10.895704399455218 ], [ 106.737345000953837, 10.895026499455165 ], [ 106.736243900955358, 10.895912599454295 ], [ 106.735304400955712, 10.894957999454096 ], [ 106.734913700956284, 10.895292699453782 ], [ 106.734419100956444, 10.894782499453679 ], [ 106.733109900957103, 10.893729599453305 ], [ 106.733442400956591, 10.8933621994536 ], [ 106.733114100956598, 10.892831699453593 ], [ 106.732723400956758, 10.8924561994535 ], [ 106.732361800957236, 10.892688799453234 ], [ 106.730789100958376, 10.892078399452581 ], [ 106.730377600959329, 10.893049799452058 ], [ 106.72985080095971, 10.89286829945183 ], [ 106.730118200958955, 10.891950599452263 ], [ 106.728197400960511, 10.891472599451379 ], [ 106.727725500961711, 10.892846599450694 ], [ 106.726953800962917, 10.893678699450017 ], [ 106.726321900963185, 10.893113099449861 ], [ 106.724644200965528, 10.894474399448532 ], [ 106.724342500965477, 10.89384029944857 ], [ 106.72402750096586, 10.89398919944836 ] ] ] } },
{ "type": "Feature", "properties": { "id": "osm_way_497979359", "name_vi": "Khu công nghiệp Đồng An 2", "name_en": "Dong An 2 Industrial Park", "aliases": "Dong An 2 Industrial Park", "category": "industrial_park", "province_code": "79", "province_en": "Ho Chi Minh City", "former_province_code": "74", "status": "unknown", "area_ha": 190.46700144433581, "developer": null, "website": null, "geometry_type": "polygon", "location_accuracy": "site", "part_count": 1, "osm_ids": "osm_way_497979359", "source": "OpenStreetMap", "source_url": "https://www.openstreetmap.org/way/497979359", "verified_on": "2026-08-31", "attribute_source": "osm", "geometry_observed_on": "2026-08-31" }, "geometry": { "type": "Polygon", "coordinates": [ [ [ 106.671581300774236, 11.097993299555553 ], [ 106.667574000777478, 11.0970667995537 ], [ 106.667520400778301, 11.09846709955322 ], [ 106.667794000778912, 11.100046299552869 ], [ 106.667220000780702, 11.102272999551863 ], [ 106.667209300782076, 11.104768099551068 ], [ 106.667295100783349, 11.107205299550341 ], [ 106.669501200781298, 11.107242199551514 ], [ 106.67010070078075, 11.107252699551834 ], [ 106.670669300780204, 11.10724219955214 ], [ 106.671629500779432, 11.107479099552577 ], [ 106.675770900776101, 11.108463399554481 ], [ 106.67656480077531, 11.108368699554934 ], [ 106.678264700773454, 11.107909499555987 ], [ 106.67847450077322, 11.107852799556118 ], [ 106.678469200772952, 11.107331699556278 ], [ 106.681392800769942, 11.106852699557994 ], [ 106.682229600769162, 11.106836899558441 ], [ 106.684445100767135, 11.106915799559607 ], [ 106.685405400766285, 11.107063199560073 ], [ 106.685569400766212, 11.107174599560125 ], [ 106.685823800766073, 11.107347499560206 ], [ 106.686118800765215, 11.106284199560701 ], [ 106.686297500764567, 11.105449599561057 ], [ 106.687143400761599, 11.101499199562761 ], [ 106.671581300774236, 11.097993299555553 ] ] ] } },
{ "type": "Feature", "properties": { "id": "osm_relation_17432875", "name_vi": "Khu công nghiệp Đông Nam - Bến xe Ngã tư Ga", "name_en": null, "aliases": null, "category": "industrial_park", "province_code": "79", "province_en": "Ho Chi Minh City", "former_province_code": "79", "status": "unknown", "area_ha": null, "developer": "Công ty Cổ phần Xe khách Phương Trang - FUTA Bus Lines", "website": null, "geometry_type": "point", "location_accuracy": "locality", "part_count": 1, "osm_ids": "osm_relation_17432875", "source": "OpenStreetMap", "source_url": "https://www.openstreetmap.org/relation/17432875", "verified_on": "2026-08-31", "attribute_source": "osm", "geometry_observed_on": "2026-08-31" }, "geometry": { "type": "Point", "coordinates": [ 106.65587825, 10.91849035 ] } },
{ "type": "Feature", "properties": { "id": "osm_way_654617274", "name_vi": "Khu công nghiệp Đông Nam Củ Chi", "name_en": null, "aliases": null, "category": "industrial_park", "province_code": "79", "province_en": "Ho Chi Minh City", "former_province_code": "79", "status": "unknown", "area_ha": 215.45038604558459, "developer": null, "website": null, "geometry_type": "polygon", "location_accuracy": "site", "part_count": 1, "osm_ids": "osm_way_654617274", "source": "OpenStreetMap", "source_url": "https://www.openstreetmap.org/way/654617274", "verified_on": "2026-08-31", "attribute_source": "osm", "geometry_observed_on": "2026-08-31" }, "geometry": { "type": "Polygon", "coordinates": [ [ [ 106.61773060110805, 10.968873399367819 ], [ 106.618108001107956, 10.969360499367868 ], [ 106.62074300110838, 10.974607099367631 ], [ 106.621241301107887, 10.974555099367912 ], [ 106.625094601103328, 10.972925499370486 ], [ 106.624344301103008, 10.971085199370664 ], [ 106.632609901093346, 10.967726599376148 ], [ 106.629873101092372, 10.961347599376689 ], [ 106.63004170109204, 10.961036499376883 ], [ 106.630962701090994, 10.960718899377467 ], [ 106.630825001090855, 10.960259199377534 ], [ 106.627283601091932, 10.956166299376926 ], [ 106.626851001092376, 10.956227699376687 ], [ 106.624765901094747, 10.95691909937535 ], [ 106.624387901096128, 10.958747299374565 ], [ 106.623612601097008, 10.959024999374066 ], [ 106.61518780110687, 10.962429799368488 ], [ 106.615067101107115, 10.962650999368348 ], [ 106.61773060110805, 10.968873399367819 ] ] ] } },
{ "type": "Feature", "properties": { "id": "osm_way_743811856", "name_vi": "Khu công nghiệp Đông Xuyên", "name_en": "Dong Xuyen Industrial Park", "aliases": "Dong Xuyen Industrial Park", "category": "industrial_park", "province_code": "79", "province_en": "Ho Chi Minh City", "former_province_code": "77", "status": "unknown", "area_ha": 172.60496830694717, "developer": null, "website": "https://directorsdirectory.com/dong-xuyen-industrial-park/", "geometry_type": "polygon", "location_accuracy": "site", "part_count": 2, "osm_ids": "osm_node_6532089337|osm_way_743811856", "source": "OpenStreetMap", "source_url": "https://www.openstreetmap.org/way/743811856", "verified_on": "2026-08-31", "attribute_source": "osm", "geometry_observed_on": "2026-08-31" }, "geometry": { "type": "Polygon", "coordinates": [ [ [ 107.104460300331141, 10.397641899809992 ], [ 107.104868000332019, 10.399934499809484 ], [ 107.104787500332179, 10.400087499809391 ], [ 107.104512600332512, 10.400231299809194 ], [ 107.104288600332779, 10.400311699809054 ], [ 107.104428100332797, 10.40058349980904 ], [ 107.104339600332906, 10.400636199808979 ], [ 107.103580500333806, 10.40094229980847 ], [ 107.10385950033411, 10.402002799808287 ], [ 107.104036500333947, 10.401989599808385 ], [ 107.103843400333645, 10.401118999808565 ], [ 107.104422400333007, 10.40096739980892 ], [ 107.104590400333223, 10.4016386998088 ], [ 107.104626600333233, 10.401711299808795 ], [ 107.10464940033323, 10.4017204998088 ], [ 107.10468430033319, 10.401731099808819 ], [ 107.104731200333148, 10.401725799808833 ], [ 107.104817000333028, 10.4017019998089 ], [ 107.10513620033268, 10.401608399809103 ], [ 107.105234100332765, 10.401873499809071 ], [ 107.10493100033311, 10.402000199808867 ], [ 107.10489210033316, 10.402021299808842 ], [ 107.104877400333194, 10.402056899808823 ], [ 107.104904200333195, 10.402137299808812 ], [ 107.104978000333318, 10.402465799808747 ], [ 107.10503970033335, 10.402647799808722 ], [ 107.10495250033344, 10.402666299808663 ], [ 107.105043900333769, 10.403412399808481 ], [ 107.105093700333711, 10.403389799808512 ], [ 107.105283900333788, 10.403842199808473 ], [ 107.105404800333758, 10.404002699808489 ], [ 107.105256600333988, 10.404121599808372 ], [ 107.106820800333665, 10.406256399808539 ], [ 107.106932300333526, 10.406182399808618 ], [ 107.106659500333578, 10.4057930998086 ], [ 107.106786900333404, 10.40570019980869 ], [ 107.107143200333283, 10.406093499808771 ], [ 107.107653400333248, 10.406900599808786 ], [ 107.107805000333215, 10.407086399808813 ], [ 107.107882800333172, 10.407178799808817 ], [ 107.107995400333152, 10.407318599808834 ], [ 107.108143000333115, 10.407503199808865 ], [ 107.108244900333062, 10.407598199808881 ], [ 107.108507700333007, 10.407925299808921 ], [ 107.10881220033302, 10.408480599808911 ], [ 107.109297300332656, 10.408656699809116 ], [ 107.109325800332627, 10.40864159980914 ], [ 107.109404900332564, 10.408650799809172 ], [ 107.109529700332459, 10.408689099809225 ], [ 107.109808600332258, 10.408807799809344 ], [ 107.109796600332288, 10.408839399809331 ], [ 107.109988300332148, 10.408921199809399 ], [ 107.110053307742618, 10.408954635735292 ], [ 107.110282607726404, 10.409045635750026 ], [ 107.110377807721861, 10.409056135757195 ], [ 107.110815007691627, 10.409221035785633 ], [ 107.110882107702963, 10.409046935797665 ], [ 107.110926407702721, 10.409028435801904 ], [ 107.110977307703152, 10.408998135807117 ], [ 107.111096707719426, 10.408736935826653 ], [ 107.11122540771369, 10.408746235836537 ], [ 107.111068507684919, 10.409181535807313 ], [ 107.110989407690454, 10.40915113580219 ], [ 107.110954507683999, 10.409248735795662 ], [ 107.111568707642007, 10.409474335835842 ], [ 107.111696207660614, 10.4091801358573 ], [ 107.111723007667905, 10.409075935863438 ], [ 107.112573207598373, 10.40953103591356 ], [ 107.112645707592478, 10.409569335917853 ], [ 107.112636607590886, 10.409593535916196 ], [ 107.11260710758576, 10.409672035910832 ], [ 107.112543007572498, 10.409868835898163 ], [ 107.112563607571076, 10.409876435899513 ], [ 107.112663507564605, 10.409908935906204 ], [ 107.113205707529119, 10.410088635942428 ], [ 107.113258507525643, 10.410106135945949 ], [ 107.114091407471363, 10.410379136001696 ], [ 107.114147707464923, 10.410431936004146 ], [ 107.114426607441828, 10.410584936020443 ], [ 107.114782007413623, 10.410764336041806 ], [ 107.114971107402781, 10.410807836055174 ], [ 107.11512940739577, 10.410818436067357 ], [ 107.115200507394377, 10.410801236073679 ], [ 107.115259507395464, 10.410759036079991 ], [ 107.115295707396911, 10.410723436084242 ], [ 107.115770407365119, 10.410889636115607 ], [ 107.115790507368118, 10.410842136119033 ], [ 107.116359207328543, 10.41105983615588 ], [ 107.116374407327541, 10.411065236156889 ], [ 107.117215207270689, 10.4113660362122 ], [ 107.117457007252526, 10.411475336227225 ], [ 107.117682807260962, 10.411260236253456 ], [ 107.117744507262557, 10.411210136260296 ], [ 107.117811607267967, 10.411109936269483 ], [ 107.117867907273592, 10.411012336277714 ], [ 107.117921607276784, 10.410946336284525 ], [ 107.117961807277752, 10.410914736288948 ], [ 107.118028807281689, 10.410832936297414 ], [ 107.118147207272543, 10.410889636304654 ], [ 107.118353407288041, 10.410595536332366 ], [ 107.118603599976495, 10.410398200013748 ], [ 107.118606299976449, 10.410318100013784 ], [ 107.118614299976414, 10.410262700013796 ], [ 107.118649199976332, 10.410178200013853 ], [ 107.118678699976257, 10.410099100013893 ], [ 107.118855699975867, 10.40968230001412 ], [ 107.1192070999751, 10.408896100014561 ], [ 107.119094399975125, 10.408764200014536 ], [ 107.120159099973051, 10.406802100015739 ], [ 107.119964799973005, 10.406346000015782 ], [ 107.119235199973545, 10.406092800015465 ], [ 107.11924589997345, 10.405955600015519 ], [ 107.119337099973251, 10.405755100015627 ], [ 107.119476599973083, 10.405654800015737 ], [ 107.119616099973015, 10.405781500015772 ], [ 107.119712599972928, 10.405797300015822 ], [ 107.119803799972814, 10.405749800015881 ], [ 107.119825299972703, 10.405554600015961 ], [ 107.119658999972643, 10.405164100015988 ], [ 107.119514199972613, 10.404879200016 ], [ 107.119439099972581, 10.404726200016013 ], [ 107.119406899972546, 10.404604900016032 ], [ 107.119460499972462, 10.40454160001608 ], [ 107.119578499972306, 10.404451900016166 ], [ 107.119546299972086, 10.403998100016302 ], [ 107.119530299972055, 10.403913700016313 ], [ 107.119508799972067, 10.403855600016321 ], [ 107.119594599971848, 10.40363930001644 ], [ 107.119766299971644, 10.403560200016553 ], [ 107.119862799971443, 10.403322700016684 ], [ 107.119846799971413, 10.403280500016688 ], [ 107.119353199971755, 10.4030431000165 ], [ 107.11927279997181, 10.403022000016463 ], [ 107.1192566999718, 10.402974500016468 ], [ 107.119235199971754, 10.402869000016493 ], [ 107.119278099971694, 10.402800400016533 ], [ 107.119358599971548, 10.402705400016611 ], [ 107.119508799971456, 10.402752900016676 ], [ 107.119900399971158, 10.40286370001685 ], [ 107.120093499970963, 10.402905900016943 ], [ 107.120168599970896, 10.402905900016982 ], [ 107.120195399970811, 10.402800400017032 ], [ 107.120265199970717, 10.402721300017095 ], [ 107.120345599970619, 10.40268430001715 ], [ 107.120388599970539, 10.402605200017193 ], [ 107.120377799970512, 10.402531300017213 ], [ 107.120382399970495, 10.402491100017235 ], [ 107.120373199970473, 10.402445200017242 ], [ 107.119019299971484, 10.401989600016654 ], [ 107.119024699971405, 10.401884100016696 ], [ 107.116443708131953, 10.400984936550174 ], [ 107.113375208337843, 10.399905936347524 ], [ 107.109253400327063, 10.398443899812326 ], [ 107.108899400327275, 10.398206499812215 ], [ 107.106592700328477, 10.396465299811512 ], [ 107.104460300331141, 10.397641899809992 ] ] ] } },
{ "type": "Feature", "properties": { "id": "osm_way_1357939694", "name_vi": "Khu công nghiệp Hiệp Phước", "name_en": "Hiep Phuoc Industrial Park", "aliases": "Hiep Phuoc Industrial Park", "category": "industrial_park", "province_code": "79", "province_en": "Ho Chi Minh City", "former_province_code": "79", "status": "unknown", "area_ha": 552.75722905925545, "developer": null, "website": "https://directorsdirectory.com/hiep-phuoc-industrial-zone/", "geometry_type": "polygon", "location_accuracy": "site", "part_count": 1, "osm_ids": "osm_way_1357939694", "source": "OpenStreetMap", "source_url": "https://www.openstreetmap.org/way/1357939694", "verified_on": "2026-08-31", "attribute_source": "osm", "geometry_observed_on": "2026-08-31" }, "geometry": { "type": "Polygon", "coordinates": [ [ [ 106.761748100789063, 10.639734099548759 ], [ 106.765714100783939, 10.637275499551661 ], [ 106.766704100782576, 10.636504799552441 ], [ 106.766938300781035, 10.634112299553319 ], [ 106.766944700780456, 10.633108799553636 ], [ 106.765911600778324, 10.627475399554861 ], [ 106.766621200776555, 10.625494299555863 ], [ 106.767303200770925, 10.616488599559073 ], [ 106.763922200773081, 10.614651899557833 ], [ 106.759930400776554, 10.614084899555865 ], [ 106.759245500779301, 10.617852199554314 ], [ 106.750372100786819, 10.616284999550039 ], [ 106.748100600795794, 10.62861269954492 ], [ 106.75173460079381, 10.631201399546065 ], [ 106.74393300080726, 10.642163599538412 ], [ 106.7470950008058, 10.644930999539239 ], [ 106.761748100789063, 10.639734099548759 ] ] ] } },
{ "type": "Feature", "properties": { "id": "osm_way_597925817", "name_vi": "Khu công nghiệp Kim Huy", "name_en": null, "aliases": null, "category": "industrial_park", "province_code": "79", "province_en": "Ho Chi Minh City", "former_province_code": "74", "status": "unknown", "area_ha": 132.23972303657692, "developer": null, "website": null, "geometry_type": "polygon", "location_accuracy": "site", "part_count": 1, "osm_ids": "osm_way_597925817", "source": "OpenStreetMap", "source_url": "https://www.openstreetmap.org/way/597925817", "verified_on": "2026-08-31", "attribute_source": "osm", "geometry_observed_on": "2026-08-31" }, "geometry": { "type": "Polygon", "coordinates": [ [ [ 106.70271030071541, 11.044352699589147 ], [ 106.69991680071908, 11.046291599587041 ], [ 106.702517900718647, 11.0498780995873 ], [ 106.705045000718243, 11.053438999587518 ], [ 106.708515300713657, 11.051020599590151 ], [ 106.712479600708392, 11.048222299593153 ], [ 106.71083280070863, 11.045892999593006 ], [ 106.713783100704646, 11.043673299595291 ], [ 106.713594200704719, 11.043475099595248 ], [ 106.712638200704873, 11.042132299595165 ], [ 106.713308600703996, 11.041705799595661 ], [ 106.712870372975374, 11.041107580410397 ], [ 106.713497772982734, 11.040707080474277 ], [ 106.712757301057493, 11.039699199396418 ], [ 106.713348901056676, 11.039240199396875 ], [ 106.713088301056686, 11.038859899396861 ], [ 106.713828801055726, 11.038354199397416 ], [ 106.713012901055862, 11.03722809939733 ], [ 106.712281401056828, 11.037726199396781 ], [ 106.710751301058835, 11.038713899395654 ], [ 106.710354901059361, 11.038987299395359 ], [ 106.704854600712565, 11.042847699590773 ], [ 106.703551500714283, 11.043762299589785 ], [ 106.70271030071541, 11.044352699589147 ] ] ] } },
{ "type": "Feature", "properties": { "id": "osm_way_514726183", "name_vi": "Khu công nghiệp Lê Minh Xuân", "name_en": null, "aliases": "Le Minh Xuan Industrial Park", "category": "industrial_park", "province_code": "79", "province_en": "Ho Chi Minh City", "former_province_code": "79", "status": "unknown", "area_ha": 104.87760898789934, "developer": null, "website": "https://directorsdirectory.com/le-minh-xuan-industrial-zone/", "geometry_type": "polygon", "location_accuracy": "site", "part_count": 1, "osm_ids": "osm_way_514726183", "source": "OpenStreetMap", "source_url": "https://www.openstreetmap.org/way/514726183", "verified_on": "2026-08-31", "attribute_source": "osm", "geometry_observed_on": "2026-08-31" }, "geometry": { "type": "Polygon", "coordinates": [ [ [ 106.549916601047883, 10.744959899401907 ], [ 106.545496301047308, 10.736421799402216 ], [ 106.53755700105701, 10.74032189939674 ], [ 106.541483801058064, 10.748944299396127 ], [ 106.549916601047883, 10.744959899401907 ] ] ] } },
{ "type": "Feature", "properties": { "id": "osm_way_759187612", "name_vi": "Khu công nghiệp Mỹ Phước 1", "name_en": null, "aliases": null, "category": "industrial_park", "province_code": "79", "province_en": "Ho Chi Minh City", "former_province_code": "74", "status": "unknown", "area_ha": 280.3671579995198, "developer": null, "website": null, "geometry_type": "polygon", "location_accuracy": "site", "part_count": 1, "osm_ids": "osm_way_759187612", "source": "OpenStreetMap", "source_url": "https://www.openstreetmap.org/way/759187612", "verified_on": "2026-08-31", "attribute_source": "osm", "geometry_observed_on": "2026-08-31" }, "geometry": { "type": "Polygon", "coordinates": [ [ [ 106.59273100085889, 11.117435599507271 ], [ 106.591679500865027, 11.126789099503752 ], [ 106.591340200865346, 11.126761799503585 ], [ 106.59030080086626, 11.126678199503052 ], [ 106.59005440086591, 11.12563149950325 ], [ 106.587888100868412, 11.126459299501835 ], [ 106.587766600868818, 11.126999499501597 ], [ 106.588259900868749, 11.127700999501643 ], [ 106.589325200868188, 11.128486699501952 ], [ 106.590383300867686, 11.129363499502249 ], [ 106.591341300866887, 11.129573999502696 ], [ 106.591298400867586, 11.130731499502303 ], [ 106.59149860086751, 11.130983999502332 ], [ 106.593071500866131, 11.13114539950312 ], [ 106.592921400867169, 11.132772899502536 ], [ 106.591462900868464, 11.132625499501792 ], [ 106.59200750087021, 11.136719099500793 ], [ 106.594415600868189, 11.137095899501961 ], [ 106.594000400870826, 11.141149199500457 ], [ 106.597207700867941, 11.141424099502087 ], [ 106.597913500866611, 11.14018169950285 ], [ 106.597975800866251, 11.139611399503073 ], [ 106.598733500865293, 11.139193799503607 ], [ 106.602092900860242, 11.135761799506481 ], [ 106.602760800859244, 11.135079399507058 ], [ 106.603768900853183, 11.125822699510518 ], [ 106.601757900854892, 11.125555199509527 ], [ 106.602579700850256, 11.11851579951219 ], [ 106.59273100085889, 11.117435599507271 ] ] ] } },
{ "type": "Feature", "properties": { "id": "osm_way_654555792", "name_vi": "Khu công nghiệp Mỹ Phước 3", "name_en": null, "aliases": "KCN Mỹ Phước 3", "category": "industrial_park", "province_code": "79", "province_en": "Ho Chi Minh City", "former_province_code": "74", "status": "unknown", "area_ha": 295.19035530725091, "developer": null, "website": null, "geometry_type": "polygon", "location_accuracy": "site", "part_count": 2, "osm_ids": "osm_node_6575351490|osm_way_654555792", "source": "OpenStreetMap", "source_url": "https://www.openstreetmap.org/way/654555792", "verified_on": "2026-08-31", "attribute_source": "osm", "geometry_observed_on": "2026-08-31" }, "geometry": { "type": "Polygon", "coordinates": [ [ [ 106.650169500795499, 11.100173999543408 ], [ 106.652103900793691, 11.100190499544437 ], [ 106.65233580079537, 11.103605599543485 ], [ 106.654668800793189, 11.103613499544728 ], [ 106.65497540079528, 11.107898999543542 ], [ 106.659875300790333, 11.107255999546364 ], [ 106.661425600788775, 11.107035599547263 ], [ 106.661116500786605, 11.102625899548485 ], [ 106.659268900788447, 11.102824199547447 ], [ 106.659198200788538, 11.102831799547396 ], [ 106.658987000787846, 11.101265799547779 ], [ 106.657712500789046, 11.101254199547101 ], [ 106.657989100786494, 11.097155399548539 ], [ 106.658694700784906, 11.095449899549463 ], [ 106.657605700785098, 11.093946999549351 ], [ 106.657603500784688, 11.093232099549574 ], [ 106.644171600793314, 11.086066099544658 ], [ 106.644100000793443, 11.086180399544585 ], [ 106.643623300794303, 11.08694169954409 ], [ 106.642070000797133, 11.089421999542473 ], [ 106.642158400800909, 11.096386299540326 ], [ 106.642119200802924, 11.099975599539174 ], [ 106.642188900805692, 11.105091399537589 ], [ 106.645977600802127, 11.105037799539637 ], [ 106.645979900800512, 11.102138499540549 ], [ 106.646069200800312, 11.101923999540668 ], [ 106.647296100799196, 11.101987899541308 ], [ 106.647362500799062, 11.101857199541376 ], [ 106.647552700798855, 11.101765799541507 ], [ 106.649659900796863, 11.101794499542633 ], [ 106.649877500796578, 11.1016188995428 ], [ 106.649904700795872, 11.100405099543194 ], [ 106.650169500795499, 11.100173999543408 ] ] ] } },
{ "type": "Feature", "properties": { "id": "osm_way_317515592", "name_vi": "Khu công nghiệp Mỹ Xuân A", "name_en": null, "aliases": null, "category": "industrial_park", "province_code": "79", "province_en": "Ho Chi Minh City", "former_province_code": "77", "status": "unknown", "area_ha": 284.51902833261869, "developer": null, "website": null, "geometry_type": "polygon", "location_accuracy": "site", "part_count": 1, "osm_ids": "osm_way_317515592", "source": "OpenStreetMap", "source_url": "https://www.openstreetmap.org/way/317515592", "verified_on": "2026-08-31", "attribute_source": "osm", "geometry_observed_on": "2026-08-31" }, "geometry": { "type": "Polygon", "coordinates": [ [ [ 107.037863700536292, 10.654545199692695 ], [ 107.040503000530521, 10.648598899696001 ], [ 107.040932200530179, 10.648746499696184 ], [ 107.042305500527306, 10.645857399697849 ], [ 107.043706400524329, 10.642895499699538 ], [ 107.032266000532374, 10.637883299694959 ], [ 107.031769700532692, 10.637643399694761 ], [ 107.03143720053292, 10.637485199694634 ], [ 107.030903400533319, 10.637324399694402 ], [ 107.030235500533948, 10.637263799694059 ], [ 107.028854200535207, 10.637197899693335 ], [ 107.02370430053989, 10.636860499690663 ], [ 107.023371800544012, 10.643745899688312 ], [ 107.022376700545408, 10.644575899687506 ], [ 107.021620800547353, 10.646795799686396 ], [ 107.037863700536292, 10.654545199692695 ] ] ] } },
{ "type": "Feature", "properties": { "id": "osm_way_319538030", "name_vi": "Khu công nghiệp Mỹ Xuân A2", "name_en": null, "aliases": null, "category": "industrial_park", "province_code": "79", "province_en": "Ho Chi Minh City", "former_province_code": "77", "status": "unknown", "area_ha": 469.38660369052712, "developer": null, "website": null, "geometry_type": "polygon", "location_accuracy": "site", "part_count": 1, "osm_ids": "osm_way_319538030", "source": "OpenStreetMap", "source_url": "https://www.openstreetmap.org/way/319538030", "verified_on": "2026-08-31", "attribute_source": "osm", "geometry_observed_on": "2026-08-31" }, "geometry": { "type": "Polygon", "coordinates": [ [ [ 107.026240600537321, 10.63658469969212 ], [ 107.026143100537567, 10.636861399691977 ], [ 107.030079300533941, 10.63705089969404 ], [ 107.030870500533268, 10.637155499694432 ], [ 107.031156500533044, 10.637220799694564 ], [ 107.031961000532448, 10.637521399694904 ], [ 107.04339270052445, 10.64257289969947 ], [ 107.047636900515315, 10.633347499704671 ], [ 107.049367100511688, 10.629743299706751 ], [ 107.049724400511067, 10.629207199707112 ], [ 107.049780900510626, 10.628523299707359 ], [ 107.049555200510326, 10.627617599707522 ], [ 107.049551600510142, 10.627230099707653 ], [ 107.049517600508111, 10.623514199708804 ], [ 107.049536400507137, 10.62183209970935 ], [ 107.050157000506076, 10.620944899709961 ], [ 107.0448912005088, 10.616915299708399 ], [ 107.043748100509887, 10.616927099707778 ], [ 107.042910300511309, 10.618051099706971 ], [ 107.042178900512098, 10.618220999706525 ], [ 107.04166030051266, 10.618338699706209 ], [ 107.041514000513033, 10.61879609970598 ], [ 107.041248100513428, 10.619031399705767 ], [ 107.040089800514636, 10.619230299705075 ], [ 107.039645600515172, 10.619470199704759 ], [ 107.038002300517221, 10.6203577997036 ], [ 107.0359712005191, 10.620283899702528 ], [ 107.035200200519512, 10.619710799702286 ], [ 107.034504300519416, 10.618361499702342 ], [ 107.030599900526497, 10.624465999698309 ], [ 107.029855800528097, 10.626086599697393 ], [ 107.029983000528716, 10.627416799697041 ], [ 107.026240600537321, 10.63658469969212 ] ] ] } },
{ "type": "Feature", "properties": { "id": "osm_way_566708588", "name_vi": "Khu công nghiệp Mỹ Xuân B1 - Conac", "name_en": null, "aliases": null, "category": "industrial_park", "province_code": "79", "province_en": "Ho Chi Minh City", "former_province_code": "77", "status": "unknown", "area_ha": 223.08971951126301, "developer": null, "website": null, "geometry_type": "polygon", "location_accuracy": "site", "part_count": 1, "osm_ids": "osm_way_566708588", "source": "OpenStreetMap", "source_url": "https://www.openstreetmap.org/way/566708588", "verified_on": "2026-08-31", "attribute_source": "osm", "geometry_observed_on": "2026-08-31" }, "geometry": { "type": "Polygon", "coordinates": [ [ [ 107.067901900502974, 10.645635199711705 ], [ 107.069358100499954, 10.642604799713457 ], [ 107.071975600494895, 10.637953499716343 ], [ 107.072067300494723, 10.637790599716441 ], [ 107.075059900488554, 10.631768399719959 ], [ 107.074932200488647, 10.631700699719916 ], [ 107.074600900488861, 10.631525099719795 ], [ 107.073956800489327, 10.631274599719529 ], [ 107.073122200489919, 10.630949899719178 ], [ 107.07296800049005, 10.630910899719106 ], [ 107.072313500490594, 10.630745399718807 ], [ 107.071657500491142, 10.630638299718481 ], [ 107.07153520049124, 10.630618299718423 ], [ 107.071164800491573, 10.630557799718252 ], [ 107.070911300491773, 10.630507899718125 ], [ 107.070496100492122, 10.630426199717927 ], [ 107.069661400492834, 10.630261999717526 ], [ 107.069267600493149, 10.630189099717342 ], [ 107.067421200494721, 10.62991209971643 ], [ 107.065905600496023, 10.629678499715688 ], [ 107.063907100497758, 10.629376099714705 ], [ 107.062982400498541, 10.62923249971425 ], [ 107.062612200498876, 10.629169299714077 ], [ 107.061742600499542, 10.628918999713681 ], [ 107.061587500499925, 10.629323799713474 ], [ 107.061377700500373, 10.629797099713212 ], [ 107.060388300502595, 10.632119399711947 ], [ 107.058258300507319, 10.63697119970926 ], [ 107.058106500507634, 10.637290499709071 ], [ 107.056569800510928, 10.640624399707191 ], [ 107.067901900502974, 10.645635199711705 ] ] ] } },
{ "type": "Feature", "properties": { "id": "osm_way_319538031", "name_vi": "Khu công nghiệp Mỹ Xuân B1 - Tiến Hùng", "name_en": null, "aliases": null, "category": "industrial_park", "province_code": "79", "province_en": "Ho Chi Minh City", "former_province_code": "77", "status": "unknown", "area_ha": 172.8262373972193, "developer": null, "website": null, "geometry_type": "polygon", "location_accuracy": "site", "part_count": 1, "osm_ids": "osm_way_319538031", "source": "OpenStreetMap", "source_url": "https://www.openstreetmap.org/way/319538031", "verified_on": "2026-08-31", "attribute_source": "osm", "geometry_observed_on": "2026-08-31" }, "geometry": { "type": "Polygon", "coordinates": [ [ [ 107.069358100499954, 10.642604799713457 ], [ 107.067901900502974, 10.645635199711705 ], [ 107.056569800510928, 10.640624399707191 ], [ 107.056491700511074, 10.640769999707096 ], [ 107.055832100512475, 10.642177299706303 ], [ 107.055274100513643, 10.643322699705637 ], [ 107.053010700518385, 10.648036999702928 ], [ 107.055823100516307, 10.64907939970411 ], [ 107.059464500513656, 10.650470599705631 ], [ 107.059619200513524, 10.650525799705694 ], [ 107.061432200512186, 10.651201299706464 ], [ 107.062346100511533, 10.651551499706846 ], [ 107.06594810050828, 10.651824499708702 ], [ 107.067811600506658, 10.652097099709616 ], [ 107.070281500504478, 10.652365799710864 ], [ 107.073744600496823, 10.644462899715235 ], [ 107.069358100499954, 10.642604799713457 ] ] ] } },
{ "type": "Feature", "properties": { "id": "osm_way_627782061", "name_vi": "Khu công nghiệp Nam Tân Uyên", "name_en": null, "aliases": null, "category": "industrial_park", "province_code": "79", "province_en": "Ho Chi Minh City", "former_province_code": "74", "status": "unknown", "area_ha": 347.29857595449323, "developer": null, "website": null, "geometry_type": "polygon", "location_accuracy": "site", "part_count": 1, "osm_ids": "osm_way_627782061", "source": "OpenStreetMap", "source_url": "https://www.openstreetmap.org/way/627782061", "verified_on": "2026-08-31", "attribute_source": "osm", "geometry_observed_on": "2026-08-31" }, "geometry": { "type": "Polygon", "coordinates": [ [ [ 106.763165300671758, 11.067783699614095 ], [ 106.763044600669417, 11.063369299615426 ], [ 106.763994100668526, 11.063353499615941 ], [ 106.763691000662192, 11.051389199619564 ], [ 106.759461200665399, 11.050062399617719 ], [ 106.759080300665701, 11.049946599617552 ], [ 106.758879100665865, 11.049891299617462 ], [ 106.758396300666305, 11.049838599617223 ], [ 106.757052500667527, 11.049806999616511 ], [ 106.755918000668572, 11.049793899615906 ], [ 106.74817440067585, 11.049806999611755 ], [ 106.745334000678483, 11.049814899610233 ], [ 106.744896800678916, 11.049817599610007 ], [ 106.744287900679424, 11.0497332996097 ], [ 106.744424700683481, 11.057277899607383 ], [ 106.74446760068416, 11.058591499606992 ], [ 106.744502500684206, 11.05873099960697 ], [ 106.744666100684327, 11.059210099606908 ], [ 106.744765300684435, 11.059604999606837 ], [ 106.744810900684783, 11.060278899606649 ], [ 106.744819000685325, 11.061237099606352 ], [ 106.744816300685841, 11.062232099606025 ], [ 106.745143500685529, 11.062205799606213 ], [ 106.745148900685791, 11.06264799960608 ], [ 106.746034000684958, 11.062695399606531 ], [ 106.74608230068452, 11.061979399606788 ], [ 106.74652750068401, 11.061795099607082 ], [ 106.746994300683468, 11.06160029960739 ], [ 106.747235700683177, 11.061468699607568 ], [ 106.747627300682737, 11.061373899607805 ], [ 106.747900800682515, 11.061405499607945 ], [ 106.748206600682551, 11.061989899607921 ], [ 106.749166800681706, 11.062116299608396 ], [ 106.749209800682081, 11.062821699608197 ], [ 106.75146820067998, 11.062853299609392 ], [ 106.751452100679799, 11.062521699609491 ], [ 106.752085100679167, 11.062450599609848 ], [ 106.75207440067868, 11.061555599610129 ], [ 106.752243300678529, 11.061547699610223 ], [ 106.752382800678234, 11.061239699610391 ], [ 106.752637600677943, 11.06114759961056 ], [ 106.753785600676864, 11.061165999611175 ], [ 106.753909000680423, 11.067802099609136 ], [ 106.763165300671758, 11.067783699614095 ] ] ] } },
{ "type": "Feature", "properties": { "id": "osm_way_1218993278", "name_vi": "Khu công nghiệp Nam Tân Uyên mở rộng", "name_en": null, "aliases": null, "category": "industrial_park", "province_code": "79", "province_en": "Ho Chi Minh City", "former_province_code": "74", "status": "unknown", "area_ha": 268.86431388330959, "developer": null, "website": null, "geometry_type": "polygon", "location_accuracy": "site", "part_count": 1, "osm_ids": "osm_way_1218993278", "source": "OpenStreetMap", "source_url": "https://www.openstreetmap.org/way/1218993278", "verified_on": "2026-08-31", "attribute_source": "osm", "geometry_observed_on": "2026-08-31" }, "geometry": { "type": "Polygon", "coordinates": [ [ [ 106.768392900687289, 11.104751499605204 ], [ 106.773188700682823, 11.10475679960777 ], [ 106.773188700682752, 11.104614599607812 ], [ 106.79238840066472, 11.104535699618108 ], [ 106.791986100660111, 11.095523599620744 ], [ 106.790859500661227, 11.095640399620107 ], [ 106.790843400662951, 11.098698799619127 ], [ 106.789656600664088, 11.098772499618477 ], [ 106.789193900664486, 11.098693499618248 ], [ 106.788858600664668, 11.098472399618139 ], [ 106.788725300664666, 11.098237899618139 ], [ 106.788512100664576, 11.097701099618197 ], [ 106.788481500664332, 11.097244499618323 ], [ 106.788648600663947, 11.09680039961856 ], [ 106.788837200663522, 11.096377299618791 ], [ 106.787726700664564, 11.096377299618196 ], [ 106.787533600664091, 11.095198199618464 ], [ 106.787651600663366, 11.094040099618901 ], [ 106.787703100663236, 11.093926099618956 ], [ 106.787726700662915, 11.093397799619142 ], [ 106.787587200662557, 11.092497599619351 ], [ 106.787587200662401, 11.092218599619441 ], [ 106.78724930066258, 11.091960699619344 ], [ 106.786535800663003, 11.091523799619091 ], [ 106.785833100663325, 11.090923599618906 ], [ 106.778756600669965, 11.090971299615106 ], [ 106.778740500672356, 11.095272099613732 ], [ 106.774851300676048, 11.095319499611646 ], [ 106.774647400676386, 11.095582699611448 ], [ 106.775580800675485, 11.095566899611953 ], [ 106.775613000675804, 11.096177599611771 ], [ 106.775478900676134, 11.096540799611589 ], [ 106.775511100676354, 11.096998799611461 ], [ 106.7754038006766, 11.097272499611321 ], [ 106.775441400676755, 11.097588399611235 ], [ 106.775419900676908, 11.097846299611145 ], [ 106.773762300678484, 11.097867399610255 ], [ 106.773730100677682, 11.096388099610703 ], [ 106.773499500677872, 11.096324999610605 ], [ 106.771739900680188, 11.097567299609267 ], [ 106.771976000680198, 11.097951599609273 ], [ 106.771573600681037, 11.09882539960878 ], [ 106.772657200680698, 11.100009799608983 ], [ 106.772646500680779, 11.100172999608924 ], [ 106.770978200683174, 11.10165749960756 ], [ 106.770037800684094, 11.101712299607042 ], [ 106.769699900684728, 11.102275499606682 ], [ 106.769286800685208, 11.102454499606406 ], [ 106.768793300685658, 11.102438699606141 ], [ 106.768305100686206, 11.102596599605834 ], [ 106.768427100686267, 11.102917399605801 ], [ 106.768394900686417, 11.103133199605713 ], [ 106.768271500686623, 11.103322699605588 ], [ 106.768234000686789, 11.103517499605505 ], [ 106.76747760068767, 11.103854399604987 ], [ 106.766941000688163, 11.103843799604709 ], [ 106.766265100688855, 11.103938599604321 ], [ 106.765540900689558, 11.10400179960391 ], [ 106.765176100690084, 11.104333399603609 ], [ 106.765063500690374, 11.104696599603436 ], [ 106.764956200690563, 11.104822899603336 ], [ 106.768392900687289, 11.104751499605204 ] ] ] } },
{ "type": "Feature", "properties": { "id": "osm_way_366287225", "name_vi": "Khu công nghiệp Nhị Xuân", "name_en": null, "aliases": null, "category": "industrial_park", "province_code": "79", "province_en": "Ho Chi Minh City", "former_province_code": "79", "status": "unknown", "area_ha": 82.140589852176134, "developer": null, "website": null, "geometry_type": "polygon", "location_accuracy": "site", "part_count": 1, "osm_ids": "osm_way_366287225", "source": "OpenStreetMap", "source_url": "https://www.openstreetmap.org/way/366287225", "verified_on": "2026-08-31", "attribute_source": "osm", "geometry_observed_on": "2026-08-31" }, "geometry": { "type": "Polygon", "coordinates": [ [ [ 106.52887740114501, 10.884007299346932 ], [ 106.537394201134134, 10.878942699353082 ], [ 106.534990501134303, 10.875141799352988 ], [ 106.533371801136369, 10.8761375993518 ], [ 106.531488701136524, 10.873186999351727 ], [ 106.526175301142104, 10.874154599348577 ], [ 106.52887740114501, 10.884007299346932 ] ] ] } },
{ "type": "Feature", "properties": { "id": "osm_relation_17502793", "name_vi": "Khu công nghiệp Nhị Xuân - Bến xe An Sương", "name_en": null, "aliases": null, "category": "industrial_park", "province_code": "79", "province_en": "Ho Chi Minh City", "former_province_code": "79", "status": "unknown", "area_ha": null, "developer": "Công ty Cổ phần Xe khách Phương Trang - FUTA Bus Lines", "website": null, "geometry_type": "point", "location_accuracy": "locality", "part_count": 1, "osm_ids": "osm_relation_17502793", "source": "OpenStreetMap", "source_url": "https://www.openstreetmap.org/relation/17502793", "verified_on": "2026-08-31", "attribute_source": "osm", "geometry_observed_on": "2026-08-31" }, "geometry": { "type": "Point", "coordinates": [ 106.57476435, 10.86588655 ] } },
{ "type": "Feature", "properties": { "id": "osm_relation_17438220", "name_vi": "Khu công nghiệp Nhơn Trạch - Bến xe Miền Đông", "name_en": null, "aliases": null, "category": "industrial_park", "province_code": "79", "province_en": "Ho Chi Minh City", "former_province_code": "79", "status": "unknown", "area_ha": null, "developer": "Công ty Cổ phần Xe khách Phương Trang - FUTA Bus Lines", "website": null, "geometry_type": "point", "location_accuracy": "locality", "part_count": 1, "osm_ids": "osm_relation_17438220", "source": "OpenStreetMap", "source_url": "https://www.openstreetmap.org/relation/17438220", "verified_on": "2026-08-31", "attribute_source": "osm", "geometry_observed_on": "2026-08-31" }, "geometry": { "type": "Point", "coordinates": [ 106.8330431, 10.8173555 ] } },
{ "type": "Feature", "properties": { "id": "osm_way_784968442", "name_vi": "Khu công nghiệp Phú Chánh", "name_en": null, "aliases": null, "category": "industrial_park", "province_code": "79", "province_en": "Ho Chi Minh City", "former_province_code": "74", "status": "unknown", "area_ha": 106.46139935133529, "developer": null, "website": null, "geometry_type": "polygon", "location_accuracy": "site", "part_count": 1, "osm_ids": "osm_way_784968442", "source": "OpenStreetMap", "source_url": "https://www.openstreetmap.org/way/784968442", "verified_on": "2026-08-31", "attribute_source": "osm", "geometry_observed_on": "2026-08-31" }, "geometry": { "type": "Polygon", "coordinates": [ [ [ 106.70104800073436, 11.075850399578302 ], [ 106.701668300733786, 11.075844999578635 ], [ 106.702343300733162, 11.075844099578996 ], [ 106.703257200732324, 11.075846599579485 ], [ 106.704076300731529, 11.075860899579919 ], [ 106.70561390073081, 11.077132499580344 ], [ 106.707585800729902, 11.078815699580863 ], [ 106.707997800729686, 11.079134099580983 ], [ 106.710244400727049, 11.078197799582481 ], [ 106.711226800725541, 11.077113099583356 ], [ 106.711136600724956, 11.075876699583693 ], [ 106.711118100723283, 11.07282909958464 ], [ 106.71123240072221, 11.07108229958526 ], [ 106.71119870072134, 11.069487999585746 ], [ 106.710886600721366, 11.068993599585738 ], [ 106.710627800721369, 11.068557899585736 ], [ 106.710167500721639, 11.068236999585588 ], [ 106.709043100722425, 11.067768399585132 ], [ 106.708409300722849, 11.06749069958488 ], [ 106.708421100723982, 11.069571999584237 ], [ 106.705152400727087, 11.069607699582464 ], [ 106.704591100727612, 11.069612399582171 ], [ 106.704029900728159, 11.069614499581879 ], [ 106.703687600728458, 11.069618699581683 ], [ 106.703099200729028, 11.069624499581366 ], [ 106.702711200729382, 11.069628399581159 ], [ 106.70247230072961, 11.069629899581034 ], [ 106.701737100730313, 11.06963459958064 ], [ 106.701462500730571, 11.069636299580496 ], [ 106.701320900730693, 11.069635999580408 ], [ 106.700434600731498, 11.069634299579944 ], [ 106.700028800731886, 11.069639499579724 ], [ 106.699840000732081, 11.069648399579616 ], [ 106.699842400732166, 11.069831899579565 ], [ 106.699849600732321, 11.07012879957947 ], [ 106.699829000732521, 11.070423899579367 ], [ 106.699777700732895, 11.071026199579155 ], [ 106.699755400733096, 11.071347599579028 ], [ 106.699749000733249, 11.071603299578952 ], [ 106.69975060073341, 11.071885699578864 ], [ 106.699775400733529, 11.07216449957879 ], [ 106.699842700733811, 11.072764799578641 ], [ 106.699923300733872, 11.073011099578601 ], [ 106.700063600734026, 11.073551099578506 ], [ 106.700143800734153, 11.073920599578427 ], [ 106.700172300734224, 11.074092099578394 ], [ 106.700206300734308, 11.074297099578352 ], [ 106.700289500734499, 11.074766899578242 ], [ 106.700374800734679, 11.075248899578128 ], [ 106.70041870073473, 11.075434899578095 ], [ 106.700463300734768, 11.075580499578074 ], [ 106.700480500734798, 11.075637399578069 ], [ 106.700508500734813, 11.075716699578061 ], [ 106.700526800734835, 11.075753099578058 ], [ 106.700552500734815, 11.075780299578058 ], [ 106.700613500734789, 11.075830599578074 ], [ 106.700672600734734, 11.075857099578101 ], [ 106.70104800073436, 11.075850399578302 ] ] ] } },
{ "type": "Feature", "properties": { "id": "osm_relation_8191003", "name_vi": "Khu công nghiệp Phú Mỹ 1", "name_en": null, "aliases": null, "category": "industrial_park", "province_code": "79", "province_en": "Ho Chi Minh City", "former_province_code": "77", "status": "unknown", "area_ha": 1066.4187792216537, "developer": "Izico", "website": null, "geometry_type": "polygon", "location_accuracy": "site", "part_count": 1, "osm_ids": "osm_relation_8191003", "source": "OpenStreetMap", "source_url": "https://www.openstreetmap.org/relation/8191003", "verified_on": "2026-08-31", "attribute_source": "osm", "geometry_observed_on": "2026-08-31" }, "geometry": { "type": "Polygon", "coordinates": [ [ [ 107.021033800526126, 10.607496599698518 ], [ 107.024156800523031, 10.607245199700278 ], [ 107.024648500522503, 10.607136399700579 ], [ 107.025067500522141, 10.607169199700795 ], [ 107.031920200515358, 10.60660559970467 ], [ 107.031911900515425, 10.606740899704622 ], [ 107.032015200515346, 10.606746199704672 ], [ 107.032099300515284, 10.606809099704693 ], [ 107.032176900515225, 10.606866999704724 ], [ 107.032501500515068, 10.60710959970482 ], [ 107.031938500516034, 10.607874399704272 ], [ 107.03194460051607, 10.60797799970425 ], [ 107.031953400516173, 10.608127599704206 ], [ 107.034193400513999, 10.608046399705435 ], [ 107.039145800509232, 10.607866699708167 ], [ 107.039151200508812, 10.607117899708411 ], [ 107.039491800508472, 10.607115299708592 ], [ 107.039438200507973, 10.606092399708883 ], [ 107.040556700506926, 10.606092399709487 ], [ 107.040556800506451, 10.605259299709747 ], [ 107.041034000505988, 10.605258099710007 ], [ 107.04103680050622, 10.605659299709881 ], [ 107.041605500505696, 10.605655399710193 ], [ 107.04160270050545, 10.605256699710319 ], [ 107.041629600505416, 10.60525659971033 ], [ 107.041634500504983, 10.604439199710589 ], [ 107.042259900504376, 10.60443439971093 ], [ 107.044632800502143, 10.604441399712213 ], [ 107.047232800499685, 10.604448899713606 ], [ 107.047234000499614, 10.604294299713656 ], [ 107.047233600499311, 10.603769699713824 ], [ 107.047216600497265, 10.600047099714992 ], [ 107.047183100497278, 10.600044399714974 ], [ 107.047179900497241, 10.599914899715017 ], [ 107.047175700497121, 10.599740399715071 ], [ 107.047173800497077, 10.599662299715089 ], [ 107.047165600496925, 10.599327299715188 ], [ 107.047263400496774, 10.599219299715278 ], [ 107.04738790048475, 10.577778799722132 ], [ 107.047495100484014, 10.576593699722563 ], [ 107.048078300482658, 10.575156299723334 ], [ 107.049671600479499, 10.572144899725147 ], [ 107.050939800477025, 10.569875499726555 ], [ 107.055333700468097, 10.561223199731669 ], [ 107.055382700468002, 10.561131199731719 ], [ 107.053996700468858, 10.560313299731227 ], [ 107.050785000470938, 10.55858079973004 ], [ 107.046623600479251, 10.566532099725283 ], [ 107.046105100480304, 10.567526199724687 ], [ 107.043365600485842, 10.572846399721527 ], [ 107.040652600487633, 10.571487299720493 ], [ 107.040467300487776, 10.571410499720416 ], [ 107.04026560048797, 10.571426499720305 ], [ 107.039881800488416, 10.571567199720052 ], [ 107.031081900498663, 10.575047399714204 ], [ 107.031030200498719, 10.575068699714171 ], [ 107.030989100498758, 10.575085999714142 ], [ 107.030486400498532, 10.573833799714269 ], [ 107.030209600498836, 10.573880699714104 ], [ 107.025997000503793, 10.57566049971126 ], [ 107.020351427759465, 10.606107954553346 ], [ 107.020349400526001, 10.606110799698587 ], [ 107.020290300526128, 10.606258499698511 ], [ 107.020247400526316, 10.606511599698399 ], [ 107.020213800526548, 10.606850199698281 ], [ 107.021033800526126, 10.607496599698518 ] ] ] } },
{ "type": "Feature", "properties": { "id": "osm_way_1193514671", "name_vi": "Khu công nghiệp Phú Mỹ 2", "name_en": null, "aliases": null, "category": "industrial_park", "province_code": "79", "province_en": "Ho Chi Minh City", "former_province_code": "77", "status": "unknown", "area_ha": 618.8359899863882, "developer": null, "website": null, "geometry_type": "polygon", "location_accuracy": "site", "part_count": 1, "osm_ids": "osm_way_1193514671", "source": "OpenStreetMap", "source_url": "https://www.openstreetmap.org/way/1193514671", "verified_on": "2026-08-31", "attribute_source": "osm", "geometry_observed_on": "2026-08-31" }, "geometry": { "type": "Polygon", "coordinates": [ [ [ 107.042467800464465, 10.53274849973373 ], [ 107.038773700467956, 10.532746899731745 ], [ 107.038356700476172, 10.546891499727041 ], [ 107.042923800475592, 10.553623299727374 ], [ 107.056208200467537, 10.561729399731973 ], [ 107.065649700447537, 10.541688099743414 ], [ 107.057154200452914, 10.53696909974032 ], [ 107.055100200454262, 10.535860499739567 ], [ 107.053568100455237, 10.535033499738999 ], [ 107.047994300459507, 10.533232899736561 ], [ 107.045305800461861, 10.532868599735233 ], [ 107.044687900462407, 10.532833499734906 ], [ 107.044129800462912, 10.532814999734603 ], [ 107.042467800464465, 10.53274849973373 ] ] ] } },
{ "type": "Feature", "properties": { "id": "osm_way_1463022980", "name_vi": "Khu công nghiệp Phú Tân", "name_en": null, "aliases": null, "category": "industrial_park", "province_code": "79", "province_en": "Ho Chi Minh City", "former_province_code": "74", "status": "unknown", "area_ha": 36.15826417842689, "developer": null, "website": null, "geometry_type": "polygon", "location_accuracy": "site", "part_count": 1, "osm_ids": "osm_way_1463022980", "source": "OpenStreetMap", "source_url": "https://www.openstreetmap.org/way/1463022980", "verified_on": "2026-08-31", "attribute_source": "osm", "geometry_observed_on": "2026-08-31" }, "geometry": { "type": "Polygon", "coordinates": [ [ [ 106.673663600772485, 11.098358999556543 ], [ 106.683932200764076, 11.100535299561351 ], [ 106.68455510076204, 11.097901399562518 ], [ 106.674316900770265, 11.095445199557812 ], [ 106.673663600772485, 11.098358999556543 ] ] ] } },
{ "type": "Feature", "properties": { "id": "osm_way_1454596518", "name_vi": "Khu công nghiệp Rạch Bắp", "name_en": null, "aliases": null, "category": "industrial_park", "province_code": "79", "province_en": "Ho Chi Minh City", "former_province_code": "74", "status": "unknown", "area_ha": 235.57985663708374, "developer": null, "website": null, "geometry_type": "polygon", "location_accuracy": "site", "part_count": 1, "osm_ids": "osm_way_1454596518", "source": "OpenStreetMap", "source_url": "https://www.openstreetmap.org/way/1454596518", "verified_on": "2026-08-31", "attribute_source": "osm", "geometry_observed_on": "2026-08-31" }, "geometry": { "type": "Polygon", "coordinates": [ [ [ 106.551161000913226, 11.145238799476298 ], [ 106.552945800908191, 11.13915629947917 ], [ 106.535978700921447, 11.134367999471621 ], [ 106.535699900921685, 11.134361799471474 ], [ 106.535477700921973, 11.134485199471317 ], [ 106.535031100923177, 11.135941199470617 ], [ 106.534966500923304, 11.13601959947056 ], [ 106.534883700923402, 11.136058399470503 ], [ 106.534685200923562, 11.136040399470406 ], [ 106.526727300929764, 11.133727199466881 ], [ 106.526665100929748, 11.133595299466894 ], [ 106.526647600929664, 11.133430299466937 ], [ 106.527189800928241, 11.131793699467739 ], [ 106.52603110092916, 11.131458599467225 ], [ 106.525055800929948, 11.131244999466777 ], [ 106.523776400931126, 11.131221999466106 ], [ 106.523149600931774, 11.131315999465734 ], [ 106.521367400933329, 11.131110699464847 ], [ 106.520843600933944, 11.131348399464496 ], [ 106.519142900936473, 11.133011299463062 ], [ 106.518420600937745, 11.134104199462335 ], [ 106.517839200939207, 11.135757499461501 ], [ 106.551161000913226, 11.145238799476298 ] ] ] } },
{ "type": "Feature", "properties": { "id": "osm_way_306251856", "name_vi": "Khu công nghiệp Sóng Thần", "name_en": "Song Than Industrial Park", "aliases": "Song Than Industrial Park", "category": "industrial_park", "province_code": "79", "province_en": "Ho Chi Minh City", "former_province_code": "74", "status": "unknown", "area_ha": 350.11067647544166, "developer": null, "website": null, "geometry_type": "polygon", "location_accuracy": "site", "part_count": 1, "osm_ids": "osm_way_306251856", "source": "OpenStreetMap", "source_url": "https://www.openstreetmap.org/way/306251856", "verified_on": "2026-08-31", "attribute_source": "osm", "geometry_observed_on": "2026-08-31" }, "geometry": { "type": "Polygon", "coordinates": [ [ [ 106.752200400932253, 10.881458799467417 ], [ 106.752140100932266, 10.881373799467408 ], [ 106.752083600932266, 10.881306699467402 ], [ 106.752022200932288, 10.881243799467383 ], [ 106.749298300933503, 10.878791999466698 ], [ 106.744525000940811, 10.88386149946254 ], [ 106.744507000940928, 10.884042199462472 ], [ 106.746308500940444, 10.886235299462747 ], [ 106.747928500940333, 10.88874609946283 ], [ 106.747019600941428, 10.889176399462203 ], [ 106.746919200941534, 10.889223899462133 ], [ 106.746798500941679, 10.889263499462052 ], [ 106.74586240094267, 10.889468899461487 ], [ 106.745514600943054, 10.88952739946129 ], [ 106.744747700943833, 10.889656299460835 ], [ 106.743839600944781, 10.889808999460293 ], [ 106.744009600945219, 10.890899499460044 ], [ 106.743889100945353, 10.890918799459977 ], [ 106.743748800945497, 10.890941299459888 ], [ 106.743802400945654, 10.891302099459809 ], [ 106.743753600945709, 10.891310699459771 ], [ 106.742053600947457, 10.891610299458771 ], [ 106.742056900947489, 10.891653999458757 ], [ 106.742059200947509, 10.891683999458747 ], [ 106.74206140094752, 10.891713399458741 ], [ 106.742104600947812, 10.892289799458588 ], [ 106.742278900947639, 10.89228719945868 ], [ 106.742289000947736, 10.892479299458625 ], [ 106.742301400947852, 10.892714099458555 ], [ 106.742427800947723, 10.89271209945862 ], [ 106.742492000947664, 10.892711099458664 ], [ 106.742493100947769, 10.892842899458627 ], [ 106.742499100948137, 10.8935582994584 ], [ 106.742044700948554, 10.893581699458144 ], [ 106.741959100948662, 10.893586099458107 ], [ 106.741548100949046, 10.893607299457868 ], [ 106.741081400949511, 10.893631399457616 ], [ 106.741043200949548, 10.893633299457589 ], [ 106.740680700949909, 10.89365199945739 ], [ 106.740675000949821, 10.893509299457431 ], [ 106.740464500950026, 10.893517499457314 ], [ 106.740121300950364, 10.89353079945713 ], [ 106.740587300955042, 10.902757099454472 ], [ 106.744692400951067, 10.902560999456735 ], [ 106.744582800949999, 10.900443199457344 ], [ 106.744694600949785, 10.900293399457455 ], [ 106.744751400949383, 10.899634599457693 ], [ 106.745558900948623, 10.899620699458124 ], [ 106.746575800947582, 10.899502199458706 ], [ 106.746611300947407, 10.899226799458813 ], [ 106.747134800946824, 10.899113499459126 ], [ 106.748891800945103, 10.899014199460106 ], [ 106.749150900944954, 10.899171099460199 ], [ 106.74918280094596, 10.901018299459633 ], [ 106.749085200946297, 10.901488799459427 ], [ 106.749134000946839, 10.902544699459126 ], [ 106.749185500946894, 10.902708299459103 ], [ 106.749277800946871, 10.902814099459119 ], [ 106.749430000946788, 10.902927899459165 ], [ 106.754734100941562, 10.902583199462116 ], [ 106.755326900940958, 10.902492599462461 ], [ 106.757232900938646, 10.901593399463765 ], [ 106.762267500932637, 10.899334099467184 ], [ 106.759905800933282, 10.896467399466818 ], [ 106.759783200933313, 10.896325299466799 ], [ 106.759683800933345, 10.896198499466786 ], [ 106.759596700933358, 10.896073699466774 ], [ 106.759516500933373, 10.895944499466768 ], [ 106.759443500933344, 10.89581129946677 ], [ 106.758169100933046, 10.893086299466955 ], [ 106.757766000933074, 10.89243869946694 ], [ 106.754911500932494, 10.886547899467265 ], [ 106.754794100932628, 10.88658869946719 ], [ 106.754731100932617, 10.886467499467203 ], [ 106.754262600932947, 10.886217799467024 ], [ 106.752345000932252, 10.881724999467403 ], [ 106.752302800932242, 10.881634899467418 ], [ 106.752255400932242, 10.881547299467412 ], [ 106.752200400932253, 10.881458799467417 ] ] ] } },
{ "type": "Feature", "properties": { "id": "osm_way_496910231", "name_vi": "Khu công nghiệp Sóng Thần 2", "name_en": null, "aliases": null, "category": "industrial_park", "province_code": "79", "province_en": "Ho Chi Minh City", "former_province_code": "74", "status": "unknown", "area_ha": 94.814462108619921, "developer": null, "website": null, "geometry_type": "polygon", "location_accuracy": "site", "part_count": 1, "osm_ids": "osm_way_496910231", "source": "OpenStreetMap", "source_url": "https://www.openstreetmap.org/way/496910231", "verified_on": "2026-08-31", "attribute_source": "osm", "geometry_observed_on": "2026-08-31" }, "geometry": { "type": "Polygon", "coordinates": [ [ [ 106.741946300967115, 10.926815399447618 ], [ 106.746817200962354, 10.926538899450319 ], [ 106.746720700961532, 10.924916599450775 ], [ 106.746656300960552, 10.922999299451346 ], [ 106.747015700960176, 10.922946699451556 ], [ 106.746956700958961, 10.920639599452254 ], [ 106.746479300959408, 10.920629099451991 ], [ 106.746326400958708, 10.919098899452401 ], [ 106.746597300958427, 10.919048899452564 ], [ 106.746516800957806, 10.917821599452903 ], [ 106.746490000957266, 10.916826099453202 ], [ 106.746071600957663, 10.916836599452973 ], [ 106.745492200957017, 10.914634899453352 ], [ 106.745401000956761, 10.914018599453501 ], [ 106.74544930095486, 10.91068429945458 ], [ 106.741012900958452, 10.909599199452547 ], [ 106.741227500960633, 10.913918499451301 ], [ 106.741458200962526, 10.917705699450233 ], [ 106.741753200965348, 10.923257399448644 ], [ 106.741946300967115, 10.926815399447618 ] ] ] } },
{ "type": "Feature", "properties": { "id": "osm_way_783794691", "name_vi": "Khu công nghiệp Sóng Thần 3", "name_en": null, "aliases": null, "category": "industrial_park", "province_code": "79", "province_en": "Ho Chi Minh City", "former_province_code": "74", "status": "unknown", "area_ha": 360.22579301474138, "developer": null, "website": null, "geometry_type": "polygon", "location_accuracy": "site", "part_count": 1, "osm_ids": "osm_way_783794691", "source": "OpenStreetMap", "source_url": "https://www.openstreetmap.org/way/783794691", "verified_on": "2026-08-31", "attribute_source": "osm", "geometry_observed_on": "2026-08-31" }, "geometry": { "type": "Polygon", "coordinates": [ [ [ 106.690476301068841, 11.022207699389991 ], [ 106.694215601064784, 11.021247699392291 ], [ 106.696422101067185, 11.029297999390945 ], [ 106.697415501068292, 11.033026299390306 ], [ 106.698719301069772, 11.037922299389455 ], [ 106.697042001071821, 11.038752199388291 ], [ 106.696019001073097, 11.039277099387588 ], [ 106.695177201074131, 11.039690099387007 ], [ 106.695252001074095, 11.039794999387016 ], [ 106.697443100719511, 11.042867299586796 ], [ 106.698680300719289, 11.04454889958693 ], [ 106.69991680071908, 11.046291599587041 ], [ 106.699986200718996, 11.046241499587097 ], [ 106.703551500714283, 11.043762299589785 ], [ 106.706961773182186, 11.041360879941813 ], [ 106.707134673184996, 11.041240579959791 ], [ 106.707234873186579, 11.041171279970186 ], [ 106.707316373187936, 11.04111447997866 ], [ 106.710354901059361, 11.038987299395359 ], [ 106.710684801058932, 11.038758699395604 ], [ 106.710751301058835, 11.038713899395654 ], [ 106.708802501059054, 11.035790099395534 ], [ 106.711091801056014, 11.034176899397263 ], [ 106.710854001056006, 11.033806999397253 ], [ 106.710697001056204, 11.033919599397136 ], [ 106.710166401056313, 11.033170099397084 ], [ 106.710287401056149, 11.033081499397179 ], [ 106.710139601056156, 11.032858499397172 ], [ 106.709441701056861, 11.032925899396774 ], [ 106.708852501056896, 11.031983099396752 ], [ 106.706345801058859, 11.031241899395647 ], [ 106.705811701059503, 11.031501299395282 ], [ 106.70553250105921, 11.030481999395452 ], [ 106.705104001059539, 11.030344199395266 ], [ 106.704440601059986, 11.030052299395004 ], [ 106.704554501059533, 11.029420199395261 ], [ 106.705072201058513, 11.028473999395839 ], [ 106.705996201056863, 11.027056399396773 ], [ 106.706024601056541, 11.026504599396974 ], [ 106.705986701056062, 11.025638999397223 ], [ 106.705997801055432, 11.024478099397584 ], [ 106.706036101054764, 11.023360199397965 ], [ 106.706233601054123, 11.02252619939833 ], [ 106.706311401053725, 11.021956499398554 ], [ 106.706352901053194, 11.021078999398854 ], [ 106.706437501052861, 11.020613899399045 ], [ 106.706885501051744, 11.01936349939967 ], [ 106.707075801051303, 11.018919099399916 ], [ 106.706811901051012, 11.017913799400091 ], [ 106.705276701052668, 11.01832139939914 ], [ 106.704143501051419, 11.014117699399858 ], [ 106.700009101055926, 11.015205999397297 ], [ 106.698050301058075, 11.015715499396089 ], [ 106.698383701058418, 11.016953499395875 ], [ 106.698969401059102, 11.019141499395504 ], [ 106.699180301059343, 11.019938499395364 ], [ 106.697806501060839, 11.020295099394522 ], [ 106.694173001064812, 11.021242399392275 ], [ 106.693992901065002, 11.021285499392166 ], [ 106.693403001065647, 11.021441299391796 ], [ 106.692313401066841, 11.021721699391128 ], [ 106.69122890106803, 11.022010799390459 ], [ 106.691153201068104, 11.022030599390412 ], [ 106.690552701068754, 11.022187699390033 ], [ 106.690476301068841, 11.022207699389991 ] ] ] } },
{ "type": "Feature", "properties": { "id": "osm_way_790553092", "name_vi": "Khu công nghiệp Tân Bình", "name_en": null, "aliases": null, "category": "industrial_park", "province_code": "79", "province_en": "Ho Chi Minh City", "former_province_code": "74", "status": "unknown", "area_ha": 365.33682391637632, "developer": null, "website": null, "geometry_type": "polygon", "location_accuracy": "site", "part_count": 1, "osm_ids": "osm_way_790553092", "source": "OpenStreetMap", "source_url": "https://www.openstreetmap.org/way/790553092", "verified_on": "2026-08-31", "attribute_source": "osm", "geometry_observed_on": "2026-08-31" }, "geometry": { "type": "Polygon", "coordinates": [ [ [ 106.702484200809067, 11.213213199535662 ], [ 106.708145100804032, 11.213680499538544 ], [ 106.712093300798685, 11.210691699541597 ], [ 106.712951600793303, 11.202440699544661 ], [ 106.717886900788983, 11.202987999547128 ], [ 106.717929800790444, 11.205724299546279 ], [ 106.720418900787152, 11.203998299548159 ], [ 106.721148400786007, 11.203114199548825 ], [ 106.723937900776306, 11.190316299554368 ], [ 106.722397600777128, 11.189223499553894 ], [ 106.710477100787571, 11.187897799547937 ], [ 106.710009300790247, 11.191945899546402 ], [ 106.704445400795109, 11.191327099543622 ], [ 106.703846000798549, 11.196513199541672 ], [ 106.708914300794106, 11.197076799544197 ], [ 106.707844600800243, 11.206332699540704 ], [ 106.703337300804179, 11.205831499538451 ], [ 106.702484200809067, 11.213213199535662 ] ] ] } },
{ "type": "Feature", "properties": { "id": "osm_way_1052673995", "name_vi": "Khu công nghiệp Tân Bình", "name_en": null, "aliases": null, "category": "industrial_park", "province_code": "79", "province_en": "Ho Chi Minh City", "former_province_code": "79", "status": "unknown", "area_ha": 101.86496509116465, "developer": null, "website": null, "geometry_type": "polygon", "location_accuracy": "site", "part_count": 2, "osm_ids": "osm_way_1052673995|osm_way_1052673996", "source": "OpenStreetMap", "source_url": "https://www.openstreetmap.org/way/1052673995", "verified_on": "2026-08-31", "attribute_source": "osm", "geometry_observed_on": "2026-08-31" }, "geometry": { "type": "MultiPolygon", "coordinates": [ [ [ [ 106.620427601020893, 10.816572399417181 ], [ 106.619938301021023, 10.8159865994171 ], [ 106.619384401021179, 10.815322999417011 ], [ 106.619142101021254, 10.815033099416974 ], [ 106.61912030102124, 10.815006899416971 ], [ 106.618398201021463, 10.814141999416854 ], [ 106.618102401021545, 10.813788199416804 ], [ 106.617915101021595, 10.813564099416777 ], [ 106.617708801021649, 10.813318599416746 ], [ 106.617411401021741, 10.8129651994167 ], [ 106.616939801021871, 10.812406499416618 ], [ 106.616117601022097, 10.811424499416487 ], [ 106.616059301022119, 10.811355599416476 ], [ 106.615773401022196, 10.811018399416428 ], [ 106.615481601022282, 10.810666099416386 ], [ 106.615410501022311, 10.81059729941637 ], [ 106.61522350102257, 10.810711599416233 ], [ 106.613926101024333, 10.811720499415216 ], [ 106.613615901024446, 10.811382099415153 ], [ 106.612829201025548, 10.812021199414534 ], [ 106.612716001025589, 10.81188799941452 ], [ 106.611576101027225, 10.812928799413578 ], [ 106.611516401027259, 10.81285469941357 ], [ 106.611071801027848, 10.813168099413234 ], [ 106.611160301027823, 10.813289799413242 ], [ 106.610848701028289, 10.813583099412982 ], [ 106.610681301028308, 10.813346099412968 ], [ 106.610148401028383, 10.812591199412914 ], [ 106.610033201028543, 10.812666599412832 ], [ 106.609843801028802, 10.812790499412692 ], [ 106.609405901028879, 10.81217869941265 ], [ 106.608326501030277, 10.812832499411877 ], [ 106.608219601030399, 10.812896999411791 ], [ 106.608194901030416, 10.812911399411771 ], [ 106.608204801030524, 10.813118999411714 ], [ 106.609088401030164, 10.813947399411919 ], [ 106.611129501029325, 10.815917099412401 ], [ 106.611534501029155, 10.816296399412503 ], [ 106.611588601029112, 10.816346999412506 ], [ 106.612227901028774, 10.816831199412698 ], [ 106.612813001028471, 10.817261199412883 ], [ 106.613534501027971, 10.817570799413167 ], [ 106.614066901027556, 10.817743199413398 ], [ 106.614380501027327, 10.817848999413533 ], [ 106.614473601027257, 10.817909199413565 ], [ 106.614910401027004, 10.818182199413707 ], [ 106.615729901026469, 10.818604499414016 ], [ 106.616203601026143, 10.818827899414202 ], [ 106.616417001025965, 10.818901499414299 ], [ 106.616628901025805, 10.818947999414398 ], [ 106.617023101025467, 10.819028899414583 ], [ 106.617125701025373, 10.81903309941463 ], [ 106.617226801025282, 10.819030099414691 ], [ 106.617508201024989, 10.818975699414855 ], [ 106.617680101024789, 10.818930099414965 ], [ 106.617845201024593, 10.818855899415077 ], [ 106.617993201024419, 10.81876759941518 ], [ 106.618368301023892, 10.818484299415474 ], [ 106.618862901023206, 10.818115599415846 ], [ 106.618947601023109, 10.818070299415911 ], [ 106.619055201023002, 10.818024999415986 ], [ 106.619173701022874, 10.817997399416061 ], [ 106.619321001022712, 10.81798879941614 ], [ 106.619455401022606, 10.818000899416203 ], [ 106.619904901022181, 10.818042999416434 ], [ 106.620209801021915, 10.818073099416589 ], [ 106.620235001021896, 10.8180758994166 ], [ 106.620749501021436, 10.818119699416863 ], [ 106.621137601021104, 10.818161299417058 ], [ 106.621204901021017, 10.818146599417094 ], [ 106.621255301020966, 10.818125499417134 ], [ 106.621300201020887, 10.818090699417167 ], [ 106.621345401020847, 10.818055399417206 ], [ 106.621395601020765, 10.81801069941725 ], [ 106.621482001020638, 10.817933699417317 ], [ 106.621486001020585, 10.817838299417348 ], [ 106.621066001020708, 10.817337299417279 ], [ 106.620427601020893, 10.816572399417181 ] ] ], [ [ [ 106.628445601014832, 10.819344099420604 ], [ 106.627802001015283, 10.819039699420353 ], [ 106.627815701015237, 10.819009699420372 ], [ 106.627619601015368, 10.818903599420299 ], [ 106.627579001015434, 10.81895789942026 ], [ 106.62725850101566, 10.818814999420141 ], [ 106.627556301015119, 10.818324099420444 ], [ 106.624710001016354, 10.815702199419746 ], [ 106.624585401016532, 10.815813699419646 ], [ 106.624503201016637, 10.815890399419576 ], [ 106.624394901016814, 10.815989399419484 ], [ 106.624344801016846, 10.815934499419482 ], [ 106.624167401016891, 10.815740499419443 ], [ 106.622259001019643, 10.817456799417881 ], [ 106.622271101019692, 10.817548399417856 ], [ 106.626016301018481, 10.821760599418544 ], [ 106.626047301018488, 10.821863999418529 ], [ 106.627951001018033, 10.82426629941879 ], [ 106.628889401016679, 10.823400099419562 ], [ 106.628844201016676, 10.823342099419557 ], [ 106.628942601016547, 10.823247399419641 ], [ 106.628812701016599, 10.823142999419602 ], [ 106.629027201016257, 10.822895599419798 ], [ 106.62910790101617, 10.822897499419845 ], [ 106.629245601016109, 10.823015499419876 ], [ 106.629395201015896, 10.822878199419998 ], [ 106.629513301015692, 10.822731299420107 ], [ 106.629670701015442, 10.822495499420274 ], [ 106.629826201015106, 10.822178499420462 ], [ 106.630072001014469, 10.821453499420812 ], [ 106.629843201014609, 10.821333699420729 ], [ 106.630065101014139, 10.820862299420991 ], [ 106.630222801014014, 10.820901099421066 ], [ 106.630363901013652, 10.820464399421281 ], [ 106.628555201014606, 10.819168799420719 ], [ 106.628445601014832, 10.819344099420604 ] ] ] ] } },
{ "type": "Feature", "properties": { "id": "osm_way_291663726", "name_vi": "Khu công nghiệp Tân Đông Hiệp (Khu A)", "name_en": null, "aliases": null, "category": "industrial_park", "province_code": "79", "province_en": "Ho Chi Minh City", "former_province_code": "74", "status": "unknown", "area_ha": 44.052477779012825, "developer": null, "website": null, "geometry_type": "polygon", "location_accuracy": "site", "part_count": 1, "osm_ids": "osm_way_291663726", "source": "OpenStreetMap", "source_url": "https://www.openstreetmap.org/way/291663726", "verified_on": "2026-08-31", "attribute_source": "osm", "geometry_observed_on": "2026-08-31" }, "geometry": { "type": "Polygon", "coordinates": [ [ [ 106.784683300916399, 10.908282999476389 ], [ 106.785884900915121, 10.907998599477123 ], [ 106.791056200909367, 10.906481499480373 ], [ 106.790266700908845, 10.904176599480673 ], [ 106.789848800908217, 10.902338099481033 ], [ 106.789265900908831, 10.902430799480687 ], [ 106.789111800908586, 10.901724599480834 ], [ 106.789022700908646, 10.901669099480801 ], [ 106.788738400908912, 10.901700699480639 ], [ 106.78852380090926, 10.90199049948043 ], [ 106.78838430090957, 10.902280199480264 ], [ 106.787418700910564, 10.902401299479708 ], [ 106.787161200910745, 10.902322299479597 ], [ 106.78702710091099, 10.902496099479475 ], [ 106.787193400911022, 10.902849099479441 ], [ 106.782778500915626, 10.90361809947683 ], [ 106.782521000916304, 10.904418799476447 ], [ 106.782440500916479, 10.904571599476363 ], [ 106.782381500916529, 10.904608399476311 ], [ 106.781888000917007, 10.904634799476039 ], [ 106.781904100917131, 10.904861299475979 ], [ 106.781925600917262, 10.905129899475901 ], [ 106.781941600917378, 10.905377499475833 ], [ 106.781989900917594, 10.905840999475712 ], [ 106.782578200917015, 10.905801399476037 ], [ 106.782842500917496, 10.907098799475776 ], [ 106.783454400916838, 10.906984099476139 ], [ 106.783524100916878, 10.907157899476115 ], [ 106.784082000916285, 10.907036799476455 ], [ 106.784259100916088, 10.906994599476562 ], [ 106.784441500915861, 10.906905099476688 ], [ 106.784683300916399, 10.908282999476389 ] ] ] } },
{ "type": "Feature", "properties": { "id": "osm_way_1136987798", "name_vi": "Khu công nghiệp Tân Đông Hiệp B", "name_en": null, "aliases": null, "category": "industrial_park", "province_code": "79", "province_en": "Ho Chi Minh City", "former_province_code": "74", "status": "unknown", "area_ha": 140.3684743082992, "developer": null, "website": null, "geometry_type": "polygon", "location_accuracy": "site", "part_count": 1, "osm_ids": "osm_way_1136987798", "source": "OpenStreetMap", "source_url": "https://www.openstreetmap.org/way/1136987798", "verified_on": "2026-08-31", "attribute_source": "osm", "geometry_observed_on": "2026-08-31" }, "geometry": { "type": "Polygon", "coordinates": [ [ [ 106.774508400933769, 10.922203999466541 ], [ 106.774694800933716, 10.922422599466577 ], [ 106.774638400933924, 10.92271359946645 ], [ 106.774731000933855, 10.922738599466493 ], [ 106.774712200934289, 10.923510299466233 ], [ 106.774975100934626, 10.924522899466057 ], [ 106.774977700934627, 10.924579499466043 ], [ 106.776123000933637, 10.924726999466611 ], [ 106.775720700935508, 10.927418499465547 ], [ 106.775777000935506, 10.92749489946555 ], [ 106.779961500931933, 10.928172399467583 ], [ 106.780329200931604, 10.928231899467768 ], [ 106.786350300926443, 10.929206699470685 ], [ 106.786422600926386, 10.929212199470722 ], [ 106.786495100926302, 10.929209299470758 ], [ 106.78656190092623, 10.929199299470801 ], [ 106.786627100926182, 10.929182199470842 ], [ 106.786690000926086, 10.929158199470882 ], [ 106.78675000092602, 10.929127699470925 ], [ 106.786803000925971, 10.929088299470962 ], [ 106.786851100925901, 10.929043199471002 ], [ 106.786893500925814, 10.928992899471046 ], [ 106.786929700925768, 10.928938099471081 ], [ 106.786959300925702, 10.928879299471113 ], [ 106.786981700925651, 10.928817599471142 ], [ 106.786996700925599, 10.928753699471173 ], [ 106.787016300925529, 10.928652599471215 ], [ 106.787032400925455, 10.92856649947125 ], [ 106.787046300925368, 10.928448199471294 ], [ 106.787308100925159, 10.928499799471417 ], [ 106.788488000924161, 10.928722099471981 ], [ 106.788657000923564, 10.927924199472329 ], [ 106.78889840092333, 10.927955799472445 ], [ 106.789560900922808, 10.928145399472738 ], [ 106.790510400922017, 10.928298099473203 ], [ 106.790405800922414, 10.928832699472984 ], [ 106.790625700922348, 10.929090799473014 ], [ 106.791175500921454, 10.928436399473513 ], [ 106.791214200921388, 10.928379999473554 ], [ 106.791245300921332, 10.928319199473592 ], [ 106.791263300921273, 10.928272199473614 ], [ 106.791276700921244, 10.928223799473633 ], [ 106.791285600921199, 10.928174399473656 ], [ 106.791358000921136, 10.928187499473692 ], [ 106.791435900921002, 10.928054099473782 ], [ 106.791505500920863, 10.927916299473857 ], [ 106.791561500920736, 10.927787299473929 ], [ 106.791610100920607, 10.927655499473998 ], [ 106.79164870092049, 10.927504899474066 ], [ 106.791679900920371, 10.927352699474126 ], [ 106.791704300920273, 10.927191999474191 ], [ 106.79172040092017, 10.927030399474248 ], [ 106.791728100920068, 10.926868099474307 ], [ 106.791741500919912, 10.926598199474402 ], [ 106.79040850092052, 10.925474899474032 ], [ 106.789869400920779, 10.924969299473908 ], [ 106.789273900921017, 10.924384599473774 ], [ 106.788788400921177, 10.923842099473678 ], [ 106.788007900921386, 10.922915099473553 ], [ 106.788048100921145, 10.92255689947369 ], [ 106.788085700920931, 10.922225099473822 ], [ 106.780602300926944, 10.920328799470401 ], [ 106.780413400927117, 10.920276199470312 ], [ 106.780226800927238, 10.920215599470236 ], [ 106.780060600927371, 10.92015419947016 ], [ 106.779890200927497, 10.920086599470091 ], [ 106.779785900927578, 10.920040599470051 ], [ 106.779676800927646, 10.919990499470009 ], [ 106.779569700927709, 10.919936399469965 ], [ 106.779428500927793, 10.919857299469921 ], [ 106.779291600927863, 10.919771199469871 ], [ 106.779159300927958, 10.91967829946983 ], [ 106.779025400928035, 10.919585299469789 ], [ 106.778895600928109, 10.919486999469742 ], [ 106.77877010092817, 10.919383399469719 ], [ 106.778649000928226, 10.919274699469684 ], [ 106.778513200928273, 10.919141299469651 ], [ 106.778384100928307, 10.91900149946963 ], [ 106.778212100928371, 10.918807999469594 ], [ 106.778044800928427, 10.918610399469573 ], [ 106.777934400928473, 10.918474299469555 ], [ 106.777826200928487, 10.918336499469536 ], [ 106.77757540092874, 10.918385499469387 ], [ 106.777326500929021, 10.918443899469237 ], [ 106.777080100929282, 10.918511399469082 ], [ 106.776836500929576, 10.918587999468924 ], [ 106.776605300929816, 10.918670099468777 ], [ 106.776377300930079, 10.918760399468621 ], [ 106.776152800930362, 10.918858799468474 ], [ 106.775932000930609, 10.918965099468325 ], [ 106.775715300930898, 10.919079199468172 ], [ 106.775406000931284, 10.919268999467945 ], [ 106.775100200931675, 10.919464399467723 ], [ 106.774798000932066, 10.919665199467499 ], [ 106.774525700932443, 10.919852999467293 ], [ 106.774256500932822, 10.920045299467077 ], [ 106.773990700933155, 10.920241899466877 ], [ 106.774218700933247, 10.920747599466843 ], [ 106.774478900933119, 10.920968799466916 ], [ 106.774366200933329, 10.921187399466787 ], [ 106.77458610093322, 10.921342799466856 ], [ 106.774617000933219, 10.921396799466855 ], [ 106.774442600933554, 10.921716799466656 ], [ 106.774430600933599, 10.921756299466633 ], [ 106.774422500933625, 10.92179709946662 ], [ 106.774419800933629, 10.921838599466602 ], [ 106.774422500933667, 10.921880099466595 ], [ 106.774433000933712, 10.921929099466588 ], [ 106.774451000933681, 10.921975999466579 ], [ 106.774476200933691, 10.92201959946658 ], [ 106.77449410093368, 10.922048199466582 ], [ 106.774507200933684, 10.922079199466586 ], [ 106.774515100933698, 10.922111799466572 ], [ 106.774517500933726, 10.922142799466567 ], [ 106.774515300933757, 10.922173699466555 ], [ 106.774508400933769, 10.922203999466541 ] ] ] } },
{ "type": "Feature", "properties": { "id": "osm_way_1548525579", "name_vi": "Khu công nghiệp Tân Phú Trung", "name_en": null, "aliases": null, "category": "industrial_park", "province_code": "79", "province_en": "Ho Chi Minh City", "former_province_code": "79", "status": "unknown", "area_ha": 613.30335161401877, "developer": null, "website": null, "geometry_type": "polygon", "location_accuracy": "site", "part_count": 1, "osm_ids": "osm_way_1548525579", "source": "OpenStreetMap", "source_url": "https://www.openstreetmap.org/way/1548525579", "verified_on": "2026-08-31", "attribute_source": "osm", "geometry_observed_on": "2026-08-31" }, "geometry": { "type": "Polygon", "coordinates": [ [ [ 106.562314801132359, 10.918225199354076 ], [ 106.56122530113295, 10.917434799353737 ], [ 106.558899801135112, 10.917338999352527 ], [ 106.540024201152406, 10.916308999342743 ], [ 106.538212301154076, 10.916229399341798 ], [ 106.536335301155944, 10.916384999340748 ], [ 106.516904701175676, 10.918787599329592 ], [ 106.516383601176258, 10.918977799329253 ], [ 106.51818290118122, 10.930946599326456 ], [ 106.523469401174836, 10.928481599330061 ], [ 106.523909701174361, 10.928344199330342 ], [ 106.524318201173941, 10.928322399330566 ], [ 106.547000101153614, 10.930397199342055 ], [ 106.547215201153435, 10.930406199342169 ], [ 106.550945101149011, 10.928838099344651 ], [ 106.551314201148656, 10.928784299344869 ], [ 106.55313100114698, 10.928885599345811 ], [ 106.553172301146574, 10.928208999346046 ], [ 106.554899401144965, 10.928274399346947 ], [ 106.554701901145364, 10.928673499346715 ], [ 106.554940801145221, 10.928794999346799 ], [ 106.560306501135813, 10.921019499352122 ], [ 106.560639801135238, 10.920556399352447 ], [ 106.562314801132359, 10.918225199354076 ] ] ] } },
{ "type": "Feature", "properties": { "id": "osm_way_493155221", "name_vi": "Khu công nghiệp Tân Tạo", "name_en": "Tan Tao Industrial Park", "aliases": "Tan Tao Industrial Park", "category": "industrial_park", "province_code": "79", "province_en": "Ho Chi Minh City", "former_province_code": "79", "status": "unknown", "area_ha": 408.32303710466851, "developer": null, "website": null, "geometry_type": "polygon", "location_accuracy": "site", "part_count": 1, "osm_ids": "osm_way_493155221", "source": "OpenStreetMap", "source_url": "https://www.openstreetmap.org/way/493155221", "verified_on": "2026-08-31", "attribute_source": "osm", "geometry_observed_on": "2026-08-31" }, "geometry": { "type": "Polygon", "coordinates": [ [ [ 106.585246301015886, 10.747601799420012 ], [ 106.593346601009159, 10.749277699423827 ], [ 106.601833100993971, 10.736402099432429 ], [ 106.60191360099364, 10.735906699432629 ], [ 106.601744600993413, 10.735229499432755 ], [ 106.601532700993005, 10.734119999432989 ], [ 106.600878300992292, 10.731737699433387 ], [ 106.600872900991945, 10.731102599433587 ], [ 106.600934600991565, 10.730496499433814 ], [ 106.600266700991426, 10.729112899433886 ], [ 106.597380600995464, 10.731516299431581 ], [ 106.596522300995616, 10.730293599431505 ], [ 106.596930000995116, 10.730093299431788 ], [ 106.598314000992957, 10.728575299433006 ], [ 106.59947280099135, 10.727658199433915 ], [ 106.599075800991159, 10.726635699434025 ], [ 106.598228200991471, 10.725729199433863 ], [ 106.594462400995738, 10.727004699431436 ], [ 106.59404400099541, 10.725686999431622 ], [ 106.590213800999791, 10.727036299429152 ], [ 106.587295501002998, 10.727853199427331 ], [ 106.581995701008964, 10.729580199423944 ], [ 106.58199920100931, 10.730235599423734 ], [ 106.58205180100957, 10.73073629942361 ], [ 106.582051801009825, 10.731226399423456 ], [ 106.58195530101024, 10.731777199423231 ], [ 106.581860701010527, 10.732135599423069 ], [ 106.581919101010584, 10.732379899423021 ], [ 106.582023801010777, 10.732880499422917 ], [ 106.581963501011032, 10.733256999422768 ], [ 106.581917701011136, 10.733358399422714 ], [ 106.581839901011278, 10.733455899422633 ], [ 106.581603901011448, 10.73338209942254 ], [ 106.581453701011554, 10.733318899422477 ], [ 106.581512701012045, 10.734288699422201 ], [ 106.585246301015886, 10.747601799420012 ] ] ] } },
{ "type": "Feature", "properties": { "id": "osm_way_208936711", "name_vi": "Khu Công nghiệp Tân Thới Hiệp", "name_en": null, "aliases": null, "category": "industrial_park", "province_code": "79", "province_en": "Ho Chi Minh City", "former_province_code": "79", "status": "unknown", "area_ha": 26.449238129817001, "developer": null, "website": null, "geometry_type": "polygon", "location_accuracy": "site", "part_count": 1, "osm_ids": "osm_way_208936711", "source": "OpenStreetMap", "source_url": "https://www.openstreetmap.org/way/208936711", "verified_on": "2026-08-31", "attribute_source": "osm", "geometry_observed_on": "2026-08-31" }, "geometry": { "type": "Polygon", "coordinates": [ [ [ 106.631114301048683, 10.88487409940141 ], [ 106.631509201048274, 10.88476039940166 ], [ 106.631803501048381, 10.885440099401604 ], [ 106.633580401046501, 10.885097899402666 ], [ 106.633537501046376, 10.884830299402724 ], [ 106.634608401045242, 10.88461609940336 ], [ 106.635102901044789, 10.884593799403643 ], [ 106.635917001043836, 10.884288699404179 ], [ 106.63759130104178, 10.883426899405341 ], [ 106.639023401039978, 10.882633399406359 ], [ 106.637677601039741, 10.879899599406498 ], [ 106.636754901040845, 10.880321099405869 ], [ 106.632806701045823, 10.882554699403045 ], [ 106.63068240104856, 10.883882199401492 ], [ 106.631025701048685, 10.884661899401431 ], [ 106.631114301048683, 10.88487409940141 ] ] ] } },
{ "type": "Feature", "properties": { "id": "osm_way_785527816", "name_vi": "Khu công nghiệp Tây Bắc Củ Chi", "name_en": null, "aliases": null, "category": "industrial_park", "province_code": "79", "province_en": "Ho Chi Minh City", "former_province_code": "79", "status": "unknown", "area_ha": 182.72718796228523, "developer": null, "website": null, "geometry_type": "polygon", "location_accuracy": "site", "part_count": 1, "osm_ids": "osm_way_785527816", "source": "OpenStreetMap", "source_url": "https://www.openstreetmap.org/way/785527816", "verified_on": "2026-08-31", "attribute_source": "osm", "geometry_observed_on": "2026-08-31" }, "geometry": { "type": "Polygon", "coordinates": [ [ [ 106.484158201238799, 10.97656789929394 ], [ 106.482736301240138, 10.976564899293169 ], [ 106.481960801240874, 10.976556299292762 ], [ 106.481463701241339, 10.976550799292493 ], [ 106.481343901241445, 10.976549499292434 ], [ 106.480844301241916, 10.976531399292181 ], [ 106.480622701242126, 10.976556999292052 ], [ 106.480416001242403, 10.976656999291897 ], [ 106.480217501242663, 10.976816799291754 ], [ 106.480074801242949, 10.977080099291589 ], [ 106.48004340124308, 10.977241599291521 ], [ 106.480012201243355, 10.977682299291367 ], [ 106.479950601244298, 10.979270499290831 ], [ 106.47995620124432, 10.979359299290813 ], [ 106.479954701244367, 10.979452099290778 ], [ 106.479952701244443, 10.979529999290758 ], [ 106.479889201245982, 10.982207599289877 ], [ 106.479895201246052, 10.982318399289849 ], [ 106.479888101246402, 10.98297209928964 ], [ 106.47988510124776, 10.985392299288881 ], [ 106.479884801247877, 10.985596399288818 ], [ 106.479765001248921, 10.98726749928823 ], [ 106.479720401250049, 10.989223899287582 ], [ 106.479719701250076, 10.989255199287575 ], [ 106.479698501250937, 10.990797199287089 ], [ 106.479678501251328, 10.991473299286856 ], [ 106.479664201251737, 10.992161299286638 ], [ 106.47965920125182, 10.992313199286592 ], [ 106.479721501251788, 10.992382999286596 ], [ 106.479815401251727, 10.992422499286633 ], [ 106.479891901251648, 10.992419899286679 ], [ 106.480102301251378, 10.992302899286823 ], [ 106.481139801250109, 10.991760999287552 ], [ 106.481551601249592, 10.991545899287841 ], [ 106.4817911012493, 10.991405099288011 ], [ 106.482029601248996, 10.991281099288178 ], [ 106.482110301248895, 10.991239399288231 ], [ 106.482641101248248, 10.990965099288603 ], [ 106.483304001247419, 10.990590799289077 ], [ 106.483515001247113, 10.990444199289231 ], [ 106.483709301246876, 10.990318699289373 ], [ 106.483825001246714, 10.990243299289462 ], [ 106.483983501246513, 10.990151599289572 ], [ 106.484092201246398, 10.990093599289654 ], [ 106.484312101246104, 10.989980399289806 ], [ 106.484711801245624, 10.989764499290086 ], [ 106.485036301245216, 10.989606499290311 ], [ 106.485264301244939, 10.989509099290462 ], [ 106.485468101244706, 10.989435399290594 ], [ 106.485637101244535, 10.989406399290692 ], [ 106.485969701244215, 10.989395899290876 ], [ 106.486285101243922, 10.989393499291044 ], [ 106.486451201243781, 10.989401099291131 ], [ 106.487085501243186, 10.989422199291463 ], [ 106.487651501242652, 10.989435399291763 ], [ 106.488177201242138, 10.989427499292045 ], [ 106.488670701241659, 10.98941429929231 ], [ 106.488938901241383, 10.989345799292478 ], [ 106.48937610124085, 10.989145699292772 ], [ 106.489982301240062, 10.988784999293213 ], [ 106.490896901238912, 10.988247899293871 ], [ 106.491998301237516, 10.987588499294661 ], [ 106.493943901235028, 10.986446899296066 ], [ 106.494001601234942, 10.986379699296114 ], [ 106.494044501234868, 10.986303399296157 ], [ 106.494059301234799, 10.986220399296196 ], [ 106.494043201234746, 10.986134799296213 ], [ 106.494001601234757, 10.986042699296227 ], [ 106.492943501234862, 10.984445699296154 ], [ 106.492892901234882, 10.984369899296155 ], [ 106.492500901234919, 10.983782199296131 ], [ 106.49199100123495, 10.982999899296102 ], [ 106.491449401235016, 10.982168899296074 ], [ 106.490631401235078, 10.980901599296036 ], [ 106.490601901235081, 10.980838599296035 ], [ 106.49054450123505, 10.98070609929605 ], [ 106.489333201236448, 10.981125599295265 ], [ 106.489079001236092, 10.980089099295457 ], [ 106.489062301236032, 10.979935299295501 ], [ 106.489110601235922, 10.979829899295554 ], [ 106.489228701235731, 10.979657699295673 ], [ 106.489349101235504, 10.979485699295793 ], [ 106.489427901235373, 10.97938309929587 ], [ 106.489455301235324, 10.979329599295903 ], [ 106.489475401235282, 10.979278299295927 ], [ 106.489461601235249, 10.979227899295935 ], [ 106.489299101235261, 10.978955999295932 ], [ 106.488919801235298, 10.978350799295921 ], [ 106.48848490123531, 10.977662499295901 ], [ 106.488404301235306, 10.977534499295897 ], [ 106.488065801235379, 10.977057699295868 ], [ 106.487969301235424, 10.976975599295844 ], [ 106.487791701235523, 10.976863099295784 ], [ 106.487418101235789, 10.976703199295633 ], [ 106.487230401235934, 10.976664899295541 ], [ 106.486999501236141, 10.976645799295428 ], [ 106.486565201236573, 10.976649599295195 ], [ 106.486250801236864, 10.976651199295025 ], [ 106.485940201237156, 10.976642399294862 ], [ 106.48432340123864, 10.976570599294016 ], [ 106.484158201238799, 10.97656789929394 ] ] ] } },
{ "type": "Feature", "properties": { "id": "osm_way_496910208", "name_vi": "Khu công nghiệp Việt Hương", "name_en": null, "aliases": null, "category": "industrial_park", "province_code": "79", "province_en": "Ho Chi Minh City", "former_province_code": "74", "status": "unknown", "area_ha": 25.346714874503995, "developer": null, "website": null, "geometry_type": "polygon", "location_accuracy": "site", "part_count": 1, "osm_ids": "osm_way_496910208", "source": "OpenStreetMap", "source_url": "https://www.openstreetmap.org/way/496910208", "verified_on": "2026-08-31", "attribute_source": "osm", "geometry_observed_on": "2026-08-31" }, "geometry": { "type": "Polygon", "coordinates": [ [ [ 106.709274301010893, 10.94996629942281 ], [ 106.710929301009116, 10.949576599423814 ], [ 106.711921701008066, 10.949371199424418 ], [ 106.712908701005119, 10.945742399426088 ], [ 106.713525601003695, 10.944214999426904 ], [ 106.711894901004769, 10.943377599426285 ], [ 106.711216301005322, 10.943219499425973 ], [ 106.708536701007503, 10.942582299424743 ], [ 106.708112901008832, 10.944267699423984 ], [ 106.708260501008695, 10.944286099424055 ], [ 106.709191201007954, 10.944501999424485 ], [ 106.709716901007511, 10.94462049942473 ], [ 106.709969001007323, 10.944702199424842 ], [ 106.710175601007279, 10.944986599424862 ], [ 106.71005490100768, 10.945481699424645 ], [ 106.710199701007568, 10.945513299424702 ], [ 106.709931501008384, 10.946563999424233 ], [ 106.709271701010735, 10.949660899422909 ], [ 106.709274301010893, 10.94996629942281 ] ] ] } },
{ "type": "Feature", "properties": { "id": "osm_node_4122567811", "name_vi": "Khu Công Nghiệp Việt Hương 2", "name_en": null, "aliases": null, "category": "industrial_park", "province_code": "79", "province_en": "Ho Chi Minh City", "former_province_code": "74", "status": "unknown", "area_ha": null, "developer": null, "website": null, "geometry_type": "point", "location_accuracy": "locality", "part_count": 1, "osm_ids": "osm_node_4122567811", "source": "OpenStreetMap", "source_url": "https://www.openstreetmap.org/node/4122567811", "verified_on": "2026-08-31", "attribute_source": "osm", "geometry_observed_on": "2026-08-31" }, "geometry": { "type": "Point", "coordinates": [ 106.5425962, 11.0914444 ] } },
{ "type": "Feature", "properties": { "id": "osm_way_291267149", "name_vi": "Khu công nghiệp Việt Nam - Singapore (VSIP I)", "name_en": null, "aliases": null, "category": "industrial_park", "province_code": "79", "province_en": "Ho Chi Minh City", "former_province_code": "74", "status": "unknown", "area_ha": 452.98865629274798, "developer": null, "website": null, "geometry_type": "polygon", "location_accuracy": "site", "part_count": 1, "osm_ids": "osm_way_291267149", "source": "OpenStreetMap", "source_url": "https://www.openstreetmap.org/way/291267149", "verified_on": "2026-08-31", "attribute_source": "osm", "geometry_observed_on": "2026-08-31" }, "geometry": { "type": "Polygon", "coordinates": [ [ [ 106.714236801000325, 10.939399599428793 ], [ 106.715018100999586, 10.939386599429218 ], [ 106.715017400999571, 10.939344799429238 ], [ 106.716231500998433, 10.93933969942988 ], [ 106.717483400997239, 10.93933649943056 ], [ 106.718578500996188, 10.939330199431151 ], [ 106.718759700996031, 10.939333199431243 ], [ 106.720046700994786, 10.939327499431938 ], [ 106.721880500993052, 10.939323499432914 ], [ 106.724458000990623, 10.939320899434311 ], [ 106.726194200988957, 10.939303699435236 ], [ 106.728628300986642, 10.93925829943656 ], [ 106.730879600984494, 10.939225699437772 ], [ 106.732827200982655, 10.939211499438825 ], [ 106.735408400980191, 10.939195399440205 ], [ 106.737173400978534, 10.939185499441166 ], [ 106.737783000977927, 10.939160399441501 ], [ 106.738297100977348, 10.939007899441826 ], [ 106.738945900976731, 10.938987199442172 ], [ 106.741025300974755, 10.938967599443297 ], [ 106.741192200974325, 10.93846869944354 ], [ 106.741530400974, 10.938469899443724 ], [ 106.741755100973563, 10.938046299443979 ], [ 106.741754200973446, 10.937873599444039 ], [ 106.740641900974509, 10.937879799443433 ], [ 106.739728000975376, 10.937882799442944 ], [ 106.739669400975274, 10.937583899443004 ], [ 106.739543900975335, 10.937463399442979 ], [ 106.739475300975329, 10.937403099442955 ], [ 106.739465100975337, 10.937340499442971 ], [ 106.73949650097525, 10.937254199443021 ], [ 106.739495900975157, 10.937118699443058 ], [ 106.739000000975523, 10.936890299442862 ], [ 106.739002900975208, 10.936314899443051 ], [ 106.739302800974684, 10.935908399443335 ], [ 106.74030340097309, 10.934741099444244 ], [ 106.740318500972393, 10.933482099444646 ], [ 106.740091200972586, 10.933485199444519 ], [ 106.740099500972022, 10.932522199444829 ], [ 106.738741400973311, 10.932524799444097 ], [ 106.738607100973482, 10.932577299444018 ], [ 106.738214500973868, 10.9325853994438 ], [ 106.737697000974592, 10.933013399443391 ], [ 106.73734030097468, 10.932574099443331 ], [ 106.736988300974787, 10.932163199443275 ], [ 106.736761400974828, 10.931856899443249 ], [ 106.736575700974868, 10.931586099443242 ], [ 106.736573700974631, 10.93119469944336 ], [ 106.735497300975666, 10.931206699442779 ], [ 106.735495100974987, 10.930000499443157 ], [ 106.73536080097503, 10.929833699443137 ], [ 106.735362000974504, 10.928893199443438 ], [ 106.735256600974594, 10.928891099443376 ], [ 106.735252100974492, 10.928660099443452 ], [ 106.735855000973743, 10.928354399443863 ], [ 106.735337700973986, 10.927900699443732 ], [ 106.734927800974191, 10.927556599443626 ], [ 106.734826400974214, 10.927451099443608 ], [ 106.734735200974242, 10.927317499443602 ], [ 106.734681000974177, 10.927136799443627 ], [ 106.734561400973803, 10.926256499443836 ], [ 106.734428200973369, 10.925244299444079 ], [ 106.734185700972958, 10.924086999444324 ], [ 106.728338700978213, 10.923639499441327 ], [ 106.727821900978697, 10.92360759944105 ], [ 106.726950100979494, 10.923538599440603 ], [ 106.72617520098018, 10.923477299440217 ], [ 106.725417700980884, 10.923429599439819 ], [ 106.724579800981644, 10.923369899439393 ], [ 106.723289400982807, 10.92327769943873 ], [ 106.722539400983493, 10.923228199438338 ], [ 106.722144700983847, 10.92319789943814 ], [ 106.721509100984449, 10.923174299437804 ], [ 106.720925900984994, 10.923157999437503 ], [ 106.719785100986044, 10.923144899436894 ], [ 106.719643800986233, 10.923237699436786 ], [ 106.71910530098674, 10.923224699436501 ], [ 106.718912700986891, 10.92314519943643 ], [ 106.718600500987165, 10.923143999436261 ], [ 106.718587200987216, 10.923188199436234 ], [ 106.718193100987577, 10.923172399436034 ], [ 106.717187800988455, 10.923058699435524 ], [ 106.717103500988841, 10.923612899435307 ], [ 106.717007900989316, 10.924252399435057 ], [ 106.71623560098999, 10.924172499434659 ], [ 106.715119600990946, 10.924039099434108 ], [ 106.71390450099203, 10.923877499433512 ], [ 106.713231700992623, 10.923803199433173 ], [ 106.713007600993294, 10.924648099432783 ], [ 106.712914600993585, 10.925003799432618 ], [ 106.713945300992762, 10.925253199433097 ], [ 106.714035600992474, 10.924934899433239 ], [ 106.714210500991982, 10.924333499433525 ], [ 106.714408500991823, 10.924372999433615 ], [ 106.714323700992068, 10.924697599433475 ], [ 106.715125400991383, 10.924791999433879 ], [ 106.715855300990754, 10.924884499434237 ], [ 106.715690200991432, 10.925868299433839 ], [ 106.714977200992067, 10.925748799433494 ], [ 106.714740900992794, 10.92666859943308 ], [ 106.714502300993558, 10.927614299432658 ], [ 106.714352900993987, 10.928199399432383 ], [ 106.714237600994352, 10.928640499432184 ], [ 106.713908900995364, 10.929891999431616 ], [ 106.713658900996137, 10.930875599431173 ], [ 106.713349400997117, 10.932092999430624 ], [ 106.7130049009982, 10.933448299430012 ], [ 106.712699700999153, 10.934648799429475 ], [ 106.712360201000209, 10.935984499428864 ], [ 106.711680001002335, 10.938658299427667 ], [ 106.71149310100293, 10.939393199427331 ], [ 106.712265001002194, 10.939394999427742 ], [ 106.714236801000325, 10.939399599428793 ] ] ] } },
{ "type": "Feature", "properties": { "id": "osm_way_330871753", "name_vi": "Khu công nghiệp Vĩnh Lộc", "name_en": "Vinh Loc Industrial Park", "aliases": "Vinh Loc Industrial Park", "category": "industrial_park", "province_code": "79", "province_en": "Ho Chi Minh City", "former_province_code": "79", "status": "unknown", "area_ha": 203.59310310338907, "developer": null, "website": null, "geometry_type": "polygon", "location_accuracy": "site", "part_count": 1, "osm_ids": "osm_way_330871753", "source": "OpenStreetMap", "source_url": "https://www.openstreetmap.org/way/330871753", "verified_on": "2026-08-31", "attribute_source": "osm", "geometry_observed_on": "2026-08-31" }, "geometry": { "type": "Polygon", "coordinates": [ [ [ 106.587211301061288, 10.832675799394314 ], [ 106.587422301061096, 10.832725199394407 ], [ 106.587591101060937, 10.832733099394492 ], [ 106.588748401059689, 10.832468699395202 ], [ 106.590106701058176, 10.832054299396058 ], [ 106.590781801057403, 10.831821399396494 ], [ 106.59096270105718, 10.831718799396622 ], [ 106.591557401056278, 10.831095099397139 ], [ 106.592264701055186, 10.830345199397755 ], [ 106.592602201054618, 10.829875499398076 ], [ 106.592883501054089, 10.829425599398368 ], [ 106.59307240105386, 10.829318999398508 ], [ 106.593229101053709, 10.829318999398591 ], [ 106.593442101053526, 10.829362399398688 ], [ 106.594025901053115, 10.829600799398921 ], [ 106.594229001052938, 10.829667799399015 ], [ 106.594430601052778, 10.82970689939911 ], [ 106.594595401052644, 10.829734799399192 ], [ 106.594964801052285, 10.829729199399393 ], [ 106.595965001051326, 10.829673399399947 ], [ 106.597255101049996, 10.82948919940069 ], [ 106.597596001049638, 10.829444499400887 ], [ 106.597920001049289, 10.829338499401098 ], [ 106.597324101048542, 10.826992999401513 ], [ 106.597585301048255, 10.82689819940169 ], [ 106.59828990104748, 10.826758799402104 ], [ 106.598260401047426, 10.826596399402142 ], [ 106.598140101047221, 10.82602189940226 ], [ 106.598181901047184, 10.826013399402287 ], [ 106.598251301047128, 10.825999399402326 ], [ 106.59844750104692, 10.825959799402447 ], [ 106.598489101046866, 10.825951399402467 ], [ 106.598549001046791, 10.825939299402505 ], [ 106.598592401046758, 10.825930499402531 ], [ 106.596428201043196, 10.815854999404541 ], [ 106.58889140105002, 10.815294799400675 ], [ 106.588847101050305, 10.815731099400518 ], [ 106.588706501051234, 10.817171799399988 ], [ 106.588521601052349, 10.818825699399362 ], [ 106.588481401052505, 10.819042799399275 ], [ 106.588422801052573, 10.819085099399237 ], [ 106.587308901054229, 10.820151299398304 ], [ 106.587178201054328, 10.820112199398244 ], [ 106.586215201055708, 10.820974199397451 ], [ 106.583093501060205, 10.823743599394911 ], [ 106.582979901060483, 10.824044999394753 ], [ 106.583031001060576, 10.824307399394694 ], [ 106.583576601060003, 10.824229299395022 ], [ 106.587066801058768, 10.82793339939572 ], [ 106.587239601058741, 10.828162299395744 ], [ 106.587272101059, 10.828670799395599 ], [ 106.5871445010591, 10.828697499395524 ], [ 106.587179301059379, 10.829192499395395 ], [ 106.58702660105952, 10.829231899395296 ], [ 106.587107001059664, 10.829610799395217 ], [ 106.587203401059568, 10.829610799395262 ], [ 106.587187301059828, 10.830029199395124 ], [ 106.587107001059906, 10.830052899395072 ], [ 106.587119001060231, 10.830644899394899 ], [ 106.587151201060323, 10.830869899394848 ], [ 106.587203401060449, 10.831158099394777 ], [ 106.587038701060607, 10.831181699394687 ], [ 106.587211301061288, 10.832675799394314 ] ] ] } },
{ "type": "Feature", "properties": { "id": "osm_node_12803890343", "name_vi": "Khu Công Nghiệp VSIP 2-Bình Dương-Việt Nam Singapore Đường Số 1", "name_en": null, "aliases": null, "category": "industrial_park", "province_code": "79", "province_en": "Ho Chi Minh City", "former_province_code": "74", "status": "unknown", "area_ha": null, "developer": null, "website": null, "geometry_type": "point", "location_accuracy": "locality", "part_count": 1, "osm_ids": "osm_node_12803890343", "source": "OpenStreetMap", "source_url": "https://www.openstreetmap.org/node/12803890343", "verified_on": "2026-08-31", "attribute_source": "osm", "geometry_observed_on": "2026-08-31" }, "geometry": { "type": "Point", "coordinates": [ 106.6822468, 11.0742349 ] } },
{ "type": "Feature", "properties": { "id": "osm_way_366658228", "name_vi": "VSIP II", "name_en": null, "aliases": "VSIP II Mở Rộng", "category": "industrial_park", "province_code": "79", "province_en": "Ho Chi Minh City", "former_province_code": "74", "status": "unknown", "area_ha": 1170.2621925582889, "developer": null, "website": null, "geometry_type": "polygon", "location_accuracy": "site", "part_count": 2, "osm_ids": "osm_way_366658228|osm_way_787861298", "source": "OpenStreetMap", "source_url": "https://www.openstreetmap.org/way/366658228", "verified_on": "2026-08-31", "attribute_source": "osm", "geometry_observed_on": "2026-08-31" }, "geometry": { "type": "MultiPolygon", "coordinates": [ [ [ [ 106.689718000744705, 11.075342199572406 ], [ 106.689708000744645, 11.075205499572444 ], [ 106.689588600744642, 11.075015099572441 ], [ 106.685012300748241, 11.073775199570383 ], [ 106.684758600749134, 11.074951699569874 ], [ 106.677463200755028, 11.073256399566501 ], [ 106.673277200768922, 11.091239899558582 ], [ 106.685383600759053, 11.09392539956421 ], [ 106.689643100755561, 11.094826099566211 ], [ 106.689769800754704, 11.093507599566692 ], [ 106.689769800754391, 11.092941499566869 ], [ 106.691317400752055, 11.091332999568206 ], [ 106.691855900750724, 11.089855199568962 ], [ 106.691070000751083, 11.089157099568764 ], [ 106.690353700751459, 11.088625099568542 ], [ 106.689015600752398, 11.088044199568012 ], [ 106.686953500754072, 11.08753009956707 ], [ 106.689683100744844, 11.075527699572332 ], [ 106.689718000744705, 11.075342199572406 ] ] ], [ [ [ 106.694678000755047, 11.102433199566496 ], [ 106.694659700755082, 11.102463699566472 ], [ 106.694648500755122, 11.102493199566462 ], [ 106.694643400755155, 11.102520699566456 ], [ 106.694643600755157, 11.102553799566437 ], [ 106.694645500755371, 11.102965099566307 ], [ 106.69464700075558, 11.103286699566212 ], [ 106.694655100756506, 11.104995899565676 ], [ 106.694661000757435, 11.10668819956514 ], [ 106.693443100758586, 11.106698499564487 ], [ 106.693447000759491, 11.108356599563967 ], [ 106.693452600760338, 11.109920399563476 ], [ 106.693436500760868, 11.110831099563176 ], [ 106.694557600759808, 11.110815299563786 ], [ 106.694572000760758, 11.112554999563242 ], [ 106.694585000763382, 11.117298399561745 ], [ 106.69457990076458, 11.119459299561065 ], [ 106.693447400765621, 11.119465999560449 ], [ 106.693491100768199, 11.124161799558994 ], [ 106.6933769007683, 11.124161399558934 ], [ 106.693088500768567, 11.124160499558782 ], [ 106.692769400768881, 11.124170799558605 ], [ 106.692625900769016, 11.124196799558522 ], [ 106.692515900769152, 11.124233699558451 ], [ 106.692384500769322, 11.124304799558356 ], [ 106.692266500769477, 11.124396799558271 ], [ 106.692139700769658, 11.124508099558161 ], [ 106.691671100770407, 11.125114599557723 ], [ 106.690594200772225, 11.126536699556693 ], [ 106.690067000773041, 11.127118099556229 ], [ 106.689970500773228, 11.127318199556113 ], [ 106.689243000774525, 11.128414299555379 ], [ 106.689284400775591, 11.130387399554781 ], [ 106.689315000776872, 11.132777999554042 ], [ 106.689312500777149, 11.133294899553873 ], [ 106.689313800778834, 11.13632449955292 ], [ 106.689304200779219, 11.136978199552704 ], [ 106.689301300780471, 11.139254799551985 ], [ 106.689272100781309, 11.140709999551513 ], [ 106.689292100782097, 11.14217699955106 ], [ 106.689321600783273, 11.144337299550395 ], [ 106.689358100783693, 11.145142999550155 ], [ 106.689338300784442, 11.146475199549723 ], [ 106.68934150078536, 11.148171799549191 ], [ 106.689342600785693, 11.148749399549002 ], [ 106.689347600787201, 11.15148629954815 ], [ 106.689348200787364, 11.151792699548043 ], [ 106.689380600787516, 11.152103899547969 ], [ 106.689381700787891, 11.152780999547749 ], [ 106.689392100789178, 11.15513359954701 ], [ 106.689400400789538, 11.155809099546806 ], [ 106.689397300789921, 11.156485499546591 ], [ 106.689388000790842, 11.158125899546068 ], [ 106.689394700791183, 11.158784899545864 ], [ 106.690863400789809, 11.158780799546644 ], [ 106.693617300787238, 11.158773099548121 ], [ 106.696485500784547, 11.158765199549661 ], [ 106.701203700780113, 11.158751999552184 ], [ 106.701649800779705, 11.158745699552426 ], [ 106.712315400769683, 11.158710699558148 ], [ 106.712327200768542, 11.156654199558792 ], [ 106.712325200768248, 11.156146399558962 ], [ 106.712300000768224, 11.156036199558974 ], [ 106.712250800768203, 11.155944399558978 ], [ 106.712178400768252, 11.155872199558964 ], [ 106.712099100768285, 11.155816699558944 ], [ 106.71200680076835, 11.155777499558901 ], [ 106.711911000768438, 11.155751699558861 ], [ 106.711797700768528, 11.155736899558805 ], [ 106.711687000768634, 11.155733899558745 ], [ 106.710104900770119, 11.15574479955789 ], [ 106.709958400770262, 11.155745699557821 ], [ 106.709483100770697, 11.155747499557561 ], [ 106.709482900769558, 11.153685199558211 ], [ 106.709480600768657, 11.152032099558738 ], [ 106.709443200764838, 11.145080799560915 ], [ 106.701381100772394, 11.145104199556593 ], [ 106.701303100761891, 11.126029799562579 ], [ 106.701291100760116, 11.122770699563606 ], [ 106.701300800758517, 11.119890599564517 ], [ 106.701268100756906, 11.116948699565434 ], [ 106.701248500756165, 11.115539499565871 ], [ 106.701283600755659, 11.114697999566159 ], [ 106.701490500755284, 11.114365899566369 ], [ 106.701596900755106, 11.114235699566462 ], [ 106.701648000754929, 11.113976699566576 ], [ 106.701643600754807, 11.11376689956664 ], [ 106.701587400754704, 11.113489499566699 ], [ 106.701463600754749, 11.113331599566679 ], [ 106.701275700754721, 11.113034699566672 ], [ 106.701257700753516, 11.110785799567378 ], [ 106.701241800746601, 11.098249099571333 ], [ 106.701185500746632, 11.098250599571294 ], [ 106.699785200747954, 11.098255599570546 ], [ 106.69814540074951, 11.098261399569671 ], [ 106.696316200752435, 11.100451999567996 ], [ 106.694678000755047, 11.102433199566496 ] ] ] ] } },
{ "type": "Feature", "properties": { "id": "osm_way_1548524683", "name_vi": "VSIP III", "name_en": null, "aliases": null, "category": "industrial_park", "province_code": "79", "province_en": "Ho Chi Minh City", "former_province_code": "74", "status": "unknown", "area_ha": 642.28331365685858, "developer": null, "website": null, "geometry_type": "polygon", "location_accuracy": "site", "part_count": 1, "osm_ids": "osm_way_1548524683", "source": "OpenStreetMap", "source_url": "https://www.openstreetmap.org/way/1548524683", "verified_on": "2026-08-31", "attribute_source": "osm", "geometry_observed_on": "2026-08-31" }, "geometry": { "type": "Polygon", "coordinates": [ [ [ 106.774481700686948, 11.1144137996054 ], [ 106.774480100693395, 11.126037699601715 ], [ 106.775781700692548, 11.126735199602203 ], [ 106.776744800692001, 11.127386999602509 ], [ 106.776588000692612, 11.128207099602157 ], [ 106.776718500693548, 11.130130699601626 ], [ 106.777413000692917, 11.130145099601993 ], [ 106.777341300693607, 11.131275299601601 ], [ 106.777021600694198, 11.13182149960125 ], [ 106.779505900692939, 11.133732799601978 ], [ 106.779457200692377, 11.132645499602299 ], [ 106.781530900690427, 11.13260019960342 ], [ 106.801990500671224, 11.132522999614396 ], [ 106.801956200668926, 11.128333899615697 ], [ 106.801791700668929, 11.128027899615715 ], [ 106.801951200668398, 11.127360499616005 ], [ 106.801944000665785, 11.122581599617511 ], [ 106.803176100663492, 11.120555999618812 ], [ 106.803539500663163, 11.120612799618989 ], [ 106.806434700660176, 11.120088099620711 ], [ 106.806460100659066, 11.11815529962133 ], [ 106.810687000654369, 11.116803399624024 ], [ 106.812337200652308, 11.115858099625203 ], [ 106.813571800650323, 11.114348599626346 ], [ 106.774481700686948, 11.1144137996054 ] ] ] } },
{ "type": "Feature", "properties": { "id": "osm_way_1157345896", "name_vi": "Khu chế xuất Linh Trung 3", "name_en": null, "aliases": null, "category": "export_processing_zone", "province_code": "80", "province_en": "Tay Ninh", "former_province_code": "72", "status": "unknown", "area_ha": 201.50523347150013, "developer": null, "website": null, "geometry_type": "polygon", "location_accuracy": "site", "part_count": 1, "osm_ids": "osm_way_1157345896", "source": "OpenStreetMap", "source_url": "https://www.openstreetmap.org/way/1157345896", "verified_on": "2026-08-31", "attribute_source": "osm", "geometry_observed_on": "2026-08-31" }, "geometry": { "type": "Polygon", "coordinates": [ [ [ 106.386958201350637, 11.012121599230845 ], [ 106.3899385013478, 11.012086999232444 ], [ 106.390061901347636, 11.011955299232557 ], [ 106.390469601347306, 11.01207649923273 ], [ 106.390523201347307, 11.012202799232721 ], [ 106.393870601344958, 11.013675199234044 ], [ 106.394106601344745, 11.013696299234169 ], [ 106.394230001344596, 11.013627799234259 ], [ 106.394734301344201, 11.013769999234476 ], [ 106.394900601344176, 11.014006899234491 ], [ 106.395179501343989, 11.014133299234603 ], [ 106.395233201344027, 11.014296499234582 ], [ 106.399369801340995, 11.015897999236287 ], [ 106.399482401340734, 11.015624199236438 ], [ 106.399729201338886, 11.01273939923747 ], [ 106.402259101331126, 11.003105199241839 ], [ 106.392128001339131, 11.000217499237339 ], [ 106.390727801340219, 10.999801499236716 ], [ 106.389826601341014, 10.999680399236274 ], [ 106.388873301341846, 10.999559299235809 ], [ 106.388771401341984, 10.999611999235734 ], [ 106.388701701342086, 10.999696199235672 ], [ 106.388648001342233, 10.999843699235598 ], [ 106.386958201350637, 11.012121599230845 ] ] ] } },
{ "type": "Feature", "properties": { "id": "osm_way_1183609943", "name_vi": "Cụm CN Hải Sơn", "name_en": null, "aliases": null, "category": "industrial_cluster", "province_code": "80", "province_en": "Tay Ninh", "former_province_code": "80", "status": "unknown", "area_ha": 271.41729144370584, "developer": null, "website": null, "geometry_type": "polygon", "location_accuracy": "site", "part_count": 1, "osm_ids": "osm_way_1183609943", "source": "OpenStreetMap", "source_url": "https://www.openstreetmap.org/way/1183609943", "verified_on": "2026-08-31", "attribute_source": "osm", "geometry_observed_on": "2026-08-31" }, "geometry": { "type": "Polygon", "coordinates": [ [ [ 106.507005201139563, 10.836941399350007 ], [ 106.502100301133353, 10.817393399353518 ], [ 106.496845801138917, 10.818425099350376 ], [ 106.494334601141503, 10.818791599348923 ], [ 106.494542701140531, 10.817442999349465 ], [ 106.494361401140381, 10.816828699349555 ], [ 106.494038301140733, 10.816926199349354 ], [ 106.494043701141052, 10.817472499349188 ], [ 106.493344201141767, 10.817604799348764 ], [ 106.493120501141675, 10.817054499348812 ], [ 106.49204390114312, 10.817846099347994 ], [ 106.491696201143498, 10.817882599347801 ], [ 106.491304301143188, 10.816684199347963 ], [ 106.490782001143685, 10.816718699347675 ], [ 106.490964701143028, 10.815782799348067 ], [ 106.488197101146, 10.816451499346369 ], [ 106.488206501147346, 10.818859299345624 ], [ 106.489635701145787, 10.818517699346497 ], [ 106.489686601145934, 10.818890799346404 ], [ 106.489737401146101, 10.819263899346316 ], [ 106.491009301144757, 10.818978099347081 ], [ 106.49104770114495, 10.819434099346969 ], [ 106.49178720114422, 10.819356199347386 ], [ 106.49209540114623, 10.823500299346248 ], [ 106.492632501145692, 10.823449799346552 ], [ 106.492744601146768, 10.825573599345939 ], [ 106.492156201147381, 10.8256652993456 ], [ 106.492595101148538, 10.828509199344937 ], [ 106.493085501149764, 10.831550199344251 ], [ 106.4958968011466, 10.83067409934603 ], [ 106.497507401147558, 10.835094599345503 ], [ 106.498324501148673, 10.838528499344863 ], [ 106.501772101145278, 10.838292899346778 ], [ 106.507005201139563, 10.836941399350007 ] ] ] } },
{ "type": "Feature", "properties": { "id": "osm_way_1183609942", "name_vi": "Cụm CN Ngọc Phương Đông", "name_en": null, "aliases": null, "category": "industrial_cluster", "province_code": "80", "province_en": "Tay Ninh", "former_province_code": "80", "status": "unknown", "area_ha": 90.088369908304117, "developer": null, "website": null, "geometry_type": "polygon", "location_accuracy": "site", "part_count": 1, "osm_ids": "osm_way_1183609942", "source": "OpenStreetMap", "source_url": "https://www.openstreetmap.org/way/1183609942", "verified_on": "2026-08-31", "attribute_source": "osm", "geometry_observed_on": "2026-08-31" }, "geometry": { "type": "Polygon", "coordinates": [ [ [ 106.507414201139127, 10.836825699350261 ], [ 106.515660101130166, 10.834759499355327 ], [ 106.513488901127516, 10.826286299356823 ], [ 106.505258901136415, 10.828280399351797 ], [ 106.507414201139127, 10.836825699350261 ] ] ] } },
{ "type": "Feature", "properties": { "id": "osm_way_1183609951", "name_vi": "Cụm CN Trung Thành Phát", "name_en": null, "aliases": null, "category": "industrial_cluster", "province_code": "80", "province_en": "Tay Ninh", "former_province_code": "80", "status": "unknown", "area_ha": 105.24619006699335, "developer": null, "website": null, "geometry_type": "polygon", "location_accuracy": "site", "part_count": 1, "osm_ids": "osm_way_1183609951", "source": "OpenStreetMap", "source_url": "https://www.openstreetmap.org/way/1183609951", "verified_on": "2026-08-31", "attribute_source": "osm", "geometry_observed_on": "2026-08-31" }, "geometry": { "type": "Polygon", "coordinates": [ [ [ 106.493975601139724, 10.814978999349931 ], [ 106.492339501136826, 10.806984399351565 ], [ 106.492236701136662, 10.806520499351659 ], [ 106.493378601133841, 10.803409499353245 ], [ 106.489147501138419, 10.804402999350668 ], [ 106.487238401140871, 10.805549699349283 ], [ 106.487455801140868, 10.805915899349287 ], [ 106.485304501143631, 10.807228099347716 ], [ 106.485133601147865, 10.814589899345323 ], [ 106.485211301148155, 10.815245899345156 ], [ 106.486391801147846, 10.816672499345339 ], [ 106.488197101146, 10.816451499346369 ], [ 106.490964701143028, 10.815782799348067 ], [ 106.491851701142124, 10.815688399348577 ], [ 106.493284701140382, 10.814990399349558 ], [ 106.493975601139724, 10.814978999349931 ] ] ] } },
{ "type": "Feature", "properties": { "id": "osm_way_671612465", "name_vi": "Cụm công nghiệp Lợi Bình Nhơn", "name_en": null, "aliases": null, "category": "industrial_cluster", "province_code": "80", "province_en": "Tay Ninh", "former_province_code": "80", "status": "unknown", "area_ha": 71.768515167324239, "developer": null, "website": null, "geometry_type": "polygon", "location_accuracy": "site", "part_count": 1, "osm_ids": "osm_way_671612465", "source": "OpenStreetMap", "source_url": "https://www.openstreetmap.org/way/671612465", "verified_on": "2026-08-31", "attribute_source": "osm", "geometry_observed_on": "2026-08-31" }, "geometry": { "type": "Polygon", "coordinates": [ [ [ 106.36614020111503, 10.552306499363926 ], [ 106.366546601114962, 10.552873199363965 ], [ 106.366886601114629, 10.552894899364141 ], [ 106.368061601113126, 10.552161199365001 ], [ 106.366953101113282, 10.550548299364912 ], [ 106.368261101111528, 10.549632899365896 ], [ 106.364492201112, 10.544038699365634 ], [ 106.362726001113757, 10.54421309936464 ], [ 106.361935201114846, 10.544801599364023 ], [ 106.361669201115035, 10.54471439936391 ], [ 106.361100101115696, 10.544903299363547 ], [ 106.360664101116257, 10.54523019936321 ], [ 106.360745401116361, 10.545506299363165 ], [ 106.36017640111703, 10.545760599362783 ], [ 106.360250301117176, 10.546131099362707 ], [ 106.359067901118721, 10.546901199361834 ], [ 106.358136701120571, 10.54864489936079 ], [ 106.358166301120676, 10.548906399360719 ], [ 106.357656401121659, 10.549814499360163 ], [ 106.358521001121318, 10.55065729936036 ], [ 106.358957001120856, 10.550541099360625 ], [ 106.359939901119546, 10.549887199361368 ], [ 106.360508901119474, 10.550722699361405 ], [ 106.362053501117927, 10.550584599362278 ], [ 106.362164301118568, 10.551906899361921 ], [ 106.362053501119249, 10.552953099361535 ], [ 106.362925501118781, 10.553599699361795 ], [ 106.363605401118107, 10.553563299362171 ], [ 106.363790101117516, 10.552807799362508 ], [ 106.365016901116519, 10.553076599363079 ], [ 106.36614020111503, 10.552306499363926 ] ] ] } },
{ "type": "Feature", "properties": { "id": "osm_way_475301776", "name_vi": "Cụm công nghiệp Long Định", "name_en": null, "aliases": null, "category": "industrial_cluster", "province_code": "80", "province_en": "Tay Ninh", "former_province_code": "80", "status": "unknown", "area_ha": 168.76609668782643, "developer": null, "website": null, "geometry_type": "polygon", "location_accuracy": "site", "part_count": 1, "osm_ids": "osm_way_475301776", "source": "OpenStreetMap", "source_url": "https://www.openstreetmap.org/way/475301776", "verified_on": "2026-08-31", "attribute_source": "osm", "geometry_observed_on": "2026-08-31" }, "geometry": { "type": "Polygon", "coordinates": [ [ [ 106.493079901028381, 10.612887899412952 ], [ 106.493562201028013, 10.61302719941316 ], [ 106.493866001027897, 10.613353499413225 ], [ 106.494481701027794, 10.614233699413274 ], [ 106.494989201027877, 10.615188999413247 ], [ 106.495274001027596, 10.615184099413401 ], [ 106.49583330102584, 10.6129777994144 ], [ 106.498925501023365, 10.613799299415799 ], [ 106.501981401014149, 10.602411099421019 ], [ 106.496991201018574, 10.601862299418514 ], [ 106.489568901025095, 10.600960399414813 ], [ 106.488916801027543, 10.604266599413434 ], [ 106.488969301027737, 10.604696399413317 ], [ 106.48887220102911, 10.606969799412553 ], [ 106.488635501030942, 10.609851599411524 ], [ 106.488573101031562, 10.610907999411156 ], [ 106.488641201031925, 10.611656099410961 ], [ 106.488610901032985, 10.613543299410344 ], [ 106.489170701032478, 10.613543999410648 ], [ 106.489516001032172, 10.613622999410802 ], [ 106.490783901030852, 10.613393899411555 ], [ 106.491552601030222, 10.613544399411921 ], [ 106.491964801029837, 10.613565099412137 ], [ 106.492425801029313, 10.613414999412436 ], [ 106.492896801028877, 10.613420799412683 ], [ 106.493079901028381, 10.612887899412952 ] ] ] } },
{ "type": "Feature", "properties": { "id": "osm_way_1462986262", "name_vi": "Cụm Công Nghiệp Tân Hội", "name_en": null, "aliases": null, "category": "industrial_cluster", "province_code": "80", "province_en": "Tay Ninh", "former_province_code": "72", "status": "unknown", "area_ha": 252.07976527327153, "developer": null, "website": null, "geometry_type": "polygon", "location_accuracy": "site", "part_count": 1, "osm_ids": "osm_way_1462986262", "source": "OpenStreetMap", "source_url": "https://www.openstreetmap.org/way/1462986262", "verified_on": "2026-08-31", "attribute_source": "osm", "geometry_observed_on": "2026-08-31" }, "geometry": { "type": "Polygon", "coordinates": [ [ [ 106.182070001536019, 11.643719799123428 ], [ 106.182898601536579, 11.646131699123114 ], [ 106.183001601536489, 11.646131699123169 ], [ 106.183031701536876, 11.646892499122949 ], [ 106.183499401536977, 11.647842399122895 ], [ 106.178607101542497, 11.649502599119783 ], [ 106.180057701543348, 11.653503999119298 ], [ 106.18087730154366, 11.65545009911912 ], [ 106.181800001543863, 11.657379199119008 ], [ 106.182508101544215, 11.659182299118818 ], [ 106.184871601545197, 11.664976599118262 ], [ 106.192182401535632, 11.660123799123642 ], [ 106.195942401530729, 11.657622999126415 ], [ 106.185889801530877, 11.640898699126335 ], [ 106.18362390153365, 11.642092399124769 ], [ 106.183658201533675, 11.642201699124746 ], [ 106.183804101533681, 11.642441299124744 ], [ 106.183761201533812, 11.642579499124681 ], [ 106.182070001536019, 11.643719799123428 ] ] ] } },
{ "type": "Feature", "properties": { "id": "osm_way_1183609945", "name_vi": "Khu CN Lê Long", "name_en": null, "aliases": null, "category": "industrial_park", "province_code": "80", "province_en": "Tay Ninh", "former_province_code": "80", "status": "unknown", "area_ha": 35.452323496981137, "developer": null, "website": null, "geometry_type": "polygon", "location_accuracy": "site", "part_count": 1, "osm_ids": "osm_way_1183609945", "source": "OpenStreetMap", "source_url": "https://www.openstreetmap.org/way/1183609945", "verified_on": "2026-08-31", "attribute_source": "osm", "geometry_observed_on": "2026-08-31" }, "geometry": { "type": "Polygon", "coordinates": [ [ [ 106.492636801137337, 10.808403999351283 ], [ 106.499391301129975, 10.806672299355437 ], [ 106.498389601128622, 10.802538399356202 ], [ 106.49815660112867, 10.802202599356185 ], [ 106.497892501128803, 10.802019499356101 ], [ 106.49372820113345, 10.803282699353469 ], [ 106.492339501136826, 10.806984399351565 ], [ 106.492636801137337, 10.808403999351283 ] ] ] } },
{ "type": "Feature", "properties": { "id": "osm_way_513828583", "name_vi": "Khu Công nghiệp Cầu Tràm", "name_en": null, "aliases": null, "category": "industrial_park", "province_code": "80", "province_en": "Tay Ninh", "former_province_code": "80", "status": "unknown", "area_ha": 71.981219003182275, "developer": null, "website": null, "geometry_type": "polygon", "location_accuracy": "site", "part_count": 1, "osm_ids": "osm_way_513828583", "source": "OpenStreetMap", "source_url": "https://www.openstreetmap.org/way/513828583", "verified_on": "2026-08-31", "attribute_source": "osm", "geometry_observed_on": "2026-08-31" }, "geometry": { "type": "Polygon", "coordinates": [ [ [ 106.595306600944326, 10.635781799460592 ], [ 106.595095300944251, 10.635279799460637 ], [ 106.594206200944512, 10.634198799460501 ], [ 106.593970800944547, 10.633899599460467 ], [ 106.593903200944396, 10.63350139946056 ], [ 106.59391460094426, 10.633264899460642 ], [ 106.594013500943845, 10.632707499460869 ], [ 106.594183300943499, 10.63237149946106 ], [ 106.594305000942825, 10.631365499461451 ], [ 106.593135200942982, 10.629629099461365 ], [ 106.593060900942874, 10.629310399461424 ], [ 106.59340960094228, 10.62882979946176 ], [ 106.593250200942151, 10.628341999461835 ], [ 106.593448300941645, 10.627755399462124 ], [ 106.593886600940721, 10.62685229946265 ], [ 106.594219600940136, 10.626371699462968 ], [ 106.594335300939903, 10.626147799463103 ], [ 106.594496700939189, 10.625136599463511 ], [ 106.594454700938797, 10.624364199463727 ], [ 106.590186100942447, 10.623650199461666 ], [ 106.588479900950475, 10.6352380994571 ], [ 106.588583500950605, 10.635637499457035 ], [ 106.588868400950304, 10.635589199457202 ], [ 106.589023700950179, 10.635606199457273 ], [ 106.589495800949791, 10.635724899457497 ], [ 106.589970200949466, 10.635935699457676 ], [ 106.590545800949016, 10.636096699457939 ], [ 106.593604500946356, 10.636536199459442 ], [ 106.593652400946326, 10.636560299459468 ], [ 106.594092900946038, 10.636782499459629 ], [ 106.594404500945814, 10.636927699459745 ], [ 106.594556100945709, 10.636974899459819 ], [ 106.594689200945595, 10.636973699459881 ], [ 106.594858000945379, 10.63690949946 ], [ 106.594991100945194, 10.636816199460101 ], [ 106.595086000945031, 10.636684199460188 ], [ 106.595333700944536, 10.636216699460473 ], [ 106.595339900944452, 10.636062799460527 ], [ 106.595336200944388, 10.635901699460572 ], [ 106.595306600944326, 10.635781799460592 ] ] ] } },
{ "type": "Feature", "properties": { "id": "osm_way_884342538", "name_vi": "Khu công nghiệp Chà Là", "name_en": null, "aliases": null, "category": "industrial_park", "province_code": "80", "province_en": "Tay Ninh", "former_province_code": "72", "status": "unknown", "area_ha": 68.181887698378361, "developer": null, "website": null, "geometry_type": "polygon", "location_accuracy": "site", "part_count": 1, "osm_ids": "osm_way_884342538", "source": "OpenStreetMap", "source_url": "https://www.openstreetmap.org/way/884342538", "verified_on": "2026-08-31", "attribute_source": "osm", "geometry_observed_on": "2026-08-31" }, "geometry": { "type": "Polygon", "coordinates": [ [ [ 106.206550601322263, 11.300069699244089 ], [ 106.207548401318135, 11.294314699246424 ], [ 106.207119201318335, 11.293935999246314 ], [ 106.207795101317387, 11.29336779924685 ], [ 106.208213601315805, 11.291231999247742 ], [ 106.209039701314651, 11.290548199248402 ], [ 106.207290901315375, 11.288906799247977 ], [ 106.204646101319312, 11.291510699245768 ], [ 106.204565801319418, 11.291589699245691 ], [ 106.204447701319481, 11.291473999245664 ], [ 106.203641701320791, 11.292512999244913 ], [ 106.201640801321588, 11.290548099244466 ], [ 106.199688201324463, 11.29246039924282 ], [ 106.199544701324797, 11.292773399242652 ], [ 106.199061901325507, 11.293252099242252 ], [ 106.204104401324344, 11.299669899242913 ], [ 106.206550601322263, 11.300069699244089 ] ] ] } },
{ "type": "Feature", "properties": { "id": "osm_way_1183609946", "name_vi": "Khu công nghiệp Đức Hòa 1 - Hạnh Phúc", "name_en": null, "aliases": null, "category": "industrial_park", "province_code": "80", "province_en": "Tay Ninh", "former_province_code": "80", "status": "unknown", "area_ha": 259.97605712308581, "developer": null, "website": null, "geometry_type": "polygon", "location_accuracy": "site", "part_count": 1, "osm_ids": "osm_way_1183609946", "source": "OpenStreetMap", "source_url": "https://www.openstreetmap.org/way/1183609946", "verified_on": "2026-08-31", "attribute_source": "osm", "geometry_observed_on": "2026-08-31" }, "geometry": { "type": "Polygon", "coordinates": [ [ [ 106.510440101123464, 10.813790299359125 ], [ 106.509240901121544, 10.808313499360196 ], [ 106.507189201118805, 10.799863999361756 ], [ 106.506748001119263, 10.799954599361488 ], [ 106.504128801118952, 10.794885299361676 ], [ 106.497004601127514, 10.798201399356817 ], [ 106.498393901127656, 10.800797799356754 ], [ 106.498125101127982, 10.800952099356557 ], [ 106.49858340112803, 10.801791399356537 ], [ 106.498673801128007, 10.801911599356551 ], [ 106.498738901128036, 10.802056799356544 ], [ 106.498690301128178, 10.802231599356466 ], [ 106.499136801128742, 10.80403359935614 ], [ 106.500797201130737, 10.810456899355001 ], [ 106.50150350112996, 10.81027519935544 ], [ 106.503722101132709, 10.818957999353898 ], [ 106.503002701133454, 10.819093399353468 ], [ 106.503178401133653, 10.819781999353353 ], [ 106.50387540113293, 10.819639299353765 ], [ 106.505819401135213, 10.827106399352468 ], [ 106.505104801136, 10.827274299352021 ], [ 106.505284501136245, 10.827985399351904 ], [ 106.509005201132183, 10.827028999354189 ], [ 106.50894370113177, 10.826203499354419 ], [ 106.507929001127778, 10.817283799356684 ], [ 106.510440101123464, 10.813790299359125 ] ] ] } },
{ "type": "Feature", "properties": { "id": "osm_way_1465495768", "name_vi": "Khu công nghiệp Đức Hòa III", "name_en": null, "aliases": null, "category": "industrial_park", "province_code": "80", "province_en": "Tay Ninh", "former_province_code": "80", "status": "unknown", "area_ha": 480.75191283381128, "developer": null, "website": null, "geometry_type": "polygon", "location_accuracy": "site", "part_count": 1, "osm_ids": "osm_way_1465495768", "source": "OpenStreetMap", "source_url": "https://www.openstreetmap.org/way/1465495768", "verified_on": "2026-08-31", "attribute_source": "osm", "geometry_observed_on": "2026-08-31" }, "geometry": { "type": "Polygon", "coordinates": [ [ [ 106.453286901248504, 10.941443399288453 ], [ 106.458221101242515, 10.939058299291835 ], [ 106.468539001229715, 10.933631499299057 ], [ 106.465787601229025, 10.927672199299458 ], [ 106.469271801224735, 10.925885299301884 ], [ 106.467982201224572, 10.923418699301962 ], [ 106.466154801224391, 10.919978999302067 ], [ 106.463890401224361, 10.916071999302089 ], [ 106.461037401227799, 10.91738329930015 ], [ 106.45427390123595, 10.920518399295551 ], [ 106.453566701235886, 10.919197499295578 ], [ 106.449650801240878, 10.921496799292768 ], [ 106.446587101244035, 10.921962999290981 ], [ 106.445078001245577, 10.922167399290108 ], [ 106.44375100124698, 10.922454799289318 ], [ 106.444108801247083, 10.923246799289256 ], [ 106.445409701247584, 10.926338099288982 ], [ 106.445741501247582, 10.92690009928898 ], [ 106.446697701247246, 10.927960299289163 ], [ 106.447745001247128, 10.929505899289234 ], [ 106.444655201251265, 10.931683799286906 ], [ 106.448291401250088, 10.935745699287573 ], [ 106.453286901248504, 10.941443399288453 ] ] ] } },
{ "type": "Feature", "properties": { "id": "osm_way_516578005", "name_vi": "Khu công nghiệp Hải Sơn", "name_en": null, "aliases": "Khu Công nghiệp Hải Sơn|Khu CN Hải Sơn", "category": "industrial_park", "province_code": "80", "province_en": "Tay Ninh", "former_province_code": "80", "status": "unknown", "area_ha": 441.90354881061529, "developer": null, "website": null, "geometry_type": "polygon", "location_accuracy": "site", "part_count": 3, "osm_ids": "osm_way_1183609958|osm_way_516578005|osm_way_516578006", "source": "OpenStreetMap", "source_url": "https://www.openstreetmap.org/way/516578005", "verified_on": "2026-08-31", "attribute_source": "osm", "geometry_observed_on": "2026-08-31" }, "geometry": { "type": "MultiPolygon", "coordinates": [ [ [ [ 106.472142801131653, 10.763236099354492 ], [ 106.465296601142995, 10.77196509934808 ], [ 106.462614901147418, 10.775391399345567 ], [ 106.463922301152664, 10.787056399342607 ], [ 106.478122101139547, 10.78765019935002 ], [ 106.478163001139507, 10.787651899350051 ], [ 106.47841930113556, 10.780963799352289 ], [ 106.478459401135083, 10.780167399352559 ], [ 106.47885820113072, 10.773013499355017 ], [ 106.478874101130543, 10.772689899355132 ], [ 106.475742401133459, 10.772629299353467 ], [ 106.476032001129724, 10.76637889935559 ], [ 106.472142801131653, 10.763236099354492 ] ] ], [ [ [ 106.482988101141373, 10.799232999348995 ], [ 106.483063201139586, 10.796123999350012 ], [ 106.483331401136397, 10.790864999351813 ], [ 106.483567501134715, 10.78819859935277 ], [ 106.47829310113957, 10.787962199350021 ], [ 106.478159901139662, 10.787956199349951 ], [ 106.477548001145379, 10.797185899346728 ], [ 106.47910430114392, 10.797198999347552 ], [ 106.479233001148202, 10.805134699345135 ], [ 106.481335901145499, 10.80383839934666 ], [ 106.484490101141745, 10.802436799348788 ], [ 106.482988101141373, 10.799232999348995 ] ] ] ] } },
{ "type": "Feature", "properties": { "id": "osm_way_544074532", "name_vi": "Khu công nghiệp Hòa Bình", "name_en": null, "aliases": null, "category": "industrial_park", "province_code": "80", "province_en": "Tay Ninh", "former_province_code": "80", "status": "unknown", "area_ha": 111.40453977579321, "developer": null, "website": null, "geometry_type": "polygon", "location_accuracy": "site", "part_count": 1, "osm_ids": "osm_way_544074532", "source": "OpenStreetMap", "source_url": "https://www.openstreetmap.org/way/544074532", "verified_on": "2026-08-31", "attribute_source": "osm", "geometry_observed_on": "2026-08-31" }, "geometry": { "type": "Polygon", "coordinates": [ [ [ 106.421007001088043, 10.597375199379185 ], [ 106.429609701080537, 10.59854839938342 ], [ 106.430058101080093, 10.598520799383673 ], [ 106.434391801075819, 10.598181199386103 ], [ 106.43419570107497, 10.596308299386587 ], [ 106.435559301070768, 10.591047699388973 ], [ 106.431487101074339, 10.590542799386947 ], [ 106.431337601074858, 10.591258899386638 ], [ 106.42984320107594, 10.59067129938602 ], [ 106.429918001075649, 10.590239799386202 ], [ 106.425419101079285, 10.589113299384147 ], [ 106.424716601080831, 10.590724499383258 ], [ 106.426793201079107, 10.591118199384246 ], [ 106.42639890108012, 10.592317499383659 ], [ 106.424155901082088, 10.59199039938256 ], [ 106.423434901083652, 10.593583499381674 ], [ 106.423324001083827, 10.593728799381569 ], [ 106.421838901085536, 10.594261799380609 ], [ 106.421007001088043, 10.597375199379185 ] ] ] } },
{ "type": "Feature", "properties": { "id": "osm_way_1183609957", "name_vi": "Khu công nghiệp Hựu Thạnh", "name_en": null, "aliases": null, "category": "industrial_park", "province_code": "80", "province_en": "Tay Ninh", "former_province_code": "80", "status": "unknown", "area_ha": 377.53375575114035, "developer": null, "website": null, "geometry_type": "polygon", "location_accuracy": "site", "part_count": 1, "osm_ids": "osm_way_1183609957", "source": "OpenStreetMap", "source_url": "https://www.openstreetmap.org/way/1183609957", "verified_on": "2026-08-31", "attribute_source": "osm", "geometry_observed_on": "2026-08-31" }, "geometry": { "type": "Polygon", "coordinates": [ [ [ 106.462693201149222, 10.778750999344561 ], [ 106.462293601147849, 10.775602099345337 ], [ 106.47192780113177, 10.763075799354427 ], [ 106.464246901135752, 10.757138299352176 ], [ 106.455657101149868, 10.767920699344193 ], [ 106.451382601152048, 10.764571699342948 ], [ 106.453242301149061, 10.762386599344635 ], [ 106.450915601150299, 10.760605299343956 ], [ 106.445958601158495, 10.766906999339319 ], [ 106.447839501157475, 10.768285499339898 ], [ 106.447874301159715, 10.772365999338634 ], [ 106.447858501163353, 10.778929299336566 ], [ 106.462693201149222, 10.778750999344561 ] ] ] } },
{ "type": "Feature", "properties": { "id": "osm_way_516578071", "name_vi": "Khu Công nghiệp Liên Minh", "name_en": null, "aliases": null, "category": "industrial_park", "province_code": "80", "province_en": "Tay Ninh", "former_province_code": "80", "status": "unknown", "area_ha": 175.32769520834916, "developer": null, "website": null, "geometry_type": "polygon", "location_accuracy": "site", "part_count": 1, "osm_ids": "osm_way_516578071", "source": "OpenStreetMap", "source_url": "https://www.openstreetmap.org/way/516578071", "verified_on": "2026-08-31", "attribute_source": "osm", "geometry_observed_on": "2026-08-31" }, "geometry": { "type": "Polygon", "coordinates": [ [ [ 106.483815201134462, 10.788204099352907 ], [ 106.483526201135916, 10.790351699352074 ], [ 106.483204301141171, 10.799214999349122 ], [ 106.484727301141533, 10.802484699348906 ], [ 106.486487301140784, 10.804157199349319 ], [ 106.486648601140672, 10.804202499349397 ], [ 106.488512301138158, 10.802895599350798 ], [ 106.488573301138089, 10.802847999350845 ], [ 106.489134901137419, 10.802571399351233 ], [ 106.489167501137359, 10.802555399351261 ], [ 106.492375801133207, 10.800543099353611 ], [ 106.493203401132149, 10.80004149935421 ], [ 106.493877101131332, 10.799707599354671 ], [ 106.494340701124756, 10.78866949935839 ], [ 106.489754201129003, 10.788499199355993 ], [ 106.483815201134462, 10.788204099352907 ] ] ] } },
{ "type": "Feature", "properties": { "id": "osm_way_368243702", "name_vi": "Khu công nghiệp Long Hậu 1", "name_en": null, "aliases": null, "category": "industrial_park", "province_code": "80", "province_en": "Tay Ninh", "former_province_code": "80", "status": "unknown", "area_ha": 133.99212320597505, "developer": null, "website": null, "geometry_type": "polygon", "location_accuracy": "site", "part_count": 1, "osm_ids": "osm_way_368243702", "source": "OpenStreetMap", "source_url": "https://www.openstreetmap.org/way/368243702", "verified_on": "2026-08-31", "attribute_source": "osm", "geometry_observed_on": "2026-08-31" }, "geometry": { "type": "Polygon", "coordinates": [ [ [ 106.726110400821455, 10.637383599530342 ], [ 106.725652000821057, 10.635871799530571 ], [ 106.725436200821065, 10.635512999530567 ], [ 106.725249500820809, 10.634746299530704 ], [ 106.725494300820543, 10.63469729953086 ], [ 106.725681100820324, 10.634611699530986 ], [ 106.725930000820028, 10.634485299531161 ], [ 106.726170700819765, 10.6344444995313 ], [ 106.726251800819696, 10.63446689953134 ], [ 106.726465300819541, 10.63452599953143 ], [ 106.726668600819323, 10.63449749953155 ], [ 106.727730900817818, 10.633567699532419 ], [ 106.727502700817638, 10.632862199532516 ], [ 106.726913400817892, 10.632295299532379 ], [ 106.725264400819668, 10.632675999531374 ], [ 106.72389510082111, 10.632997099530531 ], [ 106.722574700822562, 10.633331299529718 ], [ 106.718846100826767, 10.634593399527317 ], [ 106.716361700829793, 10.635796799525611 ], [ 106.715973800830284, 10.636002199525331 ], [ 106.713515000833397, 10.637409399523563 ], [ 106.713069000833997, 10.637743899523215 ], [ 106.712598700834533, 10.637905899522918 ], [ 106.712630200834596, 10.638089099522871 ], [ 106.712485800834841, 10.638298199522728 ], [ 106.712291400835156, 10.638520099522557 ], [ 106.712078700835519, 10.63878079952236 ], [ 106.712007800835664, 10.638964099522262 ], [ 106.711984200835843, 10.63922209952217 ], [ 106.712089200835891, 10.639490599522146 ], [ 106.712291400835838, 10.63975119952217 ], [ 106.712598700835642, 10.639913799522287 ], [ 106.712905900835409, 10.640035199522412 ], [ 106.713252600835119, 10.640078999522583 ], [ 106.713680600834721, 10.640097099522807 ], [ 106.714043000834323, 10.639988699523039 ], [ 106.71437660083393, 10.639885499523247 ], [ 106.714791500833442, 10.639696999523528 ], [ 106.715067200833161, 10.639660899523687 ], [ 106.715356100832921, 10.639709999523827 ], [ 106.715584600832813, 10.639931899523884 ], [ 106.715760500832815, 10.640192599523896 ], [ 106.715797300832918, 10.64044809952383 ], [ 106.715660700833183, 10.640708799523678 ], [ 106.715413900833568, 10.640943599523471 ], [ 106.71505410083401, 10.641139799523218 ], [ 106.714728500834426, 10.641328199522979 ], [ 106.714268900834981, 10.641570799522659 ], [ 106.714064100835301, 10.641808299522467 ], [ 106.713915200835572, 10.642035099522325 ], [ 106.713772600835824, 10.642252199522177 ], [ 106.713680600836099, 10.642603199522011 ], [ 106.713643900836317, 10.642915499521898 ], [ 106.713764700836364, 10.643235499521861 ], [ 106.71401680083639, 10.64366649952186 ], [ 106.714334500836301, 10.644043299521911 ], [ 106.714739000836147, 10.644463999521994 ], [ 106.715083000835946, 10.644685999522114 ], [ 106.715518900835619, 10.644840799522299 ], [ 106.716073000835067, 10.644817599522604 ], [ 106.716543100834585, 10.644740199522877 ], [ 106.71713570083385, 10.644410799523303 ], [ 106.71792200083307, 10.644330099523753 ], [ 106.718291700833106, 10.645045199523725 ], [ 106.719160200832079, 10.64467039952431 ], [ 106.720773900830807, 10.645154799525026 ], [ 106.721695200829942, 10.645148999525516 ], [ 106.722158800829419, 10.644970199525822 ], [ 106.722370100829011, 10.644606899526055 ], [ 106.722510900828539, 10.643995599526317 ], [ 106.722801800827725, 10.643053999526774 ], [ 106.722823400827096, 10.641946999527132 ], [ 106.72302380082661, 10.641398799527414 ], [ 106.72351120082574, 10.640669699527908 ], [ 106.724346100824377, 10.639608299528694 ], [ 106.724772900823538, 10.638822899529169 ], [ 106.725130300822869, 10.638264099529536 ], [ 106.725395600822452, 10.637966099529777 ], [ 106.726110400821455, 10.637383599530342 ] ] ] } },
{ "type": "Feature", "properties": { "id": "osm_way_1424057407", "name_vi": "Khu công nghiệp Long Hậu 2", "name_en": null, "aliases": null, "category": "industrial_park", "province_code": "80", "province_en": "Tay Ninh", "former_province_code": "80", "status": "unknown", "area_ha": 112.3629030206107, "developer": null, "website": null, "geometry_type": "polygon", "location_accuracy": "site", "part_count": 1, "osm_ids": "osm_way_1424057407", "source": "OpenStreetMap", "source_url": "https://www.openstreetmap.org/way/1424057407", "verified_on": "2026-08-31", "attribute_source": "osm", "geometry_observed_on": "2026-08-31" }, "geometry": { "type": "Polygon", "coordinates": [ [ [ 106.715580100830636, 10.635984499525124 ], [ 106.716672200829322, 10.635439599525885 ], [ 106.717019100828892, 10.635266599526128 ], [ 106.717597900828167, 10.634985199526518 ], [ 106.718136400827532, 10.634738999526894 ], [ 106.718548800827037, 10.634581599527165 ], [ 106.719025300826502, 10.63438159952748 ], [ 106.72018930082514, 10.633920799528255 ], [ 106.721397900823746, 10.63348449952904 ], [ 106.721488900823658, 10.633453599529098 ], [ 106.721801300823287, 10.6333477995293 ], [ 106.722286800822744, 10.633188799529609 ], [ 106.72289680082207, 10.633021599529988 ], [ 106.723138500821818, 10.632959199530145 ], [ 106.723613200821305, 10.632836499530438 ], [ 106.724496800820347, 10.632610499530976 ], [ 106.725322100819454, 10.632422999531476 ], [ 106.725296500819425, 10.632338299531499 ], [ 106.725164900819308, 10.63189739953156 ], [ 106.725119600819255, 10.631704399531598 ], [ 106.724978000819121, 10.631243999531669 ], [ 106.724889100818999, 10.630878399531737 ], [ 106.724860100818987, 10.630773799531754 ], [ 106.724718500818824, 10.630262299531838 ], [ 106.72438530081844, 10.629009899532054 ], [ 106.724247300818334, 10.62856099953212 ], [ 106.724158700818251, 10.628246799532173 ], [ 106.724117200818199, 10.628099899532199 ], [ 106.723999100818062, 10.627666999532268 ], [ 106.723860500817906, 10.627159399532353 ], [ 106.723604600817652, 10.626249699532506 ], [ 106.723567700817625, 10.626118099532528 ], [ 106.723468300817515, 10.625763999532587 ], [ 106.723438500817494, 10.625656999532609 ], [ 106.723331400817372, 10.625272199532665 ], [ 106.72332250081736, 10.625240199532671 ], [ 106.723044000817069, 10.624239399532836 ], [ 106.721456400818809, 10.624684199531846 ], [ 106.721073700819247, 10.624791399531604 ], [ 106.720152800820259, 10.625049399531026 ], [ 106.718961300821576, 10.625383199530281 ], [ 106.718819600821718, 10.625422899530193 ], [ 106.718731000821833, 10.625447799530141 ], [ 106.718176900822442, 10.625603299529791 ], [ 106.717978500822639, 10.625658999529671 ], [ 106.717240600823459, 10.625866099529201 ], [ 106.716017600824813, 10.626209299528437 ], [ 106.715909300824933, 10.626238499528371 ], [ 106.714975200825947, 10.626486499527791 ], [ 106.71417280082683, 10.626699599527292 ], [ 106.71319140082791, 10.626959699526681 ], [ 106.712790400828339, 10.62706599952643 ], [ 106.712403100828823, 10.627299399526157 ], [ 106.712639900828876, 10.627782799526127 ], [ 106.71287660082892, 10.628266199526101 ], [ 106.713348600828965, 10.62914929952608 ], [ 106.713520300828989, 10.629502599526058 ], [ 106.713615200829167, 10.629950299525964 ], [ 106.713659300829235, 10.63015839952593 ], [ 106.713777800829433, 10.630717899525816 ], [ 106.714027200829889, 10.631962099525563 ], [ 106.714131800830089, 10.632481399525449 ], [ 106.714279400830165, 10.632937499525385 ], [ 106.714658200830343, 10.63384129952531 ], [ 106.714987500830432, 10.634608799525237 ], [ 106.715452800830619, 10.635722599525137 ], [ 106.715580100830636, 10.635984499525124 ] ] ] } },
{ "type": "Feature", "properties": { "id": "osm_way_1423784487", "name_vi": "Khu công nghiệp Long Hậu 3", "name_en": null, "aliases": null, "category": "industrial_park", "province_code": "80", "province_en": "Tay Ninh", "former_province_code": "80", "status": "unknown", "area_ha": 143.79393008729818, "developer": null, "website": null, "geometry_type": "polygon", "location_accuracy": "site", "part_count": 1, "osm_ids": "osm_way_1423784487", "source": "OpenStreetMap", "source_url": "https://www.openstreetmap.org/way/1423784487", "verified_on": "2026-08-31", "attribute_source": "osm", "geometry_observed_on": "2026-08-31" }, "geometry": { "type": "Polygon", "coordinates": [ [ [ 106.703957000843673, 10.639666599517716 ], [ 106.704360900843255, 10.639602499517956 ], [ 106.706243000841383, 10.639406399519023 ], [ 106.707163500840323, 10.639106399519617 ], [ 106.708501500838935, 10.638877599520407 ], [ 106.710254600836976, 10.638326299521518 ], [ 106.711924200835071, 10.637763299522589 ], [ 106.7131853008337, 10.6373908995234 ], [ 106.713718200832986, 10.637024299523798 ], [ 106.714436600832073, 10.636618599524308 ], [ 106.715580100830636, 10.635984499525124 ], [ 106.715452800830619, 10.635722599525137 ], [ 106.714987500830432, 10.634608799525237 ], [ 106.714658200830343, 10.63384129952531 ], [ 106.714279400830165, 10.632937499525385 ], [ 106.714131800830089, 10.632481399525449 ], [ 106.714027200829889, 10.631962099525563 ], [ 106.713777800829433, 10.630717899525816 ], [ 106.713659300829235, 10.63015839952593 ], [ 106.713615200829167, 10.629950299525964 ], [ 106.713520300828989, 10.629502599526058 ], [ 106.713348600828965, 10.62914929952608 ], [ 106.71287660082892, 10.628266199526101 ], [ 106.712639900828876, 10.627782799526127 ], [ 106.712403100828823, 10.627299399526157 ], [ 106.700344400842511, 10.631411599518387 ], [ 106.702381400843024, 10.635805599518084 ], [ 106.703231300843484, 10.638096399517821 ], [ 106.703688600843634, 10.639123199517744 ], [ 106.703840200843686, 10.639489599517709 ], [ 106.703957000843673, 10.639666599517716 ] ] ] } },
{ "type": "Feature", "properties": { "id": "osm_way_1183609941", "name_vi": "Khu công nghiệp Nam Thuận", "name_en": null, "aliases": null, "category": "industrial_park", "province_code": "80", "province_en": "Tay Ninh", "former_province_code": "80", "status": "unknown", "area_ha": 336.73766373381574, "developer": null, "website": null, "geometry_type": "polygon", "location_accuracy": "site", "part_count": 1, "osm_ids": "osm_way_1183609941", "source": "OpenStreetMap", "source_url": "https://www.openstreetmap.org/way/1183609941", "verified_on": "2026-08-31", "attribute_source": "osm", "geometry_observed_on": "2026-08-31" }, "geometry": { "type": "Polygon", "coordinates": [ [ [ 106.520101701135602, 10.852108099352257 ], [ 106.517832401133006, 10.843573399353719 ], [ 106.515719301130218, 10.834974799355289 ], [ 106.500428901147131, 10.839325199345739 ], [ 106.503420901148843, 10.847516099344769 ], [ 106.503555401150578, 10.850901699343778 ], [ 106.50293250115358, 10.855211799342088 ], [ 106.511367601146191, 10.856313699346261 ], [ 106.511170501145273, 10.854281399346787 ], [ 106.520101701135602, 10.852108099352257 ] ] ] } },
{ "type": "Feature", "properties": { "id": "osm_way_1420332590", "name_vi": "Khu công nghiệp Nhựt Chánh", "name_en": null, "aliases": null, "category": "industrial_park", "province_code": "80", "province_en": "Tay Ninh", "former_province_code": "80", "status": "unknown", "area_ha": 121.87744652695011, "developer": null, "website": null, "geometry_type": "polygon", "location_accuracy": "site", "part_count": 1, "osm_ids": "osm_way_1420332590", "source": "OpenStreetMap", "source_url": "https://www.openstreetmap.org/way/1420332590", "verified_on": "2026-08-31", "attribute_source": "osm", "geometry_observed_on": "2026-08-31" }, "geometry": { "type": "Polygon", "coordinates": [ [ [ 106.4754467010453, 10.613241299403384 ], [ 106.474813901048734, 10.618417699401418 ], [ 106.474135801052199, 10.623449299399471 ], [ 106.473877001053523, 10.625401899398717 ], [ 106.47377800105383, 10.625800599398541 ], [ 106.474137901053581, 10.625950799398693 ], [ 106.474616101053371, 10.626367499398812 ], [ 106.475335801053291, 10.627477099398851 ], [ 106.475523201053207, 10.627665999398893 ], [ 106.475690801053148, 10.62782109939894 ], [ 106.476035801052916, 10.627976099399069 ], [ 106.476321801052691, 10.628106899399187 ], [ 106.476341501052786, 10.628261999399141 ], [ 106.476272501052918, 10.628383099399066 ], [ 106.47617880105318, 10.628722199398908 ], [ 106.476030901053491, 10.629008099398742 ], [ 106.475996401053663, 10.629250399398648 ], [ 106.476607701052799, 10.628741599399136 ], [ 106.477268301051794, 10.628063299399706 ], [ 106.477702101051108, 10.627607899400074 ], [ 106.478766901049525, 10.626527399400993 ], [ 106.479021701049021, 10.626059099401278 ], [ 106.480480901046633, 10.624256699402622 ], [ 106.481723201044602, 10.622715899403769 ], [ 106.482450501043246, 10.621512899404536 ], [ 106.482759501042423, 10.620555399405003 ], [ 106.483072801041246, 10.618956799405677 ], [ 106.483150001040286, 10.61738339940621 ], [ 106.483077001039334, 10.615548599406743 ], [ 106.482909701038693, 10.614093299407116 ], [ 106.4754467010453, 10.613241299403384 ] ] ] } },
{ "type": "Feature", "properties": { "id": "osm_way_1420667104", "name_vi": "Khu công nghiệp Phú An Thạnh", "name_en": "PAT Industrial Park", "aliases": "PAT Industrial Park", "category": "industrial_park", "province_code": "80", "province_en": "Tay Ninh", "former_province_code": "80", "status": "unknown", "area_ha": 313.15379508393329, "developer": null, "website": null, "geometry_type": "polygon", "location_accuracy": "site", "part_count": 1, "osm_ids": "osm_way_1420667104", "source": "OpenStreetMap", "source_url": "https://www.openstreetmap.org/way/1420667104", "verified_on": "2026-08-31", "attribute_source": "osm", "geometry_observed_on": "2026-08-31" }, "geometry": { "type": "Polygon", "coordinates": [ [ [ 106.448106401112469, 10.687661799365351 ], [ 106.474697201088532, 10.689895499378901 ], [ 106.477357301086528, 10.690864699380016 ], [ 106.478262001082456, 10.685040499382325 ], [ 106.463326301093687, 10.67978509937598 ], [ 106.45252900110215, 10.676621699371193 ], [ 106.450031701103995, 10.67567009937015 ], [ 106.449907101104159, 10.67575359937006 ], [ 106.449754201104511, 10.676126399369855 ], [ 106.449793901104627, 10.676382399369801 ], [ 106.448106401112469, 10.687661799365351 ] ] ] } },
{ "type": "Feature", "properties": { "id": "osm_way_693607177", "name_vi": "Khu công nghiệp Phước Đông", "name_en": null, "aliases": null, "category": "industrial_park", "province_code": "80", "province_en": "Tay Ninh", "former_province_code": "72", "status": "unknown", "area_ha": 1266.1892498015134, "developer": null, "website": null, "geometry_type": "polygon", "location_accuracy": "site", "part_count": 1, "osm_ids": "osm_way_693607177", "source": "OpenStreetMap", "source_url": "https://www.openstreetmap.org/way/693607177", "verified_on": "2026-08-31", "attribute_source": "osm", "geometry_observed_on": "2026-08-31" }, "geometry": { "type": "Polygon", "coordinates": [ [ [ 106.322768801123729, 11.1386114993566 ], [ 106.319372501125173, 11.135471199355779 ], [ 106.318376001125642, 11.134631899355515 ], [ 106.317891001126, 11.134450199355303 ], [ 106.317097401126674, 11.134354999354915 ], [ 106.316788701127123, 11.134597299354674 ], [ 106.315245501129056, 11.135462499353586 ], [ 106.31476930112963, 11.135739399353241 ], [ 106.314301901130307, 11.136163399352862 ], [ 106.314911901130046, 11.136741499352999 ], [ 106.319983901127969, 11.141548499354197 ], [ 106.313066501138124, 11.148172199348434 ], [ 106.319127801136901, 11.156225199349127 ], [ 106.325883701133719, 11.161903499350936 ], [ 106.332408001123795, 11.155048199356566 ], [ 106.354506401114421, 11.175592799361878 ], [ 106.354864201113983, 11.175406999362128 ], [ 106.358505201107619, 11.170059299365747 ], [ 106.337206501116526, 11.150071899360686 ], [ 106.357410801086019, 11.129195099378016 ], [ 106.342383801094002, 11.118167599373477 ], [ 106.322768801123729, 11.1386114993566 ] ] ] } },
{ "type": "Feature", "properties": { "id": "osm_way_795539563", "name_vi": "Khu công nghiệp Phước Long", "name_en": null, "aliases": null, "category": "industrial_park", "province_code": "80", "province_en": "Tay Ninh", "former_province_code": "80", "status": "unknown", "area_ha": 97.892578651555567, "developer": null, "website": null, "geometry_type": "polygon", "location_accuracy": "site", "part_count": 1, "osm_ids": "osm_way_795539563", "source": "OpenStreetMap", "source_url": "https://www.openstreetmap.org/way/795539563", "verified_on": "2026-08-31", "attribute_source": "osm", "geometry_observed_on": "2026-08-31" }, "geometry": { "type": "Polygon", "coordinates": [ [ [ 106.509027601023874, 10.631938699415516 ], [ 106.510872201022295, 10.632271899416398 ], [ 106.511260401021985, 10.632353299416584 ], [ 106.512935401020584, 10.632666599417382 ], [ 106.513754201019879, 10.632822399417774 ], [ 106.51427000101846, 10.631114599418583 ], [ 106.514475601017594, 10.629933699419063 ], [ 106.514770201016916, 10.629205899419457 ], [ 106.514691501016543, 10.628413299419657 ], [ 106.515979901009857, 10.618531199423458 ], [ 106.510551101014684, 10.617961799420723 ], [ 106.509350701021177, 10.627634699417044 ], [ 106.508945501021486, 10.627525399416857 ], [ 106.508826201022146, 10.628475899416495 ], [ 106.508511101022521, 10.628622199416277 ], [ 106.508466401022972, 10.629348999416028 ], [ 106.508046701023744, 10.63005569941558 ], [ 106.507608401024427, 10.630535899415193 ], [ 106.507337001025007, 10.631121899414859 ], [ 106.507886001024872, 10.631787599414949 ], [ 106.50812350102477, 10.632007199415003 ], [ 106.509027601023874, 10.631938699415516 ] ] ] } },
{ "type": "Feature", "properties": { "id": "osm_way_661016855", "name_vi": "Khu công nghiệp Tân Đô", "name_en": null, "aliases": null, "category": "industrial_park", "province_code": "80", "province_en": "Tay Ninh", "former_province_code": "80", "status": "unknown", "area_ha": 203.5692129552929, "developer": null, "website": null, "geometry_type": "polygon", "location_accuracy": "site", "part_count": 1, "osm_ids": "osm_way_661016855", "source": "OpenStreetMap", "source_url": "https://www.openstreetmap.org/way/661016855", "verified_on": "2026-08-31", "attribute_source": "osm", "geometry_observed_on": "2026-08-31" }, "geometry": { "type": "Polygon", "coordinates": [ [ [ 106.478163001139507, 10.787651899350051 ], [ 106.490961101127667, 10.788134599356747 ], [ 106.491260201124845, 10.783579599358342 ], [ 106.491201101124787, 10.783383599358368 ], [ 106.491097601124807, 10.783216599358362 ], [ 106.486875801126857, 10.779692199357209 ], [ 106.486718801126941, 10.779596199357156 ], [ 106.4866532011267, 10.779049699357291 ], [ 106.488976601122943, 10.77624879935942 ], [ 106.484694601125128, 10.772900399358173 ], [ 106.4816978011267, 10.770608099357288 ], [ 106.478965001128159, 10.76858019935646 ], [ 106.478874101130543, 10.772689899355132 ], [ 106.47885820113072, 10.773013499355017 ], [ 106.478459401135083, 10.780167399352559 ], [ 106.47841930113556, 10.780963799352289 ], [ 106.478163001139507, 10.787651899350051 ] ] ] } },
{ "type": "Feature", "properties": { "id": "osm_relation_21159875", "name_vi": "Khu công nghiệp Tân Đức", "name_en": null, "aliases": null, "category": "industrial_park", "province_code": "80", "province_en": "Tay Ninh", "former_province_code": "80", "status": "unknown", "area_ha": 479.78610282597691, "developer": null, "website": null, "geometry_type": "polygon", "location_accuracy": "site", "part_count": 1, "osm_ids": "osm_relation_21159875", "source": "OpenStreetMap", "source_url": "https://www.openstreetmap.org/relation/21159875", "verified_on": "2026-08-31", "attribute_source": "osm", "geometry_observed_on": "2026-08-31" }, "geometry": { "type": "MultiPolygon", "coordinates": [ [ [ [ 106.462693201149222, 10.778750999344561 ], [ 106.447858501163353, 10.778929299336566 ], [ 106.447927901166139, 10.78403849933499 ], [ 106.440079201173603, 10.78408929933078 ], [ 106.440109601174285, 10.785349899330397 ], [ 106.440020701174632, 10.785818099330198 ], [ 106.439981801174767, 10.78599359933013 ], [ 106.438931501176583, 10.787514999329087 ], [ 106.43771470117872, 10.789304899327872 ], [ 106.437587301179136, 10.789783899327659 ], [ 106.463727201152864, 10.787086099342496 ], [ 106.462826401149684, 10.779824499344294 ], [ 106.462693201149222, 10.778750999344561 ] ] ], [ [ [ 106.477186101147197, 10.799832699345696 ], [ 106.477374401145411, 10.796913199346719 ], [ 106.47783610114152, 10.790686199348924 ], [ 106.477952301140007, 10.78819099934976 ], [ 106.46919860114798, 10.787613299345256 ], [ 106.464503001152323, 10.787446699342794 ], [ 106.463747301153049, 10.787446699342393 ], [ 106.4613073011555, 10.787689899341009 ], [ 106.460954601155848, 10.787725099340815 ], [ 106.461614601158544, 10.793701299339286 ], [ 106.461732901159039, 10.794781799339006 ], [ 106.461749601159099, 10.794934499338972 ], [ 106.461887001158999, 10.794946299339042 ], [ 106.461995001158897, 10.794986299339087 ], [ 106.462096001158841, 10.795063899339116 ], [ 106.462169401158832, 10.795169099339127 ], [ 106.462207301158884, 10.795315499339097 ], [ 106.462208501158926, 10.795408199339073 ], [ 106.462172601159025, 10.795527799339014 ], [ 106.462102501159151, 10.79563159933895 ], [ 106.462028301159265, 10.795691199338883 ], [ 106.462493101159225, 10.796426899338902 ], [ 106.464281801159146, 10.799350799338944 ], [ 106.465948301159003, 10.801931399339031 ], [ 106.475626601149855, 10.801955199344199 ], [ 106.477056701148456, 10.801838799345008 ], [ 106.477186101147197, 10.799832699345696 ] ] ] ] } },
{ "type": "Feature", "properties": { "id": "osm_way_1420840565", "name_vi": "Khu công nghiệp Tân Kim", "name_en": null, "aliases": "Khu công nghiệp Tân Kim mở rộng", "category": "industrial_park", "province_code": "80", "province_en": "Tay Ninh", "former_province_code": "80", "status": "unknown", "area_ha": 135.08399351156069, "developer": null, "website": null, "geometry_type": "polygon", "location_accuracy": "site", "part_count": 2, "osm_ids": "osm_way_1420840565|osm_way_1420840566", "source": "OpenStreetMap", "source_url": "https://www.openstreetmap.org/way/1420840565", "verified_on": "2026-08-31", "attribute_source": "osm", "geometry_observed_on": "2026-08-31" }, "geometry": { "type": "MultiPolygon", "coordinates": [ [ [ [ 106.673213400867269, 10.629789599504315 ], [ 106.674529100866096, 10.629888899504991 ], [ 106.674596700865806, 10.629503299505147 ], [ 106.674644900865488, 10.628978499505338 ], [ 106.674690000865098, 10.628358999505556 ], [ 106.674683500864816, 10.627872199505704 ], [ 106.674654600864685, 10.627581299505787 ], [ 106.674570400864567, 10.627225799505849 ], [ 106.67445580086455, 10.626948499505879 ], [ 106.674336200864474, 10.626651999505903 ], [ 106.674117500864426, 10.626174699505937 ], [ 106.673930900864391, 10.625792199505957 ], [ 106.673731000864322, 10.625347899505995 ], [ 106.6736093008643, 10.625092699506007 ], [ 106.673474200864149, 10.624597299506091 ], [ 106.673187200864177, 10.624137599506078 ], [ 106.672863000864027, 10.623297799506172 ], [ 106.667988000868831, 10.623646599503443 ], [ 106.666166600872629, 10.627412199501277 ], [ 106.669744700870439, 10.629561599502523 ], [ 106.673213400867269, 10.629789599504315 ] ] ], [ [ [ 106.660537900884137, 10.638573199494738 ], [ 106.660212700884856, 10.639276499494343 ], [ 106.66163720088376, 10.639749499494963 ], [ 106.662573900882421, 10.638937599495719 ], [ 106.663230900881956, 10.639212499495981 ], [ 106.664356200880931, 10.639295599496565 ], [ 106.664694400880265, 10.638669099496941 ], [ 106.665540100879653, 10.638988799497298 ], [ 106.665780700879111, 10.638438999497589 ], [ 106.666079900878771, 10.63832389949779 ], [ 106.667357000877985, 10.639097299498241 ], [ 106.66782010087735, 10.638739699498602 ], [ 106.668104900877026, 10.638630299498786 ], [ 106.668459000876638, 10.638526699499007 ], [ 106.66883670087627, 10.638511999499217 ], [ 106.669073400876059, 10.63855649949933 ], [ 106.669366700875827, 10.63862109949946 ], [ 106.669696100875555, 10.638715999499611 ], [ 106.670159700875217, 10.638896699499801 ], [ 106.670467000875036, 10.639081099499906 ], [ 106.670750100874898, 10.639302399499996 ], [ 106.671046000874782, 10.639608999500059 ], [ 106.671538000874563, 10.640067299500178 ], [ 106.671750300874535, 10.640389699500188 ], [ 106.67203010087448, 10.64074059950023 ], [ 106.672239200874415, 10.640955499500279 ], [ 106.672650900874089, 10.641094599500452 ], [ 106.672943500873657, 10.640822799500693 ], [ 106.673114000873355, 10.64057619950087 ], [ 106.673303800872944, 10.640136799501105 ], [ 106.673422800872444, 10.639488799501367 ], [ 106.673522500871954, 10.638733399501662 ], [ 106.67348070087121, 10.637333099502086 ], [ 106.673474200870658, 10.636334199502389 ], [ 106.673506700870462, 10.635990999502518 ], [ 106.672107000871719, 10.635890599501796 ], [ 106.666408300875503, 10.632983599499653 ], [ 106.664140600877431, 10.632595999498559 ], [ 106.661054600881101, 10.633962299496467 ], [ 106.659184900885151, 10.638048999494181 ], [ 106.660537900884137, 10.638573199494738 ] ] ] ] } },
{ "type": "Feature", "properties": { "id": "osm_node_12782181662", "name_vi": "Khu Công Nghiệp Tân Kim Đường Số 2", "name_en": null, "aliases": null, "category": "industrial_park", "province_code": "80", "province_en": "Tay Ninh", "former_province_code": "80", "status": "unknown", "area_ha": null, "developer": null, "website": null, "geometry_type": "point", "location_accuracy": "locality", "part_count": 1, "osm_ids": "osm_node_12782181662", "source": "OpenStreetMap", "source_url": "https://www.openstreetmap.org/node/12782181662", "verified_on": "2026-08-31", "attribute_source": "osm", "geometry_observed_on": "2026-08-31" }, "geometry": { "type": "Point", "coordinates": [ 106.659659, 10.6356953 ] } },
{ "type": "Feature", "properties": { "id": "osm_way_1465498429", "name_vi": "Khu công nghiệp Thái Hòa", "name_en": null, "aliases": null, "category": "industrial_park", "province_code": "80", "province_en": "Tay Ninh", "former_province_code": "80", "status": "unknown", "area_ha": 101.61573021825929, "developer": null, "website": null, "geometry_type": "polygon", "location_accuracy": "site", "part_count": 1, "osm_ids": "osm_way_1465498429", "source": "OpenStreetMap", "source_url": "https://www.openstreetmap.org/way/1465498429", "verified_on": "2026-08-31", "attribute_source": "osm", "geometry_observed_on": "2026-08-31" }, "geometry": { "type": "Polygon", "coordinates": [ [ [ 106.473511501223783, 10.931425199302412 ], [ 106.477695701218678, 10.929364699305307 ], [ 106.476146501218423, 10.926280199305431 ], [ 106.474541401217934, 10.922626899305726 ], [ 106.473455701217716, 10.920427299305835 ], [ 106.472511501217511, 10.918446799305954 ], [ 106.471400001217262, 10.9160827993061 ], [ 106.469915101216912, 10.912922399306304 ], [ 106.465826501221898, 10.914934799303476 ], [ 106.470557001223128, 10.925211199302778 ], [ 106.473511501223783, 10.931425199302412 ] ] ] } },
{ "type": "Feature", "properties": { "id": "osm_way_548501983", "name_vi": "Khu công nghiệp Thành Thành Công", "name_en": null, "aliases": null, "category": "industrial_park", "province_code": "80", "province_en": "Tay Ninh", "former_province_code": "72", "status": "unknown", "area_ha": 642.15087105667249, "developer": null, "website": null, "geometry_type": "polygon", "location_accuracy": "site", "part_count": 1, "osm_ids": "osm_way_548501983", "source": "OpenStreetMap", "source_url": "https://www.openstreetmap.org/way/548501983", "verified_on": "2026-08-31", "attribute_source": "osm", "geometry_observed_on": "2026-08-31" }, "geometry": { "type": "Polygon", "coordinates": [ [ [ 106.317079701419445, 11.016742899192097 ], [ 106.312560601425474, 11.019895699188702 ], [ 106.309827901429117, 11.021771299186652 ], [ 106.309461601429092, 11.02109049918668 ], [ 106.303689501435187, 11.022206799183245 ], [ 106.298260701441507, 11.02433399917968 ], [ 106.295504801447549, 11.030507699176278 ], [ 106.286450801454023, 11.026729999172629 ], [ 106.282725301462378, 11.035391199167934 ], [ 106.291774501455876, 11.039110799171596 ], [ 106.291222689000108, 11.040501047726371 ], [ 106.291140488970569, 11.040917847704707 ], [ 106.302023088563999, 11.040909448547882 ], [ 106.302415888560731, 11.040763148583684 ], [ 106.302750588568429, 11.040504748619092 ], [ 106.30295648858521, 11.040191848646542 ], [ 106.303353301444929, 11.039148299177759 ], [ 106.307830801441057, 11.039813999179939 ], [ 106.309985501438746, 11.039345299181234 ], [ 106.310813401437755, 11.038971599181798 ], [ 106.312508601435454, 11.037728999183088 ], [ 106.313452701433761, 11.036275799184049 ], [ 106.316649901430182, 11.035327999186052 ], [ 106.317164901429265, 11.034569799186562 ], [ 106.318543401426865, 11.03259859918791 ], [ 106.317773201427173, 11.031812799187751 ], [ 106.319248701425039, 11.030500499188948 ], [ 106.319427401424733, 11.030249299189121 ], [ 106.319836901423784, 11.029252099189652 ], [ 106.319973001423563, 11.029060599189783 ], [ 106.320120601423341, 11.028940399189896 ], [ 106.320572601422739, 11.028608999190242 ], [ 106.323539001418993, 11.026936699192357 ], [ 106.323350501419, 11.026651199192338 ], [ 106.320795901419288, 11.022782699192193 ], [ 106.319948501420384, 11.023331199191562 ], [ 106.317844401420558, 11.020027199191476 ], [ 106.318771601419328, 11.019439799192154 ], [ 106.317079701419445, 11.016742899192097 ] ] ] } },
{ "type": "Feature", "properties": { "id": "osm_way_597902555", "name_vi": "Khu công nghiệp Thuận Đào", "name_en": null, "aliases": null, "category": "industrial_park", "province_code": "80", "province_en": "Tay Ninh", "former_province_code": "80", "status": "unknown", "area_ha": 107.05270882936064, "developer": null, "website": null, "geometry_type": "polygon", "location_accuracy": "site", "part_count": 1, "osm_ids": "osm_way_597902555", "source": "OpenStreetMap", "source_url": "https://www.openstreetmap.org/way/597902555", "verified_on": "2026-08-31", "attribute_source": "osm", "geometry_observed_on": "2026-08-31" }, "geometry": { "type": "Polygon", "coordinates": [ [ [ 106.490898301031081, 10.614018599411422 ], [ 106.490532801031506, 10.614144399411192 ], [ 106.490137901031915, 10.614212299410953 ], [ 106.489276901032852, 10.61442059941043 ], [ 106.487669601034611, 10.614829199409439 ], [ 106.487713201034794, 10.615224699409339 ], [ 106.487857301034822, 10.615547599409311 ], [ 106.4879103010352, 10.616323299409098 ], [ 106.487856701035398, 10.616596199408983 ], [ 106.487729301036083, 10.6176111994086 ], [ 106.487253201038229, 10.620652099407387 ], [ 106.487126401038793, 10.621446899407074 ], [ 106.486940701039757, 10.622900199406514 ], [ 106.487030501039769, 10.62303859940652 ], [ 106.487326901039694, 10.623455099406543 ], [ 106.487541501039615, 10.623644899406596 ], [ 106.487844601039413, 10.623801799406715 ], [ 106.48898050103854, 10.624206399407194 ], [ 106.491169201036882, 10.624921499408144 ], [ 106.49434220103447, 10.625972799409517 ], [ 106.496191601030475, 10.621943299411777 ], [ 106.497884101026855, 10.618323599413817 ], [ 106.49734430102724, 10.618073799413606 ], [ 106.496179601028047, 10.617538699413151 ], [ 106.495104001028778, 10.617041699412734 ], [ 106.494605801029223, 10.616990099412478 ], [ 106.494057501029744, 10.617008199412176 ], [ 106.493918401029873, 10.616977799412116 ], [ 106.493833801029893, 10.616858899412108 ], [ 106.493729401029825, 10.616546099412149 ], [ 106.493750101029647, 10.616273899412251 ], [ 106.493884901029361, 10.615991799412408 ], [ 106.494467001028482, 10.615411799412898 ], [ 106.494481901028422, 10.615326399412933 ], [ 106.493316101028554, 10.613580599412861 ], [ 106.49325460102861, 10.613549999412832 ], [ 106.492673201029319, 10.613866999412425 ], [ 106.49241840102961, 10.613933499412271 ], [ 106.492097901029965, 10.614025799412069 ], [ 106.491816901030234, 10.614047599411906 ], [ 106.491629201030392, 10.61402509941181 ], [ 106.49153600103044, 10.613965799411783 ], [ 106.491181301030764, 10.613936799411604 ], [ 106.490898301031081, 10.614018599411422 ] ] ] } },
{ "type": "Feature", "properties": { "id": "osm_way_1545660086", "name_vi": "Khu công nghiệp Trần Anh - Tân Phú", "name_en": null, "aliases": null, "category": "industrial_park", "province_code": "80", "province_en": "Tay Ninh", "former_province_code": "80", "status": "unknown", "area_ha": 60.008927992971891, "developer": null, "website": null, "geometry_type": "polygon", "location_accuracy": "site", "part_count": 1, "osm_ids": "osm_way_1545660086", "source": "OpenStreetMap", "source_url": "https://www.openstreetmap.org/way/1545660086", "verified_on": "2026-08-31", "attribute_source": "osm", "geometry_observed_on": "2026-08-31" }, "geometry": { "type": "Polygon", "coordinates": [ [ [ 106.350199001318529, 10.891668199248961 ], [ 106.350241901320317, 10.89497639924795 ], [ 106.351105601319489, 10.894976399248415 ], [ 106.351100201321088, 10.897826199247518 ], [ 106.350992901321206, 10.897868299247452 ], [ 106.351164601321727, 10.899095699247155 ], [ 106.354179401318646, 10.8986636992489 ], [ 106.354141801317667, 10.896877999249442 ], [ 106.353347901318443, 10.896877999249016 ], [ 106.353353301317895, 10.895929799249318 ], [ 106.353224501317541, 10.895076499249514 ], [ 106.355177201315684, 10.89507649925056 ], [ 106.355187901314238, 10.892468899251377 ], [ 106.355611701313705, 10.892242399251677 ], [ 106.357119101310943, 10.889840299253233 ], [ 106.357379301310317, 10.889118599253592 ], [ 106.357561601310138, 10.889136999253695 ], [ 106.357577701309992, 10.888905199253774 ], [ 106.35750530130997, 10.88875769925378 ], [ 106.354383201311848, 10.886805999252724 ], [ 106.355338101310139, 10.885373099253682 ], [ 106.354485101310672, 10.884830599253396 ], [ 106.354399301310806, 10.884962199253307 ], [ 106.354077501311039, 10.88483579925318 ], [ 106.35384680131159, 10.885431099252864 ], [ 106.354206201311356, 10.885620699253005 ], [ 106.354152601311483, 10.885741899252935 ], [ 106.354683601311095, 10.88595259925315 ], [ 106.354190101311957, 10.886684799252656 ], [ 106.353358601312635, 10.886479399252272 ], [ 106.352859701313079, 10.886421499252034 ], [ 106.352548601313856, 10.88729589925159 ], [ 106.353664401313168, 10.887943899251983 ], [ 106.351668801316706, 10.890914899249987 ], [ 106.350231201317712, 10.890298599249409 ], [ 106.350199001318529, 10.891668199248961 ] ] ] } },
{ "type": "Feature", "properties": { "id": "osm_way_1157345897", "name_vi": "Khu công nghiệp Trảng Bàng", "name_en": null, "aliases": null, "category": "industrial_park", "province_code": "80", "province_en": "Tay Ninh", "former_province_code": "72", "status": "unknown", "area_ha": 171.74049513651374, "developer": null, "website": null, "geometry_type": "polygon", "location_accuracy": "site", "part_count": 1, "osm_ids": "osm_way_1157345897", "source": "OpenStreetMap", "source_url": "https://www.openstreetmap.org/way/1157345897", "verified_on": "2026-08-31", "attribute_source": "osm", "geometry_observed_on": "2026-08-31" }, "geometry": { "type": "Polygon", "coordinates": [ [ [ 106.381644901362918, 11.025139599223927 ], [ 106.384158301359918, 11.024006499225623 ], [ 106.384388901359898, 11.024380299225637 ], [ 106.38592850135781, 11.023248199226808 ], [ 106.387339401356982, 11.024143399227279 ], [ 106.388342201355783, 11.023711599227955 ], [ 106.388304601355784, 11.023643199227953 ], [ 106.390090701353657, 11.022841399229165 ], [ 106.395900201346649, 11.020158199233101 ], [ 106.395719701346607, 11.019783199233123 ], [ 106.395545701346222, 11.018811899233329 ], [ 106.395594501346181, 11.018789199233362 ], [ 106.395358401346144, 11.018315299233393 ], [ 106.39548180134598, 11.018252099233479 ], [ 106.395022701345908, 11.017342699233513 ], [ 106.395208201345724, 11.017304299233629 ], [ 106.394891701345102, 11.015634499233984 ], [ 106.394752201344602, 11.01450759923426 ], [ 106.393845701345214, 11.014097399233901 ], [ 106.390187101347834, 11.01252299923245 ], [ 106.386740701351087, 11.01250189923061 ], [ 106.386483201351354, 11.012570399230452 ], [ 106.386397401351488, 11.012680999230367 ], [ 106.38330680135563, 11.014850399228031 ], [ 106.381348801358229, 11.016203699226569 ], [ 106.38123080135847, 11.01640899922644 ], [ 106.380452901359476, 11.016898699225871 ], [ 106.37946590136076, 11.017535799225151 ], [ 106.379809201360857, 11.018278299225097 ], [ 106.378827501362053, 11.018725899224433 ], [ 106.381138201362646, 11.02375089922409 ], [ 106.381064801362726, 11.023785699224039 ], [ 106.381644901362918, 11.025139599223927 ] ] ] } },
{ "type": "Feature", "properties": { "id": "osm_way_475301765", "name_vi": "Khu công nghiệp Vĩnh Lộc 2", "name_en": "Vinh Loc 2 Industrial Zone", "aliases": "Vinh Loc 2 Industrial Zone", "category": "industrial_park", "province_code": "80", "province_en": "Tay Ninh", "former_province_code": "80", "status": "unknown", "area_ha": 262.29102716971533, "developer": null, "website": "http://kcnvinhloc2.com.vn/", "geometry_type": "polygon", "location_accuracy": "site", "part_count": 1, "osm_ids": "osm_way_475301765", "source": "OpenStreetMap", "source_url": "https://www.openstreetmap.org/way/475301765", "verified_on": "2026-08-31", "attribute_source": "osm", "geometry_observed_on": "2026-08-31" }, "geometry": { "type": "Polygon", "coordinates": [ [ [ 106.506522401034886, 10.647524899409271 ], [ 106.50677190103471, 10.647631199409377 ], [ 106.507143801033905, 10.646845099409822 ], [ 106.508869001032551, 10.6473001994106 ], [ 106.510736201030781, 10.647344099411587 ], [ 106.513036001028595, 10.647314299412834 ], [ 106.515350801026329, 10.647196299414107 ], [ 106.51705500102463, 10.64703669941507 ], [ 106.518983401022624, 10.646715499416212 ], [ 106.525851401014279, 10.643368999420947 ], [ 106.526569201011725, 10.640022199422383 ], [ 106.525775201012195, 10.639473899422125 ], [ 106.519135201017136, 10.637031799419333 ], [ 106.519446301015805, 10.635165399420085 ], [ 106.516399301018453, 10.634743599418583 ], [ 106.516206201018917, 10.635281399418316 ], [ 106.514339401020536, 10.635017799417399 ], [ 106.51105990102387, 10.635410699415514 ], [ 106.508186701026716, 10.635629899413905 ], [ 106.507264101028554, 10.637373799412858 ], [ 106.506188601030445, 10.638920699411795 ], [ 106.505387201031667, 10.639804299411095 ], [ 106.50420220103338, 10.640858299410121 ], [ 106.501771501036941, 10.643114399408107 ], [ 106.502871201036555, 10.64433299940832 ], [ 106.503902301036206, 10.645441999408522 ], [ 106.504697401035884, 10.646196599408718 ], [ 106.505131101035659, 10.646555099408832 ], [ 106.505590601035436, 10.646913499408964 ], [ 106.506522401034886, 10.647524899409271 ] ] ] } },
{ "type": "Feature", "properties": { "id": "osm_way_366287226", "name_vi": "Khu công nghiệp Xuyên Á", "name_en": null, "aliases": null, "category": "industrial_park", "province_code": "80", "province_en": "Tay Ninh", "former_province_code": "80", "status": "unknown", "area_ha": 277.30100945866587, "developer": null, "website": null, "geometry_type": "polygon", "location_accuracy": "site", "part_count": 1, "osm_ids": "osm_way_366287226", "source": "OpenStreetMap", "source_url": "https://www.openstreetmap.org/way/366287226", "verified_on": "2026-08-31", "attribute_source": "osm", "geometry_observed_on": "2026-08-31" }, "geometry": { "type": "Polygon", "coordinates": [ [ [ 106.531365301149108, 10.89560439934462 ], [ 106.527476901144396, 10.880501399347285 ], [ 106.526930101144316, 10.879456299347314 ], [ 106.526330001143677, 10.87727729934768 ], [ 106.525833301142839, 10.874916399348152 ], [ 106.514481301154902, 10.877281899341332 ], [ 106.51418840115538, 10.877638899341068 ], [ 106.51656910115733, 10.885190299339973 ], [ 106.517267401159629, 10.890539099338664 ], [ 106.5211135011576, 10.893438499339807 ], [ 106.521960401157131, 10.894064699340067 ], [ 106.523185501156277, 10.894593699340552 ], [ 106.524294301155308, 10.894770499341089 ], [ 106.524600001155775, 10.896089299340842 ], [ 106.527358901152951, 10.895706499342436 ], [ 106.527408501153133, 10.89612089934233 ], [ 106.529129201151065, 10.895333299343504 ], [ 106.529825301151064, 10.896504899343515 ], [ 106.531365301149108, 10.89560439934462 ] ] ] } },
{ "type": "Feature", "properties": { "id": "osm_way_807096759", "name_vi": "Cụm công nghiệp Cái Tàu Hạ - An Nhơn", "name_en": null, "aliases": null, "category": "industrial_cluster", "province_code": "82", "province_en": "Dong Thap", "former_province_code": "87", "status": "unknown", "area_ha": 27.238678137765614, "developer": null, "website": null, "geometry_type": "polygon", "location_accuracy": "site", "part_count": 1, "osm_ids": "osm_way_807096759", "source": "OpenStreetMap", "source_url": "https://www.openstreetmap.org/way/807096759", "verified_on": "2026-08-31", "attribute_source": "osm", "geometry_observed_on": "2026-08-31" }, "geometry": { "type": "Polygon", "coordinates": [ [ [ 105.859893501436503, 10.266355999182457 ], [ 105.861286101435056, 10.266125599183274 ], [ 105.863652301432523, 10.265640499184688 ], [ 105.865020301431002, 10.265216099185558 ], [ 105.868276401427451, 10.264382399187557 ], [ 105.867728601426634, 10.261963499188017 ], [ 105.859287301435685, 10.263847499182921 ], [ 105.859893501436503, 10.266355999182457 ] ] ] } },
{ "type": "Feature", "properties": { "id": "osm_way_1041309965", "name_vi": "Cụm công nghiệp Gia Thuận 1", "name_en": null, "aliases": null, "category": "industrial_cluster", "province_code": "82", "province_en": "Dong Thap", "former_province_code": "82", "status": "unknown", "area_ha": 48.752317287355417, "developer": null, "website": null, "geometry_type": "polygon", "location_accuracy": "site", "part_count": 1, "osm_ids": "osm_way_1041309965", "source": "OpenStreetMap", "source_url": "https://www.openstreetmap.org/way/1041309965", "verified_on": "2026-08-31", "attribute_source": "osm", "geometry_observed_on": "2026-08-31" }, "geometry": { "type": "Polygon", "coordinates": [ [ [ 106.740091900702097, 10.445866399598266 ], [ 106.746142800697811, 10.448446199600694 ], [ 106.748498300692631, 10.443150399603635 ], [ 106.746945600693735, 10.442482599603006 ], [ 106.741851500697308, 10.440247999600972 ], [ 106.740091900702097, 10.445866399598266 ] ] ] } },
{ "type": "Feature", "properties": { "id": "osm_way_1497376776", "name_vi": "Cụm công nghiệp Tân Lập", "name_en": null, "aliases": null, "category": "industrial_cluster", "province_code": "82", "province_en": "Dong Thap", "former_province_code": "87", "status": "unknown", "area_ha": 40.869254837093422, "developer": null, "website": null, "geometry_type": "polygon", "location_accuracy": "site", "part_count": 1, "osm_ids": "osm_way_1497376776", "source": "OpenStreetMap", "source_url": "https://www.openstreetmap.org/way/1497376776", "verified_on": "2026-08-31", "attribute_source": "osm", "geometry_observed_on": "2026-08-31" }, "geometry": { "type": "Polygon", "coordinates": [ [ [ 105.829709301458209, 10.253859599170221 ], [ 105.819657201469582, 10.257142799163828 ], [ 105.820508101470338, 10.2599733991634 ], [ 105.830742801459039, 10.257112399169761 ], [ 105.829709301458209, 10.253859599170221 ] ] ] } },
{ "type": "Feature", "properties": { "id": "osm_way_1039481031", "name_vi": "Cụm công nghiệp Tân Mỹ Chánh", "name_en": null, "aliases": null, "category": "industrial_cluster", "province_code": "82", "province_en": "Dong Thap", "former_province_code": "82", "status": "unknown", "area_ha": 20.178185179715555, "developer": null, "website": null, "geometry_type": "polygon", "location_accuracy": "site", "part_count": 1, "osm_ids": "osm_way_1039481031", "source": "OpenStreetMap", "source_url": "https://www.openstreetmap.org/way/1039481031", "verified_on": "2026-08-31", "attribute_source": "osm", "geometry_observed_on": "2026-08-31" }, "geometry": { "type": "Polygon", "coordinates": [ [ [ 106.387693500984611, 10.353836899437791 ], [ 106.387575500984852, 10.354069099437652 ], [ 106.387033700986166, 10.355520299436909 ], [ 106.386996100986366, 10.35583159943679 ], [ 106.387082000986766, 10.356644299436583 ], [ 106.387135600986795, 10.356844799436548 ], [ 106.387253600986853, 10.35711919943653 ], [ 106.387387700986821, 10.357288099436547 ], [ 106.387634500986664, 10.357419999436635 ], [ 106.387967100986359, 10.357472799436799 ], [ 106.38916870098528, 10.357567799437414 ], [ 106.389399400985056, 10.357573099437536 ], [ 106.39162560098282, 10.357319799438814 ], [ 106.391727600982691, 10.357288099438874 ], [ 106.391781200982635, 10.357245899438915 ], [ 106.391802700982581, 10.357187799438947 ], [ 106.391362800981014, 10.353594199439842 ], [ 106.391352100980981, 10.353514999439863 ], [ 106.391303800980992, 10.353456999439846 ], [ 106.391217900981061, 10.353435899439814 ], [ 106.387693500984611, 10.353836899437791 ] ] ] } },
{ "type": "Feature", "properties": { "id": "osm_way_1041307279", "name_vi": "Cụm công nghiệp Trung An", "name_en": null, "aliases": null, "category": "industrial_cluster", "province_code": "82", "province_en": "Dong Thap", "former_province_code": "82", "status": "unknown", "area_ha": 17.194548449966689, "developer": null, "website": null, "geometry_type": "polygon", "location_accuracy": "site", "part_count": 1, "osm_ids": "osm_way_1041307279", "source": "OpenStreetMap", "source_url": "https://www.openstreetmap.org/way/1041307279", "verified_on": "2026-08-31", "attribute_source": "osm", "geometry_observed_on": "2026-08-31" }, "geometry": { "type": "Polygon", "coordinates": [ [ [ 106.328738201038504, 10.350308399407258 ], [ 106.329129901038201, 10.350439899407428 ], [ 106.333547401034721, 10.351727599409399 ], [ 106.334421801032391, 10.349015499410717 ], [ 106.334494201032157, 10.348733199410844 ], [ 106.334590701031829, 10.348271499411039 ], [ 106.334491701031894, 10.348237199410997 ], [ 106.333778001032442, 10.348010199410682 ], [ 106.332721401033297, 10.3477331994102 ], [ 106.331916601033939, 10.347498399409844 ], [ 106.328738201038504, 10.350308399407258 ] ] ] } },
{ "type": "Feature", "properties": { "id": "osm_way_755708794", "name_vi": "Cuụm công nghiệp Mỹ Hiệp", "name_en": null, "aliases": null, "category": "industrial_cluster", "province_code": "82", "province_en": "Dong Thap", "former_province_code": "87", "status": "unknown", "area_ha": 61.127631291920785, "developer": null, "website": null, "geometry_type": "polygon", "location_accuracy": "site", "part_count": 1, "osm_ids": "osm_way_755708794", "source": "OpenStreetMap", "source_url": "https://www.openstreetmap.org/way/755708794", "verified_on": "2026-08-31", "attribute_source": "osm", "geometry_observed_on": "2026-08-31" }, "geometry": { "type": "Polygon", "coordinates": [ [ [ 105.791286201538611, 10.333162499124983 ], [ 105.792559701538465, 10.335103299125054 ], [ 105.795845401534066, 10.332762799127545 ], [ 105.796942401532618, 10.332013399128362 ], [ 105.797374201532065, 10.331786399128662 ], [ 105.800397101528404, 10.33036679913072 ], [ 105.800751101527936, 10.330092399130992 ], [ 105.801604101526635, 10.329208399131726 ], [ 105.802422201525516, 10.32858559913236 ], [ 105.803138301524612, 10.328176599132863 ], [ 105.803980501523569, 10.327775599133442 ], [ 105.80443380152316, 10.327764999133692 ], [ 105.805045401522676, 10.327949699133953 ], [ 105.806434701521695, 10.328577699134502 ], [ 105.806837101521324, 10.32860409913471 ], [ 105.807234001520897, 10.328503899134951 ], [ 105.807496901520523, 10.328255799135173 ], [ 105.807695401520135, 10.327910099135378 ], [ 105.807944801519781, 10.327717499135575 ], [ 105.807521001519689, 10.32681769913563 ], [ 105.809843801516976, 10.325931099137145 ], [ 105.809082101516637, 10.323970399137348 ], [ 105.809009701516601, 10.323772499137375 ], [ 105.8084474015171, 10.323730999137089 ], [ 105.807500001518093, 10.323888899136531 ], [ 105.806666701519021, 10.324166699135995 ], [ 105.806276501519491, 10.324345199135735 ], [ 105.806129001519707, 10.324466499135617 ], [ 105.804080501522236, 10.325518999134196 ], [ 105.803925301522213, 10.325209699134207 ], [ 105.801761501524879, 10.326297199132714 ], [ 105.801507501525251, 10.326535699132508 ], [ 105.801548601525354, 10.326785099132451 ], [ 105.801111101525834, 10.326944399132168 ], [ 105.800833301526254, 10.327222199131937 ], [ 105.79997680152735, 10.327714799131321 ], [ 105.798212101529529, 10.3286204991301 ], [ 105.796547101531701, 10.329691599128875 ], [ 105.795794201532644, 10.330109799128341 ], [ 105.794620301534266, 10.331016099127432 ], [ 105.794085901534913, 10.331269199127066 ], [ 105.793917401535197, 10.331495799126902 ], [ 105.791286201538611, 10.333162499124983 ] ] ] } },
{ "type": "Feature", "properties": { "id": "osm_way_1233513880", "name_vi": "Khu công nghiệp Long Giang", "name_en": "Long Giang industrial park", "aliases": "Long Giang industrial park", "category": "industrial_park", "province_code": "82", "province_en": "Dong Thap", "former_province_code": "82", "status": "unknown", "area_ha": 553.95140608908548, "developer": null, "website": null, "geometry_type": "polygon", "location_accuracy": "site", "part_count": 1, "osm_ids": "osm_way_1233513880", "source": "OpenStreetMap", "source_url": "https://www.openstreetmap.org/way/1233513880", "verified_on": "2026-08-31", "attribute_source": "osm", "geometry_observed_on": "2026-08-31" }, "geometry": { "type": "Polygon", "coordinates": [ [ [ 106.322409901114341, 10.476365599364321 ], [ 106.323683501106899, 10.465109399368531 ], [ 106.323795601106184, 10.464007299368934 ], [ 106.323705901106052, 10.463661899368995 ], [ 106.322958701105804, 10.461898399369154 ], [ 106.322659901105808, 10.461384099369159 ], [ 106.32246560110589, 10.461222499369097 ], [ 106.318894001109228, 10.46110489936722 ], [ 106.318647401109416, 10.4610607993671 ], [ 106.318520401109481, 10.460957899367063 ], [ 106.318453101109441, 10.460752199367095 ], [ 106.318520401108685, 10.459525099367514 ], [ 106.318520401108515, 10.459231199367606 ], [ 106.318430701108454, 10.458944599367651 ], [ 106.318243901108502, 10.458731499367614 ], [ 106.317974901108713, 10.458643399367494 ], [ 106.298516001126714, 10.457823199357323 ], [ 106.298355301127657, 10.459259699356787 ], [ 106.29818250113172, 10.466309799354487 ], [ 106.297672601132192, 10.466304899354217 ], [ 106.295741401134208, 10.466625599353076 ], [ 106.29571790113431, 10.466751999353031 ], [ 106.294086701140728, 10.475544799349398 ], [ 106.297179801137787, 10.47554809935105 ], [ 106.297833401137169, 10.475548799351399 ], [ 106.322409901114341, 10.476365599364321 ] ] ] } },
{ "type": "Feature", "properties": { "id": "osm_way_648723263", "name_vi": "Khu công nghiệp Mỹ Tho", "name_en": null, "aliases": null, "category": "industrial_park", "province_code": "82", "province_en": "Dong Thap", "former_province_code": "82", "status": "unknown", "area_ha": 71.050064344819233, "developer": null, "website": null, "geometry_type": "polygon", "location_accuracy": "site", "part_count": 1, "osm_ids": "osm_way_648723263", "source": "OpenStreetMap", "source_url": "https://www.openstreetmap.org/way/648723263", "verified_on": "2026-08-31", "attribute_source": "osm", "geometry_observed_on": "2026-08-31" }, "geometry": { "type": "Polygon", "coordinates": [ [ [ 106.33853120102863, 10.349237199412849 ], [ 106.339527601025864, 10.345932899414423 ], [ 106.337268101027632, 10.345251499413429 ], [ 106.336407101028257, 10.344921699413064 ], [ 106.335114201029228, 10.344473099412511 ], [ 106.33181460103215, 10.344115299410854 ], [ 106.329413501034182, 10.343678099409701 ], [ 106.328725201034771, 10.343565499409374 ], [ 106.328036801035338, 10.343397699409062 ], [ 106.320988501041256, 10.342018799405707 ], [ 106.317775201043887, 10.341268099404216 ], [ 106.317340701045154, 10.342842099403487 ], [ 106.32853090103643, 10.346208899408435 ], [ 106.33853120102863, 10.349237199412849 ] ] ] } },
{ "type": "Feature", "properties": { "id": "osm_way_490788644", "name_vi": "Khu công nghiệp Sông Hậu", "name_en": "Song Hau Industrial Park", "aliases": "Song Hau Industrial Park", "category": "industrial_park", "province_code": "82", "province_en": "Dong Thap", "former_province_code": "87", "status": "unknown", "area_ha": 66.295971992775378, "developer": null, "website": null, "geometry_type": "polygon", "location_accuracy": "site", "part_count": 1, "osm_ids": "osm_way_490788644", "source": "OpenStreetMap", "source_url": "https://www.openstreetmap.org/way/490788644", "verified_on": "2026-08-31", "attribute_source": "osm", "geometry_observed_on": "2026-08-31" }, "geometry": { "type": "Polygon", "coordinates": [ [ [ 105.595794001680289, 10.253917999045347 ], [ 105.595922801680345, 10.254206299045327 ], [ 105.605768901666252, 10.245658299053234 ], [ 105.604260301666798, 10.244013699052941 ], [ 105.604326801666659, 10.243904999053012 ], [ 105.603851101666947, 10.24360399905285 ], [ 105.603947401666787, 10.243489599052937 ], [ 105.60347770166706, 10.243163499052791 ], [ 105.60335430166721, 10.243212599052709 ], [ 105.603245201667264, 10.243113299052681 ], [ 105.603231301667222, 10.243035599052702 ], [ 105.603251401667166, 10.242954999052731 ], [ 105.603017001667254, 10.242734799052675 ], [ 105.602576401667491, 10.242392099052541 ], [ 105.593583501680797, 10.251049399045062 ], [ 105.593609101680897, 10.251225299045025 ], [ 105.593738001680848, 10.251369499045039 ], [ 105.593560601681091, 10.251529499044898 ], [ 105.59413190168091, 10.252165499045011 ], [ 105.594284801680885, 10.25239259904502 ], [ 105.594628801680855, 10.252916799045039 ], [ 105.594773301680803, 10.25309429904506 ], [ 105.595033101680542, 10.253013299045227 ], [ 105.595187401680406, 10.253050899045292 ], [ 105.595320701680336, 10.253165499045323 ], [ 105.595559901680303, 10.253502999045358 ], [ 105.595794001680289, 10.253917999045347 ] ] ] } },
{ "type": "Feature", "properties": { "id": "osm_way_597920253", "name_vi": "Khu công nghiệp Tân Hương", "name_en": "Tan Huong Industrial Zone", "aliases": "Tan Huong Industrial Zone", "category": "industrial_park", "province_code": "82", "province_en": "Dong Thap", "former_province_code": "82", "status": "unknown", "area_ha": 175.99371737880142, "developer": null, "website": null, "geometry_type": "polygon", "location_accuracy": "site", "part_count": 1, "osm_ids": "osm_way_597920253", "source": "OpenStreetMap", "source_url": "https://www.openstreetmap.org/way/597920253", "verified_on": "2026-08-31", "attribute_source": "osm", "geometry_observed_on": "2026-08-31" }, "geometry": { "type": "Polygon", "coordinates": [ [ [ 106.359522301079139, 10.476280999384239 ], [ 106.355273701084684, 10.47903449938109 ], [ 106.355112801084744, 10.478844599381066 ], [ 106.351711701089314, 10.481302699378476 ], [ 106.352334001089361, 10.482410499378458 ], [ 106.352173101089718, 10.482821899378244 ], [ 106.358181201090417, 10.494347299377848 ], [ 106.358256301090393, 10.494442199377863 ], [ 106.359109301089646, 10.494510799378292 ], [ 106.362869701083568, 10.489995699381719 ], [ 106.366678501077402, 10.485353799385226 ], [ 106.366480001077392, 10.485016199385225 ], [ 106.359522301079139, 10.476280999384239 ] ] ] } },
{ "type": "Feature", "properties": { "id": "osm_node_3636084212", "name_vi": "Khu Công nghiệp xã Bình Thành", "name_en": null, "aliases": null, "category": "industrial_park", "province_code": "82", "province_en": "Dong Thap", "former_province_code": "87", "status": "unknown", "area_ha": null, "developer": null, "website": null, "geometry_type": "point", "location_accuracy": "locality", "part_count": 1, "osm_ids": "osm_node_3636084212", "source": "OpenStreetMap", "source_url": "https://www.openstreetmap.org/node/3636084212", "verified_on": "2026-08-31", "attribute_source": "osm", "geometry_observed_on": "2026-08-31" }, "geometry": { "type": "Point", "coordinates": [ 105.5306167, 10.544844 ] } },
{ "type": "Feature", "properties": { "id": "osm_way_1134731178", "name_vi": "Cụm Công Nghiệp Phong Nẫm", "name_en": null, "aliases": null, "category": "industrial_cluster", "province_code": "86", "province_en": "Vinh Long", "former_province_code": "83", "status": "unknown", "area_ha": 19.357996649241464, "developer": null, "website": null, "geometry_type": "polygon", "location_accuracy": "site", "part_count": 1, "osm_ids": "osm_way_1134731178", "source": "OpenStreetMap", "source_url": "https://www.openstreetmap.org/way/1134731178", "verified_on": "2026-08-31", "attribute_source": "osm", "geometry_observed_on": "2026-08-31" }, "geometry": { "type": "Polygon", "coordinates": [ [ [ 106.435911700882443, 10.251731399495775 ], [ 106.438579200878792, 10.249700499497843 ], [ 106.436554200879399, 10.247343699497504 ], [ 106.433945100879399, 10.242879299497504 ], [ 106.433334000880237, 10.243358399497028 ], [ 106.43383600088076, 10.245142199496733 ], [ 106.434561000881445, 10.247639399496336 ], [ 106.435499900882164, 10.25054839949593 ], [ 106.435911700882443, 10.251731399495775 ] ] ] } },
{ "type": "Feature", "properties": { "id": "osm_way_1041311775", "name_vi": "Khu công nghiệp An Hiệp", "name_en": null, "aliases": null, "category": "industrial_park", "province_code": "86", "province_en": "Vinh Long", "former_province_code": "83", "status": "unknown", "area_ha": 65.173460870268656, "developer": null, "website": null, "geometry_type": "polygon", "location_accuracy": "site", "part_count": 1, "osm_ids": "osm_way_1041311775", "source": "OpenStreetMap", "source_url": "https://www.openstreetmap.org/way/1041311775", "verified_on": "2026-08-31", "attribute_source": "osm", "geometry_observed_on": "2026-08-31" }, "geometry": { "type": "Polygon", "coordinates": [ [ [ 106.281464701041159, 10.274250499405754 ], [ 106.286201501036601, 10.274097399408351 ], [ 106.286287401036333, 10.27378599940849 ], [ 106.286662901035356, 10.272656399409049 ], [ 106.286877401034857, 10.272102199409337 ], [ 106.28701690103442, 10.271553199409585 ], [ 106.287156401034096, 10.271220699409763 ], [ 106.287333401033663, 10.270771999410004 ], [ 106.287596301033147, 10.270265299410296 ], [ 106.287741101032736, 10.269769099410533 ], [ 106.28778400103262, 10.2696265994106 ], [ 106.287773301032558, 10.269494599410635 ], [ 106.287725001032555, 10.269420699410631 ], [ 106.287483601032648, 10.269162099410586 ], [ 106.287338801032675, 10.268940399410576 ], [ 106.287269001032641, 10.26878729941059 ], [ 106.287349501032011, 10.267757999410957 ], [ 106.287467501031728, 10.267472999411103 ], [ 106.287526501031579, 10.267293499411197 ], [ 106.287505101031527, 10.267177399411217 ], [ 106.287381701031578, 10.267061199411188 ], [ 106.287159001031739, 10.266960999411102 ], [ 106.287066501031845, 10.266989999411049 ], [ 106.286766101032129, 10.266989999410882 ], [ 106.286523301032361, 10.266987299410758 ], [ 106.286117001032736, 10.266966199410543 ], [ 106.286021801032817, 10.266962299410492 ], [ 106.28595340103287, 10.26696619941046 ], [ 106.285759601033092, 10.266990599410338 ], [ 106.285493401033364, 10.267024299410187 ], [ 106.285406201033439, 10.267038799410134 ], [ 106.285332401033529, 10.26706119941009 ], [ 106.285227801033656, 10.267125899410017 ], [ 106.28511920103378, 10.267169499409938 ], [ 106.285058901033835, 10.267177399409903 ], [ 106.285015901033887, 10.267173399409888 ], [ 106.284885901034002, 10.267139099409821 ], [ 106.284836201034025, 10.267135099409801 ], [ 106.284825501034049, 10.267123299409796 ], [ 106.284813401034, 10.267041399409818 ], [ 106.284790601034004, 10.267005799409811 ], [ 106.284747701034036, 10.266979399409804 ], [ 106.284692701034075, 10.266971499409779 ], [ 106.284600201034166, 10.266985999409716 ], [ 106.284496901034274, 10.266995299409661 ], [ 106.284472801034312, 10.267015099409646 ], [ 106.284464701034338, 10.267034799409632 ], [ 106.284464701034366, 10.267080999409616 ], [ 106.284463401034387, 10.267135099409593 ], [ 106.284455401034393, 10.267152299409593 ], [ 106.284435201034441, 10.26716419940958 ], [ 106.284353401034508, 10.267172099409532 ], [ 106.283953801034912, 10.26720509940931 ], [ 106.283784801035068, 10.267211699409211 ], [ 106.283637301035213, 10.267201099409135 ], [ 106.283379801035451, 10.267195799409004 ], [ 106.283204101035622, 10.267201099408899 ], [ 106.283011001035788, 10.267185299408808 ], [ 106.282758901036019, 10.267157599408677 ], [ 106.282640801036123, 10.267145699408621 ], [ 106.282505401036246, 10.267123299408558 ], [ 106.282426301036281, 10.26709159940852 ], [ 106.282323001036389, 10.267053299408474 ], [ 106.282258601036418, 10.267025599408456 ], [ 106.282195601036477, 10.267018999408425 ], [ 106.281999801036648, 10.26702029940831 ], [ 106.281722201036914, 10.267022999408164 ], [ 106.281600101037029, 10.267012699408104 ], [ 106.281509101037102, 10.267004999408055 ], [ 106.28148750103712, 10.267003199408045 ], [ 106.281350701037269, 10.266989999407983 ], [ 106.281188401037426, 10.266980699407885 ], [ 106.280959101037638, 10.266995299407762 ], [ 106.280733801037854, 10.267028299407631 ], [ 106.280558101038039, 10.267055999407528 ], [ 106.280449501038134, 10.267040099407474 ], [ 106.280382401038182, 10.267015099407445 ], [ 106.280268401038256, 10.266971499407399 ], [ 106.280134301038387, 10.266949099407336 ], [ 106.279974701038512, 10.266926599407258 ], [ 106.279831201038618, 10.266871199407197 ], [ 106.279785601038668, 10.266851399407182 ], [ 106.279718601038695, 10.266805199407159 ], [ 106.279664901038728, 10.266770899407138 ], [ 106.279615301038774, 10.26674849940712 ], [ 106.279552301038848, 10.266752399407086 ], [ 106.279430201038977, 10.266817099407 ], [ 106.279379301039029, 10.26681049940697 ], [ 106.279331001039068, 10.266791999406951 ], [ 106.279249201039107, 10.266748499406923 ], [ 106.279155301039197, 10.266739299406877 ], [ 106.27909900103927, 10.266752399406842 ], [ 106.278976901039385, 10.266789399406772 ], [ 106.278845501039541, 10.266815799406686 ], [ 106.278786501039605, 10.266818399406658 ], [ 106.278731501039644, 10.266803899406629 ], [ 106.278676501039655, 10.266768299406609 ], [ 106.278616201039711, 10.266733999406588 ], [ 106.278377501039898, 10.266674599406482 ], [ 106.278117301040126, 10.266632399406356 ], [ 106.277857101040368, 10.266599399406219 ], [ 106.277805001040406, 10.266596099406195 ], [ 106.277655001040685, 10.266880999406023 ], [ 106.277783701040633, 10.266989199406057 ], [ 106.277960701040499, 10.26706839940613 ], [ 106.27811630104037, 10.267084299406211 ], [ 106.27849980104007, 10.267184499406387 ], [ 106.278574901040031, 10.267229399406414 ], [ 106.278596401040033, 10.267279599406407 ], [ 106.278697801040181, 10.267751299406314 ], [ 106.278590701040386, 10.267930399406195 ], [ 106.278301601040781, 10.268141199405978 ], [ 106.277830401041243, 10.268167499405713 ], [ 106.277830401041285, 10.268235999405697 ], [ 106.278339101040942, 10.26848889940589 ], [ 106.278472901040871, 10.268599599405931 ], [ 106.278499701040943, 10.268757599405895 ], [ 106.278419401041091, 10.268894599405806 ], [ 106.278301601041235, 10.268963099405719 ], [ 106.278242701041336, 10.269042099405663 ], [ 106.278253401041397, 10.269163299405625 ], [ 106.278408701041315, 10.269300299405664 ], [ 106.278612101041205, 10.269437299405736 ], [ 106.278649601041252, 10.269621699405702 ], [ 106.278312301041737, 10.269890399405435 ], [ 106.278542501041741, 10.270274999405439 ], [ 106.278692401041596, 10.270280199405516 ], [ 106.278772801041541, 10.27033819940554 ], [ 106.278847701041641, 10.270638499405491 ], [ 106.2792769010413, 10.270743799405681 ], [ 106.279429801041204, 10.27084409940573 ], [ 106.279689901041166, 10.271247899405749 ], [ 106.279880401041012, 10.271266399405846 ], [ 106.280304201040551, 10.271144999406111 ], [ 106.28037390104052, 10.271224099406128 ], [ 106.280905001039955, 10.271092199406448 ], [ 106.281082001040289, 10.272031699406249 ], [ 106.280910301040521, 10.272105599406128 ], [ 106.281232201040851, 10.273251099405947 ], [ 106.281232201040936, 10.273409399405896 ], [ 106.281464701041159, 10.274250499405754 ] ] ] } },
{ "type": "Feature", "properties": { "id": "osm_way_734940044", "name_vi": "Khu công nghiệp Bình Minh", "name_en": null, "aliases": null, "category": "industrial_park", "province_code": "86", "province_en": "Vinh Long", "former_province_code": "86", "status": "unknown", "area_ha": 145.05511938856898, "developer": null, "website": null, "geometry_type": "polygon", "location_accuracy": "site", "part_count": 1, "osm_ids": "osm_way_734940044", "source": "OpenStreetMap", "source_url": "https://www.openstreetmap.org/way/734940044", "verified_on": "2026-08-31", "attribute_source": "osm", "geometry_observed_on": "2026-08-31" }, "geometry": { "type": "Polygon", "coordinates": [ [ [ 105.814633301351932, 10.035996099230115 ], [ 105.824766801346527, 10.043616299233156 ], [ 105.825383701345572, 10.042917399233703 ], [ 105.825830101344849, 10.042384999234109 ], [ 105.824527501345557, 10.041440999233709 ], [ 105.826253401342854, 10.039495599235236 ], [ 105.82790380134017, 10.037471399236754 ], [ 105.828106201339892, 10.037334399236908 ], [ 105.828648201339647, 10.037843599237034 ], [ 105.830852401336031, 10.035105199239071 ], [ 105.826478601338948, 10.03285259923743 ], [ 105.824881101340267, 10.032455699236703 ], [ 105.822296401341376, 10.03003509923607 ], [ 105.82104040134206, 10.029125899235682 ], [ 105.822500201340077, 10.0280598992368 ], [ 105.820939601340172, 10.02553329923675 ], [ 105.820627501340439, 10.025489699236596 ], [ 105.817586701347054, 10.032212899232874 ], [ 105.817780801347041, 10.032570399232869 ], [ 105.815880701350139, 10.034908299231123 ], [ 105.814633301351932, 10.035996099230115 ] ] ] } },
{ "type": "Feature", "properties": { "id": "osm_way_1041311776", "name_vi": "Khu công nghiệp Giao Long", "name_en": null, "aliases": null, "category": "industrial_park", "province_code": "86", "province_en": "Vinh Long", "former_province_code": "83", "status": "unknown", "area_ha": 161.57636259405953, "developer": null, "website": null, "geometry_type": "polygon", "location_accuracy": "site", "part_count": 1, "osm_ids": "osm_way_1041311776", "source": "OpenStreetMap", "source_url": "https://www.openstreetmap.org/way/1041311776", "verified_on": "2026-08-31", "attribute_source": "osm", "geometry_observed_on": "2026-08-31" }, "geometry": { "type": "Polygon", "coordinates": [ [ [ 106.391768600953185, 10.304008299455631 ], [ 106.399613700944897, 10.302474199460329 ], [ 106.402062000942223, 10.301843099461845 ], [ 106.402811400941403, 10.30163619946231 ], [ 106.403690100940366, 10.301286099462891 ], [ 106.405722500937969, 10.300394999464263 ], [ 106.409248300933783, 10.298888599466625 ], [ 106.410703900932106, 10.298326399467587 ], [ 106.411668900930948, 10.297875499468251 ], [ 106.410477500930909, 10.295812099468257 ], [ 106.409162100930757, 10.293271399468345 ], [ 106.408811600931145, 10.293334999468142 ], [ 106.396374600944299, 10.295874099460667 ], [ 106.394074600946738, 10.296341199459276 ], [ 106.390180000950863, 10.297148799456927 ], [ 106.390169200950922, 10.297212499456906 ], [ 106.390314800951188, 10.297949799456754 ], [ 106.390735300951931, 10.299986599456339 ], [ 106.391306700952725, 10.302394699455894 ], [ 106.391678700953264, 10.304033699455578 ], [ 106.391768600953185, 10.304008299455631 ] ] ] } },
{ "type": "Feature", "properties": { "id": "osm_way_1058062589", "name_vi": "Khu công nghiệp Hoà Phú", "name_en": null, "aliases": null, "category": "industrial_park", "province_code": "86", "province_en": "Vinh Long", "former_province_code": "86", "status": "unknown", "area_ha": 230.03345887627782, "developer": null, "website": null, "geometry_type": "polygon", "location_accuracy": "site", "part_count": 1, "osm_ids": "osm_way_1058062589", "source": "OpenStreetMap", "source_url": "https://www.openstreetmap.org/way/1058062589", "verified_on": "2026-08-31", "attribute_source": "osm", "geometry_observed_on": "2026-08-31" }, "geometry": { "type": "Polygon", "coordinates": [ [ [ 105.936029601317742, 10.182340299249404 ], [ 105.945164901307393, 10.17930129925524 ], [ 105.938581901304019, 10.161908499257153 ], [ 105.933442801309184, 10.162468299254222 ], [ 105.933356901309125, 10.162188399254271 ], [ 105.928936701313859, 10.16319159925159 ], [ 105.928877701313993, 10.163313099251511 ], [ 105.929612201314413, 10.16530529925129 ], [ 105.935874001317856, 10.182287499249336 ], [ 105.935954501317795, 10.182287499249375 ], [ 105.936029601317742, 10.182340299249404 ] ] ] } },
{ "type": "Feature", "properties": { "id": "osm_way_288582904", "name_vi": "Khu công nghiệp Long Đức", "name_en": null, "aliases": null, "category": "industrial_park", "province_code": "86", "province_en": "Vinh Long", "former_province_code": "84", "status": "unknown", "area_ha": 100.37375486822233, "developer": null, "website": null, "geometry_type": "polygon", "location_accuracy": "site", "part_count": 1, "osm_ids": "osm_way_288582904", "source": "OpenStreetMap", "source_url": "https://www.openstreetmap.org/way/288582904", "verified_on": "2026-08-31", "attribute_source": "osm", "geometry_observed_on": "2026-08-31" }, "geometry": { "type": "Polygon", "coordinates": [ [ [ 106.35187020080798, 9.973195299538107 ], [ 106.348343300809574, 9.970043899537202 ], [ 106.34505050081097, 9.966923499536414 ], [ 106.340265500818205, 9.971803599532302 ], [ 106.339444400819843, 9.973351199531372 ], [ 106.339401900820064, 9.973699799531243 ], [ 106.346013100817174, 9.979806699532883 ], [ 106.35187020080798, 9.973195299538107 ] ] ] } },
{ "type": "Feature", "properties": { "id": "osm_way_169426939", "name_vi": "Khu CN Bình Hòa", "name_en": null, "aliases": null, "category": "industrial_park", "province_code": "91", "province_en": "An Giang", "former_province_code": "89", "status": "unknown", "area_ha": 130.18302125461585, "developer": null, "website": null, "geometry_type": "polygon", "location_accuracy": "site", "part_count": 1, "osm_ids": "osm_way_169426939", "source": "OpenStreetMap", "source_url": "https://www.openstreetmap.org/way/169426939", "verified_on": "2026-08-31", "attribute_source": "osm", "geometry_observed_on": "2026-08-31" }, "geometry": { "type": "Polygon", "coordinates": [ [ [ 105.343598202034286, 10.460170598847229 ], [ 105.344021902033631, 10.459722198847588 ], [ 105.344327702033382, 10.459822398847717 ], [ 105.347133302027729, 10.454404698850887 ], [ 105.346795902027836, 10.454055698850807 ], [ 105.347198202027073, 10.453322398851251 ], [ 105.347836002025815, 10.452162598851952 ], [ 105.347820502025712, 10.451971898852007 ], [ 105.344994002026866, 10.449187998851365 ], [ 105.337455102034497, 10.450038898847096 ], [ 105.33319930203885, 10.450585498844671 ], [ 105.332986102039271, 10.45096899884444 ], [ 105.333234402040446, 10.453521298843782 ], [ 105.333358602040946, 10.454641298843494 ], [ 105.334065102040753, 10.455476898843612 ], [ 105.336202402039234, 10.456399798844458 ], [ 105.337377602038501, 10.457139098844863 ], [ 105.339378402037127, 10.458072698845639 ], [ 105.341013002036007, 10.45882459884627 ], [ 105.343598202034286, 10.460170598847229 ] ] ] } },
{ "type": "Feature", "properties": { "id": "osm_way_798521971", "name_vi": "Khu công nghiệp Thạnh Lộc", "name_en": null, "aliases": null, "category": "industrial_park", "province_code": "91", "province_en": "An Giang", "former_province_code": "91", "status": "unknown", "area_ha": 71.062560357996617, "developer": null, "website": null, "geometry_type": "polygon", "location_accuracy": "site", "part_count": 1, "osm_ids": "osm_way_798521971", "source": "OpenStreetMap", "source_url": "https://www.openstreetmap.org/way/798521971", "verified_on": "2026-08-31", "attribute_source": "osm", "geometry_observed_on": "2026-08-31" }, "geometry": { "type": "Polygon", "coordinates": [ [ [ 105.129322301975847, 9.9871271988796 ], [ 105.132779601970725, 9.98378299888248 ], [ 105.13254800197079, 9.983536398882435 ], [ 105.130888601971449, 9.981833398882078 ], [ 105.130161401972543, 9.982606198881447 ], [ 105.130117101972601, 9.982652698881409 ], [ 105.128886701974494, 9.983952498880356 ], [ 105.128127001975699, 9.984755198879704 ], [ 105.125367201979898, 9.987670898877342 ], [ 105.122861601983757, 9.990319898875185 ], [ 105.12153310198579, 9.991723498874045 ], [ 105.123067301985216, 9.993276698874372 ], [ 105.124086601983691, 9.992315198875222 ], [ 105.126425501982823, 9.994755898875708 ], [ 105.131768401974895, 9.989620798880138 ], [ 105.129322301975847, 9.9871271988796 ] ] ] } },
{ "type": "Feature", "properties": { "id": "osm_way_169077621", "name_vi": "Khu CN Tân Phú Thạnh", "name_en": null, "aliases": null, "category": "industrial_park", "province_code": "92", "province_en": "Can Tho", "former_province_code": "92", "status": "unknown", "area_ha": 2.365648732276834, "developer": null, "website": null, "geometry_type": "polygon", "location_accuracy": "site", "part_count": 1, "osm_ids": "osm_way_169077621", "source": "OpenStreetMap", "source_url": "https://www.openstreetmap.org/way/169077621", "verified_on": "2026-08-31", "attribute_source": "osm", "geometry_observed_on": "2026-08-31" }, "geometry": { "type": "Polygon", "coordinates": [ [ [ 105.731712101383764, 9.951287799212141 ], [ 105.729782001386369, 9.952662599210685 ], [ 105.730211101386303, 9.953296599210715 ], [ 105.730704701385662, 9.952958499211086 ], [ 105.732169201383812, 9.952123699212128 ], [ 105.731712101383764, 9.951287799212141 ] ] ] } },
{ "type": "Feature", "properties": { "id": "osm_way_877467451", "name_vi": "Khu công nghiệp An Nghiệp", "name_en": null, "aliases": null, "category": "industrial_park", "province_code": "92", "province_en": "Can Tho", "former_province_code": "94", "status": "unknown", "area_ha": 242.80913567873412, "developer": null, "website": null, "geometry_type": "polygon", "location_accuracy": "site", "part_count": 1, "osm_ids": "osm_way_877467451", "source": "OpenStreetMap", "source_url": "https://www.openstreetmap.org/way/877467451", "verified_on": "2026-08-31", "attribute_source": "osm", "geometry_observed_on": "2026-08-31" }, "geometry": { "type": "Polygon", "coordinates": [ [ [ 105.965047600993756, 9.645861999432697 ], [ 105.965237600993021, 9.644896699433103 ], [ 105.965331500992505, 9.644111299433396 ], [ 105.965533400991703, 9.643035399433836 ], [ 105.96575800099059, 9.641390299434478 ], [ 105.965769900990139, 9.640583699434734 ], [ 105.965836800989521, 9.639563899435093 ], [ 105.962166900992656, 9.638966499433307 ], [ 105.961092600993553, 9.638724299432807 ], [ 105.960070800994075, 9.637936699432499 ], [ 105.959029400994581, 9.637033599432222 ], [ 105.957922200995128, 9.636154599431899 ], [ 105.956924700995557, 9.63518189943167 ], [ 105.954567800998234, 9.635964199430161 ], [ 105.953334000998041, 9.633547199430254 ], [ 105.950807101002198, 9.636718299427903 ], [ 105.947577901007477, 9.64073459942491 ], [ 105.960141401003028, 9.654262699427429 ], [ 105.964647500995454, 9.648254899431736 ], [ 105.965047600993756, 9.645861999432697 ] ] ] } },
{ "type": "Feature", "properties": { "id": "osm_way_773079170", "name_vi": "Khu công nghiệp Thốt Nốt", "name_en": null, "aliases": null, "category": "industrial_park", "province_code": "92", "province_en": "Can Tho", "former_province_code": "92", "status": "unknown", "area_ha": 79.393014018957615, "developer": null, "website": null, "geometry_type": "polygon", "location_accuracy": "site", "part_count": 1, "osm_ids": "osm_way_773079170", "source": "OpenStreetMap", "source_url": "https://www.openstreetmap.org/way/773079170", "verified_on": "2026-08-31", "attribute_source": "osm", "geometry_observed_on": "2026-08-31" }, "geometry": { "type": "Polygon", "coordinates": [ [ [ 105.499621101805673, 10.315284398975061 ], [ 105.499651101805583, 10.3151826989751 ], [ 105.499772401805231, 10.314771498975297 ], [ 105.49848500180623, 10.314336098974747 ], [ 105.498104101806604, 10.314341398974539 ], [ 105.497927101806795, 10.314404698974426 ], [ 105.497771501806923, 10.314396798974347 ], [ 105.497117001807453, 10.314214698974055 ], [ 105.497114401807437, 10.31417249897407 ], [ 105.495832301808434, 10.313773998973499 ], [ 105.495802801808566, 10.313966698973427 ], [ 105.492364201811313, 10.313040398971879 ], [ 105.491371301811483, 10.311651098971794 ], [ 105.491119601811548, 10.311298798971766 ], [ 105.486956801817158, 10.314338698968605 ], [ 105.486838801817527, 10.31477149896841 ], [ 105.486814701817579, 10.314832198968377 ], [ 105.487654201816923, 10.315088198968748 ], [ 105.48748790181746, 10.315750498968457 ], [ 105.487618901817342, 10.31578119896851 ], [ 105.487968001817066, 10.315863998968673 ], [ 105.4878817018174, 10.316316698968484 ], [ 105.488719001816719, 10.316550098968859 ], [ 105.488654701816884, 10.316740098968767 ], [ 105.490044101815826, 10.317156998969377 ], [ 105.490062801815753, 10.317098998969401 ], [ 105.491831101814341, 10.317602298970188 ], [ 105.491388201815653, 10.319172198969465 ], [ 105.491323501815842, 10.319405298969365 ], [ 105.49100160181689, 10.320766998968761 ], [ 105.491151801816912, 10.321104698968741 ], [ 105.493572201815013, 10.321792198969826 ], [ 105.494060001814631, 10.321930798970033 ], [ 105.496398101810996, 10.319367998972076 ], [ 105.497846401808459, 10.317288698973492 ], [ 105.4979513018083, 10.317170298973585 ], [ 105.498085201808095, 10.317018998973701 ], [ 105.49839330180761, 10.316671098973973 ], [ 105.499621101805673, 10.315284398975061 ] ] ] } },
{ "type": "Feature", "properties": { "id": "osm_way_597916915", "name_vi": "Khu công nghiệp Trà Nóc", "name_en": null, "aliases": null, "category": "industrial_park", "province_code": "92", "province_en": "Can Tho", "former_province_code": "92", "status": "unknown", "area_ha": 287.74758892998034, "developer": null, "website": null, "geometry_type": "polygon", "location_accuracy": "site", "part_count": 1, "osm_ids": "osm_way_597916915", "source": "OpenStreetMap", "source_url": "https://www.openstreetmap.org/way/597916915", "verified_on": "2026-08-31", "attribute_source": "osm", "geometry_observed_on": "2026-08-31" }, "geometry": { "type": "Polygon", "coordinates": [ [ [ 105.716232001480662, 10.099861099157575 ], [ 105.715231001481669, 10.099975399157 ], [ 105.712664701484229, 10.100180599155566 ], [ 105.703393601493559, 10.101173499150301 ], [ 105.70362840149447, 10.103211999149792 ], [ 105.702005601496168, 10.10346289914885 ], [ 105.702158501496072, 10.103579099148893 ], [ 105.70247900149586, 10.103770499149013 ], [ 105.702676201495777, 10.103910499149068 ], [ 105.702785401495703, 10.103991399149097 ], [ 105.70294930149565, 10.104182399149131 ], [ 105.703128101495594, 10.104379199149163 ], [ 105.703222001495931, 10.105163399148973 ], [ 105.702800901496801, 10.106023599148475 ], [ 105.702700801497116, 10.106416899148289 ], [ 105.702692301497251, 10.10665009914822 ], [ 105.702760401497315, 10.106863099148185 ], [ 105.702807601497341, 10.106974899148184 ], [ 105.702829101497358, 10.107065999148162 ], [ 105.702862601497387, 10.107147799148159 ], [ 105.702855901497415, 10.107221799148133 ], [ 105.702853201497462, 10.107282499148111 ], [ 105.702825101497595, 10.10748689914803 ], [ 105.70281700149765, 10.107584799147995 ], [ 105.702759301497792, 10.107712899147923 ], [ 105.702655901497934, 10.107804399147843 ], [ 105.702531301498098, 10.107872699147753 ], [ 105.702091501498572, 10.107999399147479 ], [ 105.701906401498775, 10.108060199147358 ], [ 105.701820601498923, 10.108120899147302 ], [ 105.701793701498957, 10.10818689914726 ], [ 105.701791001499018, 10.108291199147223 ], [ 105.701852701499121, 10.108553899147182 ], [ 105.701917101499205, 10.108807399147134 ], [ 105.701571101499766, 10.109272199146803 ], [ 105.700870401500438, 10.109238799146448 ], [ 105.700745201500524, 10.109202799146384 ], [ 105.700353801500796, 10.109028199146229 ], [ 105.700186901500942, 10.108971699146158 ], [ 105.700092901501037, 10.109007599146095 ], [ 105.700028501501137, 10.109067499146045 ], [ 105.699908501501326, 10.10920019914594 ], [ 105.699701001501623, 10.109361199145775 ], [ 105.699525001501726, 10.109305299145698 ], [ 105.699350401501889, 10.109273699145621 ], [ 105.699200701501994, 10.109202799145562 ], [ 105.69907450150194, 10.108898399145591 ], [ 105.698879801501988, 10.108650199145565 ], [ 105.698694001502176, 10.10866329914546 ], [ 105.69855530150231, 10.108669999145379 ], [ 105.698480701502419, 10.108750799145312 ], [ 105.698225001502664, 10.108761099145179 ], [ 105.698016301502875, 10.108735399145075 ], [ 105.69780760150303, 10.10868909914498 ], [ 105.697541501503224, 10.108591499144868 ], [ 105.697233601503427, 10.108396399144763 ], [ 105.697004001503501, 10.108154899144713 ], [ 105.696790101503552, 10.107892899144682 ], [ 105.696542301503584, 10.107499899144667 ], [ 105.693604901507285, 10.109174499142583 ], [ 105.694173601507259, 10.110109199142595 ], [ 105.68921950151362, 10.113091699139016 ], [ 105.689703701513594, 10.11388319913903 ], [ 105.690568701513513, 10.115192299139085 ], [ 105.690080501514657, 10.116483499138422 ], [ 105.690891901514647, 10.11784069913843 ], [ 105.690570701515085, 10.118031499138198 ], [ 105.690789801515052, 10.118368599138213 ], [ 105.690925401514889, 10.118313299138304 ], [ 105.691081001514888, 10.118587999138301 ], [ 105.691448401514421, 10.118384599138563 ], [ 105.6917676015144, 10.118851999138585 ], [ 105.692081401514145, 10.118925899138732 ], [ 105.6922612015141, 10.119152999138757 ], [ 105.691907101514545, 10.119366899138504 ], [ 105.692051901514503, 10.119556999138519 ], [ 105.692560201514567, 10.120513999138494 ], [ 105.694342601513071, 10.12090499913932 ], [ 105.694463201513031, 10.12101989913935 ], [ 105.698333701507934, 10.118442699142227 ], [ 105.700117301505401, 10.116942899143645 ], [ 105.703024901501351, 10.114587599145924 ], [ 105.7059914014973, 10.11234839914821 ], [ 105.709322701492511, 10.109438499150897 ], [ 105.715320101483613, 10.103613399155918 ], [ 105.716728501481427, 10.102125799157124 ], [ 105.716663901481468, 10.102060699157118 ], [ 105.717075901480882, 10.101731599157443 ], [ 105.71718170148074, 10.101647099157521 ], [ 105.717524901480175, 10.101234199157831 ], [ 105.718273201479164, 10.100669099158409 ], [ 105.718646001478518, 10.100140999158777 ], [ 105.719260301477689, 10.09969469915924 ], [ 105.719517801477153, 10.09915069915955 ], [ 105.719904001476621, 10.098881399159843 ], [ 105.720243301476103, 10.09848979916014 ], [ 105.720075001476118, 10.098261099160123 ], [ 105.719832901476423, 10.09839079915996 ], [ 105.719657901476452, 10.098139999159937 ], [ 105.720142101475773, 10.097754399160316 ], [ 105.719885501475773, 10.097306599160321 ], [ 105.719645101476061, 10.09744719916015 ], [ 105.719521501476095, 10.097225299160149 ], [ 105.716232001480662, 10.099861099157575 ] ] ] } },
{ "type": "Feature", "properties": { "id": "osm_way_1499785995", "name_vi": "Khu Công nghiệp Việt Nam - Tân Gia Ba", "name_en": null, "aliases": null, "category": "industrial_park", "province_code": "92", "province_en": "Can Tho", "former_province_code": "92", "status": "unknown", "area_ha": 110.31974735117961, "developer": null, "website": null, "geometry_type": "polygon", "location_accuracy": "site", "part_count": 1, "osm_ids": "osm_way_1499785995", "source": "OpenStreetMap", "source_url": "https://www.openstreetmap.org/way/1499785995", "verified_on": "2026-08-31", "attribute_source": "osm", "geometry_observed_on": "2026-08-31" }, "geometry": { "type": "Polygon", "coordinates": [ [ [ 105.458818301833048, 10.294754598959702 ], [ 105.462201501827707, 10.290895298962704 ], [ 105.467807501825376, 10.296301898964007 ], [ 105.471251801820273, 10.292996398966865 ], [ 105.469477201820567, 10.290477698966704 ], [ 105.465615801822139, 10.286728498965809 ], [ 105.466925901820048, 10.285176998966991 ], [ 105.465224501820629, 10.283317098966654 ], [ 105.462829501823848, 10.285030498964852 ], [ 105.455407801833857, 10.29033349895926 ], [ 105.458710101832608, 10.293747498959954 ], [ 105.458316401833216, 10.294174498959618 ], [ 105.458818301833048, 10.294754598959702 ] ] ] } },
{ "type": "Feature", "properties": { "id": "osm_way_1041342437", "name_vi": "Khu công nghiệp Trà Kha", "name_en": null, "aliases": null, "category": "industrial_park", "province_code": "96", "province_en": "Ca Mau", "former_province_code": "95", "status": "unknown", "area_ha": 63.20557867714119, "developer": null, "website": null, "geometry_type": "polygon", "location_accuracy": "site", "part_count": 1, "osm_ids": "osm_way_1041342437", "source": "OpenStreetMap", "source_url": "https://www.openstreetmap.org/way/1041342437", "verified_on": "2026-08-31", "attribute_source": "osm", "geometry_observed_on": "2026-08-31" }, "geometry": { "type": "Polygon", "coordinates": [ [ [ 105.690333900703507, 9.298364199596005 ], [ 105.688383400705376, 9.298391199594951 ], [ 105.688115000706247, 9.299594599594432 ], [ 105.697832200700105, 9.304994399597957 ], [ 105.698150100699891, 9.305143699598078 ], [ 105.698484000699651, 9.305286899598213 ], [ 105.70040960069818, 9.305920499599043 ], [ 105.699316600694843, 9.29793339960097 ], [ 105.695215000698795, 9.298135799598697 ], [ 105.695210200698867, 9.29825139959866 ], [ 105.694704500699359, 9.298265199598385 ], [ 105.694424700699642, 9.298326499598215 ], [ 105.694082100699987, 9.29832729959803 ], [ 105.694074900699903, 9.29818339959807 ], [ 105.693005400700926, 9.298221699597484 ], [ 105.69288110070147, 9.299042899597163 ], [ 105.692125200702222, 9.299097999596739 ], [ 105.69100640070323, 9.299024799596163 ], [ 105.690949000703483, 9.299359899596023 ], [ 105.690216300704108, 9.299227499595673 ], [ 105.690333900703507, 9.298364199596005 ] ] ] } },
{ "type": "Feature", "properties": { "id": "osm_way_481199146", "name_vi": "KCN Du Long", "name_en": null, "aliases": "Khu công nghiệp Du Long", "category": "industrial_park", "province_code": "56", "province_en": "Khanh Hoa", "former_province_code": "58", "status": "unknown", "area_ha": null, "developer": null, "website": null, "geometry_type": "point", "location_accuracy": "locality", "part_count": 1, "osm_ids": "osm_way_481199146", "source": "Invest Vietnam + OpenStreetMap", "source_url": "https://www.openstreetmap.org/way/481199146", "verified_on": "2026-09-10", "attribute_source": "official_name_osm_location", "geometry_observed_on": "2026-08-11" }, "geometry": { "type": "Point", "coordinates": [ 109.048944, 11.695097 ] } },
{ "type": "Feature", "properties": { "id": "osm_node_4932620821", "name_vi": "Khu công nghiệp Sa Đéc", "name_en": null, "aliases": "Khu công nghiệp Sa Đéc", "category": "industrial_park", "province_code": "82", "province_en": "Dong Thap", "former_province_code": "87", "status": "unknown", "area_ha": null, "developer": null, "website": null, "geometry_type": "point", "location_accuracy": "locality", "part_count": 1, "osm_ids": "osm_node_4932620821", "source": "Invest Vietnam + OpenStreetMap", "source_url": "https://www.openstreetmap.org/node/4932620821", "verified_on": "2026-09-10", "attribute_source": "official_name_osm_location", "geometry_observed_on": "2026-08-11" }, "geometry": { "type": "Point", "coordinates": [ 105.751827, 10.31642 ] } },
{ "type": "Feature", "properties": { "id": "osm_node_9123506699", "name_vi": "Khu công nghiệp Thạnh Phú", "name_en": null, "aliases": "Khu công nghiệp Thạnh Phú", "category": "industrial_park", "province_code": "75", "province_en": "Dong Nai", "former_province_code": "75", "status": "unknown", "area_ha": null, "developer": null, "website": null, "geometry_type": "point", "location_accuracy": "locality", "part_count": 3, "osm_ids": "osm_node_9123506699|osm_node_9123888735|osm_way_1178316022", "source": "Invest Vietnam + OpenStreetMap", "source_url": "https://www.openstreetmap.org/node/9123506699", "verified_on": "2026-09-10", "attribute_source": "official_name_osm_location", "geometry_observed_on": "2026-08-11" }, "geometry": { "type": "Point", "coordinates": [ 106.849458, 11.004949 ] } },
{ "type": "Feature", "properties": { "id": "osm_way_954616629", "name_vi": "Khu công nghiệp Nhân Cơ", "name_en": null, "aliases": "Khu công nghiệp Nhân Cơ", "category": "industrial_park", "province_code": "68", "province_en": "Lam Dong", "former_province_code": "67", "status": "unknown", "area_ha": null, "developer": null, "website": null, "geometry_type": "point", "location_accuracy": "locality", "part_count": 2, "osm_ids": "osm_way_954616629|osm_way_954616633", "source": "Invest Vietnam + OpenStreetMap", "source_url": "https://www.openstreetmap.org/way/954616629", "verified_on": "2026-09-10", "attribute_source": "official_name_osm_location", "geometry_observed_on": "2026-08-11" }, "geometry": { "type": "Point", "coordinates": [ 107.611645, 11.975897 ] } },
{ "type": "Feature", "properties": { "id": "osm_way_1329248314", "name_vi": "Khu công nghiệp Nam Pleiku", "name_en": null, "aliases": "Khu công nghiệp Nam Pleiku", "category": "industrial_park", "province_code": "52", "province_en": "Gia Lai", "former_province_code": "64", "status": "unknown", "area_ha": null, "developer": null, "website": null, "geometry_type": "point", "location_accuracy": "locality", "part_count": 5, "osm_ids": "osm_way_1329248314|osm_way_1329248315|osm_way_1344537316|osm_way_1344537317|osm_way_1346869310", "source": "Invest Vietnam + OpenStreetMap", "source_url": "https://www.openstreetmap.org/way/1329248314", "verified_on": "2026-09-10", "attribute_source": "official_name_osm_location", "geometry_observed_on": "2026-08-11" }, "geometry": { "type": "Point", "coordinates": [ 108.003187, 13.841808 ] } }
]
}
