"id","name_vi","name_en","aliases","category","province_code","province_en","former_province_code","status","area_ha","developer","website","geometry_type","location_accuracy","part_count","osm_ids","source","source_url","verified_on","attribute_source","geometry_observed_on","longitude","latitude"
"osm_relation_19849694","Khu Công nghệ cao Hòa Lạc","Hoa Lac Hi-Tech Park","Hoa Lac Hi-Tech Park","hi_tech_park","01","Ha Noi","01","unknown",1075.36934472079,,,"polygon","site",1,"osm_relation_19849694","OpenStreetMap","https://www.openstreetmap.org/relation/19849694",2026-08-31,"osm",2026-08-31,105.544040450265,21.0112160460203
"osm_way_1389555876","Cụm công nghiệp Bích Hoà",,,"industrial_cluster","01","Ha Noi","01","unknown",9.74424087936352,,,"polygon","site",1,"osm_way_1389555876","OpenStreetMap","https://www.openstreetmap.org/way/1389555876",2026-08-31,"osm",2026-08-31,105.75921642678,20.908066646142
"osm_way_842611501","Cụm công nghiệp Biên Giang",,,"industrial_cluster","01","Ha Noi","01","unknown",14.5685858345344,,,"polygon","site",1,"osm_way_842611501","OpenStreetMap","https://www.openstreetmap.org/way/842611501",2026-08-31,"osm",2026-08-31,105.715469185269,20.9342820461136
"osm_relation_16130748","Cụm công nghiệp Bình Phú I",,,"industrial_cluster","01","Ha Noi","01","unknown",16.4670550524821,,,"polygon","site",1,"osm_relation_16130748","OpenStreetMap","https://www.openstreetmap.org/relation/16130748",2026-08-31,"osm",2026-08-31,105.604010645872,21.0260495960391
"osm_way_1345355014","Cụm công nghiệp Cầu Nổi",,,"industrial_cluster","01","Ha Noi","01","unknown",12.7265691708733,,,"polygon","site",1,"osm_way_1345355014","OpenStreetMap","https://www.openstreetmap.org/way/1345355014",2026-08-31,"osm",2026-08-31,105.731692896671,21.0148481960996
"osm_way_1389555875","Cụm công nghiệp Chàng Sơn",,,"industrial_cluster","01","Ha Noi","01","unknown",16.4959503294273,,,"polygon","site",1,"osm_way_1389555875","OpenStreetMap","https://www.openstreetmap.org/way/1389555875",2026-08-31,"osm",2026-08-31,105.590447482366,21.0370099960305
"osm_way_1389555880","Cụm công nghiệp Đắc Sở",,,"industrial_cluster","01","Ha Noi","01","unknown",5.38503514198801,,,"polygon","site",1,"osm_way_1389555880","OpenStreetMap","https://www.openstreetmap.org/way/1389555880",2026-08-31,"osm",2026-08-31,105.694841629557,21.031573646079
"osm_way_1345355008","Cụm công nghiệp Di Trạch",,,"industrial_cluster","01","Ha Noi","01","unknown",10.6376196259787,,,"polygon","site",1,"osm_way_1345355008","OpenStreetMap","https://www.openstreetmap.org/way/1345355008",2026-08-31,"osm",2026-08-31,105.718264998332,21.0423250960852
"osm_way_1389555878","Cụm công nghiệp Đông Sơn",,,"industrial_cluster","01","Ha Noi","01","unknown",4.57959099943023,,,"polygon","site",1,"osm_way_1389555878","OpenStreetMap","https://www.openstreetmap.org/way/1389555878",2026-08-31,"osm",2026-08-31,105.606406628613,20.9112393960719
"osm_relation_18876246","Cụm công nghiệp Dương Liễu",,,"industrial_cluster","01","Ha Noi","01","unknown",11.5829394096949,,,"polygon","site",1,"osm_relation_18876246","OpenStreetMap","https://www.openstreetmap.org/relation/18876246",2026-08-31,"osm",2026-08-31,105.678428399972,21.0635176960619
"osm_way_1298270127","Cụm công nghiệp Duyên Thái",,,"industrial_cluster","01","Ha Noi","01","unknown",19.7673005783639,,,"polygon","site",1,"osm_way_1298270127","OpenStreetMap","https://www.openstreetmap.org/way/1298270127",2026-08-31,"osm",2026-08-31,105.856572736178,20.901375146188
"osm_way_593793804","Cụm công nghiệp Hà Bình Phương",,,"industrial_cluster","01","Ha Noi","01","unknown",47.1730069098006,,,"polygon","site",1,"osm_way_593793804","OpenStreetMap","https://www.openstreetmap.org/way/593793804",2026-08-31,"osm",2026-08-31,105.872145433247,20.8792327962008
"osm_way_1389555879","Cụm công nghiệp Hồ Điền",,,"industrial_cluster","01","Ha Noi","01","unknown",12.9005235860092,,,"polygon","site",1,"osm_way_1389555879","OpenStreetMap","https://www.openstreetmap.org/way/1389555879",2026-08-31,"osm",2026-08-31,105.72522979315,21.1015633460726
"osm_way_1389555874","Cụm công nghiệp Kim Quan",,,"industrial_cluster","01","Ha Noi","01","unknown",12.7234991559683,,,"polygon","site",1,"osm_way_1389555874","OpenStreetMap","https://www.openstreetmap.org/way/1389555874",2026-08-31,"osm",2026-08-31,105.585559042804,21.0443022960256
"osm_relation_18458660","Cụm công nghiệp La Phù",,,"industrial_cluster","01","Ha Noi","01","unknown",13.6233138971092,,,"polygon","site",1,"osm_relation_18458660","OpenStreetMap","https://www.openstreetmap.org/relation/18458660",2026-08-31,"osm",2026-08-31,105.730073931693,20.9872327461068
"osm_way_632763524","Cụm công nghiệp Lai Xá",,,"industrial_cluster","01","Ha Noi","01","unknown",32.1928621149304,,,"polygon","site",1,"osm_way_632763524","OpenStreetMap","https://www.openstreetmap.org/way/632763524",2026-08-31,"osm",2026-08-31,105.725725928453,21.0613853460841
"osm_way_1230260364","Cụm công nghiệp Lại Yên",,,"industrial_cluster","01","Ha Noi","01","unknown",31.28825615464,,,"polygon","site",1,"osm_way_1230260364","OpenStreetMap","https://www.openstreetmap.org/way/1230260364",2026-08-31,"osm",2026-08-31,105.71859784093,21.0227851460917
"osm_node_12672418260","Cụm Công Nghiệp Lam Điền",,,"industrial_cluster","01","Ha Noi","01","unknown",,,,"point","locality",1,"osm_node_12672418260","OpenStreetMap","https://www.openstreetmap.org/node/12672418260",2026-08-31,"osm",2026-08-31,105.7280393,20.8921864
"osm_way_1389555865","Cụm công nghiệp làng nghề Bát Tràng",,,"industrial_cluster","01","Ha Noi","01","unknown",15.7892510472471,,,"polygon","site",1,"osm_way_1389555865","OpenStreetMap","https://www.openstreetmap.org/way/1389555865",2026-08-31,"osm",2026-08-31,105.922557889907,20.9767475961977
"osm_way_1458080168","Cụm công nghiệp làng nghề cơ khí - mộc Nguyên Hanh",,,"industrial_cluster","01","Ha Noi","01","unknown",7.12557693518692,,,"polygon","site",1,"osm_way_1458080168","OpenStreetMap","https://www.openstreetmap.org/way/1458080168",2026-08-31,"osm",2026-08-31,105.897821749378,20.7770982962413
"osm_way_1389555864","Cụm công nghiệp làng nghề Đại Thắng",,,"industrial_cluster","01","Ha Noi","01","under_construction",7.45719913036877,,,"polygon","site",1,"osm_way_1389555864","OpenStreetMap","https://www.openstreetmap.org/way/1389555864",2026-08-31,"osm",2026-08-31,105.873778629978,20.7752891462311
"osm_way_1389555863","Cụm công nghiệp làng nghề Phú Túc",,,"industrial_cluster","01","Ha Noi","01","unknown",7.23140280130256,,,"polygon","site",1,"osm_way_1389555863","OpenStreetMap","https://www.openstreetmap.org/way/1389555863",2026-08-31,"osm",2026-08-31,105.809721929053,20.7622285962057
"osm_way_1370236504","Cụm công nghiệp làng nghề Phú Yên",,,"industrial_cluster","01","Ha Noi","01","under_construction",13.3729541022198,,,"polygon","site",1,"osm_way_1370236504","OpenStreetMap","https://www.openstreetmap.org/way/1370236504",2026-08-31,"osm",2026-08-31,105.907658171547,20.6994208462684
"osm_way_759194964","Cụm công nghiệp làng nghề Tân Triều",,,"industrial_cluster","01","Ha Noi","01","unknown",7.32544782649583,,,"polygon","site",1,"osm_way_759194964","OpenStreetMap","https://www.openstreetmap.org/way/759194964",2026-08-31,"osm",2026-08-31,105.807198839609,20.9756751461449
"osm_way_1389431587","Cụm công nghiệp làng nghề xã Kiêu Kỵ",,,"industrial_cluster","01","Ha Noi","01","unknown",10.8171052060718,,,"polygon","site",1,"osm_way_1389431587","OpenStreetMap","https://www.openstreetmap.org/way/1389431587",2026-08-31,"osm",2026-08-31,105.955333583609,20.985981196209
"osm_way_560585167","Cụm công nghiệp Liên Hà",,,"industrial_cluster","01","Ha Noi","01","unknown",17.7151991400918,,,"polygon","site",1,"osm_way_560585167","OpenStreetMap","https://www.openstreetmap.org/way/560585167",2026-08-31,"osm",2026-08-31,105.708463540704,21.1110069960627
"osm_way_1389555877","Cụm công nghiệp Liên Hà",,,"industrial_cluster","01","Ha Noi","01","unknown",2.90114128708603,,,"polygon","site",1,"osm_way_1389555877","OpenStreetMap","https://www.openstreetmap.org/way/1389555877",2026-08-31,"osm",2026-08-31,105.902851242664,21.136838546143
"osm_way_1458203103","Cụm công nghiệp Liên Hà 2",,,"industrial_cluster","01","Ha Noi","01","unknown",20.8388024989156,,,"polygon","site",1,"osm_way_1458203103","OpenStreetMap","https://www.openstreetmap.org/way/1458203103",2026-08-31,"osm",2026-08-31,105.890461177573,21.1439489461361
"osm_way_1345355003","Cụm công nghiệp Liên Hiệp",,,"industrial_cluster","01","Ha Noi","01","unknown",3.36225601104512,,,"polygon","site",1,"osm_way_1345355003","OpenStreetMap","https://www.openstreetmap.org/way/1345355003",2026-08-31,"osm",2026-08-31,105.64358184305,21.0447140460517
"osm_relation_20618281","Cụm công nghiệp Liên Phương",,,"industrial_cluster","01","Ha Noi","01","unknown",17.1434918046776,,,"polygon","site",1,"osm_relation_20618281","OpenStreetMap","https://www.openstreetmap.org/relation/20618281",2026-08-31,"osm",2026-08-31,105.885758885701,20.87004514621
"osm_way_1105528602","Cụm công nghiệp Ngọc Hoà",,,"industrial_cluster","01","Ha Noi","01","unknown",11.6386383732236,,,"polygon","site",1,"osm_way_1105528602","OpenStreetMap","https://www.openstreetmap.org/way/1105528602",2026-08-31,"osm",2026-08-31,105.696536231635,20.922038896109
"osm_way_251931709","Cụm công nghiệp Ngọc Hồi",,,"industrial_cluster","01","Ha Noi","01","unknown",55.8769534025113,,,"polygon","site",1,"osm_way_251931709","OpenStreetMap","https://www.openstreetmap.org/way/251931709",2026-08-31,"osm",2026-08-31,105.848757892507,20.9154698961794
"osm_way_1348434387","Cụm công nghiệp Ngọc Liệp",,,"industrial_cluster","01","Ha Noi","01","unknown",23.1462641951776,,,"polygon","site",1,"osm_way_1348434387","OpenStreetMap","https://www.openstreetmap.org/way/1348434387",2026-08-31,"osm",2026-08-31,105.604795929181,21.0023531960441
"osm_way_1389555869","Cụm công nghiệp Ngọc Sơn",,,"industrial_cluster","01","Ha Noi","01","unknown",14.2237181358097,,,"polygon","site",1,"osm_way_1389555869","OpenStreetMap","https://www.openstreetmap.org/way/1389555869",2026-08-31,"osm",2026-08-31,105.712296613165,20.9237991961164
"osm_way_1330108881","Cụm công nghiệp Nguyên Khê",,,"industrial_cluster","01","Ha Noi","01","unknown",98.0153910030698,,,"polygon","site",1,"osm_way_1330108881","OpenStreetMap","https://www.openstreetmap.org/way/1330108881",2026-08-31,"osm",2026-08-31,105.833287070412,21.1702672961025
"osm_way_693979021","Cụm công nghiệp Ninh Hiệp",,,"industrial_cluster","01","Ha Noi","01","unknown",62.0285559361866,,,"polygon","site",1,"osm_way_693979021","OpenStreetMap","https://www.openstreetmap.org/way/693979021",2026-08-31,"osm",2026-08-31,105.951908535896,21.0717671961831
"osm_way_1416954379","Cụm công nghiệp Ô tô Nguyên Khê",,,"industrial_cluster","01","Ha Noi","01","unknown",18.7844262876318,,,"polygon","site",1,"osm_way_1416954379","OpenStreetMap","https://www.openstreetmap.org/way/1416954379",2026-08-31,"osm",2026-08-31,105.854132308006,21.1755558961099
"osm_way_351035451","Cụm công nghiệp Phú Minh",,,"industrial_cluster","01","Ha Noi","01","unknown",34.083057687464,,,"polygon","site",1,"osm_way_351035451","OpenStreetMap","https://www.openstreetmap.org/way/351035451",2026-08-31,"osm",2026-08-31,105.762366696446,21.0622654461009
"osm_way_1189779471","Cụm công nghiệp Phú Thị",,,"industrial_cluster","01","Ha Noi","01","unknown",33.6770986849569,,,"polygon","site",1,"osm_way_1189779471","OpenStreetMap","https://www.openstreetmap.org/way/1189779471",2026-08-31,"osm",2026-08-31,105.959537866011,21.0127848962034
"osm_way_1389555866","Cụm công nghiệp Phú Thịnh",,,"industrial_cluster","01","Ha Noi","01","unknown",8.23546430382029,,,"polygon","site",1,"osm_way_1389555866","OpenStreetMap","https://www.openstreetmap.org/way/1389555866",2026-08-31,"osm",2026-08-31,105.500180149774,21.1475181459591
"osm_way_741264059","Cụm công nghiệp Phùng",,,"industrial_cluster","01","Ha Noi","01","unknown",35.3434896424689,,,"polygon","site",1,"osm_way_741264059","OpenStreetMap","https://www.openstreetmap.org/way/741264059",2026-08-31,"osm",2026-08-31,105.676438983424,21.0911255960544
"osm_way_1192433611","Cụm công nghiệp Phùng Xá",,,"industrial_cluster","01","Ha Noi","01","unknown",11.4883330853739,,,"polygon","site",1,"osm_way_1192433611","OpenStreetMap","https://www.openstreetmap.org/way/1192433611",2026-08-31,"osm",2026-08-31,105.617002920862,21.0162835960487
"osm_way_1188779455","Cụm công nghiệp Quất Động",,,"industrial_cluster","01","Ha Noi","01","unknown",70.7195287297948,,,"polygon","site",1,"osm_way_1188779455","OpenStreetMap","https://www.openstreetmap.org/way/1188779455",2026-08-31,"osm",2026-08-31,105.867988203763,20.8449161962085
"osm_way_1389555862","Cụm công nghiệp Song Phượng",,,"industrial_cluster","01","Ha Noi","01","under_construction",7.08519535542968,,,"polygon","site",1,"osm_way_1389555862","OpenStreetMap","https://www.openstreetmap.org/way/1389555862",2026-08-31,"osm",2026-08-31,105.66782291401,21.0778954460535
"osm_way_595927298","Cụm công nghiệp Thanh Oai",,,"industrial_cluster","01","Ha Noi","01","unknown",53.7108937781582,,,"polygon","site",1,"osm_way_595927298","OpenStreetMap","https://www.openstreetmap.org/way/595927298",2026-08-31,"osm",2026-08-31,105.754087054258,20.9265199461345
"osm_relation_17036129","Cụm Công nghiệp Thanh Oai - Xuân Đỉnh","Thanh Oai Industrial Cluster - Xuan Dinh Ward","Thanh Oai Industrial Cluster - Xuan Dinh Ward","industrial_cluster","01","Ha Noi","01","unknown",,"Trung tâm Tân Đạt",,"point","locality",1,"osm_relation_17036129","OpenStreetMap","https://www.openstreetmap.org/relation/17036129",2026-08-31,"osm",2026-08-31,105.7820239,20.9977715
"osm_way_1370166337","Cụm công nghiệp Thanh Thuỳ",,,"industrial_cluster","01","Ha Noi","01","unknown",5.34739974017105,,,"polygon","site",1,"osm_way_1370166337","OpenStreetMap","https://www.openstreetmap.org/way/1370166337",2026-08-31,"osm",2026-08-31,105.801537720967,20.8721703961712
"osm_way_1436050210","Cụm công nghiệp thực phẩm Hapro",,,"industrial_cluster","01","Ha Noi","01","unknown",25.5471999072623,,,"polygon","site",1,"osm_way_1436050210","OpenStreetMap","https://www.openstreetmap.org/way/1436050210",2026-08-31,"osm",2026-08-31,106.012346317802,21.0327467962225
"osm_way_1345355012","Cụm công nghiệp Trường An",,,"industrial_cluster","01","Ha Noi","01","unknown",11.3548046845346,,,"polygon","site",1,"osm_way_1345355012","OpenStreetMap","https://www.openstreetmap.org/way/1345355012",2026-08-31,"osm",2026-08-31,105.72711828405,20.9972150461015
"osm_way_1389555867","Cụm công nghiệp Vân Hà",,,"industrial_cluster","01","Ha Noi","01","unknown",4.93928111271886,,,"polygon","site",1,"osm_way_1389555867","OpenStreetMap","https://www.openstreetmap.org/way/1389555867",2026-08-31,"osm",2026-08-31,105.914545055649,21.142089646147
"osm_way_1345355007","Cụm công nghiệp Võng Xuyên",,,"industrial_cluster","01","Ha Noi","01","under_construction",5.83462905869725,,,"polygon","site",1,"osm_way_1345355007","OpenStreetMap","https://www.openstreetmap.org/way/1345355007",2026-08-31,"osm",2026-08-31,105.545623844344,21.1245541959854
"osm_relation_18027474","Cụm công nghiệp vừa và nhỏ Từ Liêm",,,"industrial_cluster","01","Ha Noi","01","unknown",63.3270516796759,,,"polygon","site",1,"osm_relation_18027474","OpenStreetMap","https://www.openstreetmap.org/relation/18027474",2026-08-31,"osm",2026-08-31,105.740359190027,21.0447697460939
"osm_way_1389555873","Cụm công nghiệp Yên Sơn",,,"industrial_cluster","01","Ha Noi","01","unknown",8.3203213223763,,,"polygon","site",1,"osm_way_1389555873","OpenStreetMap","https://www.openstreetmap.org/way/1389555873",2026-08-31,"osm",2026-08-31,105.651572243476,21.005165346066
"osm_way_1230260365","Khu công nghiệp An Ninh",,,"industrial_park","01","Ha Noi","01","unknown",8.04740851923011,,,"polygon","site",1,"osm_way_1230260365","OpenStreetMap","https://www.openstreetmap.org/way/1230260365",2026-08-31,"osm",2026-08-31,105.722302831634,21.0219797960937
"osm_way_384465529","Khu công nghiệp Bắc Thăng Long",,,"industrial_park","01","Ha Noi","01","unknown",296.803388529954,,,"polygon","site",1,"osm_way_384465529","OpenStreetMap","https://www.openstreetmap.org/way/384465529",2026-08-31,"osm",2026-08-31,105.772988589315,21.1166128460901
"osm_relation_12993849","Khu công nghiệp Bắc Thăng Long - Bến xe Gia Lâm","Bac Thang Long Industrial Park - Gia Lam Bus Station","Bac Thang Long Industrial Park - Gia Lam Bus Station","industrial_park","01","Ha Noi","01","unknown",,"Công ty Cổ phẩn xe khách Hà Nội",,"point","locality",1,"osm_relation_12993849","OpenStreetMap","https://www.openstreetmap.org/relation/12993849",2026-08-31,"osm",2026-08-31,105.83473335,21.0865369
"osm_relation_17054991","Khu công nghiệp Bắc Thăng Long - Tiến Thịnh (Mê Linh)","Bac Thang Long Industrial Park - Tien Thinh (Yen Lang Commune)","Bac Thang Long Industrial Park - Tien Thinh (Yen Lang Commune)","industrial_park","01","Ha Noi","01","unknown",,"Xí nghiệp Xe buýt Yên Viên",,"point","locality",1,"osm_relation_17054991","OpenStreetMap","https://www.openstreetmap.org/relation/17054991",2026-08-31,"osm",2026-08-31,105.71199185,21.17472635
"osm_way_1024692744","Khu công nghiệp Cầu Giáo",,,"industrial_park","01","Ha Noi","01","unknown",21.1634488636106,,,"polygon","site",1,"osm_way_1024692744","OpenStreetMap","https://www.openstreetmap.org/way/1024692744",2026-08-31,"osm",2026-08-31,105.656248913822,21.0952612460429
"osm_way_637656011","Khu công nghiệp Dương Xá A",,,"industrial_park","01","Ha Noi","01","unknown",37.9599273789417,,,"polygon","site",1,"osm_way_637656011","OpenStreetMap","https://www.openstreetmap.org/way/637656011",2026-08-31,"osm",2026-08-31,105.962756119105,21.0091276462058
"osm_way_908338997","Khu công nghiệp Hà Nội - Đài Tư","Hanoi – Dai Tu Industrial Park","Hanoi – Dai Tu Industrial Park","industrial_park","01","Ha Noi","01","unknown",40.0409623439992,,,"polygon","site",1,"osm_way_908338997","OpenStreetMap","https://www.openstreetmap.org/way/908338997",2026-08-31,"osm",2026-08-31,105.924575044101,21.0310622961826
"osm_way_1493788014","Khu công nghiệp Hoàng Mai",,"Khu công nghiệp Vĩnh Tuy;Khu công nghiệp Lĩnh Nam|Cụm tiểu thủ công nghiệp Hai Bà Trưng;Khu công nghiệp Hai Bà Trưng;Cụm công nghiệp Hoàng Mai","industrial_park","01","Ha Noi","01","unknown",19.5685648174726,,,"polygon","site",2,"osm_way_1493788014|osm_way_1527128710","OpenStreetMap","https://www.openstreetmap.org/way/1493788014",2026-08-31,"osm",2026-08-31,105.867882671898,20.9830018961693
"osm_way_676033260","Khu công nghiệp Nam Thăng Long",,,"industrial_park","01","Ha Noi","01","unknown",30.6353514556048,,,"polygon","site",1,"osm_way_676033260","OpenStreetMap","https://www.openstreetmap.org/way/676033260",2026-08-31,"osm",2026-08-31,105.761560415507,21.0809965960948
"osm_way_642234178","Khu công nghiệp Nội Bài",,,"industrial_park","01","Ha Noi","01","unknown",114.829842509182,,,"polygon","site",1,"osm_way_642234178","OpenStreetMap","https://www.openstreetmap.org/way/642234178",2026-08-31,"osm",2026-08-31,105.812985263452,21.2326108460787
"osm_way_842611500","Khu công nghiệp Phú Nghĩa",,,"industrial_park","01","Ha Noi","01","unknown",172.69250577749,,,"polygon","site",1,"osm_way_842611500","OpenStreetMap","https://www.openstreetmap.org/way/842611500",2026-08-31,"osm",2026-08-31,105.668565853799,20.9298322460921
"osm_relation_17047068","Khu công nghiệp Phú Nghĩa - Nam Thăng Long","Phu Nghia Industrial Park - Nam Thang Long Bus Interchange","Phu Nghia Industrial Park - Nam Thang Long Bus Interchange","industrial_park","01","Ha Noi","01","unknown",,"Công ty Bảo Yến",,"point","locality",1,"osm_relation_17047068","OpenStreetMap","https://www.openstreetmap.org/relation/17047068",2026-08-31,"osm",2026-08-31,105.7221857,21.00761105
"osm_way_597870255","Khu công nghiệp Quang Minh",,,"industrial_park","01","Ha Noi","01","unknown",314.7574719756,,,"polygon","site",1,"osm_way_597870255","OpenStreetMap","https://www.openstreetmap.org/way/597870255",2026-08-31,"osm",2026-08-31,105.76554083745,21.1925736460656
"osm_way_28475336","Khu công nghiệp Sài Đồng B","Sai Dong B Industrial Park","Sai Dong B Industrial Park","industrial_park","01","Ha Noi","01","unknown",68.0184330674637,,,"polygon","site",1,"osm_way_28475336","OpenStreetMap","https://www.openstreetmap.org/way/28475336",2026-08-31,"osm",2026-08-31,105.903278134136,21.0299366961712
"osm_relation_16130747","Khu công nghiệp Thạch Thất - Quốc Oai",,,"industrial_park","01","Ha Noi","01","unknown",157.284620870284,,,"polygon","site",1,"osm_relation_16130747","OpenStreetMap","https://www.openstreetmap.org/relation/16130747",2026-08-31,"osm",2026-08-31,105.632920802072,21.0093934960542
"osm_way_1524898082","Khu công nghiệp Vĩnh Hoàng",,,"industrial_park","01","Ha Noi","01","unknown",1.37460324520361,,,"polygon","site",1,"osm_way_1524898082","OpenStreetMap","https://www.openstreetmap.org/way/1524898082",2026-08-31,"osm",2026-08-31,105.871109771882,20.9842629961713
"osm_way_1487151130","Khu công nghiệp Chu Trinh",,,"industrial_park","04","Cao Bang","04","unknown",56.4632906339218,,,"polygon","site",1,"osm_way_1487151130","OpenStreetMap","https://www.openstreetmap.org/way/1487151130",2026-08-31,"osm",2026-08-31,106.30341072714,22.5906263459193
"osm_way_1417711908","Khu công nghiệp Bình Vàng",,,"industrial_park","08","Tuyen Quang","02","unknown",105.848322744353,,,"polygon","site",1,"osm_way_1417711908","OpenStreetMap","https://www.openstreetmap.org/way/1417711908",2026-08-31,"osm",2026-08-31,104.975334458381,22.7081487453149
"osm_way_886686184","Cụm Công nghiệp Việt Cường 1",,,"industrial_cluster","19","Thai Nguyen","19","unknown",17.4973010640734,,,"polygon","site",1,"osm_way_886686184","OpenStreetMap","https://www.openstreetmap.org/way/886686184",2026-08-31,"osm",2026-08-31,105.803975671887,21.6592650459528
"osm_way_886686617","Cụm Công nghiệp Việt Cường 2",,,"industrial_cluster","19","Thai Nguyen","19","unknown",29.9851955803964,,,"polygon","site",1,"osm_way_886686617","OpenStreetMap","https://www.openstreetmap.org/way/886686617",2026-08-31,"osm",2026-08-31,105.810422656052,21.6533524959582
"osm_way_595823815","Khu công nghiệp Điềm Thụy","Diem Thuy Industrial Zone","Diem Thuy Industrial Zone","industrial_park","19","Thai Nguyen","19","unknown",146.492949762461,,,"polygon","site",1,"osm_way_595823815","OpenStreetMap","https://www.openstreetmap.org/way/595823815",2026-08-31,"osm",2026-08-31,105.889661239767,21.4676975460438
"osm_way_483040802","Khu công nghiệp Gang Thép Thái Nguyên","Thái Nguyên Steel","Thái Nguyên Steel","industrial_park","19","Thai Nguyen","19","unknown",220.15657986144,,,"polygon","site",1,"osm_way_483040802","OpenStreetMap","https://www.openstreetmap.org/way/483040802",2026-08-31,"osm",2026-08-31,105.866609659513,21.5593471960092
"osm_way_483072761","Khu công nghiệp Sông Công I",,,"industrial_park","19","Thai Nguyen","19","unknown",89.7219256706741,,,"polygon","site",2,"osm_way_483072761|osm_way_483072762","OpenStreetMap","https://www.openstreetmap.org/way/483072761",2026-08-31,"osm",2026-08-31,105.868609482215,21.4850562460328
"osm_way_854769497","Khu công nghiệp Sông Công II","Song Cong II Industrial Park","Song Cong II Industrial Park","industrial_park","19","Thai Nguyen","19","unknown",238.641998271187,,,"polygon","site",1,"osm_way_854769497","OpenStreetMap","https://www.openstreetmap.org/way/854769497",2026-08-31,"osm",2026-08-31,105.843818303322,21.5072381960134
"osm_way_1137272848","Khu công nghiệp Thanh Bình",,,"industrial_park","19","Thai Nguyen","06","unknown",41.20006928092,,,"polygon","site",1,"osm_way_1137272848","OpenStreetMap","https://www.openstreetmap.org/way/1137272848",2026-08-31,"osm",2026-08-31,105.804404334961,21.9341144958768
"osm_way_482837619","Khu công nghiệp Yên Bình","Yen Binh Industrial Zone","Yen Binh Industrial Zone","industrial_park","19","Thai Nguyen","19","unknown",406.349164451297,,,"polygon","site",1,"osm_way_482837619","OpenStreetMap","https://www.openstreetmap.org/way/482837619",2026-08-31,"osm",2026-08-31,105.896215585554,21.4342403960537
"osm_relation_19873792","Cụm công nghiệp Phương Nam",,,"industrial_cluster","22","Quang Ninh","22","unknown",62.6786499457814,,,"polygon","site",1,"osm_relation_19873792","OpenStreetMap","https://www.openstreetmap.org/relation/19873792",2026-08-31,"osm",2026-08-31,106.701186676035,21.0103520465432
"osm_way_1342598567","Khu công nghiệp Bắc Tiền Phong",,,"industrial_park","22","Quang Ninh","22","unknown",158.960814458779,,,"polygon","site",1,"osm_way_1342598567","OpenStreetMap","https://www.openstreetmap.org/way/1342598567",2026-08-31,"osm",2026-08-31,106.817959838606,20.88867179663
"osm_relation_19047910","Khu công nghiệp Cái Lân","Cái Lân Industrial Zone","Cái Lân Industrial Zone","industrial_park","22","Quang Ninh","22","unknown",149.909104606652,,,"polygon","site",1,"osm_relation_19047910","OpenStreetMap","https://www.openstreetmap.org/relation/19047910",2026-08-31,"osm",2026-08-31,107.047902275309,20.9769200967148
"osm_way_1183626964","Khu công nghiệp Đông Mai",,,"industrial_park","22","Quang Ninh","22","unknown",156.048083434357,,,"polygon","site",1,"osm_way_1183626964","OpenStreetMap","https://www.openstreetmap.org/way/1183626964",2026-08-31,"osm",2026-08-31,106.833576028132,21.0032335466023
"osm_way_286780042","Khu công nghiệp Hải Hòa",,,"industrial_park","22","Quang Ninh","22","unknown",4.81706766322513,,,"polygon","site",1,"osm_way_286780042","OpenStreetMap","https://www.openstreetmap.org/way/286780042",2026-08-31,"osm",2026-08-31,107.97488120425,21.5259212469831
"osm_way_487991000","Khu công nghiệp Hải Yên",,,"industrial_park","22","Quang Ninh","22","unknown",86.5723631743395,,,"polygon","site",1,"osm_way_487991000","OpenStreetMap","https://www.openstreetmap.org/way/487991000",2026-08-31,"osm",2026-08-31,107.915561913508,21.5397133469518
"osm_way_1183626963","Khu công nghiệp Sông Khoai",,,"industrial_park","22","Quang Ninh","22","unknown",231.170098892456,,,"polygon","site",1,"osm_way_1183626963","OpenStreetMap","https://www.openstreetmap.org/way/1183626963",2026-08-31,"osm",2026-08-31,106.80925882537,20.9815531966046
"osm_relation_19202928","Khu công nghiệp Việt Hưng",,,"industrial_park","22","Quang Ninh","22","unknown",78.6855712495475,,,"polygon","site",1,"osm_relation_19202928","OpenStreetMap","https://www.openstreetmap.org/relation/19202928",2026-08-31,"osm",2026-08-31,106.993680263975,21.0063767466797
"osm_way_690896893","Texhong Vietnam Industrial Zone",,,"industrial_park","22","Quang Ninh","22","unknown",284.245365535179,,,"polygon","site",1,"osm_way_690896893","OpenStreetMap","https://www.openstreetmap.org/way/690896893",2026-08-31,"osm",2026-08-31,107.738234635443,21.4140703969088
"osm_way_1467206617","Cụm CN Thanh Vân - Bắc Giang",,,"industrial_cluster","24","Bac Ninh","24","unknown",55.9082493014662,,,"polygon","site",1,"osm_way_1467206617","OpenStreetMap","https://www.openstreetmap.org/way/1467206617",2026-08-31,"osm",2026-08-31,105.976994272065,21.4038407961002
"osm_way_661161690","Cụm Công nghiệp Châu Khê",,,"industrial_cluster","24","Bac Ninh","27","unknown",14.0210706457206,,,"polygon","site",1,"osm_way_661161690","OpenStreetMap","https://www.openstreetmap.org/way/661161690",2026-08-31,"osm",2026-08-31,105.925217697241,21.117304746159
"osm_way_875632633","Cụm công nghiệp Châu Phong",,,"industrial_cluster","24","Bac Ninh","27","unknown",48.4156737588538,,,"polygon","site",1,"osm_way_875632633","OpenStreetMap","https://www.openstreetmap.org/way/875632633",2026-08-31,"osm",2026-08-31,106.257003386561,21.1220013463077
"osm_way_661161689","Cụm Công nghiệp Đa Hội",,,"industrial_cluster","24","Bac Ninh","27","unknown",9.32724769741241,,,"polygon","site",1,"osm_way_661161689","OpenStreetMap","https://www.openstreetmap.org/way/661161689",2026-08-31,"osm",2026-08-31,105.922891113602,21.1173546961572
"osm_way_1265422060","Cụm công nghiệp đa nghề Đình Bảng",,,"industrial_cluster","24","Bac Ninh","27","unknown",14.7928681761134,,,"polygon","site",1,"osm_way_1265422060","OpenStreetMap","https://www.openstreetmap.org/way/1265422060",2026-08-31,"osm",2026-08-31,105.940343332959,21.1000539961715
"osm_way_1328569917","Cụm công nghiệp dịch vụ làng nghề Apec Đa Hội",,,"industrial_cluster","24","Bac Ninh","27","unknown",14.7154154889939,,,"polygon","site",1,"osm_way_1328569917","OpenStreetMap","https://www.openstreetmap.org/way/1328569917",2026-08-31,"osm",2026-08-31,105.920895306047,21.129776296153
"osm_way_749744617","Cụm công nghiệp Đông Thọ",,,"industrial_cluster","24","Bac Ninh","27","unknown",60.3611405360701,,,"polygon","site",1,"osm_way_749744617","OpenStreetMap","https://www.openstreetmap.org/way/749744617",2026-08-31,"osm",2026-08-31,105.94616168411,21.1793521461506
"osm_node_12672420755","Cụm Công Nghiệp Eco",,,"industrial_cluster","24","Bac Ninh","27","unknown",,,,"point","locality",1,"osm_node_12672420755","OpenStreetMap","https://www.openstreetmap.org/node/12672420755",2026-08-31,"osm",2026-08-31,106.2557329,21.1197158
"osm_way_875632670","Cụm công nghiệp Khắc Niệm",,,"industrial_cluster","24","Bac Ninh","27","unknown",118.108533879403,,,"polygon","site",1,"osm_way_875632670","OpenStreetMap","https://www.openstreetmap.org/way/875632670",2026-08-31,"osm",2026-08-31,106.07152630032,21.1518489962131
"osm_way_1462757216","Cụm Công Nghiệp Làng Nghề Đại Bái (Nghề đồng)",,,"industrial_cluster","24","Bac Ninh","27","unknown",22.6578619700866,,,"polygon","site",1,"osm_way_1462757216","OpenStreetMap","https://www.openstreetmap.org/way/1462757216",2026-08-31,"osm",2026-08-31,106.141434059896,21.0454319962768
"osm_way_1386085012","Cụm Công Nghiệp Mả Ông",,,"industrial_cluster","24","Bac Ninh","27","unknown",5.25921157131437,,,"polygon","site",1,"osm_way_1386085012","OpenStreetMap","https://www.openstreetmap.org/way/1386085012",2026-08-31,"osm",2026-08-31,105.938335282048,21.1082094961676
"osm_way_628689959","Cụm công nghiệp Phong Khê",,,"industrial_cluster","24","Bac Ninh","27","unknown",18.4435275977643,,,"polygon","site",1,"osm_way_628689959","OpenStreetMap","https://www.openstreetmap.org/way/628689959",2026-08-31,"osm",2026-08-31,106.039577932782,21.1673264961956
"osm_way_1451542942","Cụm Công Nghiệp Phú Lâm",,,"industrial_cluster","24","Bac Ninh","27","unknown",23.8930712211891,,,"polygon","site",1,"osm_way_1451542942","OpenStreetMap","https://www.openstreetmap.org/way/1451542942",2026-08-31,"osm",2026-08-31,106.025193722995,21.1686043961894
"osm_way_1461790201","Cụm Công Nghiệp Yên Lư",,,"industrial_cluster","24","Bac Ninh","27","unknown",453.133629370572,,,"polygon","site",1,"osm_way_1461790201","OpenStreetMap","https://www.openstreetmap.org/way/1461790201",2026-08-31,"osm",2026-08-31,106.199887490323,21.1932234462617
"osm_way_1459341105","KCN Quế Võ II - giai đoạn 2",,,"industrial_park","24","Bac Ninh","27","under_construction",238.709763771359,,,"polygon","site",1,"osm_way_1459341105","OpenStreetMap","https://www.openstreetmap.org/way/1459341105",2026-08-31,"osm",2026-08-31,106.259107248134,21.1262720463127
"osm_relation_18888808","KCN VSIP - Chi Lăng",,,"industrial_park","24","Bac Ninh","27","unknown",,,,"point","locality",1,"osm_relation_18888808","OpenStreetMap","https://www.openstreetmap.org/relation/18888808",2026-08-31,"osm",2026-08-31,106.0574687,21.1453136
"osm_way_642268651","Khu công nghiệp Đại Đồng - Hoàn Sơn","Dai Dong - Hoan Son Industrial Park","Dai Dong - Hoan Son Industrial Park","industrial_park","24","Bac Ninh","27","unknown",268.305566197955,,,"polygon","site",1,"osm_way_642268651","OpenStreetMap","https://www.openstreetmap.org/way/642268651",2026-08-31,"osm",2026-08-31,105.997973953663,21.1007722461954
"osm_way_597865634","Khu công nghiệp Đình Trám",,,"industrial_park","24","Bac Ninh","27","unknown",145.110267068774,,,"polygon","site",1,"osm_way_597865634","OpenStreetMap","https://www.openstreetmap.org/way/597865634",2026-08-31,"osm",2026-08-31,106.126564244781,21.2532431962116
"osm_way_1489181623","Khu Công nghiệp Gia Bình I",,,"industrial_park","24","Bac Ninh","27","unknown",316.726994024928,,,"polygon","site",1,"osm_way_1489181623","OpenStreetMap","https://www.openstreetmap.org/way/1489181623",2026-08-31,"osm",2026-08-31,106.149763627919,21.0620512462761
"osm_way_1346104850","Khu công nghiệp Gia Bình II","Gia Binh II Industrial Zone","Gia Binh II Industrial Zone","industrial_park","24","Bac Ninh","27","unknown",250.934179929249,,,"polygon","site",1,"osm_way_1346104850","OpenStreetMap","https://www.openstreetmap.org/way/1346104850",2026-08-31,"osm",2026-08-31,106.242272870924,21.089656846314
"osm_way_642268658","Khu công nghiệp Hanaka",,,"industrial_park","24","Bac Ninh","27","unknown",48.7013925869306,,,"polygon","site",1,"osm_way_642268658","OpenStreetMap","https://www.openstreetmap.org/way/642268658",2026-08-31,"osm",2026-08-31,105.95818392139,21.1207827961739
"osm_way_1157349503","Khu công nghiệp Hoà Phú",,,"industrial_park","24","Bac Ninh","27","unknown",187.119215841688,,,"polygon","site",1,"osm_way_1157349503","OpenStreetMap","https://www.openstreetmap.org/way/1157349503",2026-08-31,"osm",2026-08-31,105.965108745441,21.237282446143
"osm_way_1265422032","Khu công nghiệp Nam Sơn - Hạp Lĩnh",,,"industrial_park","24","Bac Ninh","27","unknown",166.239855037487,,,"polygon","site",1,"osm_way_1265422032","OpenStreetMap","https://www.openstreetmap.org/way/1265422032",2026-08-31,"osm",2026-08-31,106.09374320772,21.1300064962354
"osm_way_806896214","Khu công nghiệp Quang Châu",,,"industrial_park","24","Bac Ninh","27","unknown",433.498431802131,,,"polygon","site",1,"osm_way_806896214","OpenStreetMap","https://www.openstreetmap.org/way/806896214",2026-08-31,"osm",2026-08-31,106.115346237517,21.2224297462175
"osm_way_597872887","Khu công nghiệp Quế Võ","Que Vo Industrial Zone","Que Vo Industrial Zone","industrial_park","24","Bac Ninh","27","unknown",619.057603408648,,,"polygon","site",1,"osm_way_597872887","OpenStreetMap","https://www.openstreetmap.org/way/597872887",2026-08-31,"osm",2026-08-31,106.118506399396,21.1539502962292
"osm_way_597920929","Khu công nghiệp Quế Võ II",,,"industrial_park","24","Bac Ninh","27","unknown",126.881002211405,,,"polygon","site",1,"osm_way_597920929","OpenStreetMap","https://www.openstreetmap.org/way/597920929",2026-08-31,"osm",2026-08-31,106.222085346014,21.1297709962896
"osm_way_1184113104","Khu công nghiệp Quế Võ III",,,"industrial_park","24","Bac Ninh","27","unknown",139.124782527765,,,"polygon","site",1,"osm_way_1184113104","OpenStreetMap","https://www.openstreetmap.org/way/1184113104",2026-08-31,"osm",2026-08-31,106.180675237485,21.1478970962657
"osm_way_1453949602","Khu Công nghiệp Quế Võ mở rộng 2",,,"industrial_park","24","Bac Ninh","27","under_construction",173.735499878116,,,"polygon","site",1,"osm_way_1453949602","OpenStreetMap","https://www.openstreetmap.org/way/1453949602",2026-08-31,"osm",2026-08-31,106.1426300361,21.1334658462525
"osm_relation_15646446","Khu công nghiệp Song Khê - Nội Hoàng",,,"industrial_park","24","Bac Ninh","27","unknown",171.244960341663,,,"polygon","site",1,"osm_relation_15646446","OpenStreetMap","https://www.openstreetmap.org/relation/15646446",2026-08-31,"osm",2026-08-31,106.179126329217,21.2464388962371
"osm_way_1119170920","Khu công nghiệp Thuận Thành 2",,,"industrial_park","24","Bac Ninh","27","unknown",213.078214807741,,,"polygon","site",1,"osm_way_1119170920","OpenStreetMap","https://www.openstreetmap.org/way/1119170920",2026-08-31,"osm",2026-08-31,106.108766449036,21.0603018962577
"osm_way_1119170923","Khu công nghiệp Thuận Thành 3",,,"industrial_park","24","Bac Ninh","27","unknown",107.734161169531,,,"polygon","site",1,"osm_way_1119170923","OpenStreetMap","https://www.openstreetmap.org/way/1119170923",2026-08-31,"osm",2026-08-31,106.059549980781,21.0420387962393
"osm_way_1467190501","Khu công nghiệp Thuận Thành III",,,"industrial_park","24","Bac Ninh","27","unknown",294.14323694679,,,"polygon","site",1,"osm_way_1467190501","OpenStreetMap","https://www.openstreetmap.org/way/1467190501",2026-08-31,"osm",2026-08-31,106.07339518048,21.0450097462462
"osm_way_28473576","Khu công nghiệp Tiên Sơn","Tien Son Industrial Park","Tien Son Industrial Park","industrial_park","24","Bac Ninh","27","unknown",379.089387568136,,,"polygon","site",1,"osm_way_28473576","OpenStreetMap","https://www.openstreetmap.org/way/28473576",2026-08-31,"osm",2026-08-31,105.992708156202,21.1227913461906
"osm_way_704069818","Khu công nghiệp Vân Trung",,,"industrial_park","24","Bac Ninh","27","unknown",344.464402640192,,,"polygon","site",1,"osm_way_704069818","OpenStreetMap","https://www.openstreetmap.org/way/704069818",2026-08-31,"osm",2026-08-31,106.141745859037,21.242048696221
"osm_way_897187625","Khu công nghiệp Việt Hàn",,"KCN Việt Hàn","industrial_park","24","Bac Ninh","24","unknown",52.8595211535145,,,"polygon","site",2,"osm_node_8339162584|osm_way_897187625","OpenStreetMap","https://www.openstreetmap.org/way/897187625",2026-08-31,"osm",2026-08-31,106.145620483428,21.2550187462197
"osm_way_642274405","Khu công nghiệp VSIP Bắc Ninh","Vietnam-Singapore Industrial Park (VSIP Bac Ninh)","Vietnam-Singapore Industrial Park (VSIP Bac Ninh)","industrial_park","24","Bac Ninh","27","unknown",435.588286003951,,,"polygon","site",1,"osm_way_642274405","OpenStreetMap","https://www.openstreetmap.org/way/642274405",2026-08-31,"osm",2026-08-31,105.980715391501,21.0799207961953
"osm_way_875632648","Khu công nghiệp Xử lý chất thải môi trường Đồng Sài - Phù Lãng",,,"industrial_park","24","Bac Ninh","27","unknown",60.5989822185334,,,"polygon","site",1,"osm_way_875632648","OpenStreetMap","https://www.openstreetmap.org/way/875632648",2026-08-31,"osm",2026-08-31,106.235117976517,21.1571665462859
"osm_way_598146230","Khu công nghiệp Yên Phong - Giai đoạn 1","Yen Phong Industrial Zone - Phase 1","Yen Phong Industrial Zone - Phase 1","industrial_park","24","Bac Ninh","27","unknown",302.067350436563,,,"polygon","site",1,"osm_way_598146230","OpenStreetMap","https://www.openstreetmap.org/way/598146230",2026-08-31,"osm",2026-08-31,105.998853866674,21.1988116961625
"osm_way_1257183941","Khu Công Nghiệp Yên Phong II","VSIP Yen Phong II Industrial Park","VSIP Yen Phong II Industrial Park","industrial_park","24","Bac Ninh","27","unknown",326.953970514197,,,"polygon","site",2,"osm_way_1257183941|osm_way_1257183942","OpenStreetMap","https://www.openstreetmap.org/way/1257183941",2026-08-31,"osm",2026-08-31,105.924466909312,21.2213148961292
"osm_way_1257183934","Khu Công Nghiệp Yên Phong II C","Yen Phong II C Industrial Park","Yen Phong II C Industrial Park","industrial_park","24","Bac Ninh","27","unknown",174.275543401836,,,"polygon","site",1,"osm_way_1257183934","OpenStreetMap","https://www.openstreetmap.org/way/1257183934",2026-08-31,"osm",2026-08-31,105.954214603063,21.2155165961455
"osm_way_805410975","Khu công nghiệp Yên Phong mở rộng",,,"industrial_park","24","Bac Ninh","27","unknown",284.097241496795,,,"polygon","site",1,"osm_way_805410975","OpenStreetMap","https://www.openstreetmap.org/way/805410975",2026-08-31,"osm",2026-08-31,106.005069901538,21.2291400461656
"osm_way_1056385992","Cụm công nghiệp Đồng Lạng",,,"industrial_cluster","25","Phu Tho","25","unknown",35.2044791001255,,,"polygon","site",1,"osm_way_1056385992","OpenStreetMap","https://www.openstreetmap.org/way/1056385992",2026-08-31,"osm",2026-08-31,105.338801957987,21.3792398958255
"osm_way_1194204001","Cụm công nghiệp Đồng Sóc",,,"industrial_cluster","25","Phu Tho","26","unknown",89.4540310675323,,,"polygon","site",1,"osm_way_1194204001","OpenStreetMap","https://www.openstreetmap.org/way/1194204001",2026-08-31,"osm",2026-08-31,105.524427143073,21.2203807459485
"osm_way_1515828995","Cụm công nghiệp Làng nghề Thanh Lãng",,,"industrial_cluster","25","Phu Tho","26","unknown",7.55694482110126,,,"polygon","site",1,"osm_way_1515828995","OpenStreetMap","https://www.openstreetmap.org/way/1515828995",2026-08-31,"osm",2026-08-31,105.626395372969,21.2445758459889
"osm_way_818615783","Cụm công nghiệp Thổ Tang",,,"industrial_cluster","25","Phu Tho","26","unknown",17.2316546503472,,,"polygon","site",1,"osm_way_818615783","OpenStreetMap","https://www.openstreetmap.org/way/818615783",2026-08-31,"osm",2026-08-31,105.485916641594,21.2659836459202
"osm_way_772939822","Khu công nghiệp Bá Thiện",,,"industrial_park","25","Phu Tho","26","unknown",322.201060212367,,,"polygon","site",1,"osm_way_772939822","OpenStreetMap","https://www.openstreetmap.org/way/772939822",2026-08-31,"osm",2026-08-31,105.678517663477,21.327951445986
"osm_way_596051687","Khu công nghiệp Bá Thiện II",,,"industrial_park","25","Phu Tho","26","unknown",191.449549933163,,,"polygon","site",1,"osm_way_596051687","OpenStreetMap","https://www.openstreetmap.org/way/596051687",2026-08-31,"osm",2026-08-31,105.67492947422,21.3436651459812
"osm_way_596051727","Khu công nghiệp Bình Xuyên",,,"industrial_park","25","Phu Tho","26","unknown",275.611088797156,,,"polygon","site",1,"osm_way_596051727","OpenStreetMap","https://www.openstreetmap.org/way/596051727",2026-08-31,"osm",2026-08-31,105.670012238682,21.2596678460001
"osm_way_596051697","Khu công nghiệp Bình Xuyên II",,,"industrial_park","25","Phu Tho","26","unknown",39.2205854536798,,,"polygon","site",1,"osm_way_596051697","OpenStreetMap","https://www.openstreetmap.org/way/596051697",2026-08-31,"osm",2026-08-31,105.675827123777,21.3059167459931
"osm_way_628713840","Khu công nghiệp Bờ trài Sông Đà",,,"industrial_park","25","Phu Tho","17","unknown",56.8934458783793,,,"polygon","site",1,"osm_way_628713840","OpenStreetMap","https://www.openstreetmap.org/way/628713840",2026-08-31,"osm",2026-08-31,105.329552160855,20.8286235459706
"osm_way_1462470343","Khu công nghiệp Cẩm Khê",,,"industrial_park","25","Phu Tho","25","unknown",441.87178004794,,,"polygon","site",1,"osm_way_1462470343","OpenStreetMap","https://www.openstreetmap.org/way/1462470343",2026-08-31,"osm",2026-08-31,105.108287750036,21.4355702957143
"osm_way_596051675","Khu công nghiệp Khai Quang",,,"industrial_park","25","Phu Tho","26","unknown",177.099815008332,,,"polygon","site",1,"osm_way_596051675","OpenStreetMap","https://www.openstreetmap.org/way/596051675",2026-08-31,"osm",2026-08-31,105.631945627029,21.3069986959742
"osm_way_772939833","Khu công nghiệp Kim Hoa",,,"industrial_park","25","Phu Tho","26","unknown",86.2599546142526,,,"polygon","site",1,"osm_way_772939833","OpenStreetMap","https://www.openstreetmap.org/way/772939833",2026-08-31,"osm",2026-08-31,105.721515316104,21.232816096035
"osm_way_628712542","Khu công nghiệp Lương Sơn","Luong Son Industrial Park","Luong Son Industrial Park","industrial_park","25","Phu Tho","17","unknown",77.0851596789429,,,"polygon","site",1,"osm_way_628712542","OpenStreetMap","https://www.openstreetmap.org/way/628712542",2026-08-31,"osm",2026-08-31,105.544784918647,20.8859875460514
"osm_way_630404556","Khu công nghiệp Mông Hóa",,,"industrial_park","25","Phu Tho","17","unknown",41.1622711264329,,,"polygon","site",1,"osm_way_630404556","OpenStreetMap","https://www.openstreetmap.org/way/630404556",2026-08-31,"osm",2026-08-31,105.405430830512,20.9084475459841
"osm_way_596051696","Khu công nghiệp Thăng Long Vĩnh Phúc",,,"industrial_park","25","Phu Tho","26","unknown",210.353560080096,,,"polygon","site",1,"osm_way_596051696","OpenStreetMap","https://www.openstreetmap.org/way/596051696",2026-08-31,"osm",2026-08-31,105.662219957202,21.3129797459885
"osm_way_631678334","Khu công nghiệp Thuỵ Vân",,,"industrial_park","25","Phu Tho","25","unknown",282.256661770768,,,"polygon","site",1,"osm_way_631678334","OpenStreetMap","https://www.openstreetmap.org/way/631678334",2026-08-31,"osm",2026-08-31,105.344294171605,21.3388884958375
"osm_way_1056385990","Khu công nghiệp Trung Hà",,,"industrial_park","25","Phu Tho","25","unknown",61.7341623725263,,,"polygon","site",1,"osm_way_1056385990","OpenStreetMap","https://www.openstreetmap.org/way/1056385990",2026-08-31,"osm",2026-08-31,105.331191582026,21.2359228458583
"osm_way_1468130121","Cụm CN Cao An",,,"industrial_cluster","31","Hai Phong","30","unknown",129.203425741523,,,"polygon","site",1,"osm_way_1468130121","OpenStreetMap","https://www.openstreetmap.org/way/1468130121",2026-08-31,"osm",2026-08-31,106.247135129513,20.9460205463561
"osm_way_1467207665","Cụm Công Nghiệp Đoàn Tùng",,,"industrial_cluster","31","Hai Phong","30","unknown",32.8221584925648,,,"polygon","site",1,"osm_way_1467207665","OpenStreetMap","https://www.openstreetmap.org/way/1467207665",2026-08-31,"osm",2026-08-31,106.226298599444,20.8166215463794
"osm_way_697662289","Cụm công nghiệp Tân Liên A",,,"industrial_cluster","31","Hai Phong","31","unknown",57.0575300603217,,,"polygon","site",1,"osm_way_697662289","OpenStreetMap","https://www.openstreetmap.org/way/697662289",2026-08-31,"osm",2026-08-31,106.492956903868,20.7043422965352
"osm_relation_19352441","KCN VSIP Thủy Nguyên - Cầu Đăng - Xã Vĩnh Hải",,,"industrial_park","31","Hai Phong","31","unknown",,"Công ty TNHH Vận tải Thịnh Hưng",,"point","locality",1,"osm_relation_19352441","OpenStreetMap","https://www.openstreetmap.org/relation/19352441",2026-08-31,"osm",2026-08-31,106.5811455,20.770084
"osm_relation_19352137","KCN VSIP Thủy Nguyên - Trung tâm Chính trị Hành chính Thành phố - Đồ Sơn",,,"industrial_park","31","Hai Phong","31","unknown",,"Công ty TNHH Vận tải Thịnh Hưng",,"point","locality",1,"osm_relation_19352137","OpenStreetMap","https://www.openstreetmap.org/relation/19352137",2026-08-31,"osm",2026-08-31,106.737502,20.7984479
"osm_way_1183626950","Khu công nghiệp An Dương",,,"industrial_park","31","Hai Phong","30","unknown",169.810364338368,,,"polygon","site",1,"osm_way_1183626950","OpenStreetMap","https://www.openstreetmap.org/way/1183626950",2026-08-31,"osm",2026-08-31,106.566800000084,20.8814942465181
"osm_way_919395266","Khu công nghiệp Cộng Hoà",,,"industrial_park","31","Hai Phong","30","unknown",142.663377739346,,,"polygon","site",1,"osm_way_919395266","OpenStreetMap","https://www.openstreetmap.org/way/919395266",2026-08-31,"osm",2026-08-31,106.421058254371,21.1255538463815
"osm_way_597896810","Khu công nghiệp Đại An",,"KCN Đại An|Khu công nghiệp Đại An mở rộng","industrial_park","31","Hai Phong","30","unknown",316.952861008117,,,"polygon","site",3,"osm_node_481837559|osm_way_1157356621|osm_way_597896810","OpenStreetMap","https://www.openstreetmap.org/way/597896810",2026-08-31,"osm",2026-08-31,106.270556239774,20.9287929963663
"osm_way_627990023","Khu Công Nghiệp Đình Vũ","Dinh Vu Industrial Area","Dinh Vu Industrial Area|KCN Đình Vũ","industrial_park","31","Hai Phong","31","unknown",1051.15237895895,,,"polygon","site",2,"osm_node_2550835890|osm_way_627990023","OpenStreetMap","https://www.openstreetmap.org/way/627990023",2026-08-31,"osm",2026-08-31,106.774465201026,20.8267967466304
"osm_way_597913808","Khu công nghiệp Đồ Sơn",,,"industrial_park","31","Hai Phong","31","unknown",148.532196168549,,,"polygon","site",1,"osm_way_597913808","OpenStreetMap","https://www.openstreetmap.org/way/597913808",2026-08-31,"osm",2026-08-31,106.764411333068,20.7376644466487
"osm_way_1328293937","Khu công nghiệp Kỹ thuật cao An Phát",,,"industrial_park","31","Hai Phong","30","unknown",48.3232874216952,,,"polygon","site",1,"osm_way_1328293937","OpenStreetMap","https://www.openstreetmap.org/way/1328293937",2026-08-31,"osm",2026-08-31,106.286804010777,20.9392428963732
"osm_way_1328293911","Khu công nghiệp Lai Cách - Cao An",,,"industrial_park","31","Hai Phong","30","unknown",96.8475926111428,,,"polygon","site",1,"osm_way_1328293911","OpenStreetMap","https://www.openstreetmap.org/way/1328293911",2026-08-31,"osm",2026-08-31,106.263001769824,20.9406788963635
"osm_way_733047147","Khu công nghiệp Lai Vu",,,"industrial_park","31","Hai Phong","30","unknown",186.48317468127,,,"polygon","site",1,"osm_way_733047147","OpenStreetMap","https://www.openstreetmap.org/way/733047147",2026-08-31,"osm",2026-08-31,106.394121774158,20.9842960464074
"osm_way_631036815","Khu công nghiệp Nam Cầu Kiền",,,"industrial_park","31","Hai Phong","30","unknown",156.829150753145,,,"polygon","site",1,"osm_way_631036815","OpenStreetMap","https://www.openstreetmap.org/way/631036815",2026-08-31,"osm",2026-08-31,106.631112614589,20.9053451465411
"osm_way_1157356620","Khu công nghiệp Nam Sách",,,"industrial_park","31","Hai Phong","30","unknown",61.6396100570036,,,"polygon","site",1,"osm_way_1157356620","OpenStreetMap","https://www.openstreetmap.org/way/1157356620",2026-08-31,"osm",2026-08-31,106.370924933235,20.9658724464039
"osm_way_241201293","Khu công nghiệp Nhật Bản - Hải Phòng",,,"industrial_park","31","Hai Phong","30","unknown",153.759729015863,,,"polygon","site",1,"osm_way_241201293","OpenStreetMap","https://www.openstreetmap.org/way/241201293",2026-08-31,"osm",2026-08-31,106.593292267701,20.9020365965246
"osm_way_597885883","Khu công nghiệp Phúc Điền",,,"industrial_park","31","Hai Phong","30","unknown",78.2288610768062,,,"polygon","site",1,"osm_way_597885883","OpenStreetMap","https://www.openstreetmap.org/way/597885883",2026-08-31,"osm",2026-08-31,106.191180266442,20.930418746332
"osm_way_597911424","Khu công nghiệp Tân Trường",,,"industrial_park","31","Hai Phong","30","unknown",188.411179939678,,,"polygon","site",1,"osm_way_597911424","OpenStreetMap","https://www.openstreetmap.org/way/597911424",2026-08-31,"osm",2026-08-31,106.226559774761,20.9261428963497
"osm_way_1167614580","Khu công nghiệp Tiên Lãng",,,"industrial_park","31","Hai Phong","31","unknown",34.556397582592,,,"polygon","site",1,"osm_way_1167614580","OpenStreetMap","https://www.openstreetmap.org/way/1167614580",2026-08-31,"osm",2026-08-31,106.561707970176,20.738807596558
"osm_way_654588622","Khu công nghiệp Tràng Duệ",,,"industrial_park","31","Hai Phong","30","unknown",327.36269094557,,,"polygon","site",1,"osm_way_654588622","OpenStreetMap","https://www.openstreetmap.org/way/654588622",2026-08-31,"osm",2026-08-31,106.561952859306,20.8619428465272
"osm_way_631139841","Khu công nghiệp VSIP",,,"industrial_park","31","Hai Phong","31","unknown",322.844287294398,,,"polygon","site",1,"osm_way_631139841","OpenStreetMap","https://www.openstreetmap.org/way/631139841",2026-08-31,"osm",2026-08-31,106.723180416219,20.9095670965824
"osm_way_1157356622","Khu công nghiệp VSIP Hải Dương",,,"industrial_park","31","Hai Phong","30","unknown",146.84364865415,,,"polygon","site",1,"osm_way_1157356622","OpenStreetMap","https://www.openstreetmap.org/way/1157356622",2026-08-31,"osm",2026-08-31,106.173045654183,20.9338901463194
"osm_way_28475345","Cụm CN Thị Trấn Như Quỳnh",,,"industrial_cluster","33","Hung Yen","33","unknown",53.5146408747824,,,"polygon","site",1,"osm_way_28475345","OpenStreetMap","https://www.openstreetmap.org/way/28475345",2026-08-31,"osm",2026-08-31,105.976962942844,20.9923833962173
"osm_way_1486475002","Cụm công nghiệp Phạm Ngũ Lão - Nghĩa Dân",,,"industrial_cluster","33","Hung Yen","33","under_construction",76.9914473210726,,,"polygon","site",1,"osm_way_1486475002","OpenStreetMap","https://www.openstreetmap.org/way/1486475002",2026-08-31,"osm",2026-08-31,106.060496319716,20.7890028463108
"osm_relation_20298135","Cụm công nghiệp Quảng Lãng - Đặng Lễ",,,"industrial_cluster","33","Hung Yen","33","under_construction",70.5589038477,,,"polygon","site",1,"osm_relation_20298135","OpenStreetMap","https://www.openstreetmap.org/relation/20298135",2026-08-31,"osm",2026-08-31,106.067271987766,20.7910973963163
"osm_way_916474171","Khu công nghiệp Cầu Nghìn",,,"industrial_park","33","Hung Yen","34","unknown",66.6283561263979,,,"polygon","site",1,"osm_way_916474171","OpenStreetMap","https://www.openstreetmap.org/way/916474171",2026-08-31,"osm",2026-08-31,106.437319582908,20.654089746524
"osm_way_1308939939","Khu công nghiệp Dệt may Phố Nối",,"Khu Công nghiệp Dệt may Phố Nối","industrial_park","33","Hung Yen","33","unknown",97.6031548101581,,,"polygon","site",2,"osm_node_12750082813|osm_way_1308939939","OpenStreetMap","https://www.openstreetmap.org/way/1308939939",2026-08-31,"osm",2026-08-31,106.07219950154,20.92286359628
"osm_way_484379376","Khu công nghiệp Gia Lễ",,,"industrial_park","33","Hung Yen","34","unknown",78.4389473819726,,,"polygon","site",1,"osm_way_484379376","OpenStreetMap","https://www.openstreetmap.org/way/484379376",2026-08-31,"osm",2026-08-31,106.35672823051,20.5028081965302
"osm_way_598142077","Khu công nghiệp Minh Đức","Minh Duc Industrial Zone","Minh Duc Industrial Zone","industrial_park","33","Hung Yen","33","unknown",205.548302531287,,,"polygon","site",1,"osm_way_598142077","OpenStreetMap","https://www.openstreetmap.org/way/598142077",2026-08-31,"osm",2026-08-31,106.134436867991,20.912730446307
"osm_way_1308941469","Khu công nghiệp Minh Quang",,,"industrial_park","33","Hung Yen","33","unknown",143.97037063223,,,"polygon","site",1,"osm_way_1308941469","OpenStreetMap","https://www.openstreetmap.org/way/1308941469",2026-08-31,"osm",2026-08-31,106.118080278628,20.9241658463025
"osm_way_629896123","Khu công nghiệp Nguyễn Đức Cảnh",,,"industrial_park","33","Hung Yen","34","unknown",88.3229294218324,,,"polygon","site",1,"osm_way_629896123","OpenStreetMap","https://www.openstreetmap.org/way/629896123",2026-08-31,"osm",2026-08-31,106.326733899051,20.447961896532
"osm_way_595840992","Khu công nghiệp Phố Nối A",,,"industrial_park","33","Hung Yen","33","unknown",805.136088189159,,,"polygon","site",2,"osm_way_1284411573|osm_way_595840992","OpenStreetMap","https://www.openstreetmap.org/way/595840992",2026-08-31,"osm",2026-08-31,106.018317471038,20.9400299462512
"osm_way_597913405","Khu công nghiệp Phúc Khánh",,,"industrial_park","33","Hung Yen","34","unknown",123.447097128005,,,"polygon","site",1,"osm_way_597913405","OpenStreetMap","https://www.openstreetmap.org/way/597913405",2026-08-31,"osm",2026-08-31,106.311003406351,20.4433499965225
"osm_way_1299254693","Khu công nghiệp Sạch Hưng Yên",,,"industrial_park","33","Hung Yen","33","unknown",134.803586775682,,,"polygon","site",1,"osm_way_1299254693","OpenStreetMap","https://www.openstreetmap.org/way/1299254693",2026-08-31,"osm",2026-08-31,106.044395761248,20.8267820462944
"osm_way_1546662971","Khu công nghiệp số 03",,,"industrial_park","33","Hung Yen","33","unknown",154.165724088232,,,"polygon","site",1,"osm_way_1546662971","OpenStreetMap","https://www.openstreetmap.org/way/1546662971",2026-08-31,"osm",2026-08-31,106.043649545579,20.8350525462954
"osm_relation_21176401","Khu công nghiệp số 05",,,"industrial_park","33","Hung Yen","33","unknown",189.681099466972,,,"polygon","site",1,"osm_relation_21176401","OpenStreetMap","https://www.openstreetmap.org/relation/21176401",2026-08-31,"osm",2026-08-31,106.053188655758,20.8196641962976
"osm_way_1183605045","Khu công nghiệp Sông Trà",,,"industrial_park","33","Hung Yen","34","unknown",97.342406257603,,,"polygon","site",1,"osm_way_1183605045","OpenStreetMap","https://www.openstreetmap.org/way/1183605045",2026-08-31,"osm",2026-08-31,106.325315682084,20.4779459965225
"osm_way_1284411572","Khu công nghiệp Tân Quang - Như Quỳnh",,,"industrial_park","33","Hung Yen","33","unknown",65.6368189567385,,,"polygon","site",1,"osm_way_1284411572","OpenStreetMap","https://www.openstreetmap.org/way/1284411572",2026-08-31,"osm",2026-08-31,105.968679655725,20.9884255962161
"osm_way_633668122","Khu công nghiệp Thăng Long II",,,"industrial_park","33","Hung Yen","33","unknown",351.23993388432,,,"polygon","site",1,"osm_way_633668122","OpenStreetMap","https://www.openstreetmap.org/way/633668122",2026-08-31,"osm",2026-08-31,106.067418610892,20.9133229462874
"osm_way_638509092","Khu công nghiệp Tiền Hải",,,"industrial_park","33","Hung Yen","34","unknown",221.773094440885,,,"polygon","site",1,"osm_way_638509092","OpenStreetMap","https://www.openstreetmap.org/way/638509092",2026-08-31,"osm",2026-08-31,106.529828775577,20.3925443966421
"osm_way_1429890056","Khu công nghiệp Văn Giang -giai đoạn 1",,,"industrial_park","33","Hung Yen","33","under_construction",296.360622666927,,,"polygon","site",4,"osm_way_1429890056|osm_way_1484217175|osm_way_1484217179|osm_way_1489660280","OpenStreetMap","https://www.openstreetmap.org/way/1429890056",2026-08-31,"osm",2026-08-31,105.993438189898,20.9301378962454
"osm_way_1308939951","Khu công nghiệp Yên Mỹ",,,"industrial_park","33","Hung Yen","33","unknown",164.878015181595,,,"polygon","site",1,"osm_way_1308939951","OpenStreetMap","https://www.openstreetmap.org/way/1308939951",2026-08-31,"osm",2026-08-31,106.06536143689,20.8946603462849
"osm_way_736768941","Khu công nghiệp Yên Mỹ II",,,"industrial_park","33","Hung Yen","33","unknown",102.780332315724,,,"polygon","site",1,"osm_way_736768941","OpenStreetMap","https://www.openstreetmap.org/way/736768941",2026-08-31,"osm",2026-08-31,106.044222966024,20.8746471962808
"osm_way_629975099","Cụm CN An Xá",,,"industrial_cluster","37","Ninh Binh","36","unknown",61.0738725698154,,,"polygon","site",1,"osm_way_629975099","OpenStreetMap","https://www.openstreetmap.org/way/629975099",2026-08-31,"osm",2026-08-31,106.146383125234,20.4035031964634
"osm_way_1453078396","Cụm công nghiệp Bình Lục",,,"industrial_cluster","37","Ninh Binh","35","unknown",24.6478987450535,,,"polygon","site",1,"osm_way_1453078396","OpenStreetMap","https://www.openstreetmap.org/way/1453078396",2026-08-31,"osm",2026-08-31,106.036542372704,20.4755183463911
"osm_way_1430454696","Cụm công nghiệp Trực Tuấn",,,"industrial_cluster","37","Ninh Binh","36","unknown",76.6871654935591,,,"polygon","site",1,"osm_way_1430454696","OpenStreetMap","https://www.openstreetmap.org/way/1430454696",2026-08-31,"osm",2026-08-31,106.272858074279,20.2809649965574
"osm_way_337216625","Khu công nghiệp Bảo Minh","Bao Minh Industrial Park","Bao Minh Industrial Park","industrial_park","37","Ninh Binh","36","unknown",151.560344682949,,,"polygon","site",1,"osm_way_337216625","OpenStreetMap","https://www.openstreetmap.org/way/337216625",2026-08-31,"osm",2026-08-31,106.105861721072,20.3514632464576
"osm_way_1292143993","Khu Công Nghiệp dệt may Rạng Đông","Rang Dong Textile Industrial Park","Rang Dong Textile Industrial Park","industrial_park","37","Ninh Binh","36","unknown",440.212570240374,,,"polygon","site",1,"osm_way_1292143993","OpenStreetMap","https://www.openstreetmap.org/way/1292143993",2026-08-31,"osm",2026-08-31,106.156450925927,19.9775875965883
"osm_way_597852036","Khu công nghiệp Đồng Văn I","Dong Van I Industrial Area","Dong Van I Industrial Area","industrial_park","37","Ninh Binh","35","unknown",162.522820715316,,,"polygon","site",1,"osm_way_597852036","OpenStreetMap","https://www.openstreetmap.org/way/597852036",2026-08-31,"osm",2026-08-31,105.924341245919,20.6500364962935
"osm_way_1299444252","Khu công nghiệp Đồng Văn I mở rộng","Dong Van I Industrial Park (extended)","Dong Van I Industrial Park (extended)","industrial_park","37","Ninh Binh","35","unknown",93.0671529903297,,,"polygon","site",1,"osm_way_1299444252","OpenStreetMap","https://www.openstreetmap.org/way/1299444252",2026-08-31,"osm",2026-08-31,105.941972847643,20.673044346291
"osm_way_1184963865","Khu công nghiệp Đồng Văn II","Dong Van II Industrial Area","Dong Van II Industrial Area","industrial_park","37","Ninh Binh","35","unknown",355.149937422455,,,"polygon","site",2,"osm_way_1184963865|osm_way_1461787049","OpenStreetMap","https://www.openstreetmap.org/way/1184963865",2026-08-31,"osm",2026-08-31,105.926827070009,20.6633311962911
"osm_way_1184923978","Khu công nghiệp Đồng Văn III","Dong Van III Industrial Area","Dong Van III Industrial Area","industrial_park","37","Ninh Binh","35","unknown",103.492927922721,,,"polygon","site",1,"osm_way_1184923978","OpenStreetMap","https://www.openstreetmap.org/way/1184923978",2026-08-31,"osm",2026-08-31,105.938072944127,20.6294913962997
"osm_way_1337945101","Khu công nghiệp Đồng Văn IV",,,"industrial_park","37","Ninh Binh","35","unknown",293.281447035338,,,"polygon","site",1,"osm_way_1337945101","OpenStreetMap","https://www.openstreetmap.org/way/1337945101",2026-08-31,"osm",2026-08-31,105.881054109877,20.6283088962726
"osm_way_641567443","Khu công nghiệp Gián Khẩu","Gian Khau Industrial Park","Gian Khau Industrial Park","industrial_park","37","Ninh Binh","37","unknown",178.487198774454,,,"polygon","site",1,"osm_way_641567443","OpenStreetMap","https://www.openstreetmap.org/way/641567443",2026-08-31,"osm",2026-08-31,105.918974661625,20.3420593463764
"osm_way_746547580","Khu Công Nghiệp Hải Hậu",,,"industrial_park","37","Ninh Binh","36","unknown",28.3498144577077,,,"polygon","site",2,"osm_way_746547580|osm_way_746547581","OpenStreetMap","https://www.openstreetmap.org/way/746547580",2026-08-31,"osm",2026-08-31,106.280411384483,20.1643722965923
"osm_way_1184923891","Khu công nghiệp hỗ trợ Đồng Văn III","Dong Van III Supporting Industrial Park","Dong Van III Supporting Industrial Park","industrial_park","37","Ninh Binh","35","unknown",50.7387776707741,,,"polygon","site",2,"osm_way_1184923891|osm_way_1184923958","OpenStreetMap","https://www.openstreetmap.org/way/1184923891",2026-08-31,"osm",2026-08-31,105.925453399161,20.6313294962953
"osm_way_671534841","Khu công nghiệp Hòa Mạc",,,"industrial_park","37","Ninh Binh","35","unknown",126.246413107054,,,"polygon","site",1,"osm_way_671534841","OpenStreetMap","https://www.openstreetmap.org/way/671534841",2026-08-31,"osm",2026-08-31,106.00072663161,20.6498056463269
"osm_way_280678043","Khu công nghiệp Hoà Xá",,,"industrial_park","37","Ninh Binh","36","unknown",292.929751953972,,,"polygon","site",1,"osm_way_280678043","OpenStreetMap","https://www.openstreetmap.org/way/280678043",2026-08-31,"osm",2026-08-31,106.143885630157,20.4199481464557
"osm_way_720018478","Khu công nghiệp Khánh Cư",,,"industrial_park","37","Ninh Binh","37","unknown",52.2067627425355,,,"polygon","site",1,"osm_way_720018478","OpenStreetMap","https://www.openstreetmap.org/way/720018478",2026-08-31,"osm",2026-08-31,106.053835201231,20.2137257464695
"osm_way_514641127","Khu công nghiệp Khánh Phú",,,"industrial_park","37","Ninh Binh","37","unknown",349.861623093105,,,"polygon","site",1,"osm_way_514641127","OpenStreetMap","https://www.openstreetmap.org/way/514641127",2026-08-31,"osm",2026-08-31,106.029110883708,20.244374646453
"osm_way_1420859964","Khu Công nghiệp Kim Bảng I tỉnh Hà Nam",,,"industrial_park","37","Ninh Binh","35","unknown",226.889826186489,,,"polygon","site",1,"osm_way_1420859964","OpenStreetMap","https://www.openstreetmap.org/way/1420859964",2026-08-31,"osm",2026-08-31,105.859514160952,20.6241432962704
"osm_way_1092767652","Khu công nghiệp Phúc Sơn","Phuc Son Industrial area","Khu Công Nghiệp Phúc Sơn|Phuc Son Industrial area","industrial_park","37","Ninh Binh","37","unknown",103.286965716884,,,"polygon","site",3,"osm_relation_14555192|osm_way_1092767652|osm_way_1092767653","OpenStreetMap","https://www.openstreetmap.org/way/1092767652",2026-08-31,"osm",2026-08-31,105.985888550777,20.21477219644
"osm_way_1345180985","Khu Công Nghiệp Thái Hà","Thai Ha Industrial area","Thai Ha Industrial area","industrial_park","37","Ninh Binh","35","unknown",157.297196907449,,,"polygon","site",1,"osm_way_1345180985","OpenStreetMap","https://www.openstreetmap.org/way/1345180985",2026-08-31,"osm",2026-08-31,106.102394860095,20.5867684463921
"osm_way_715162954","Khu công nghiệp Thanh Liêm",,,"industrial_park","37","Ninh Binh","35","unknown",243.516501559245,,,"polygon","site",1,"osm_way_715162954","OpenStreetMap","https://www.openstreetmap.org/way/715162954",2026-08-31,"osm",2026-08-31,105.90735845434,20.493688746326
"osm_way_734767762","My Trung Industrial park",,,"industrial_park","37","Ninh Binh","36","unknown",6.41845082406494,,,"polygon","site",1,"osm_way_734767762","OpenStreetMap","https://www.openstreetmap.org/way/734767762",2026-08-31,"osm",2026-08-31,106.190379066221,20.4527719964677
"osm_way_598122602","Khu công nghiệp Bỉm Sơn - khu A","Bim Son Industrial Zone (A)","Bim Son Industrial Zone (A)","industrial_park","38","Thanh Hoa","38","unknown",29.8704516230658,,,"polygon","site",1,"osm_way_598122602","OpenStreetMap","https://www.openstreetmap.org/way/598122602",2026-08-31,"osm",2026-08-31,105.852109929899,20.1067619464093
"osm_way_641548815","Khu công nghiệp Bỉm Sơn - khu B",,,"industrial_park","38","Thanh Hoa","38","unknown",67.6455808083262,,,"polygon","site",1,"osm_way_641548815","OpenStreetMap","https://www.openstreetmap.org/way/641548815",2026-08-31,"osm",2026-08-31,105.865536384531,20.10029794642
"osm_way_1253667259","Khu công nghiệp Bỉm Sơn A",,,"industrial_park","38","Thanh Hoa","38","unknown",218.492722673461,,,"polygon","site",1,"osm_way_1253667259","OpenStreetMap","https://www.openstreetmap.org/way/1253667259",2026-08-31,"osm",2026-08-31,105.84607841513,20.1064300964066
"osm_way_628789947","Khu công nghiệp Lễ Môn",,,"industrial_park","38","Thanh Hoa","38","unknown",89.4817622000479,,,"polygon","site",1,"osm_way_628789947","OpenStreetMap","https://www.openstreetmap.org/way/628789947",2026-08-31,"osm",2026-08-31,105.815516292179,19.779140596488
"osm_way_628548211","Khu công nghiệp Tây Bắc Ga",,,"industrial_park","38","Thanh Hoa","38","unknown",131.321054796735,,,"polygon","site",1,"osm_way_628548211","OpenStreetMap","https://www.openstreetmap.org/way/628548211",2026-08-31,"osm",2026-08-31,105.766224299558,19.8262931464526
"osm_way_1183836665","Khu CN VSIP Nghệ An","VSIP Nghe An Industrial Park","VSIP Nghe An Industrial Park","industrial_park","40","Nghe An","40","unknown",594.54634625895,,,"polygon","site",4,"osm_way_1183836665|osm_way_1183836666|osm_way_1183836667|osm_way_1183836675","OpenStreetMap","https://www.openstreetmap.org/way/1183836665",2026-08-31,"osm",2026-08-31,105.631361997048,18.6960505967077
"osm_way_1183634222","Khu công nghiệp Bắc Vinh",,,"industrial_park","40","Nghe An","40","unknown",53.6027820261137,,,"polygon","site",1,"osm_way_1183634222","OpenStreetMap","https://www.openstreetmap.org/way/1183634222",2026-08-31,"osm",2026-08-31,105.65387126407,18.7072635967195
"osm_way_631370043","Khu công nghiệp Nam Cẩm",,,"industrial_park","40","Nghe An","40","unknown",252.174422871978,,,"polygon","site",3,"osm_way_631370043|osm_way_695581806|osm_way_695581807","OpenStreetMap","https://www.openstreetmap.org/way/631370043",2026-08-31,"osm",2026-08-31,105.670010844735,18.8224819466907
"osm_way_1332615755","Cụm công nghiệp Đức Thọ",,,"industrial_cluster","42","Ha Tinh","42","unknown",18.4253754157177,,,"polygon","site",1,"osm_way_1332615755","OpenStreetMap","https://www.openstreetmap.org/way/1332615755",2026-08-31,"osm",2026-08-31,105.580209720277,18.5149452967389
"osm_way_693909458","Khu công nghiệp Bắc Đồng Hới","Dong Hoi North Industrial Park","Khu công nghiệp Bắc Đồng Hới mở rộng|Dong Hoi North Industrial Park","industrial_park","44","Quang Tri","44","unknown",139.860585486921,,,"polygon","site",2,"osm_way_1177192470|osm_way_693909458","OpenStreetMap","https://www.openstreetmap.org/way/693909458",2026-08-31,"osm",2026-08-31,106.559036847989,17.4910671975131
"osm_way_631311066","Khu công nghiệp Cảng biển Hòn La",,,"industrial_park","44","Quang Tri","44","unknown",60.3601781593431,,,"polygon","site",1,"osm_way_631311066","OpenStreetMap","https://www.openstreetmap.org/way/631311066",2026-08-31,"osm",2026-08-31,106.489402566473,17.9354797973491
"osm_way_626442151","Khu công nghiệp Nam Đông Hà",,,"industrial_park","44","Quang Tri","45","unknown",97.1968740671071,,,"polygon","site",1,"osm_way_626442151","OpenStreetMap","https://www.openstreetmap.org/way/626442151",2026-08-31,"osm",2026-08-31,107.118059903351,16.7924591980064
"osm_way_693909486","Khu công nghiệp Tây Bắc Đồng Hới","Northwest Dong Hoi Industrial Park","Northwest Dong Hoi Industrial Park","industrial_park","44","Quang Tri","44","unknown",54.7603615778004,,,"polygon","site",1,"osm_way_693909486","OpenStreetMap","https://www.openstreetmap.org/way/693909486",2026-08-31,"osm",2026-08-31,106.577239389001,17.4871972975269
"osm_way_1219978043","Khu Công Nghiệp Tây Bắc Quán Hàu","Quan Hau Industrial park","Quan Hau Industrial park","industrial_park","44","Quang Tri","44","unknown",141.031969449913,,,"polygon","site",2,"osm_way_1219978043|osm_way_1219978044","OpenStreetMap","https://www.openstreetmap.org/way/1219978043",2026-08-31,"osm",2026-08-31,106.617902164395,17.4073216975693
"osm_way_1434553935","Khu công nghiệp Phong Điền","Phong Dien Industrial Park","Phong Dien Industrial Park","industrial_park","46","Hue","46","unknown",663.180948309311,,,"polygon","site",1,"osm_way_1434553935","OpenStreetMap","https://www.openstreetmap.org/way/1434553935",2026-08-31,"osm",2026-08-31,107.381461494857,16.589387148208
"osm_way_626402291","Khu công nghiệp Phú Bài",,,"industrial_park","46","Hue","46","unknown",194.083319852429,,,"polygon","site",1,"osm_way_626402291","OpenStreetMap","https://www.openstreetmap.org/way/626402291",2026-08-31,"osm",2026-08-31,107.694508294442,16.3875468984245
"osm_relation_17576915","Khu Công nghệ Cao - Cảng Sông Hàn",,,"hi_tech_park","48","Da Nang","48","unknown",,"Công ty Cổ phần Xe khách Phương Trang - FUTA Bus Lines",,"point","locality",1,"osm_relation_17576915","OpenStreetMap","https://www.openstreetmap.org/relation/17576915",2026-08-31,"osm",2026-08-31,108.1482115,16.07761135
"osm_way_583371364","Khu công nghệ cao Đà Nẵng","Da Nang Hi-tech Park","Da Nang Hi-tech Park","hi_tech_park","48","Da Nang","48","unknown",547.385868719753,,,"polygon","site",1,"osm_way_583371364","OpenStreetMap","https://www.openstreetmap.org/way/583371364",2026-08-31,"osm",2026-08-31,108.073425674636,16.0867296987082
"osm_way_1448102552","Cụm công nghiệp Hà Lam - Chợ Được",,,"industrial_cluster","48","Da Nang","49","unknown",74.6884000054955,,,"polygon","site",1,"osm_way_1448102552","OpenStreetMap","https://www.openstreetmap.org/way/1448102552",2026-08-31,"osm",2026-08-31,108.383512773045,15.7473474989826
"osm_way_531448670","Cụm Công nghiệp Thương Tín",,,"industrial_cluster","48","Da Nang","49","unknown",31.4173890379691,,,"polygon","site",1,"osm_way_531448670","OpenStreetMap","https://www.openstreetmap.org/way/531448670",2026-08-31,"osm",2026-08-31,108.294621674789,15.9055108488848
"osm_way_118609254","Danang Industrial Park",,,"industrial_park","48","Da Nang","48","unknown",13.2982682733135,,"https://directorsdirectory.com/da-nang-industrial-park/","polygon","site",2,"osm_node_6158589798|osm_way_118609254","OpenStreetMap","https://www.openstreetmap.org/way/118609254",2026-08-31,"osm",2026-08-31,108.236840746562,16.0789738988007
"osm_way_591511627","Khu Công Nghiệp - Hậu Cần Cảng Tam Hiệp",,,"industrial_park","48","Da Nang","49","unknown",123.73774079567,,,"polygon","site",1,"osm_way_591511627","OpenStreetMap","https://www.openstreetmap.org/way/591511627",2026-08-31,"osm",2026-08-31,108.609478800877,15.4600048491945
"osm_way_584942874","Khu công nghiệp Điện Nam – Điện Ngọc",,,"industrial_park","48","Da Nang","49","unknown",312.73130579908,,,"polygon","site",1,"osm_way_584942874","OpenStreetMap","https://www.openstreetmap.org/way/584942874",2026-08-31,"osm",2026-08-31,108.265483339798,15.9341303488618
"osm_way_1448108749","Khu công nghiệp Đông Quế Sơn",,,"industrial_park","48","Da Nang","49","unknown",95.2759035408494,,,"polygon","site",1,"osm_way_1448108749","OpenStreetMap","https://www.openstreetmap.org/way/1448108749",2026-08-31,"osm",2026-08-31,108.341930209665,15.7764254489519
"osm_way_586970040","Khu Công nghiệp Hoà Cầm",,,"industrial_park","48","Da Nang","48","unknown",117.922172216221,,,"polygon","site",1,"osm_way_586970040","OpenStreetMap","https://www.openstreetmap.org/way/586970040",2026-08-31,"osm",2026-08-31,108.178583136702,16.0055144487942
"osm_relation_16032278","Khu công nghiệp Hòa Khánh","Hoa Khanh Industrial Area","Hoa Khanh Industrial Area","industrial_park","48","Da Nang","48","unknown",498.529519870173,,,"polygon","site",1,"osm_relation_16032278","OpenStreetMap","https://www.openstreetmap.org/relation/16032278",2026-08-31,"osm",2026-08-31,108.134621019353,16.082949648747
"osm_way_1218998231","Khu công nghiệp Liên Chiểu","Lien Chieu Industrial Zone","Lien Chieu Industrial Zone","industrial_park","48","Da Nang","48","unknown",137.934502965317,,"https://directorsdirectory.com/lien-chieu-industrial-zone/","polygon","site",1,"osm_way_1218998231","OpenStreetMap","https://www.openstreetmap.org/way/1218998231",2026-08-31,"osm",2026-08-31,108.113611013591,16.1307708987208
"osm_way_559966611","Khu công nghiệp may",,,"industrial_park","48","Da Nang","49","unknown",2.59612531257707,,,"polygon","site",1,"osm_way_559966611","OpenStreetMap","https://www.openstreetmap.org/way/559966611",2026-08-31,"osm",2026-08-31,108.464593676606,15.5631854990836
"osm_way_586350686","Khu công nghiệp Tam Thăng",,,"industrial_park","48","Da Nang","49","unknown",150.534490372894,,,"polygon","site",1,"osm_way_586350686","OpenStreetMap","https://www.openstreetmap.org/way/586350686",2026-08-31,"osm",2026-08-31,108.471196447616,15.6271518490671
"osm_way_521222160","Khu công nghiệp Tịnh Phong",,,"industrial_park","51","Quang Ngai","51","unknown",131.479116153268,,,"polygon","site",1,"osm_way_521222160","OpenStreetMap","https://www.openstreetmap.org/way/521222160",2026-08-31,"osm",2026-08-31,108.797146529539,15.1970742493754
"osm_way_241066566","Cụm Công nghiệp Phú An",,,"industrial_cluster","52","Gia Lai","52","unknown",25.1996984918915,,,"polygon","site",1,"osm_way_241066566","OpenStreetMap","https://www.openstreetmap.org/way/241066566",2026-08-31,"osm",2026-08-31,108.941150203387,13.8884563998765
"osm_way_1311569468","Khu công nghiệp Becamex Bình Định","Becamex Binh Dinh Industrial Park","Becamex Binh Dinh Industrial Park","industrial_park","52","Gia Lai","52","unknown",350.170616802296,,,"polygon","site",1,"osm_way_1311569468","OpenStreetMap","https://www.openstreetmap.org/way/1311569468",2026-08-31,"osm",2026-08-31,109.076740480046,13.7419790499913
"osm_way_194451948","Khu công nghiệp Nhơn Bình",,,"industrial_park","52","Gia Lai","52","unknown",29.7198086685328,,,"polygon","site",1,"osm_way_194451948","OpenStreetMap","https://www.openstreetmap.org/way/194451948",2026-08-31,"osm",2026-08-31,109.200392252537,13.7942187500446
"osm_way_208546620","Khu công nghiệp Nhơn Hòa",,,"industrial_park","52","Gia Lai","52","unknown",264.499158940944,,,"polygon","site",1,"osm_way_208546620","OpenStreetMap","https://www.openstreetmap.org/way/208546620",2026-08-31,"osm",2026-08-31,109.073152903732,13.8416574999666
"osm_way_1422861577","Khu công nghiệp Nhơn Hội A",,,"industrial_park","52","Gia Lai","52","unknown",393.109866802017,,,"polygon","site",1,"osm_way_1422861577","OpenStreetMap","https://www.openstreetmap.org/way/1422861577",2026-08-31,"osm",2026-08-31,109.272908952217,13.8263616000812
"osm_way_163784975","Cụm Công Nghiệp Diên Phú",,,"industrial_cluster","56","Khanh Hoa","56","unknown",30.9847485209289,,,"polygon","site",1,"osm_way_163784975","OpenStreetMap","https://www.openstreetmap.org/way/163784975",2026-08-31,"osm",2026-08-31,109.125523556868,12.2810465505
"osm_way_1418295423","Cụm công nghiệp Sông Cầu",,,"industrial_cluster","56","Khanh Hoa","56","unknown",38.3724038420128,,,"polygon","site",1,"osm_way_1418295423","OpenStreetMap","https://www.openstreetmap.org/way/1418295423",2026-08-31,"osm",2026-08-31,108.949477847707,12.2671126004081
"osm_way_1418823242","Cụm công nghiệp Tháp Chàm",,,"industrial_cluster","56","Khanh Hoa","58","unknown",18.3913161069812,,,"polygon","site",1,"osm_way_1418823242","OpenStreetMap","https://www.openstreetmap.org/way/1418823242",2026-08-31,"osm",2026-08-31,108.944115691764,11.6098696506181
"osm_way_1415427006","Cụm công nghiệp Trảng É",,,"industrial_cluster","56","Khanh Hoa","56","unknown",54.8164746616036,,,"polygon","site",1,"osm_way_1415427006","OpenStreetMap","https://www.openstreetmap.org/way/1415427006",2026-08-31,"osm",2026-08-31,109.100746117613,12.1797084005202
"osm_way_475148361","Khu công nghiệp Suối Dầu",,,"industrial_park","56","Khanh Hoa","56","unknown",140.122798731228,,,"polygon","site",1,"osm_way_475148361","OpenStreetMap","https://www.openstreetmap.org/way/475148361",2026-08-31,"osm",2026-08-31,109.067157612096,12.1503183505092
"osm_way_925999757","Khu công nghiệp Thành Hải",,,"industrial_park","56","Khanh Hoa","58","unknown",83.6077612938748,,,"polygon","site",1,"osm_way_925999757","OpenStreetMap","https://www.openstreetmap.org/way/925999757",2026-08-31,"osm",2026-08-31,108.995233670837,11.607389350649
"osm_way_627214209","Cụm công nghiệp Hòa An",,,"industrial_cluster","66","Dak Lak","54","unknown",6.86411475554258,,,"polygon","site",1,"osm_way_627214209","OpenStreetMap","https://www.openstreetmap.org/way/627214209",2026-08-31,"osm",2026-08-31,109.267661471269,13.0607479503206
"osm_way_243203797","Cụm công nghiệp Tân An",,,"industrial_cluster","66","Dak Lak","66","unknown",109.952882521018,,,"polygon","site",1,"osm_way_243203797","OpenStreetMap","https://www.openstreetmap.org/way/243203797",2026-08-31,"osm",2026-08-31,108.082036529689,12.7312954997885
"osm_way_693435724","Khu công nghiệp An Phú",,,"industrial_park","66","Dak Lak","54","unknown",62.3818932307774,,,"polygon","site",1,"osm_way_693435724","OpenStreetMap","https://www.openstreetmap.org/way/693435724",2026-08-31,"osm",2026-08-31,109.286027380934,13.1321833003074
"osm_way_642935041","Khu công nghiệp Đông Bắc Sông Cầu",,"KCN Đông Bắc Sông Cầu","industrial_park","66","Dak Lak","54","unknown",110.87452290116,,,"polygon","site",1,"osm_way_642935041","OpenStreetMap","https://www.openstreetmap.org/way/642935041",2026-08-31,"osm",2026-08-31,109.246890042124,13.5935124501367
"osm_way_643165759","Khu công nghiệp Hòa Hiệp",,,"industrial_park","66","Dak Lak","54","unknown",102.214532585154,,,"polygon","site",1,"osm_way_643165759","OpenStreetMap","https://www.openstreetmap.org/way/643165759",2026-08-31,"osm",2026-08-31,109.362786417002,13.011765450389
"osm_way_182822939","Khu công nghiệp Hòa Phú",,"KCN Hòa Phú","industrial_park","66","Dak Lak","66","unknown",149.921362357982,,,"polygon","site",1,"osm_way_182822939","OpenStreetMap","https://www.openstreetmap.org/way/182822939",2026-08-31,"osm",2026-08-31,107.941004089477,12.6001600497566
"osm_way_1462736597","Cụm công nghiệp Đông Hà",,,"industrial_cluster","68","Lam Dong","60","unknown",106.362223685469,,,"polygon","site",1,"osm_way_1462736597","OpenStreetMap","https://www.openstreetmap.org/way/1462736597",2026-08-31,"osm",2026-08-31,107.499486438436,11.0203245500249
"osm_way_1462737710","Cụm Công Nghiệp Nam Hà",,,"industrial_cluster","68","Lam Dong","60","unknown",120.614623872425,,,"polygon","site",1,"osm_way_1462737710","OpenStreetMap","https://www.openstreetmap.org/way/1462737710",2026-08-31,"osm",2026-08-31,107.509620923074,11.0162114500289
"osm_way_1462740195","Cụm công nghiệp Nam Hà II",,,"industrial_cluster","68","Lam Dong","60","unknown",115.521510037519,,,"polygon","site",1,"osm_way_1462740195","OpenStreetMap","https://www.openstreetmap.org/way/1462740195",2026-08-31,"osm",2026-08-31,107.487341515038,11.0144432000201
"osm_way_666647368","Cụm Công nghiệp Thắng Hải",,,"industrial_cluster","68","Lam Dong","60","unknown",48.7008763705655,,,"polygon","site",1,"osm_way_666647368","OpenStreetMap","https://www.openstreetmap.org/way/666647368",2026-08-31,"osm",2026-08-31,107.584137683875,10.6201729501961
"osm_way_924401530","Khu công nghiệp Hàm Kiệm I",,,"industrial_park","68","Lam Dong","60","unknown",588.504210703501,,,"polygon","site",1,"osm_way_924401530","OpenStreetMap","https://www.openstreetmap.org/way/924401530",2026-08-31,"osm",2026-08-31,108.005737127244,10.9329174003266
"osm_way_729008638","Khu công nghiệp Lộc Sơn",,,"industrial_park","68","Lam Dong","68","unknown",179.384846657232,,,"polygon","site",1,"osm_way_729008638","OpenStreetMap","https://www.openstreetmap.org/way/729008638",2026-08-31,"osm",2026-08-31,107.840364348153,11.5157812000489
"osm_way_633510473","Khu công nghiệp Phan Thiết",,,"industrial_park","68","Lam Dong","60","unknown",113.657359468632,,,"polygon","site",1,"osm_way_633510473","OpenStreetMap","https://www.openstreetmap.org/way/633510473",2026-08-31,"osm",2026-08-31,108.098157778812,10.9558367003721
"osm_way_729019544","Khu công nghiệp Phú Hội",,,"industrial_park","68","Lam Dong","68","unknown",86.4958731555079,,,"polygon","site",1,"osm_way_729019544","OpenStreetMap","https://www.openstreetmap.org/way/729019544",2026-08-31,"osm",2026-08-31,108.379108699398,11.6893787502856
"osm_way_182515009","Khu công nghiệp Tâm Thắng",,"KCN Tâm Thắng","industrial_park","68","Lam Dong","67","unknown",199.135374521329,,,"polygon","site",1,"osm_way_182515009","OpenStreetMap","https://www.openstreetmap.org/way/182515009",2026-08-31,"osm",2026-08-31,107.923756323581,12.597541699751
"osm_way_1074421163","Cụm Công nghiệp Phú Cường",,,"industrial_cluster","75","Dong Nai","75","unknown",44.3765071247253,,,"polygon","site",1,"osm_way_1074421163","OpenStreetMap","https://www.openstreetmap.org/way/1074421163",2026-08-31,"osm",2026-08-31,107.16816460034,11.0846842498259
"osm_way_762471603","Cụm công nghiệp Phú Thạnh - Vĩnh Thanh",,,"industrial_cluster","75","Dong Nai","75","unknown",85.6691536397459,,,"polygon","site",1,"osm_way_762471603","OpenStreetMap","https://www.openstreetmap.org/way/762471603",2026-08-31,"osm",2026-08-31,106.847992429081,10.6985943995793
"osm_way_1016187111","Cụm Công nghiệp Thạnh Phú - Thiện Tân",,,"industrial_cluster","75","Dong Nai","75","unknown",92.3042645277648,,,"polygon","site",1,"osm_way_1016187111","OpenStreetMap","https://www.openstreetmap.org/way/1016187111",2026-08-31,"osm",2026-08-31,106.859863737808,11.0086592994851
"osm_node_12535607272","Amata City Long Thanh Industrial Park",,,"industrial_park","75","Dong Nai","75","unknown",,,"https://directorsdirectory.com/amata-city-long-thanh-industrial-park/","point","locality",1,"osm_node_12535607272","OpenStreetMap","https://www.openstreetmap.org/node/12535607272",2026-08-31,"osm",2026-08-31,106.9245156,10.78016
"osm_way_597919509","Chon Thanh I Industrial Zone",,,"industrial_park","75","Dong Nai","70","unknown",246.3112455081,,,"polygon","site",1,"osm_way_597919509","OpenStreetMap","https://www.openstreetmap.org/way/597919509",2026-08-31,"osm",2026-08-31,106.604073115827,11.3918440994319
"osm_way_583464295","Khu công nghiệp Amata",,"Khu công nghiệp Amata (mở rộng)","industrial_park","75","Dong Nai","75","unknown",600.115633141731,,,"polygon","site",2,"osm_way_1016015905|osm_way_583464295","OpenStreetMap","https://www.openstreetmap.org/way/583464295",2026-08-31,"osm",2026-08-31,106.922887243782,10.9583189995398
"osm_way_1462512216","Khu công nghiệp Bắc Đồng Phú",,,"industrial_park","75","Dong Nai","70","unknown",167.104648930229,,,"polygon","site",1,"osm_way_1462512216","OpenStreetMap","https://www.openstreetmap.org/way/1462512216",2026-08-31,"osm",2026-08-31,106.87813187579,11.4763436495489
"osm_way_1462513965","Khu công nghiệp Bắc Đồng Phú Khu B",,,"industrial_park","75","Dong Nai","70","unknown",408.119972695921,,,"polygon","site",1,"osm_way_1462513965","OpenStreetMap","https://www.openstreetmap.org/way/1462513965",2026-08-31,"osm",2026-08-31,106.893813362696,11.4630958495589
"osm_way_321136900","Khu công nghiệp Bàu Xéo","Bau Xeo Industrial Park","Bau Xeo Industrial Park","industrial_park","75","Dong Nai","75","unknown",524.032669344876,,,"polygon","site",1,"osm_way_321136900","OpenStreetMap","https://www.openstreetmap.org/way/321136900",2026-08-31,"osm",2026-08-31,107.029990075085,10.9504259495994
"osm_way_1461706252","Khu công nghiệp Becamex",,,"industrial_park","75","Dong Nai","70","unknown",780.566391598354,,,"polygon","site",1,"osm_way_1461706252","OpenStreetMap","https://www.openstreetmap.org/way/1461706252",2026-08-31,"osm",2026-08-31,106.66430128721,11.4057194994547
"osm_way_790558235","Khu công nghiệp Becamex Bình Phước",,,"industrial_park","75","Dong Nai","70","unknown",403.786751621744,,,"polygon","site",1,"osm_way_790558235","OpenStreetMap","https://www.openstreetmap.org/way/790558235",2026-08-31,"osm",2026-08-31,106.648071480936,11.4495738994366
"osm_way_568387663","Khu công nghiệp Biên Hòa 1",,,"industrial_park","75","Dong Nai","75","unknown",296.929568335088,,,"polygon","site",1,"osm_way_568387663","OpenStreetMap","https://www.openstreetmap.org/way/568387663",2026-08-31,"osm",2026-08-31,106.85440604034,10.9206292495054
"osm_way_306132369","Khu công nghiệp Biên Hòa 2",,,"industrial_park","75","Dong Nai","75","unknown",400.371465406753,,,"polygon","site",1,"osm_way_306132369","OpenStreetMap","https://www.openstreetmap.org/way/306132369",2026-08-31,"osm",2026-08-31,106.873273231027,10.9221180995156
"osm_way_1465014906","Khu công nghiệp Công nghệ cao Long Thành",,,"industrial_park","75","Dong Nai","75","unknown",210.35501196568,,,"polygon","site",1,"osm_way_1465014906","OpenStreetMap","https://www.openstreetmap.org/way/1465014906",2026-08-31,"osm",2026-08-31,106.91781637008,10.7842877995909
"osm_way_631548585","Khu công nghiệp Dầu Giây","Dau Giay Industrial Zone","Dau Giay Industrial Zone","industrial_park","75","Dong Nai","75","unknown",332.325672872613,,,"polygon","site",1,"osm_way_631548585","OpenStreetMap","https://www.openstreetmap.org/way/631548585",2026-08-31,"osm",2026-08-31,107.134160968595,10.9209468498735
"osm_way_1376626461","Khu công nghiệp Định Quán","Dinh Quan Industrial Zone","Dinh Quan Industrial Zone","industrial_park","75","Dong Nai","75","unknown",57.4882447564121,,,"polygon","site",1,"osm_way_1376626461","OpenStreetMap","https://www.openstreetmap.org/way/1376626461",2026-08-31,"osm",2026-08-31,107.248429566825,11.1531327998455
"osm_way_597920108","Khu công nghiệp Đồng Xoài I",,,"industrial_park","75","Dong Nai","70","unknown",176.214868507711,,,"polygon","site",1,"osm_way_597920108","OpenStreetMap","https://www.openstreetmap.org/way/597920108",2026-08-31,"osm",2026-08-31,106.835111776589,11.5172043495152
"osm_way_1462771156","Khu công nghiệp Đồng Xoài II",,,"industrial_park","75","Dong Nai","70","unknown",69.5181484684958,,,"polygon","site",1,"osm_way_1462771156","OpenStreetMap","https://www.openstreetmap.org/way/1462771156",2026-08-31,"osm",2026-08-31,106.854026373789,11.5211729495193
"osm_way_1462511195","Khu công nghiệp Đồng Xoài III",,,"industrial_park","75","Dong Nai","70","unknown",296.350878457983,,,"polygon","site",1,"osm_way_1462511195","OpenStreetMap","https://www.openstreetmap.org/way/1462511195",2026-08-31,"osm",2026-08-31,106.874635509766,11.5065504995307
"osm_way_793350526","Khu công nghiệp Giang Điền",,,"industrial_park","75","Dong Nai","75","unknown",460.139811301202,,,"polygon","site",1,"osm_way_793350526","OpenStreetMap","https://www.openstreetmap.org/way/793350526",2026-08-31,"osm",2026-08-31,106.983895881263,10.8955445495943
"osm_way_1225327680","Khu công nghiệp Hố Nai 3","Ho Nai Industrial Zone","Ho Nai Industrial Zone","industrial_park","75","Dong Nai","75","unknown",381.166836588637,,"https://directorsdirectory.com/ho-nai-industrial-zone/","polygon","site",1,"osm_way_1225327680","OpenStreetMap","https://www.openstreetmap.org/way/1225327680",2026-08-31,"osm",2026-08-31,106.9364951185,10.9442310495434
"osm_way_322590398","Khu công nghiệp Lộc An - Bình Sơn",,,"industrial_park","75","Dong Nai","75","unknown",519.624302682962,,,"polygon","site",1,"osm_way_322590398","OpenStreetMap","https://www.openstreetmap.org/way/322590398",2026-08-31,"osm",2026-08-31,106.991252917861,10.7884784496176
"osm_way_882356440","Khu công nghiệp Long Đức",,,"industrial_park","75","Dong Nai","75","unknown",461.529965589282,,,"polygon","site",1,"osm_way_882356440","OpenStreetMap","https://www.openstreetmap.org/way/882356440",2026-08-31,"osm",2026-08-31,106.96336005609,10.8469680995998
"osm_way_714064293","Khu công nghiệp Long Khánh",,,"industrial_park","75","Dong Nai","75","unknown",246.487445597756,,,"polygon","site",1,"osm_way_714064293","OpenStreetMap","https://www.openstreetmap.org/way/714064293",2026-08-31,"osm",2026-08-31,107.224780777857,10.9685836498993
"osm_way_718462141","Khu công nghiệp Long Thành","Long Thanh Industrial Zone","Long Thanh Industrial Zone","industrial_park","75","Dong Nai","75","unknown",441.340235368771,,,"polygon","site",1,"osm_way_718462141","OpenStreetMap","https://www.openstreetmap.org/way/718462141",2026-08-31,"osm",2026-08-31,106.920366140885,10.8138910995791
"osm_way_583464298","Khu công nghiệp Loteco",,"Long Binh Techno Park (LOTECO)","industrial_park","75","Dong Nai","75","unknown",99.4936984412006,,"https://directorsdirectory.com/long-binh-techno-park-loteco/","polygon","site",1,"osm_way_583464298","OpenStreetMap","https://www.openstreetmap.org/way/583464298",2026-08-31,"osm",2026-08-31,106.890334336683,10.9295902495231
"osm_way_366493800","Khu công nghiệp Nhơn Trạch",,,"industrial_park","75","Dong Nai","75","unknown",2525.67828207646,,,"polygon","site",1,"osm_way_366493800","OpenStreetMap","https://www.openstreetmap.org/way/366493800",2026-08-31,"osm",2026-08-31,106.922881439052,10.7191587996261
"osm_way_1222385074","Khu công nghiệp Sông Mây",,,"industrial_park","75","Dong Nai","75","unknown",193.044924070552,,,"polygon","site",1,"osm_way_1222385074","OpenStreetMap","https://www.openstreetmap.org/way/1222385074",2026-08-31,"osm",2026-08-31,106.953140036639,10.980949749546
"osm_way_1178756648","Khu công nghiệp Tam Phước",,,"industrial_park","75","Dong Nai","75","unknown",302.497521055269,,,"polygon","site",1,"osm_way_1178756648","OpenStreetMap","https://www.openstreetmap.org/way/1178756648",2026-08-31,"osm",2026-08-31,106.940879193449,10.865783849568
"osm_way_924383400","Khu công nghiệp Xuân Lộc",,,"industrial_park","75","Dong Nai","75","unknown",73.6613460616306,,,"polygon","site",1,"osm_way_924383400","OpenStreetMap","https://www.openstreetmap.org/way/924383400",2026-08-31,"osm",2026-08-31,107.413124949976,10.9078656000142
"osm_way_1489376670","KNIC Dong Long Thanh",,,"industrial_park","75","Dong Nai","75","unknown",1236.13371656452,,,"polygon","site",1,"osm_way_1489376670","OpenStreetMap","https://www.openstreetmap.org/way/1489376670",2026-08-31,"osm",2026-08-31,107.167173723849,10.830248649899
"osm_way_327898250","Khu chế xuất Linh Trung I","Linh Trung I Export Processing Zone","Linh Trung I Export Processing Zone","export_processing_zone","79","Ho Chi Minh City","79","unknown",132.705993457313,,,"polygon","site",1,"osm_way_327898250","OpenStreetMap","https://www.openstreetmap.org/way/327898250",2026-08-31,"osm",2026-08-31,106.7714630717,10.8664792494784
"osm_way_1053215663","Khu chế xuất Linh Trung II",,,"export_processing_zone","79","Ho Chi Minh City","74","unknown",61.7471901605079,,,"polygon","site",1,"osm_way_1053215663","OpenStreetMap","https://www.openstreetmap.org/way/1053215663",2026-08-31,"osm",2026-08-31,106.721988770747,10.8887742994491
"osm_relation_17540366","Khu chế xuất Linh Trung II - Long Trường - Khu du lịch BCR",,,"export_processing_zone","79","Ho Chi Minh City","79","unknown",,"Công ty Cổ phần Xe khách Phương Trang - FUTA Bus Lines",,"point","locality",1,"osm_relation_17540366","OpenStreetMap","https://www.openstreetmap.org/relation/17540366",2026-08-31,"osm",2026-08-31,106.7780121,10.8493512
"osm_way_377269911","Khu chế xuất Tân Thuận",,,"export_processing_zone","79","Ho Chi Minh City","79","unknown",242.337727642706,,,"polygon","site",1,"osm_way_377269911","OpenStreetMap","https://www.openstreetmap.org/way/377269911",2026-08-31,"osm",2026-08-31,106.741469029489,10.7591929495003
"osm_relation_6289815","Khu công nghệ cao Thành phố Hồ Chí Minh","Saigon Hi-Tech Park","Saigon Hi-Tech Park|SHTP","hi_tech_park","79","Ho Chi Minh City","79","unknown",926.931489071412,,"http://www.shtp.hochiminhcity.gov.vn","polygon","site",1,"osm_relation_6289815","OpenStreetMap","https://www.openstreetmap.org/relation/6289815",2026-08-31,"osm",2026-08-31,106.808487353075,10.8380049995178
"osm_node_4173032595","Khu công nghệ cao Việt - Sing",,,"hi_tech_park","79","Ho Chi Minh City","74","unknown",,,,"point","locality",1,"osm_node_4173032595","OpenStreetMap","https://www.openstreetmap.org/node/4173032595",2026-08-31,"osm",2026-08-31,106.5347882,11.1079891
"osm_way_270876378","Cụm CN-TTCN Hắc Dịch",,,"industrial_cluster","79","Ho Chi Minh City","77","unknown",34.3261571745224,,,"polygon","site",1,"osm_way_270876378","OpenStreetMap","https://www.openstreetmap.org/way/270876378",2026-08-31,"osm",2026-08-31,107.086878464751,10.6434133997245
"osm_way_271395222","Cụm CN-TTCN Tóc Tiên 8",,,"industrial_cluster","79","Ho Chi Minh City","77","unknown",14.988621093885,,,"polygon","site",1,"osm_way_271395222","OpenStreetMap","https://www.openstreetmap.org/way/271395222",2026-08-31,"osm",2026-08-31,107.113509688889,10.6053669284446
"osm_way_277999908","Cụm Công nghiệp Khí Thấp Áp",,,"industrial_cluster","79","Ho Chi Minh City","77","unknown",29.6805595789452,,,"polygon","site",1,"osm_way_277999908","OpenStreetMap","https://www.openstreetmap.org/way/277999908",2026-08-31,"osm",2026-08-31,107.132285510463,10.4935054499971
"osm_way_533312484","Cụm công nghiệp Phong Phú",,,"industrial_cluster","79","Ho Chi Minh City","79","unknown",17.2652941461434,,,"polygon","site",1,"osm_way_533312484","OpenStreetMap","https://www.openstreetmap.org/way/533312484",2026-08-31,"osm",2026-08-31,106.779545894057,10.8315468494978
"osm_way_1338782176","Cụm công nghiệp Phước Tân",,,"industrial_cluster","79","Ho Chi Minh City","77","unknown",53.7807797999528,,,"polygon","site",1,"osm_way_1338782176","OpenStreetMap","https://www.openstreetmap.org/way/1338782176",2026-08-31,"osm",2026-08-31,107.379200807537,10.580950300099
"osm_node_12672413691","Cụm Công Nghiệp Tân Thành",,,"industrial_cluster","79","Ho Chi Minh City","74","unknown",,,,"point","locality",1,"osm_node_12672413691","OpenStreetMap","https://www.openstreetmap.org/node/12672413691",2026-08-31,"osm",2026-08-31,106.7168588,10.9562986
"osm_way_516578020","Khu công nghiệp An Hạ",,,"industrial_park","79","Ho Chi Minh City","79","unknown",113.230103927807,,,"polygon","site",1,"osm_way_516578020","OpenStreetMap","https://www.openstreetmap.org/way/516578020",2026-08-31,"osm",2026-08-31,106.514872094669,10.8175373493602
"osm_way_790548272","Khu công nghiệp Bàu Bàng","Bau Bang Industrial Zone","Bau Bang Industrial Zone","industrial_park","79","Ho Chi Minh City","74","unknown",2586.44563816028,,,"polygon","site",1,"osm_way_790548272","OpenStreetMap","https://www.openstreetmap.org/way/790548272",2026-08-31,"osm",2026-08-31,106.602964758413,11.2580199994737
"osm_way_503373077","Khu Công nghiệp Bình Chiểu",,,"industrial_park","79","Ho Chi Minh City","74","unknown",28.669181907364,,,"polygon","site",1,"osm_way_503373077","OpenStreetMap","https://www.openstreetmap.org/way/503373077",2026-08-31,"osm",2026-08-31,106.732817199558,10.882934099458
"osm_way_291853380","Khu công nghiệp Bình Đường",,,"industrial_park","79","Ho Chi Minh City","74","unknown",17.5854004500285,,,"polygon","site",1,"osm_way_291853380","OpenStreetMap","https://www.openstreetmap.org/way/291853380",2026-08-31,"osm",2026-08-31,106.753510351161,10.8706273994723
"osm_way_1355895112","Khu công nghiệp Cát Lái 2","Cat Lai 2 Industrial Zone","Cat Lai 2 Industrial Zone","industrial_park","79","Ho Chi Minh City","79","unknown",133.666820511348,,"https://directorsdirectory.com/cat-lai-2-industrial-zone/","polygon","site",1,"osm_way_1355895112","OpenStreetMap","https://www.openstreetmap.org/way/1355895112",2026-08-31,"osm",2026-08-31,106.770065867299,10.7604945995182
"osm_way_594483046","Khu công nghiệp chuyên sâu Phú Mỹ 3",,,"industrial_park","79","Ho Chi Minh City","77","unknown",337.34204661507,,,"polygon","site",1,"osm_way_594483046","OpenStreetMap","https://www.openstreetmap.org/way/594483046",2026-08-31,"osm",2026-08-31,107.062518865429,10.5311149497401
"osm_way_566356404","Khu công nghiệp Đá Bạc",,,"industrial_park","79","Ho Chi Minh City","77","unknown",62.8538155681827,,,"polygon","site",1,"osm_way_566356404","OpenStreetMap","https://www.openstreetmap.org/way/566356404",2026-08-31,"osm",2026-08-31,107.28129733405,10.5812197000472
"osm_way_783792019","Khu công nghiệp Đại Đăng",,"Khu Công Nghiệp Đại Đăng","industrial_park","79","Ho Chi Minh City","74","unknown",166.689989693618,,,"polygon","site",2,"osm_node_4123749584|osm_way_783792019","OpenStreetMap","https://www.openstreetmap.org/way/783792019",2026-08-31,"osm",2026-08-31,106.692800336051,11.0138329993963
"osm_way_857583505","Khu công nghiệp Đất Cuốc (Khu A)",,,"industrial_park","79","Ho Chi Minh City","74","unknown",158.748077505786,,,"polygon","site",1,"osm_way_857583505","OpenStreetMap","https://www.openstreetmap.org/way/857583505",2026-08-31,"osm",2026-08-31,106.840196440501,11.1018712496422
"osm_way_857583506","Khu công nghiệp Đất Cuốc (Khu B)",,,"industrial_park","79","Ho Chi Minh City","74","unknown",150.269213189362,,,"polygon","site",1,"osm_way_857583506","OpenStreetMap","https://www.openstreetmap.org/way/857583506",2026-08-31,"osm",2026-08-31,106.832537857212,11.1088355996406
"osm_way_1342085617","Khu công nghiệp Đất Đỏ",,,"industrial_park","79","Ho Chi Minh City","77","unknown",351.864760240352,,,"polygon","site",1,"osm_way_1342085617","OpenStreetMap","https://www.openstreetmap.org/way/1342085617",2026-08-31,"osm",2026-08-31,107.300557428933,10.5145717000725
"osm_way_291052399","Khu công nghiệp Dệt may Bình An",,,"industrial_park","79","Ho Chi Minh City","79","unknown",21.6369681243582,,,"polygon","site",1,"osm_way_291052399","OpenStreetMap","https://www.openstreetmap.org/way/291052399",2026-08-31,"osm",2026-08-31,106.81884174885,10.8930706494993
"osm_way_323602532","Khu công nghiệp Đồng An 1",,,"industrial_park","79","Ho Chi Minh City","74","unknown",148.583821082279,,,"polygon","site",1,"osm_way_323602532","OpenStreetMap","https://www.openstreetmap.org/way/323602532",2026-08-31,"osm",2026-08-31,106.728402136377,10.8985565494484
"osm_way_497979359","Khu công nghiệp Đồng An 2","Dong An 2 Industrial Park","Dong An 2 Industrial Park","industrial_park","79","Ho Chi Minh City","74","unknown",190.467001444336,,,"polygon","site",1,"osm_way_497979359","OpenStreetMap","https://www.openstreetmap.org/way/497979359",2026-08-31,"osm",2026-08-31,106.676962609719,11.1035205495515
"osm_relation_17432875","Khu công nghiệp Đông Nam - Bến xe Ngã tư Ga",,,"industrial_park","79","Ho Chi Minh City","79","unknown",,"Công ty Cổ phần Xe khách Phương Trang - FUTA Bus Lines",,"point","locality",1,"osm_relation_17432875","OpenStreetMap","https://www.openstreetmap.org/relation/17432875",2026-08-31,"osm",2026-08-31,106.65587825,10.91849035
"osm_way_654617274","Khu công nghiệp Đông Nam Củ Chi",,,"industrial_park","79","Ho Chi Minh City","79","unknown",215.450386045585,,,"polygon","site",1,"osm_way_654617274","OpenStreetMap","https://www.openstreetmap.org/way/654617274",2026-08-31,"osm",2026-08-31,106.623837254414,10.9651887993722
"osm_way_743811856","Khu công nghiệp Đông Xuyên","Dong Xuyen Industrial Park","Dong Xuyen Industrial Park","industrial_park","79","Ho Chi Minh City","77","unknown",172.604968306947,,"https://directorsdirectory.com/dong-xuyen-industrial-park/","polygon","site",2,"osm_node_6532089337|osm_way_743811856","OpenStreetMap","https://www.openstreetmap.org/way/743811856",2026-08-31,"osm",2026-08-31,107.112453923689,10.4039559000163
"osm_way_1357939694","Khu công nghiệp Hiệp Phước","Hiep Phuoc Industrial Park","Hiep Phuoc Industrial Park","industrial_park","79","Ho Chi Minh City","79","unknown",552.757229059255,,"https://directorsdirectory.com/hiep-phuoc-industrial-zone/","polygon","site",1,"osm_way_1357939694","OpenStreetMap","https://www.openstreetmap.org/way/1357939694",2026-08-31,"osm",2026-08-31,106.758137568942,10.6299070495455
"osm_way_597925817","Khu công nghiệp Kim Huy",,,"industrial_park","79","Ho Chi Minh City","74","unknown",132.239723036577,,,"polygon","site",1,"osm_way_597925817","OpenStreetMap","https://www.openstreetmap.org/way/597925817",2026-08-31,"osm",2026-08-31,106.706728567946,11.0451228495911
"osm_way_514726183","Khu công nghiệp Lê Minh Xuân",,"Le Minh Xuan Industrial Park","industrial_park","79","Ho Chi Minh City","79","unknown",104.877608987899,,"https://directorsdirectory.com/le-minh-xuan-industrial-zone/","polygon","site",1,"osm_way_514726183","OpenStreetMap","https://www.openstreetmap.org/way/514726183",2026-08-31,"osm",2026-08-31,106.543664568528,10.7426408993993
"osm_way_759187612","Khu công nghiệp Mỹ Phước 1",,,"industrial_park","79","Ho Chi Minh City","74","unknown",280.36715799952,,,"polygon","site",1,"osm_way_759187612","OpenStreetMap","https://www.openstreetmap.org/way/759187612",2026-08-31,"osm",2026-08-31,106.597117064504,11.1294687495025
"osm_way_654555792","Khu công nghiệp Mỹ Phước 3",,"KCN Mỹ Phước 3","industrial_park","79","Ho Chi Minh City","74","unknown",295.190355307251,,,"polygon","site",2,"osm_node_6575351490|osm_way_654555792","OpenStreetMap","https://www.openstreetmap.org/way/654555792",2026-08-31,"osm",2026-08-31,106.650151198966,11.0967708495444
"osm_way_317515592","Khu công nghiệp Mỹ Xuân A",,,"industrial_park","79","Ho Chi Minh City","77","unknown",284.519028332619,,,"polygon","site",1,"osm_way_317515592","OpenStreetMap","https://www.openstreetmap.org/way/317515592",2026-08-31,"osm",2026-08-31,107.032383538241,10.6452166496927
"osm_way_319538030","Khu công nghiệp Mỹ Xuân A2",,,"industrial_park","79","Ho Chi Minh City","77","unknown",469.386603690527,,,"polygon","site",1,"osm_way_319538030","OpenStreetMap","https://www.openstreetmap.org/way/319538030",2026-08-31,"osm",2026-08-31,107.038399839026,10.6315453997057
"osm_way_566708588","Khu công nghiệp Mỹ Xuân B1 - Conac",,,"industrial_park","79","Ho Chi Minh City","77","unknown",223.089719511263,,,"polygon","site",1,"osm_way_566708588","OpenStreetMap","https://www.openstreetmap.org/way/566708588",2026-08-31,"osm",2026-08-31,107.065288774638,10.6371308497092
"osm_way_319538031","Khu công nghiệp Mỹ Xuân B1 - Tiến Hùng",,,"industrial_park","79","Ho Chi Minh City","77","unknown",172.826237397219,,,"polygon","site",1,"osm_way_319538031","OpenStreetMap","https://www.openstreetmap.org/way/319538031",2026-08-31,"osm",2026-08-31,107.063145959268,10.6468360997073
"osm_way_627782061","Khu công nghiệp Nam Tân Uyên",,,"industrial_park","79","Ho Chi Minh City","74","unknown",347.298575954493,,,"polygon","site",1,"osm_way_627782061","OpenStreetMap","https://www.openstreetmap.org/way/627782061",2026-08-31,"osm",2026-08-31,106.754233682503,11.0589705496069
"osm_way_1218993278","Khu công nghiệp Nam Tân Uyên mở rộng",,,"industrial_park","79","Ho Chi Minh City","74","unknown",268.86431388331,,,"polygon","site",1,"osm_way_1218993278","OpenStreetMap","https://www.openstreetmap.org/way/1218993278",2026-08-31,"osm",2026-08-31,106.780272503261,11.0979094996098
"osm_way_366287225","Khu công nghiệp Nhị Xuân",,,"industrial_park","79","Ho Chi Minh City","79","unknown",82.1405898521761,,,"polygon","site",1,"osm_way_366287225","OpenStreetMap","https://www.openstreetmap.org/way/366287225",2026-08-31,"osm",2026-08-31,106.531805505862,10.8775401493524
"osm_relation_17502793","Khu công nghiệp Nhị Xuân - Bến xe An Sương",,,"industrial_park","79","Ho Chi Minh City","79","unknown",,"Công ty Cổ phần Xe khách Phương Trang - FUTA Bus Lines",,"point","locality",1,"osm_relation_17502793","OpenStreetMap","https://www.openstreetmap.org/relation/17502793",2026-08-31,"osm",2026-08-31,106.57476435,10.86588655
"osm_relation_17438220","Khu công nghiệp Nhơn Trạch - Bến xe Miền Đông",,,"industrial_park","79","Ho Chi Minh City","79","unknown",,"Công ty Cổ phần Xe khách Phương Trang - FUTA Bus Lines",,"point","locality",1,"osm_relation_17438220","OpenStreetMap","https://www.openstreetmap.org/relation/17438220",2026-08-31,"osm",2026-08-31,106.8330431,10.8173555
"osm_way_784968442","Khu công nghiệp Phú Chánh",,,"industrial_park","79","Ho Chi Minh City","74","unknown",106.461399351335,,,"polygon","site",1,"osm_way_784968442","OpenStreetMap","https://www.openstreetmap.org/way/784968442",2026-08-31,"osm",2026-08-31,106.705557147628,11.0732810995786
"osm_relation_8191003","Khu công nghiệp Phú Mỹ 1",,,"industrial_park","79","Ho Chi Minh City","77","unknown",1066.41877922165,"Izico",,"polygon","site",1,"osm_relation_8191003","OpenStreetMap","https://www.openstreetmap.org/relation/8191003",2026-08-31,"osm",2026-08-31,107.035471062331,10.5884990497187
"osm_way_1193514671","Khu công nghiệp Phú Mỹ 2",,,"industrial_park","79","Ho Chi Minh City","77","unknown",618.835989986388,,,"polygon","site",1,"osm_way_1193514671","OpenStreetMap","https://www.openstreetmap.org/way/1193514671",2026-08-31,"osm",2026-08-31,107.051126467539,10.5502573997272
"osm_way_1463022980","Khu công nghiệp Phú Tân",,,"industrial_park","79","Ho Chi Minh City","74","unknown",36.1582641784269,,,"polygon","site",1,"osm_way_1463022980","OpenStreetMap","https://www.openstreetmap.org/way/1463022980",2026-08-31,"osm",2026-08-31,106.679107945423,11.0981301995595
"osm_way_1454596518","Khu công nghiệp Rạch Bắp",,,"industrial_park","79","Ho Chi Minh City","74","unknown",235.579856637084,,,"polygon","site",1,"osm_way_1454596518","OpenStreetMap","https://www.openstreetmap.org/way/1454596518",2026-08-31,"osm",2026-08-31,106.535898814352,11.1376073494748
"osm_way_306251856","Khu công nghiệp Sóng Thần","Song Than Industrial Park","Song Than Industrial Park","industrial_park","79","Ho Chi Minh City","74","unknown",350.110676475442,,,"polygon","site",1,"osm_way_306251856","OpenStreetMap","https://www.openstreetmap.org/way/306251856",2026-08-31,"osm",2026-08-31,106.750340270846,10.8903542494602
"osm_way_496910231","Khu công nghiệp Sóng Thần 2",,,"industrial_park","79","Ho Chi Minh City","74","unknown",94.8144621086199,,,"polygon","site",1,"osm_way_496910231","OpenStreetMap","https://www.openstreetmap.org/way/496910231",2026-08-31,"osm",2026-08-31,106.744027008965,10.9184352494527
"osm_way_783794691","Khu công nghiệp Sóng Thần 3",,,"industrial_park","79","Ho Chi Minh City","74","unknown",360.225793014741,,,"polygon","site",1,"osm_way_783794691","OpenStreetMap","https://www.openstreetmap.org/way/783794691",2026-08-31,"osm",2026-08-31,106.700717136202,11.0301982493951
"osm_way_790553092","Khu công nghiệp Tân Bình",,,"industrial_park","79","Ho Chi Minh City","74","unknown",365.336823916376,,,"polygon","site",1,"osm_way_790553092","OpenStreetMap","https://www.openstreetmap.org/way/790553092",2026-08-31,"osm",2026-08-31,106.715242061022,11.1997587495444
"osm_way_1052673995","Khu công nghiệp Tân Bình",,,"industrial_park","79","Ho Chi Minh City","79","unknown",101.864965091165,,,"polygon","site",2,"osm_way_1052673995|osm_way_1052673996","OpenStreetMap","https://www.openstreetmap.org/way/1052673995",2026-08-31,"osm",2026-08-31,106.614248716051,10.8145744494169
"osm_way_291663726","Khu công nghiệp Tân Đông Hiệp (Khu A)",,,"industrial_park","79","Ho Chi Minh City","74","unknown",44.0524777790128,,,"polygon","site",1,"osm_way_291663726","OpenStreetMap","https://www.openstreetmap.org/way/291663726",2026-08-31,"osm",2026-08-31,106.78623104241,10.9049955994759
"osm_way_1136987798","Khu công nghiệp Tân Đông Hiệp B",,,"industrial_park","79","Ho Chi Minh City","74","unknown",140.368474308299,,,"polygon","site",1,"osm_way_1136987798","OpenStreetMap","https://www.openstreetmap.org/way/1136987798",2026-08-31,"osm",2026-08-31,106.781701996268,10.92367619947
"osm_way_1548525579","Khu công nghiệp Tân Phú Trung",,,"industrial_park","79","Ho Chi Minh City","79","unknown",613.303351614019,,,"polygon","site",1,"osm_way_1548525579","OpenStreetMap","https://www.openstreetmap.org/way/1548525579",2026-08-31,"osm",2026-08-31,106.537528393458,10.9246142493491
"osm_way_493155221","Khu công nghiệp Tân Tạo","Tan Tao Industrial Park","Tan Tao Industrial Park","industrial_park","79","Ho Chi Minh City","79","unknown",408.323037104669,,,"polygon","site",1,"osm_way_493155221","OpenStreetMap","https://www.openstreetmap.org/way/493155221",2026-08-31,"osm",2026-08-31,106.590909002101,10.7420019494262
"osm_way_208936711","Khu Công nghiệp Tân Thới Hiệp",,,"industrial_park","79","Ho Chi Minh City","79","unknown",26.449238129817,,,"polygon","site",1,"osm_way_208936711","OpenStreetMap","https://www.openstreetmap.org/way/208936711",2026-08-31,"osm",2026-08-31,106.635176612318,10.8830301494059
"osm_way_785527816","Khu công nghiệp Tây Bắc Củ Chi",,,"industrial_park","79","Ho Chi Minh City","79","unknown",182.727187962285,,,"polygon","site",1,"osm_way_785527816","OpenStreetMap","https://www.openstreetmap.org/way/785527816",2026-08-31,"osm",2026-08-31,106.486571388175,10.9849189992925
"osm_way_496910208","Khu công nghiệp Việt Hương",,,"industrial_park","79","Ho Chi Minh City","74","unknown",25.346714874504,,,"polygon","site",1,"osm_way_496910208","OpenStreetMap","https://www.openstreetmap.org/way/496910208",2026-08-31,"osm",2026-08-31,106.711416664184,10.9461531994252
"osm_node_4122567811","Khu Công Nghiệp Việt Hương 2",,,"industrial_park","79","Ho Chi Minh City","74","unknown",,,,"point","locality",1,"osm_node_4122567811","OpenStreetMap","https://www.openstreetmap.org/node/4122567811",2026-08-31,"osm",2026-08-31,106.5425962,11.0914444
"osm_way_291267149","Khu công nghiệp Việt Nam - Singapore (VSIP I)",,,"industrial_park","79","Ho Chi Minh City","74","unknown",452.988656292748,,,"polygon","site",1,"osm_way_291267149","OpenStreetMap","https://www.openstreetmap.org/way/291267149",2026-08-31,"osm",2026-08-31,106.725050614737,10.931396399443
"osm_way_330871753","Khu công nghiệp Vĩnh Lộc","Vinh Loc Industrial Park","Vinh Loc Industrial Park","industrial_park","79","Ho Chi Minh City","79","unknown",203.593103103389,,,"polygon","site",1,"osm_way_330871753","OpenStreetMap","https://www.openstreetmap.org/way/330871753",2026-08-31,"osm",2026-08-31,106.590595864931,10.8238942993948
"osm_node_12803890343","Khu Công Nghiệp VSIP 2-Bình Dương-Việt Nam Singapore Đường Số 1",,,"industrial_park","79","Ho Chi Minh City","74","unknown",,,,"point","locality",1,"osm_node_12803890343","OpenStreetMap","https://www.openstreetmap.org/node/12803890343",2026-08-31,"osm",2026-08-31,106.6822468,11.0742349
"osm_way_366658228","VSIP II",,"VSIP II Mở Rộng","industrial_park","79","Ho Chi Minh City","74","unknown",1170.26219255829,,,"polygon","site",2,"osm_way_366658228|osm_way_787861298","OpenStreetMap","https://www.openstreetmap.org/way/366658228",2026-08-31,"osm",2026-08-31,106.68192796028,11.0815288995697
"osm_way_1548524683","VSIP III",,,"industrial_park","79","Ho Chi Minh City","74","unknown",642.283313656859,,,"polygon","site",1,"osm_way_1548524683","OpenStreetMap","https://www.openstreetmap.org/way/1548524683",2026-08-31,"osm",2026-08-31,106.78821347137,11.1243096496096
"osm_way_1157345896","Khu chế xuất Linh Trung 3",,,"export_processing_zone","80","Tay Ninh","72","unknown",201.5052334715,,,"polygon","site",1,"osm_way_1157345896","OpenStreetMap","https://www.openstreetmap.org/way/1157345896",2026-08-31,"osm",2026-08-31,106.394343604044,11.0075302492372
"osm_way_1183609943","Cụm CN Hải Sơn",,,"industrial_cluster","80","Tay Ninh","80","unknown",271.417291443706,,,"polygon","site",1,"osm_way_1183609943","OpenStreetMap","https://www.openstreetmap.org/way/1183609943",2026-08-31,"osm",2026-08-31,106.498454145695,10.8270872493453
"osm_way_1183609942","Cụm CN Ngọc Phương Đông",,,"industrial_cluster","80","Tay Ninh","80","unknown",90.0883699083041,,,"polygon","site",1,"osm_way_1183609942","OpenStreetMap","https://www.openstreetmap.org/way/1183609942",2026-08-31,"osm",2026-08-31,106.510452985272,10.8315199493536
"osm_way_1183609951","Cụm CN Trung Thành Phát",,,"industrial_cluster","80","Tay Ninh","80","unknown",105.246190066993,,,"polygon","site",1,"osm_way_1183609951","OpenStreetMap","https://www.openstreetmap.org/way/1183609951",2026-08-31,"osm",2026-08-31,106.489180862091,10.8109089993465
"osm_way_671612465","Cụm công nghiệp Lợi Bình Nhơn",,,"industrial_cluster","80","Tay Ninh","80","unknown",71.7685151673242,,,"polygon","site",1,"osm_way_671612465","OpenStreetMap","https://www.openstreetmap.org/way/671612465",2026-08-31,"osm",2026-08-31,106.362917529751,10.5487756493608
"osm_way_475301776","Cụm công nghiệp Long Định",,,"industrial_cluster","80","Tay Ninh","80","unknown",168.766096687826,,,"polygon","site",1,"osm_way_475301776","OpenStreetMap","https://www.openstreetmap.org/way/475301776",2026-08-31,"osm",2026-08-31,106.494562662219,10.608410699412
"osm_way_1462986262","Cụm Công Nghiệp Tân Hội",,,"industrial_cluster","80","Tay Ninh","72","unknown",252.079765273272,,,"polygon","site",1,"osm_way_1462986262","OpenStreetMap","https://www.openstreetmap.org/way/1462986262",2026-08-31,"osm",2026-08-31,106.185798194626,11.6515032991195
"osm_way_1183609945","Khu CN Lê Long",,,"industrial_park","80","Tay Ninh","80","unknown",35.4523234969811,,,"polygon","site",1,"osm_way_1183609945","OpenStreetMap","https://www.openstreetmap.org/way/1183609945",2026-08-31,"osm",2026-08-31,106.496036510858,10.8049774993545
"osm_way_513828583","Khu Công nghiệp Cầu Tràm",,,"industrial_park","80","Tay Ninh","80","unknown",71.9812190031823,,,"polygon","site",1,"osm_way_513828583","OpenStreetMap","https://www.openstreetmap.org/way/513828583",2026-08-31,"osm",2026-08-31,106.591449018151,10.6304972994614
"osm_way_884342538","Khu công nghiệp Chà Là",,,"industrial_park","80","Tay Ninh","72","unknown",68.1818876983784,,,"polygon","site",1,"osm_way_884342538","OpenStreetMap","https://www.openstreetmap.org/way/884342538",2026-08-31,"osm",2026-08-31,106.204542378256,11.2969922992447
"osm_way_1183609946","Khu công nghiệp Đức Hòa 1 - Hạnh Phúc",,,"industrial_park","80","Tay Ninh","80","unknown",259.976057123086,,,"polygon","site",1,"osm_way_1183609946","OpenStreetMap","https://www.openstreetmap.org/way/1183609946",2026-08-31,"osm",2026-08-31,106.506025479321,10.8121235993571
"osm_way_1465495768","Khu công nghiệp Đức Hòa III",,,"industrial_park","80","Tay Ninh","80","unknown",480.751912833811,,,"polygon","site",1,"osm_way_1465495768","OpenStreetMap","https://www.openstreetmap.org/way/1465495768",2026-08-31,"osm",2026-08-31,106.456749384217,10.9287330992892
"osm_way_516578005","Khu công nghiệp Hải Sơn",,"Khu Công nghiệp Hải Sơn|Khu CN Hải Sơn","industrial_park","80","Tay Ninh","80","unknown",441.903548810615,,,"polygon","site",3,"osm_way_1183609958|osm_way_516578005|osm_way_516578006","OpenStreetMap","https://www.openstreetmap.org/way/516578005",2026-08-31,"osm",2026-08-31,106.470737533816,10.7777793993491
"osm_way_544074532","Khu công nghiệp Hòa Bình",,,"industrial_park","80","Tay Ninh","80","unknown",111.404539775793,,,"polygon","site",1,"osm_way_544074532","OpenStreetMap","https://www.openstreetmap.org/way/544074532",2026-08-31,"osm",2026-08-31,106.428688352417,10.5939952993811
"osm_way_1183609957","Khu công nghiệp Hựu Thạnh",,,"industrial_park","80","Tay Ninh","80","unknown",377.53375575114,,,"polygon","site",1,"osm_way_1183609957","OpenStreetMap","https://www.openstreetmap.org/way/1183609957",2026-08-31,"osm",2026-08-31,106.457825920039,10.768103099342
"osm_way_516578071","Khu Công nghiệp Liên Minh",,,"industrial_park","80","Tay Ninh","80","unknown",175.327695208349,,,"polygon","site",1,"osm_way_516578071","OpenStreetMap","https://www.openstreetmap.org/way/516578071",2026-08-31,"osm",2026-08-31,106.488724585339,10.7947833493506
"osm_way_368243702","Khu công nghiệp Long Hậu 1",,,"industrial_park","80","Tay Ninh","80","unknown",133.992123205975,,,"polygon","site",1,"osm_way_368243702","OpenStreetMap","https://www.openstreetmap.org/way/368243702",2026-08-31,"osm",2026-08-31,106.718534124033,10.6386504495225
"osm_way_1424057407","Khu công nghiệp Long Hậu 2",,,"industrial_park","80","Tay Ninh","80","unknown",112.362903020611,,,"polygon","site",1,"osm_way_1424057407","OpenStreetMap","https://www.openstreetmap.org/way/1424057407",2026-08-31,"osm",2026-08-31,106.719150213359,10.6300543495259
"osm_way_1423784487","Khu công nghiệp Long Hậu 3",,,"industrial_park","80","Tay Ninh","80","unknown",143.793930087298,,,"polygon","site",1,"osm_way_1423784487","OpenStreetMap","https://www.openstreetmap.org/way/1423784487",2026-08-31,"osm",2026-08-31,106.707865041735,10.6333893995253
"osm_way_1183609941","Khu công nghiệp Nam Thuận",,,"industrial_park","80","Tay Ninh","80","unknown",336.737663733816,,,"polygon","site",1,"osm_way_1183609941","OpenStreetMap","https://www.openstreetmap.org/way/1183609941",2026-08-31,"osm",2026-08-31,106.510528682523,10.8455447493492
"osm_way_1420332590","Khu công nghiệp Nhựt Chánh",,,"industrial_park","80","Tay Ninh","80","unknown",121.87744652695,,,"polygon","site",1,"osm_way_1420332590","OpenStreetMap","https://www.openstreetmap.org/way/1420332590",2026-08-31,"osm",2026-08-31,106.478533143833,10.6210341494048
"osm_way_1420667104","Khu công nghiệp Phú An Thạnh","PAT Industrial Park","PAT Industrial Park","industrial_park","80","Tay Ninh","80","unknown",313.153795083933,,,"polygon","site",1,"osm_way_1420667104","OpenStreetMap","https://www.openstreetmap.org/way/1420667104",2026-08-31,"osm",2026-08-31,106.459842924975,10.6824127993792
"osm_way_693607177","Khu công nghiệp Phước Đông",,,"industrial_park","80","Tay Ninh","72","unknown",1266.18924980151,,,"polygon","site",1,"osm_way_693607177","OpenStreetMap","https://www.openstreetmap.org/way/693607177",2026-08-31,"osm",2026-08-31,106.329387686842,11.1448603493513
"osm_way_795539563","Khu công nghiệp Phước Long",,,"industrial_park","80","Tay Ninh","80","unknown",97.8925786515556,,,"polygon","site",1,"osm_way_795539563","OpenStreetMap","https://www.openstreetmap.org/way/795539563",2026-08-31,"osm",2026-08-31,106.512657966962,10.6230282994202
"osm_way_661016855","Khu công nghiệp Tân Đô",,,"industrial_park","80","Tay Ninh","80","unknown",203.569212955293,,,"polygon","site",1,"osm_way_661016855","OpenStreetMap","https://www.openstreetmap.org/way/661016855",2026-08-31,"osm",2026-08-31,106.483207339294,10.7776492493584
"osm_relation_21159875","Khu công nghiệp Tân Đức",,,"industrial_park","80","Tay Ninh","80","unknown",479.786102825977,,,"polygon","site",1,"osm_relation_21159875","OpenStreetMap","https://www.openstreetmap.org/relation/21159875",2026-08-31,"osm",2026-08-31,106.451764019241,10.7847195993306
"osm_way_1420840565","Khu công nghiệp Tân Kim",,"Khu công nghiệp Tân Kim mở rộng","industrial_park","80","Tay Ninh","80","unknown",135.083993511561,,,"polygon","site",2,"osm_way_1420840565|osm_way_1420840566","OpenStreetMap","https://www.openstreetmap.org/way/1420840565",2026-08-31,"osm",2026-08-31,106.666609192355,10.6368336495022
"osm_node_12782181662","Khu Công Nghiệp Tân Kim Đường Số 2",,,"industrial_park","80","Tay Ninh","80","unknown",,,,"point","locality",1,"osm_node_12782181662","OpenStreetMap","https://www.openstreetmap.org/node/12782181662",2026-08-31,"osm",2026-08-31,106.659659,10.6356953
"osm_way_1465498429","Khu công nghiệp Thái Hòa",,,"industrial_park","80","Tay Ninh","80","unknown",101.615730218259,,,"polygon","site",1,"osm_way_1465498429","OpenStreetMap","https://www.openstreetmap.org/way/1465498429",2026-08-31,"osm",2026-08-31,106.471429831656,10.9215270993058
"osm_way_548501983","Khu công nghiệp Thành Thành Công",,,"industrial_park","80","Tay Ninh","72","unknown",642.150871056672,,,"polygon","site",1,"osm_way_548501983","OpenStreetMap","https://www.openstreetmap.org/way/548501983",2026-08-31,"osm",2026-08-31,106.308312501462,11.0287746991901
"osm_way_597902555","Khu công nghiệp Thuận Đào",,,"industrial_park","80","Tay Ninh","80","unknown",107.052708829361,,,"polygon","site",1,"osm_way_597902555","OpenStreetMap","https://www.openstreetmap.org/way/597902555",2026-08-31,"osm",2026-08-31,106.492387601603,10.6194878494106
"osm_way_1545660086","Khu công nghiệp Trần Anh - Tân Phú",,,"industrial_park","80","Tay Ninh","80","unknown",60.0089279929719,,,"polygon","site",1,"osm_way_1545660086","OpenStreetMap","https://www.openstreetmap.org/way/1545660086",2026-08-31,"osm",2026-08-31,106.352997295381,10.8919552992503
"osm_way_1157345897","Khu công nghiệp Trảng Bàng",,,"industrial_park","80","Tay Ninh","72","unknown",171.740495136514,,,"polygon","site",1,"osm_way_1157345897","OpenStreetMap","https://www.openstreetmap.org/way/1157345897",2026-08-31,"osm",2026-08-31,106.387361535352,11.0192975492332
"osm_way_475301765","Khu công nghiệp Vĩnh Lộc 2","Vinh Loc 2 Industrial Zone","Vinh Loc 2 Industrial Zone","industrial_park","80","Tay Ninh","80","unknown",262.291027169715,,"http://kcnvinhloc2.com.vn/","polygon","site",1,"osm_way_475301765","OpenStreetMap","https://www.openstreetmap.org/way/475301765",2026-08-31,"osm",2026-08-31,106.514567396937,10.6419863494091
"osm_way_366287226","Khu công nghiệp Xuyên Á",,,"industrial_park","80","Tay Ninh","80","unknown",277.301009458666,,,"polygon","site",1,"osm_way_366287226","OpenStreetMap","https://www.openstreetmap.org/way/366287226",2026-08-31,"osm",2026-08-31,106.52314544928,10.8878646993393
"osm_way_807096759","Cụm công nghiệp Cái Tàu Hạ - An Nhơn",,,"industrial_cluster","82","Dong Thap","87","unknown",27.2386781377656,,,"polygon","site",1,"osm_way_807096759","OpenStreetMap","https://www.openstreetmap.org/way/807096759",2026-08-31,"osm",2026-08-31,105.863783882953,10.2641149491852
"osm_way_1041309965","Cụm công nghiệp Gia Thuận 1",,,"industrial_cluster","82","Dong Thap","82","unknown",48.7523172873554,,,"polygon","site",1,"osm_way_1041309965","OpenStreetMap","https://www.openstreetmap.org/way/1041309965",2026-08-31,"osm",2026-08-31,106.744205743492,10.444508399601
"osm_way_1497376776","Cụm công nghiệp Tân Lập",,,"industrial_cluster","82","Dong Thap","87","unknown",40.8692548370934,,,"polygon","site",1,"osm_way_1497376776","OpenStreetMap","https://www.openstreetmap.org/way/1497376776",2026-08-31,"osm",2026-08-31,105.827477920207,10.25548599917
"osm_way_1039481031","Cụm công nghiệp Tân Mỹ Chánh",,,"industrial_cluster","82","Dong Thap","82","unknown",20.1781851797156,,,"polygon","site",1,"osm_way_1039481031","OpenStreetMap","https://www.openstreetmap.org/way/1039481031",2026-08-31,"osm",2026-08-31,106.389407178826,10.3547946994373
"osm_way_1041307279","Cụm công nghiệp Trung An",,,"industrial_cluster","82","Dong Thap","82","unknown",17.1945484499667,,,"polygon","site",1,"osm_way_1041307279","OpenStreetMap","https://www.openstreetmap.org/way/1041307279",2026-08-31,"osm",2026-08-31,106.331841391868,10.349661949409
"osm_way_755708794","Cuụm công nghiệp Mỹ Hiệp",,,"industrial_cluster","82","Dong Thap","87","unknown",61.1276312919208,,,"polygon","site",1,"osm_way_755708794","OpenStreetMap","https://www.openstreetmap.org/way/755708794",2026-08-31,"osm",2026-08-31,105.799146818514,10.3294499991303
"osm_way_1233513880","Khu công nghiệp Long Giang","Long Giang industrial park","Long Giang industrial park","industrial_park","82","Dong Thap","82","unknown",553.951406089085,,,"polygon","site",1,"osm_way_1233513880","OpenStreetMap","https://www.openstreetmap.org/way/1233513880",2026-08-31,"osm",2026-08-31,106.30895125517,10.4711483993512
"osm_way_648723263","Khu công nghiệp Mỹ Tho",,,"industrial_park","82","Dong Thap","82","unknown",71.0500643448192,,,"polygon","site",1,"osm_way_648723263","OpenStreetMap","https://www.openstreetmap.org/way/648723263",2026-08-31,"osm",2026-08-31,106.332439516185,10.3455921994139
"osm_way_490788644","Khu công nghiệp Sông Hậu","Song Hau Industrial Park","Song Hau Industrial Park","industrial_park","82","Dong Thap","87","unknown",66.2959719927754,,,"polygon","site",1,"osm_way_490788644","OpenStreetMap","https://www.openstreetmap.org/way/490788644",2026-08-31,"osm",2026-08-31,105.59952377491,10.2483538490491
"osm_way_597920253","Khu công nghiệp Tân Hương","Tan Huong Industrial Zone","Tan Huong Industrial Zone","industrial_park","82","Dong Thap","82","unknown",175.993717378801,,,"polygon","site",1,"osm_way_597920253","OpenStreetMap","https://www.openstreetmap.org/way/597920253",2026-08-31,"osm",2026-08-31,106.359738477277,10.4876747493835
"osm_node_3636084212","Khu Công nghiệp xã Bình Thành",,,"industrial_park","82","Dong Thap","87","unknown",,,,"point","locality",1,"osm_node_3636084212","OpenStreetMap","https://www.openstreetmap.org/node/3636084212",2026-08-31,"osm",2026-08-31,105.5306167,10.544844
"osm_way_1134731178","Cụm Công Nghiệp Phong Nẫm",,,"industrial_cluster","86","Vinh Long","83","unknown",19.3579966492415,,,"polygon","site",1,"osm_way_1134731178","OpenStreetMap","https://www.openstreetmap.org/way/1134731178",2026-08-31,"osm",2026-08-31,106.435033236542,10.2462429494971
"osm_way_1041311775","Khu công nghiệp An Hiệp",,,"industrial_park","86","Vinh Long","83","unknown",65.1734608702687,,,"polygon","site",1,"osm_way_1041311775","OpenStreetMap","https://www.openstreetmap.org/way/1041311775",2026-08-31,"osm",2026-08-31,106.283145411577,10.2704883494055
"osm_way_734940044","Khu công nghiệp Bình Minh",,,"industrial_park","86","Vinh Long","86","unknown",145.055119388569,,,"polygon","site",1,"osm_way_734940044","OpenStreetMap","https://www.openstreetmap.org/way/734940044",2026-08-31,"osm",2026-08-31,105.8225952091,10.0338804492343
"osm_way_1041311776","Khu công nghiệp Giao Long",,,"industrial_park","86","Vinh Long","83","unknown",161.57636259406,,,"polygon","site",1,"osm_way_1041311776","OpenStreetMap","https://www.openstreetmap.org/way/1041311776",2026-08-31,"osm",2026-08-31,106.400213342452,10.2986074994671
"osm_way_1058062589","Khu công nghiệp Hoà Phú",,,"industrial_park","86","Vinh Long","86","unknown",230.033458876278,,,"polygon","site",1,"osm_way_1058062589","OpenStreetMap","https://www.openstreetmap.org/way/1058062589",2026-08-31,"osm",2026-08-31,105.937354391644,10.1723032992533
"osm_way_288582904","Khu công nghiệp Long Đức",,,"industrial_park","86","Vinh Long","84","unknown",100.373754868222,,,"polygon","site",1,"osm_way_288582904","OpenStreetMap","https://www.openstreetmap.org/way/288582904",2026-08-31,"osm",2026-08-31,106.34550041221,9.97352549953131
"osm_way_169426939","Khu CN Bình Hòa",,,"industrial_park","91","An Giang","89","unknown",130.183021254616,,,"polygon","site",1,"osm_way_169426939","OpenStreetMap","https://www.openstreetmap.org/way/169426939",2026-08-31,"osm",2026-08-31,105.340253133856,10.4550590988436
"osm_way_798521971","Khu công nghiệp Thạnh Lộc",,,"industrial_park","91","An Giang","91","unknown",71.0625603579966,,,"polygon","site",1,"osm_way_798521971","OpenStreetMap","https://www.openstreetmap.org/way/798521971",2026-08-31,"osm",2026-08-31,105.127628526567,9.98864584887874
"osm_way_169077621","Khu CN Tân Phú Thạnh",,,"industrial_park","92","Can Tho","92","unknown",2.36564873227683,,,"polygon","site",1,"osm_way_169077621","OpenStreetMap","https://www.openstreetmap.org/way/169077621",2026-08-31,"osm",2026-08-31,105.730928393865,9.95239314921141
"osm_way_877467451","Khu công nghiệp An Nghiệp",,,"industrial_park","92","Can Tho","94","unknown",242.809135678734,,,"polygon","site",1,"osm_way_877467451","OpenStreetMap","https://www.openstreetmap.org/way/877467451",2026-08-31,"osm",2026-08-31,105.95782334469,9.64357334943362
"osm_way_773079170","Khu công nghiệp Thốt Nốt",,,"industrial_park","92","Can Tho","92","unknown",79.3930140189576,,,"polygon","site",1,"osm_way_773079170","OpenStreetMap","https://www.openstreetmap.org/way/773079170",2026-08-31,"osm",2026-08-31,105.493572698271,10.3166105989714
"osm_way_597916915","Khu công nghiệp Trà Nóc",,,"industrial_park","92","Can Tho","92","unknown",287.74758892998,,,"polygon","site",1,"osm_way_597916915","OpenStreetMap","https://www.openstreetmap.org/way/597916915",2026-08-31,"osm",2026-08-31,105.705666624258,10.1091209991443
"osm_way_1499785995","Khu Công nghiệp Việt Nam - Tân Gia Ba",,,"industrial_park","92","Can Tho","92","unknown",110.31974735118,,,"polygon","site",1,"osm_way_1499785995","OpenStreetMap","https://www.openstreetmap.org/way/1499785995",2026-08-31,"osm",2026-08-31,105.462701348099,10.2885309989625
"osm_way_1041342437","Khu công nghiệp Trà Kha",,,"industrial_park","96","Ca Mau","95","unknown",63.2055786771412,,,"polygon","site",1,"osm_way_1041342437","OpenStreetMap","https://www.openstreetmap.org/way/1041342437",2026-08-31,"osm",2026-08-31,105.696443499512,9.30229449959619
"osm_way_481199146","KCN Du Long",,"Khu công nghiệp Du Long","industrial_park","56","Khanh Hoa","58","unknown",,,,"point","locality",1,"osm_way_481199146","Invest Vietnam + OpenStreetMap","https://www.openstreetmap.org/way/481199146",2026-09-10,"official_name_osm_location",2026-08-11,109.048944,11.695097
"osm_node_4932620821","Khu công nghiệp Sa Đéc",,"Khu công nghiệp Sa Đéc","industrial_park","82","Dong Thap","87","unknown",,,,"point","locality",1,"osm_node_4932620821","Invest Vietnam + OpenStreetMap","https://www.openstreetmap.org/node/4932620821",2026-09-10,"official_name_osm_location",2026-08-11,105.751827,10.31642
"osm_node_9123506699","Khu công nghiệp Thạnh Phú",,"Khu công nghiệp Thạnh Phú","industrial_park","75","Dong Nai","75","unknown",,,,"point","locality",3,"osm_node_9123506699|osm_node_9123888735|osm_way_1178316022","Invest Vietnam + OpenStreetMap","https://www.openstreetmap.org/node/9123506699",2026-09-10,"official_name_osm_location",2026-08-11,106.849458,11.004949
"osm_way_954616629","Khu công nghiệp Nhân Cơ",,"Khu công nghiệp Nhân Cơ","industrial_park","68","Lam Dong","67","unknown",,,,"point","locality",2,"osm_way_954616629|osm_way_954616633","Invest Vietnam + OpenStreetMap","https://www.openstreetmap.org/way/954616629",2026-09-10,"official_name_osm_location",2026-08-11,107.611645,11.975897
"osm_way_1329248314","Khu công nghiệp Nam Pleiku",,"Khu công nghiệp Nam Pleiku","industrial_park","52","Gia Lai","64","unknown",,,,"point","locality",5,"osm_way_1329248314|osm_way_1329248315|osm_way_1344537316|osm_way_1344537317|osm_way_1346869310","Invest Vietnam + OpenStreetMap","https://www.openstreetmap.org/way/1329248314",2026-09-10,"official_name_osm_location",2026-08-11,108.003187,13.841808
