"id","name_vi","name_en","short_name","aliases","park_key","category","province_code","province_en","former_province_code","former_province_en","commune_code","commune_name","status","area_ha","developer","geometry_type","location_accuracy","geometry_source","feature_count","osm_refs","lon","lat","source_url","source_date","verified_on"
"VN-IP-01-an-ninh","Khu công nghiệp An Ninh","","An Ninh","Khu công nghiệp An Ninh","an ninh","industrial_park","01","Ha Noi","01","Ha Noi","09871","Sơn Đồng","unknown",8.075,"","polygon","site","osm_site_polygon",1,"https://www.openstreetmap.org/way/1230260365",105.722303,21.02198,"https://www.openstreetmap.org/way/1230260365","","2026-08-11"
"VN-IP-01-bac-thang-long","Khu công nghiệp Bắc Thăng Long","","Bac Thang Long","Khu công nghiệp Bắc Thăng Long|KCN Bắc Thăng Long - Km 0+800 Cao tốc BTL-NB|Khu công nghiệp Bắc Thăng Long - Tuyến 63, 122","bac thang long","industrial_park","01","Ha Noi","01","Ha Noi","00493","Thiên Lộc","unknown",297.812,"","polygon","site","osm_site_polygon",9,"https://www.openstreetmap.org/node/8807115904|https://www.openstreetmap.org/node/8807115925|https://www.openstreetmap.org/node/8829926851|https://www.openstreetmap.org/node/11531495083|https://www.openstreetmap.org/node/11533262490|https://www.openstreetmap.org/node/11533262494|https://www.openstreetmap.org/node/13604349471|https://www.openstreetmap.org/way/384465529|https://www.openstreetmap.org/way/812492624",105.772989,21.116613,"https://www.openstreetmap.org/way/384465529","","2026-08-11"
"VN-IP-01-binh-phu","Khu công nghiệp Bình Phú","","Binh Phu","Khu công nghiệp Bình Phú","binh phu","industrial_park","01","Ha Noi","01","Ha Noi","10003","Tây Phương","unknown",,"","point","locality","osm_reference_point",1,"https://www.openstreetmap.org/node/9004787862",105.60453,21.024098,"https://www.openstreetmap.org/node/9004787862","","2026-08-11"
"VN-IP-01-cau-giao","Khu công nghiệp Cầu Giáo","","Cau Giao","Khu công nghiệp Cầu Giáo","cau giao","industrial_park","01","Ha Noi","01","Ha Noi","09784","Đan Phượng","unknown",21.236,"","polygon","site","osm_site_polygon",1,"https://www.openstreetmap.org/way/1024692744",105.656249,21.095261,"https://www.openstreetmap.org/way/1024692744","","2026-08-11"
"VN-IP-01-chang-son","Khu công nghiệp Chàng Sơn","","Chang Son","Khu công nghiệp Chàng Sơn|Khu công nghiệp Chàng Sơn - Trước đối diện cây xăng Kim Quan 50m|Khu công nghiệp Chàng Sơn - Qua cây xăng Kim quan 50m","chang son","industrial_park","01","Ha Noi","01","Ha Noi","10003","Tây Phương","unknown",,"","point","locality","osm_reference_point",4,"https://www.openstreetmap.org/node/9004787887|https://www.openstreetmap.org/node/9004787888|https://www.openstreetmap.org/node/9004787889|https://www.openstreetmap.org/node/9004787890",105.58957,21.038561,"https://www.openstreetmap.org/node/9004787887","","2026-08-11"
"VN-IP-01-gia-lam","Khu công nghiệp Gia Lâm","","Gia Lam","Khu công nghiệp Gia Lâm","gia lam","industrial_park","01","Ha Noi","01","Ha Noi","00565","Gia Lâm","unknown",,"","point","locality","osm_reference_point",2,"https://www.openstreetmap.org/node/8990709062|https://www.openstreetmap.org/node/9582411766",105.951967,21.011293,"https://www.openstreetmap.org/node/9582411766","","2026-08-11"
"VN-IP-01-ha-binh-phuong","Khu công nghiệp Hà Bình Phương","","Ha Binh Phuong","Khu công nghiệp Hà Bình Phương","ha binh phuong","industrial_park","01","Ha Noi","01","Ha Noi","10183","Thường Tín","unknown",,"","point","locality","osm_reference_point",2,"https://www.openstreetmap.org/node/13247154030|https://www.openstreetmap.org/node/13247186600",105.871902,20.871925,"https://www.openstreetmap.org/node/13247186600","","2026-08-11"
"VN-IP-01-ha-noi","Khu công nghiệp Hà Nội - Đài Tư","Hanoi – Dai Tu Industrial Park","Ha Noi","Khu công nghiệp Hà Nội - Đài Tư|Hanoi – Dai Tu Industrial Park","ha noi","industrial_park","01","Ha Noi","01","Ha Noi","00136","Phúc Lợi","unknown",40.175,"","polygon","site","osm_site_polygon",1,"https://www.openstreetmap.org/way/908338997",105.924575,21.031062,"https://www.openstreetmap.org/way/908338997","","2026-08-11"
"VN-IP-01-hanssip","Khu công nghiệp HANSSIP","","HANSSIP","Khu công nghiệp HANSSIP","hanssip","industrial_park","01","Ha Noi","01","Ha Noi","10342","Đại Xuyên","unknown",,"","point","locality","osm_reference_point",3,"https://www.openstreetmap.org/node/6512229012|https://www.openstreetmap.org/node/13614630189|https://www.openstreetmap.org/way/693637990",105.917341,20.707301,"https://www.openstreetmap.org/way/693637990","","2026-08-11"
"VN-IP-01-hoang-mai","Khu công nghiệp Hoàng Mai","","Hoang Mai","Khu công nghiệp Hoàng Mai|Khu công nghiệp Hoàng Mai (431 Đường Tam Trinh)|Khu công nghiệp Vĩnh Tuy;Khu công nghiệp Lĩnh Nam|Cụm tiểu thủ công nghiệp Hai Bà Trưng;Khu công nghiệp Hai Bà Trưng;Cụm công nghiệp Hoàng Mai","hoang mai","industrial_park","01","Ha Noi","01","Ha Noi","00331","Hoàng Mai","unknown",19.635,"","polygon","site","osm_site_polygon",19,"https://www.openstreetmap.org/way/404195528|https://www.openstreetmap.org/way/601867838|https://www.openstreetmap.org/way/601882473|https://www.openstreetmap.org/way/601882479|https://www.openstreetmap.org/way/601882482|https://www.openstreetmap.org/way/601894997|https://www.openstreetmap.org/way/601894998|https://www.openstreetmap.org/way/601920108|https://www.openstreetmap.org/way/602408368|https://www.openstreetmap.org/way/675244036|https://www.openstreetmap.org/way/1076239629|https://www.openstreetmap.org/way/1084028008|https://www.openstreetmap.org/way/1084030107|https://www.openstreetmap.org/way/1084030108|https://www.openstreetmap.org/way/1493788014|https://www.openstreetmap.org/way/1504318080|https://www.openstreetmap.org/way/1525072448|https://www.openstreetmap.org/way/1527128710|https://www.openstreetmap.org/way/1527426464",105.867883,20.983002,"https://www.openstreetmap.org/way/1493788014","","2026-08-11"
"VN-IP-01-nam-thang-long","Khu công nghiệp Nam Thăng Long","","Nam Thang Long","Khu công nghiệp Nam Thăng Long","nam thang long","industrial_park","01","Ha Noi","01","Ha Noi","00598","Thượng Cát","unknown",30.74,"","polygon","site","osm_site_polygon",1,"https://www.openstreetmap.org/way/676033260",105.76156,21.080997,"https://www.openstreetmap.org/way/676033260","","2026-08-11"
"VN-IP-01-ninh-hiep","Khu công nghiệp Ninh Hiệp","","Ninh Hiep","Khu công nghiệp Ninh Hiệp","ninh hiep","industrial_park","01","Ha Noi","01","Ha Noi","00541","Phù Đổng","unknown",,"","point","locality","osm_reference_point",2,"https://www.openstreetmap.org/node/9032745601|https://www.openstreetmap.org/node/9032745602",105.950591,21.069007,"https://www.openstreetmap.org/node/9032745601","","2026-08-11"
"VN-IP-01-noi-bai","Khu công nghiệp Nội Bài","","Noi Bai","Khu công nghiệp Nội Bài|Khu Công Nghiệp Nội Bài","noi bai","industrial_park","01","Ha Noi","01","Ha Noi","00376","Sóc Sơn","unknown",115.216,"","polygon","site","osm_site_polygon",3,"https://www.openstreetmap.org/node/9025161135|https://www.openstreetmap.org/node/9025161136|https://www.openstreetmap.org/way/642234178",105.812985,21.232611,"https://www.openstreetmap.org/way/642234178","","2026-08-11"
"VN-IP-01-phu-nghia","Khu công nghiệp Phú Nghĩa","","Phu Nghia","Khu công nghiệp Phú Nghĩa|KCN Phú Nghĩa - Tuyến 57","phu nghia","industrial_park","01","Ha Noi","01","Ha Noi","10030","Phú Nghĩa","unknown",173.291,"","polygon","site","osm_site_polygon",5,"https://www.openstreetmap.org/node/8948067797|https://www.openstreetmap.org/node/8948071438|https://www.openstreetmap.org/node/11528486383|https://www.openstreetmap.org/way/842611500|https://www.openstreetmap.org/way/1225570526",105.668566,20.929832,"https://www.openstreetmap.org/way/842611500","","2026-08-11"
"VN-IP-01-phu-thinh","Khu công nghiệp Phú Thịnh","","Phu Thinh","Khu công nghiệp Phú Thịnh","phu thinh","industrial_park","01","Ha Noi","01","Ha Noi","09574","Sơn Tây","unknown",,"","point","locality","osm_reference_point",1,"https://www.openstreetmap.org/node/9017576141",105.499202,21.146256,"https://www.openstreetmap.org/node/9017576141","","2026-08-11"
"VN-IP-01-quang-minh","Khu công nghiệp Quang Minh","","Quang Minh","Khu công nghiệp Quang Minh|KCN Quang Minh - Km 8+150 Cao tốc BTL-NB","quang minh","industrial_park","01","Ha Noi","01","Ha Noi","08974","Quang Minh","unknown",315.824,"","polygon","site","osm_site_polygon",4,"https://www.openstreetmap.org/node/8831420049|https://www.openstreetmap.org/node/8831420063|https://www.openstreetmap.org/node/11771786531|https://www.openstreetmap.org/way/597870255",105.765541,21.192574,"https://www.openstreetmap.org/way/597870255","","2026-08-11"
"VN-IP-01-sai-dong-b","Khu công nghiệp Sài Đồng B","Sai Dong B Industrial Park","Sai Dong B","Khu công nghiệp Sài Đồng B|Sai Dong B Industrial Park","sai dong b","industrial_park","01","Ha Noi","01","Ha Noi","00145","Long Biên","unknown",68.247,"","polygon","site","osm_site_polygon",1,"https://www.openstreetmap.org/way/28475336",105.903278,21.029937,"https://www.openstreetmap.org/way/28475336","","2026-08-11"
"VN-IP-01-thach-that","Khu công nghiệp Thạch Thất - Quốc Oai","","Thach That","Khu công nghiệp Thạch Thất - Quốc Oai|Khu công nghiệp Thạch Thất","thach that","industrial_park","01","Ha Noi","01","Ha Noi","10003","Tây Phương","unknown",,"","point","locality","osm_site_point",3,"https://www.openstreetmap.org/node/7234483821|https://www.openstreetmap.org/node/8945948103|https://www.openstreetmap.org/relation/16130747",105.630342,21.009643,"https://www.openstreetmap.org/relation/16130747","","2026-08-11"
"VN-IP-01-thang-long","Khu công nghiệp Thăng Long","","Thang Long","Khu công nghiệp Thăng Long","thang long","industrial_park","01","Ha Noi","01","Ha Noi","00493","Thiên Lộc","unknown",,"","point","locality","osm_reference_point",1,"https://www.openstreetmap.org/way/111733276",105.775648,21.121484,"https://www.openstreetmap.org/way/111733276","","2026-08-11"
"VN-IP-01-tu-liem","Khu công nghiệp Từ Liêm","","Tu Liem","Khu công nghiệp Từ Liêm","tu liem","industrial_park","01","Ha Noi","01","Ha Noi","00622","Xuân Phương","unknown",,"","point","locality","osm_reference_point",1,"https://www.openstreetmap.org/node/11786607775",105.740892,21.046446,"https://www.openstreetmap.org/node/11786607775","","2026-08-11"
"VN-IP-01-van-minh","Khu công nghiệp Văn Minh","","Van Minh","Khu công nghiệp Văn Minh","van minh","industrial_park","01","Ha Noi","01","Ha Noi","10015","Chương Mỹ","unknown",,"","point","locality","osm_reference_point",1,"https://www.openstreetmap.org/node/8948071442",105.694462,20.923722,"https://www.openstreetmap.org/node/8948071442","","2026-08-11"
"VN-IP-01-vinh-hoang","Khu công nghiệp Vĩnh Hoàng","","Vinh Hoang","Khu công nghiệp Vĩnh Hoàng","vinh hoang","industrial_park","01","Ha Noi","01","Ha Noi","00322","Tương Mai","unknown",1.379,"","polygon","site","osm_site_polygon",1,"https://www.openstreetmap.org/way/1524898082",105.87111,20.984263,"https://www.openstreetmap.org/way/1524898082","","2026-08-11"
"VN-IP-04-chu-trinh","Khu công nghiệp Chu Trinh","","Chu Trinh","Khu công nghiệp Chu Trinh","chu trinh","industrial_park","04","Cao Bang","04","Cao Bang","01288","Tân Giang","unknown",56.626,"","polygon","site","osm_site_polygon",1,"https://www.openstreetmap.org/way/1487151130",106.303411,22.590626,"https://www.openstreetmap.org/way/1487151130","","2026-08-11"
"VN-IP-08-binh-vang","Khu công nghiệp Bình Vàng","","Binh Vang","Khu công nghiệp Bình Vàng","binh vang","industrial_park","08","Tuyen Quang","02","Ha Giang","00913","Vị Xuyên","unknown",106.198,"","polygon","site","osm_site_polygon",2,"https://www.openstreetmap.org/node/1727617422|https://www.openstreetmap.org/way/1417711908",104.975334,22.708149,"https://www.openstreetmap.org/way/1417711908","","2026-08-11"
"VN-IP-19-diem-thuy","Khu công nghiệp Điềm Thụy","Diem Thuy Industrial Zone","Diem Thuy","Khu công nghiệp Điềm Thụy|Diem Thuy Industrial Zone","diem thuy","industrial_park","19","Thai Nguyen","19","Thai Nguyen","05860","Phổ Yên","unknown",146.975,"","polygon","site","osm_site_polygon",1,"https://www.openstreetmap.org/way/595823815",105.889661,21.467698,"https://www.openstreetmap.org/way/595823815","","2026-08-11"
"VN-IP-19-gang-thep-thai-nguyen","Khu công nghiệp Gang Thép Thái Nguyên","Thái Nguyên Steel","Gang Thep Thai Nguyen","Khu công nghiệp Gang Thép Thái Nguyên|Thái Nguyên Steel","gang thep thai nguyen","industrial_park","19","Thai Nguyen","19","Thai Nguyen","05467","Gia Sàng","unknown",220.88,"","polygon","site","osm_site_polygon",1,"https://www.openstreetmap.org/way/483040802",105.86661,21.559347,"https://www.openstreetmap.org/way/483040802","","2026-08-11"
"VN-IP-19-song-cong-1","Khu công nghiệp Sông Công I","","Song Cong I","Khu công nghiệp Sông Công I","song cong 1","industrial_park","19","Thai Nguyen","19","Thai Nguyen","05528","Bách Quang","unknown",90.018,"","polygon","site","osm_site_polygon",2,"https://www.openstreetmap.org/way/483072761|https://www.openstreetmap.org/way/483072762",105.868609,21.485056,"https://www.openstreetmap.org/way/483072761","","2026-08-11"
"VN-IP-19-song-cong-2","Khu công nghiệp Sông Công II","Song Cong II Industrial Park","Song Cong II","Khu công nghiệp Sông Công II|Song Cong II Industrial Park","song cong 2","industrial_park","19","Thai Nguyen","19","Thai Nguyen","05528","Bách Quang","unknown",239.431,"","polygon","site","osm_site_polygon",3,"https://www.openstreetmap.org/way/854769485|https://www.openstreetmap.org/way/854769492|https://www.openstreetmap.org/way/854769497",105.843818,21.507238,"https://www.openstreetmap.org/way/854769497","","2026-08-11"
"VN-IP-19-thanh-binh","Khu công nghiệp Thanh Bình","","Thanh Binh","Khu công nghiệp Thanh Bình","thanh binh","industrial_park","19","Thai Nguyen","06","Bac Kan","02107","Thanh Thịnh","unknown",41.334,"","polygon","site","osm_site_polygon",1,"https://www.openstreetmap.org/way/1137272848",105.804404,21.934114,"https://www.openstreetmap.org/way/1137272848","","2026-08-11"
"VN-IP-19-yen-binh","Khu công nghiệp Yên Bình","Yen Binh Industrial Zone","Yen Binh","Khu công nghiệp Yên Bình|Yen Binh Industrial Zone","yen binh","industrial_park","19","Thai Nguyen","19","Thai Nguyen","05860","Phổ Yên","unknown",407.688,"","polygon","site","osm_site_polygon",1,"https://www.openstreetmap.org/way/482837619",105.896216,21.43424,"https://www.openstreetmap.org/way/482837619","","2026-08-11"
"VN-IP-22-bac-tien-phong","Khu công nghiệp Bắc Tiền Phong","","Bac Tien Phong","Khu công nghiệp Bắc Tiền Phong","bac tien phong","industrial_park","22","Quang Ninh","22","Quang Ninh","07183","Phong Cốc","unknown",159.391,"","polygon","site","osm_site_polygon",1,"https://www.openstreetmap.org/way/1342598567",106.81796,20.888672,"https://www.openstreetmap.org/way/1342598567","","2026-08-11"
"VN-IP-22-cai-lan","Khu công nghiệp Cái Lân","Cái Lân Industrial Zone","Cai Lan","Khu công nghiệp Cái Lân|Cái Lân Industrial Zone","cai lan","industrial_park","22","Quang Ninh","22","Quang Ninh","06673","Bãi Cháy","unknown",,"","point","locality","osm_site_point",19,"https://www.openstreetmap.org/way/932754654|https://www.openstreetmap.org/way/932754656|https://www.openstreetmap.org/way/932754658|https://www.openstreetmap.org/way/932754676|https://www.openstreetmap.org/way/932754677|https://www.openstreetmap.org/way/932754680|https://www.openstreetmap.org/way/932754681|https://www.openstreetmap.org/way/932754686|https://www.openstreetmap.org/way/932754687|https://www.openstreetmap.org/way/1111549098|https://www.openstreetmap.org/way/1111549099|https://www.openstreetmap.org/way/1111549101|https://www.openstreetmap.org/way/1111549102|https://www.openstreetmap.org/way/1111549103|https://www.openstreetmap.org/way/1358274454|https://www.openstreetmap.org/way/1358274459|https://www.openstreetmap.org/way/1383066428|https://www.openstreetmap.org/way/1383066429|https://www.openstreetmap.org/relation/19047910",107.040578,20.978392,"https://www.openstreetmap.org/relation/19047910","","2026-08-11"
"VN-IP-22-dong-mai","Khu công nghiệp Đông Mai","","Dong Mai","Khu công nghiệp Đông Mai","dong mai","industrial_park","22","Quang Ninh","22","Quang Ninh","07135","Đông Mai","unknown",156.466,"","polygon","site","osm_site_polygon",1,"https://www.openstreetmap.org/way/1183626964",106.833576,21.003234,"https://www.openstreetmap.org/way/1183626964","","2026-08-11"
"VN-IP-22-hai-hoa","Khu công nghiệp Hải Hòa","","Hai Hoa","Khu công nghiệp Hải Hòa","hai hoa","industrial_park","22","Quang Ninh","22","Quang Ninh","06712","Móng Cái 1","unknown",4.823,"","polygon","site","osm_site_polygon",1,"https://www.openstreetmap.org/way/286780042",107.974881,21.525921,"https://www.openstreetmap.org/way/286780042","","2026-08-11"
"VN-IP-22-hai-yen","Khu công nghiệp Hải Yên","","Hai Yen","Khu công nghiệp Hải Yên","hai yen","industrial_park","22","Quang Ninh","22","Quang Ninh","06736","Móng Cái 3","unknown",86.679,"","polygon","site","osm_site_polygon",1,"https://www.openstreetmap.org/way/487991000",107.915562,21.539713,"https://www.openstreetmap.org/way/487991000","","2026-08-11"
"VN-IP-22-song-khoai","Khu công nghiệp Sông Khoai","","Song Khoai","Khu công nghiệp Sông Khoai","song khoai","industrial_park","22","Quang Ninh","22","Quang Ninh","07147","Hiệp Hoà","unknown",231.795,"","polygon","site","osm_site_polygon",1,"https://www.openstreetmap.org/way/1183626963",106.809259,20.981553,"https://www.openstreetmap.org/way/1183626963","","2026-08-11"
"VN-IP-22-viet-hung","Khu công nghiệp Việt Hưng","","Viet Hung","Khu công nghiệp Việt Hưng","viet hung","industrial_park","22","Quang Ninh","22","Quang Ninh","06661","Việt Hưng","unknown",,"","point","locality","osm_site_point",1,"https://www.openstreetmap.org/relation/19202928",106.993937,21.006551,"https://www.openstreetmap.org/relation/19202928","","2026-08-11"
"VN-IP-24-dai-dong","Khu công nghiệp Đại Đồng - Hoàn Sơn","Dai Dong - Hoan Son Industrial Park","Dai Dong","Khu công nghiệp Đại Đồng - Hoàn Sơn|Dai Dong - Hoan Son Industrial Park","dai dong","industrial_park","24","Bac Ninh","27","Bac Ninh","09340","Đại Đồng","unknown",269.19,"","polygon","site","osm_site_polygon",2,"https://www.openstreetmap.org/way/642268651|https://www.openstreetmap.org/way/1451002213",105.997974,21.100772,"https://www.openstreetmap.org/way/642268651","","2026-08-11"
"VN-IP-24-dinh-tram","Khu công nghiệp Đình Trám","","Dinh Tram","Khu công nghiệp Đình Trám","dinh tram","industrial_park","24","Bac Ninh","27","Bac Ninh","07795","Nếnh","unknown",145.574,"","polygon","site","osm_site_polygon",1,"https://www.openstreetmap.org/way/597865634",106.126564,21.253243,"https://www.openstreetmap.org/way/597865634","","2026-08-11"
"VN-IP-24-dong-cao","Khu công nghiệp Đồng Cao","","Dong Cao","Khu công nghiệp Đồng Cao","dong cao","industrial_park","24","Bac Ninh","27","Bac Ninh","09190","Võ Cường","unknown",,"","point","locality","osm_reference_point",1,"https://www.openstreetmap.org/node/11528179707",106.040994,21.162558,"https://www.openstreetmap.org/node/11528179707","","2026-08-11"
"VN-IP-24-gia-binh-1","Khu Công nghiệp Gia Bình I","","Gia Binh I","Khu Công nghiệp Gia Bình I","gia binh 1","industrial_park","24","Bac Ninh","27","Bac Ninh","09487","Đông Cứu","unknown",317.745,"","polygon","site","osm_site_polygon",1,"https://www.openstreetmap.org/way/1489181623",106.149764,21.062051,"https://www.openstreetmap.org/way/1489181623","","2026-08-11"
"VN-IP-24-gia-binh-2","Khu công nghiệp Gia Bình II","Gia Binh II Industrial Zone","Gia Binh II","Khu công nghiệp Gia Bình II|KCN Gia Bình 2|Gia Binh II Industrial Zone","gia binh 2","industrial_park","24","Bac Ninh","27","Bac Ninh","09475","Nhân Thắng","unknown",251.724,"","polygon","site","osm_site_polygon",2,"https://www.openstreetmap.org/node/12487768214|https://www.openstreetmap.org/way/1346104850",106.242273,21.089657,"https://www.openstreetmap.org/way/1346104850","","2026-08-11"
"VN-IP-24-hanaka","Khu công nghiệp Hanaka","","Hanaka","Khu công nghiệp Hanaka","hanaka","industrial_park","24","Bac Ninh","27","Bac Ninh","09385","Đồng Nguyên","unknown",48.863,"","polygon","site","osm_site_polygon",1,"https://www.openstreetmap.org/way/642268658",105.958184,21.120783,"https://www.openstreetmap.org/way/642268658","","2026-08-11"
"VN-IP-24-hoa-phu","Khu công nghiệp Hoà Phú","","Hoa Phu","Khu công nghiệp Hoà Phú","hoa phu","industrial_park","24","Bac Ninh","27","Bac Ninh","07870","Xuân Cẩm","unknown",187.735,"","polygon","site","osm_site_polygon",1,"https://www.openstreetmap.org/way/1157349503",105.965109,21.237282,"https://www.openstreetmap.org/way/1157349503","","2026-08-11"
"VN-IP-24-lang-nghe-man-xa","Khu công nghiệp Làng Nghề Mẫn Xá","","Lang Nghe Man Xa","Khu công nghiệp Làng Nghề Mẫn Xá","lang nghe man xa","industrial_park","24","Bac Ninh","27","Bac Ninh","09238","Văn Môn","unknown",25.084,"","polygon","site","osm_site_polygon",1,"https://www.openstreetmap.org/way/1461783586",105.935849,21.178034,"https://www.openstreetmap.org/way/1461783586","","2026-08-11"
"VN-IP-24-nam-son","Khu công nghiệp Nam Sơn - Hạp Lĩnh","","Nam Son","Khu công nghiệp Nam Sơn - Hạp Lĩnh","nam son","industrial_park","24","Bac Ninh","27","Bac Ninh","09286","Nam Sơn","unknown",166.778,"","polygon","site","osm_site_polygon",1,"https://www.openstreetmap.org/way/1265422032",106.093743,21.130006,"https://www.openstreetmap.org/way/1265422032","","2026-08-11"
"VN-IP-24-quang-chau","Khu công nghiệp Quang Châu","","Quang Chau","Khu công nghiệp Quang Châu","quang chau","industrial_park","24","Bac Ninh","27","Bac Ninh","07795","Nếnh","unknown",434.89,"","polygon","site","osm_site_polygon",3,"https://www.openstreetmap.org/way/806896214|https://www.openstreetmap.org/way/806896221|https://www.openstreetmap.org/way/1134824189",106.115346,21.22243,"https://www.openstreetmap.org/way/806896214","","2026-08-11"
"VN-IP-24-que-vo","Khu công nghiệp Quế Võ","Que Vo Industrial Zone","Que Vo","Khu công nghiệp Quế Võ|Que Vo Industrial Zone","que vo","industrial_park","24","Bac Ninh","27","Bac Ninh","09286","Nam Sơn","unknown",621.05,"VietinBank","polygon","site","osm_site_polygon",6,"https://www.openstreetmap.org/node/13426996373|https://www.openstreetmap.org/node/13426996374|https://www.openstreetmap.org/node/13446482125|https://www.openstreetmap.org/way/454819115|https://www.openstreetmap.org/way/597872887|https://www.openstreetmap.org/way/1453949597",106.118506,21.15395,"https://www.openstreetmap.org/way/597872887","","2026-08-11"
"VN-IP-24-que-vo-2","Khu công nghiệp Quế Võ II","","Que Vo II","Khu công nghiệp Quế Võ II|KCN Quế Võ 2|KCN Quế Võ II - giai đoạn 2","que vo 2","industrial_park","24","Bac Ninh","27","Bac Ninh","09301","Đào Viên","under_construction",127.282,"","polygon","site","osm_site_polygon",3,"https://www.openstreetmap.org/node/12487768221|https://www.openstreetmap.org/way/597920929|https://www.openstreetmap.org/way/1459341105",106.222085,21.129771,"https://www.openstreetmap.org/way/597920929","","2026-08-11"
"VN-IP-24-que-vo-3","Khu công nghiệp Quế Võ III","","Que Vo III","Khu công nghiệp Quế Võ III|KCN Quế Võ III|KCN Quế Võ 3","que vo 3","industrial_park","24","Bac Ninh","27","Bac Ninh","09247","Quế Võ","unknown",139.567,"","polygon","site","osm_site_polygon",5,"https://www.openstreetmap.org/node/5141145926|https://www.openstreetmap.org/node/12297020578|https://www.openstreetmap.org/node/12390042718|https://www.openstreetmap.org/node/12390042719|https://www.openstreetmap.org/way/1184113104",106.180675,21.147897,"https://www.openstreetmap.org/way/1184113104","","2026-08-11"
"VN-IP-24-que-vo-mo-rong-2","Khu công nghiệp Quế Võ Mở Rộng 2","","Que Vo Mo Rong 2","Khu công nghiệp Quế Võ Mở Rộng 2|Khu Công nghiệp Quế Võ mở rộng 2","que vo mo rong 2","industrial_park","24","Bac Ninh","27","Bac Ninh","09313","Chi Lăng","under_construction",,"","point","locality","osm_reference_point",1,"https://www.openstreetmap.org/way/1453949602",106.14263,21.133466,"https://www.openstreetmap.org/way/1453949602","","2026-08-11"
"VN-IP-24-song-khe","Khu công nghiệp Song Khê - Nội Hoàng","","Song Khe","Khu công nghiệp Song Khê - Nội Hoàng","song khe","industrial_park","24","Bac Ninh","27","Bac Ninh","07696","Tiền Phong","unknown",,"","point","locality","osm_site_point",1,"https://www.openstreetmap.org/relation/15646446",106.175143,21.243952,"https://www.openstreetmap.org/relation/15646446","","2026-08-11"
"VN-IP-24-thuan-thanh-2","Khu công nghiệp Thuận Thành 2","","Thuan Thanh 2","Khu công nghiệp Thuận Thành 2","thuan thanh 2","industrial_park","24","Bac Ninh","27","Bac Ninh","09409","Mão Điền","unknown",213.768,"","polygon","site","osm_site_polygon",1,"https://www.openstreetmap.org/way/1119170920",106.108766,21.060302,"https://www.openstreetmap.org/way/1119170920","","2026-08-11"
"VN-IP-24-thuan-thanh-3","Khu công nghiệp Thuận Thành 3","","Thuan Thanh 3","Khu công nghiệp Thuận Thành 3|Khu công nghiệp Thuận Thành III","thuan thanh 3","industrial_park","24","Bac Ninh","27","Bac Ninh","09400","Thuận Thành","unknown",403.189,"","polygon","site","osm_site_polygon",3,"https://www.openstreetmap.org/node/13021151314|https://www.openstreetmap.org/way/1119170923|https://www.openstreetmap.org/way/1467190501",106.073395,21.04501,"https://www.openstreetmap.org/way/1119170923","","2026-08-11"
"VN-IP-24-tien-son","Khu công nghiệp Tiên Sơn","Tien Son Industrial Park","Tien Son","Khu công nghiệp Tiên Sơn|KCN Tiên Sơn|Tien Son Industrial Park|Tien Son Industrial Park Road","tien son","industrial_park","24","Bac Ninh","27","Bac Ninh","09340","Đại Đồng","unknown",380.271,"Agribank","polygon","site","osm_site_polygon",18,"https://www.openstreetmap.org/node/11527469455|https://www.openstreetmap.org/node/11528179714|https://www.openstreetmap.org/node/13039476486|https://www.openstreetmap.org/node/13614826906|https://www.openstreetmap.org/node/13655197801|https://www.openstreetmap.org/node/13897951368|https://www.openstreetmap.org/way/28473576|https://www.openstreetmap.org/way/326188265|https://www.openstreetmap.org/way/326189310|https://www.openstreetmap.org/way/416500571|https://www.openstreetmap.org/way/1256790912|https://www.openstreetmap.org/way/1339058307|https://www.openstreetmap.org/way/1362810636|https://www.openstreetmap.org/way/1362810637|https://www.openstreetmap.org/way/1451002217|https://www.openstreetmap.org/way/1524792863|https://www.openstreetmap.org/way/1524792867|https://www.openstreetmap.org/way/1524792876",105.992509,21.122509,"https://www.openstreetmap.org/way/28473576","","2026-08-11"
"VN-IP-24-van-trung","Khu công nghiệp Vân Trung","","Van Trung","Khu công nghiệp Vân Trung","van trung","industrial_park","24","Bac Ninh","27","Bac Ninh","07795","Nếnh","unknown",345.563,"","polygon","site","osm_site_polygon",1,"https://www.openstreetmap.org/way/704069818",106.141746,21.242049,"https://www.openstreetmap.org/way/704069818","","2026-08-11"
"VN-IP-24-viet-han","Khu công nghiệp Việt Hàn","","Viet Han","Khu công nghiệp Việt Hàn|KCN Việt Hàn","viet han","industrial_park","24","Bac Ninh","24","Bac Giang","07795","Nếnh","unknown",53.028,"","polygon","site","osm_site_polygon",2,"https://www.openstreetmap.org/node/8339162584|https://www.openstreetmap.org/way/897187625",106.14562,21.255019,"https://www.openstreetmap.org/way/897187625","","2026-08-11"
"VN-IP-24-vsip-bac-ninh","Khu công nghiệp VSIP Bắc Ninh","Vietnam-Singapore Industrial Park (VSIP Bac Ninh)","VSIP Bac Ninh","Khu công nghiệp VSIP Bắc Ninh|Vietnam-Singapore Industrial Park (VSIP Bac Ninh)","vsip bac ninh","industrial_park","24","Bac Ninh","27","Bac Ninh","09367","Từ Sơn","unknown",437.028,"","polygon","site","osm_site_polygon",1,"https://www.openstreetmap.org/way/642274405",105.980715,21.079921,"https://www.openstreetmap.org/way/642274405","","2026-08-11"
"VN-IP-24-xu-ly-chat-thai-moi","Khu công nghiệp Xử lý chất thải môi trường Đồng Sài - Phù Lãng","","Xu Ly Chat Thai Moi","Khu công nghiệp Xử lý chất thải môi trường Đồng Sài - Phù Lãng","xu ly chat thai moi","industrial_park","24","Bac Ninh","27","Bac Ninh","09292","Phù Lãng","unknown",60.803,"","polygon","site","osm_site_polygon",1,"https://www.openstreetmap.org/way/875632648",106.235118,21.157167,"https://www.openstreetmap.org/way/875632648","","2026-08-11"
"VN-IP-24-yen-phong","Khu công nghiệp Yên Phong - Giai đoạn 1","Yen Phong Industrial Zone - Phase 1","Yen Phong","Khu công nghiệp Yên Phong - Giai đoạn 1|Yen Phong Industrial Zone - Phase 1|Yen Phong Industrial Park Interchange","yen phong","industrial_park","24","Bac Ninh","27","Bac Ninh","09205","Yên Trung","unknown",317.653,"","polygon","site","osm_site_polygon",7,"https://www.openstreetmap.org/way/458086641|https://www.openstreetmap.org/way/598146230|https://www.openstreetmap.org/way/1383491149|https://www.openstreetmap.org/way/1435605447|https://www.openstreetmap.org/way/1435605449|https://www.openstreetmap.org/way/1451002215|https://www.openstreetmap.org/way/1451002218",105.998155,21.198922,"https://www.openstreetmap.org/way/598146230","","2026-08-11"
"VN-IP-24-yen-phong-2","Khu Công Nghiệp Yên Phong II","VSIP Yen Phong II Industrial Park","Yen Phong II","Khu Công Nghiệp Yên Phong II|VSIP Yen Phong II Industrial Park","yen phong 2","industrial_park","24","Bac Ninh","27","Bac Ninh","09202","Tam Giang","unknown",328.036,"","polygon","site","osm_site_polygon",2,"https://www.openstreetmap.org/way/1257183941|https://www.openstreetmap.org/way/1257183942",105.924467,21.221315,"https://www.openstreetmap.org/way/1257183941","","2026-08-11"
"VN-IP-24-yen-phong-i-mo-rong","Khu công nghiệp Yên Phong I Mở Rộng","","Yen Phong I Mo Rong","Khu công nghiệp Yên Phong I Mở Rộng","yen phong i mo rong","industrial_park","24","Bac Ninh","27","Bac Ninh","09205","Yên Trung","unknown",,"","point","locality","osm_reference_point",1,"https://www.openstreetmap.org/way/1451002216",105.996631,21.23615,"https://www.openstreetmap.org/way/1451002216","","2026-08-11"
"VN-IP-24-yen-phong-ii-c","Khu Công Nghiệp Yên Phong II C","Yen Phong II C Industrial Park","Yen Phong II C","Khu Công Nghiệp Yên Phong II C|Yen Phong II C Industrial Park","yen phong ii c","industrial_park","24","Bac Ninh","27","Bac Ninh","09202","Tam Giang","unknown",174.85,"","polygon","site","osm_site_polygon",1,"https://www.openstreetmap.org/way/1257183934",105.954215,21.215517,"https://www.openstreetmap.org/way/1257183934","","2026-08-11"
"VN-IP-24-yen-phong-mo-rong","Khu công nghiệp Yên Phong mở rộng","","Yen Phong Mo Rong","Khu công nghiệp Yên Phong mở rộng","yen phong mo rong","industrial_park","24","Bac Ninh","27","Bac Ninh","09205","Yên Trung","unknown",285.026,"","polygon","site","osm_site_polygon",1,"https://www.openstreetmap.org/way/805410975",106.00507,21.22914,"https://www.openstreetmap.org/way/805410975","","2026-08-11"
"VN-IP-25-ba-thien","Khu công nghiệp Bá Thiện","","Ba Thien","Khu công nghiệp Bá Thiện","ba thien","industrial_park","25","Phu Tho","26","Vinh Phuc","08950","Bình Xuyên","unknown",323.297,"","polygon","site","osm_site_polygon",1,"https://www.openstreetmap.org/way/772939822",105.678518,21.327951,"https://www.openstreetmap.org/way/772939822","","2026-08-11"
"VN-IP-25-ba-thien-2","Khu công nghiệp Bá Thiện II","","Ba Thien II","Khu công nghiệp Bá Thiện II","ba thien 2","industrial_park","25","Phu Tho","26","Vinh Phuc","08950","Bình Xuyên","unknown",192.101,"","polygon","site","osm_site_polygon",1,"https://www.openstreetmap.org/way/596051687",105.674929,21.343665,"https://www.openstreetmap.org/way/596051687","","2026-08-11"
"VN-IP-25-binh-xuyen","Khu công nghiệp Bình Xuyên","","Binh Xuyen","Khu công nghiệp Bình Xuyên","binh xuyen","industrial_park","25","Phu Tho","26","Vinh Phuc","08935","Bình Nguyên","unknown",276.552,"","polygon","site","osm_site_polygon",1,"https://www.openstreetmap.org/way/596051727",105.670012,21.259668,"https://www.openstreetmap.org/way/596051727","","2026-08-11"
"VN-IP-25-binh-xuyen-2","Khu công nghiệp Bình Xuyên II","","Binh Xuyen II","Khu công nghiệp Bình Xuyên II","binh xuyen 2","industrial_park","25","Phu Tho","26","Vinh Phuc","08944","Bình Tuyền","unknown",39.354,"","polygon","site","osm_site_polygon",2,"https://www.openstreetmap.org/node/13318766385|https://www.openstreetmap.org/way/596051697",105.675827,21.305917,"https://www.openstreetmap.org/way/596051697","","2026-08-11"
"VN-IP-25-bo-trai-song-da","Khu công nghiệp Bờ trài Sông Đà","","Bo Trai Song Da","Khu công nghiệp Bờ trài Sông Đà","bo trai song da","industrial_park","25","Phu Tho","17","Hoa Binh","04795","Hoà Bình","unknown",57.097,"","polygon","site","osm_site_polygon",1,"https://www.openstreetmap.org/way/628713840",105.329552,20.828624,"https://www.openstreetmap.org/way/628713840","","2026-08-11"
"VN-IP-25-cam-khe","Khu công nghiệp Cẩm Khê","","Cam Khe","Khu công nghiệp Cẩm Khê","cam khe","industrial_park","25","Phu Tho","25","Phu Tho","08341","Cẩm Khê","unknown",443.42,"","polygon","site","osm_site_polygon",1,"https://www.openstreetmap.org/way/1462470343",105.108288,21.43557,"https://www.openstreetmap.org/way/1462470343","","2026-08-11"
"VN-IP-25-khai-quang","Khu công nghiệp Khai Quang","","Khai Quang","Khu công nghiệp Khai Quang","khai quang","industrial_park","25","Phu Tho","26","Vinh Phuc","08716","Vĩnh Phúc","unknown",177.706,"","polygon","site","osm_site_polygon",2,"https://www.openstreetmap.org/node/11759887258|https://www.openstreetmap.org/way/596051675",105.631946,21.306999,"https://www.openstreetmap.org/way/596051675","","2026-08-11"
"VN-IP-25-kim-hoa","Khu công nghiệp Kim Hoa","","Kim Hoa","Khu công nghiệp Kim Hoa","kim hoa","industrial_park","25","Phu Tho","26","Vinh Phuc","08740","Phúc Yên","unknown",86.553,"","polygon","site","osm_site_polygon",1,"https://www.openstreetmap.org/way/772939833",105.721515,21.232816,"https://www.openstreetmap.org/way/772939833","","2026-08-11"
"VN-IP-25-luong-son","Khu công nghiệp Lương Sơn","Luong Son Industrial Park","Luong Son","Khu công nghiệp Lương Sơn|Luong Son Industrial Park|Luong Son Industrial Park Road","luong son","industrial_park","25","Phu Tho","17","Hoa Binh","04924","Lương Sơn","unknown",77.356,"Vietnam Post","polygon","site","osm_site_polygon",5,"https://www.openstreetmap.org/node/8654702249|https://www.openstreetmap.org/way/628712542|https://www.openstreetmap.org/way/933776806|https://www.openstreetmap.org/way/1382705134|https://www.openstreetmap.org/way/1385806558",105.544785,20.885988,"https://www.openstreetmap.org/way/628712542","","2026-08-11"
"VN-IP-25-mong-hoa","Khu công nghiệp Mông Hóa","","Mong Hoa","Khu công nghiệp Mông Hóa","mong hoa","industrial_park","25","Phu Tho","17","Hoa Binh","04894","Kỳ Sơn","unknown",41.308,"","polygon","site","osm_site_polygon",1,"https://www.openstreetmap.org/way/630404556",105.405431,20.908448,"https://www.openstreetmap.org/way/630404556","","2026-08-11"
"VN-IP-25-nam-binh-xuyen","Khu công nghiệp Nam Bình Xuyên","","Nam Binh Xuyen","Khu công nghiệp Nam Bình Xuyên|KCN Nam Bình Xuyên","nam binh xuyen","industrial_park","25","Phu Tho","26","Vinh Phuc","08971","Xuân Lãng","unknown",,"","point","locality","osm_reference_point",1,"https://www.openstreetmap.org/way/1461813059",105.650564,21.24461,"https://www.openstreetmap.org/way/1461813059","","2026-08-11"
"VN-IP-25-thang-long-vinh-phuc","Khu công nghiệp Thăng Long Vĩnh Phúc","","Thang Long Vinh Phuc","Khu công nghiệp Thăng Long Vĩnh Phúc","thang long vinh phuc","industrial_park","25","Phu Tho","26","Vinh Phuc","08950","Bình Xuyên","unknown",211.071,"","polygon","site","osm_site_polygon",1,"https://www.openstreetmap.org/way/596051696",105.66222,21.31298,"https://www.openstreetmap.org/way/596051696","","2026-08-11"
"VN-IP-25-thuy-van","Khu công nghiệp Thuỵ Vân","","Thuy Van","Khu công nghiệp Thuỵ Vân","thuy van","industrial_park","25","Phu Tho","25","Phu Tho","07894","Nông Trang","unknown",283.242,"","polygon","site","osm_site_polygon",2,"https://www.openstreetmap.org/node/13247470694|https://www.openstreetmap.org/way/631678334",105.344294,21.338888,"https://www.openstreetmap.org/way/631678334","","2026-08-11"
"VN-IP-25-trung-ha","Khu công nghiệp Trung Hà","","Trung Ha","Khu công nghiệp Trung Hà","trung ha","industrial_park","25","Phu Tho","25","Phu Tho","08434","Tam Nông","unknown",61.951,"","polygon","site","osm_site_polygon",1,"https://www.openstreetmap.org/way/1056385990",105.331192,21.235923,"https://www.openstreetmap.org/way/1056385990","","2026-08-11"
"VN-IP-31-an-duong","Khu công nghiệp An Dương","","An Duong","Khu công nghiệp An Dương","an duong","industrial_park","31","Hai Phong","30","Hai Duong","11593","An Phong","unknown",170.309,"","polygon","site","osm_site_polygon",1,"https://www.openstreetmap.org/way/1183626950",106.5668,20.881494,"https://www.openstreetmap.org/way/1183626950","","2026-08-11"
"VN-IP-31-cong-hoa","Khu công nghiệp Cộng Hoà","","Cong Hoa","Khu công nghiệp Cộng Hoà","cong hoa","industrial_park","31","Hai Phong","30","Hai Duong","10570","Trần Hưng Đạo","unknown",143.094,"","polygon","site","osm_site_polygon",1,"https://www.openstreetmap.org/way/919395266",106.421058,21.125554,"https://www.openstreetmap.org/way/919395266","","2026-08-11"
"VN-IP-31-dai-an","KCN Đại An","","Dai An","KCN Đại An|Khu công nghiệp Đại An","dai an","industrial_park","31","Hai Phong","30","Hai Duong","10891","Tứ Minh","unknown",129.106,"","polygon","site","osm_site_polygon",2,"https://www.openstreetmap.org/node/481837559|https://www.openstreetmap.org/way/597896810",106.270556,20.928793,"https://www.openstreetmap.org/node/481837559","","2026-08-11"
"VN-IP-31-dai-an-mo-rong","Khu công nghiệp Đại An mở rộng","","Dai An Mo Rong","Khu công nghiệp Đại An mở rộng","dai an mo rong","industrial_park","31","Hai Phong","30","Hai Duong","10891","Tứ Minh","unknown",188.849,"","polygon","site","osm_site_polygon",1,"https://www.openstreetmap.org/way/1157356621",106.257611,20.926802,"https://www.openstreetmap.org/way/1157356621","","2026-08-11"
"VN-IP-31-dinh-vu","Khu Công Nghiệp Đình Vũ","Dinh Vu Industrial Area","Dinh Vu","Khu Công Nghiệp Đình Vũ|Dinh Vu Industrial Area|KCN Đình Vũ","dinh vu","industrial_park","31","Hai Phong","31","Hai Phong","11411","Đông Hải","unknown",1054.05,"","polygon","site","osm_site_polygon",2,"https://www.openstreetmap.org/node/2550835890|https://www.openstreetmap.org/way/627990023",106.774465,20.826797,"https://www.openstreetmap.org/node/2550835890","","2026-08-11"
"VN-IP-31-do-son","Khu công nghiệp Đồ Sơn","","Do Son","Khu công nghiệp Đồ Sơn","do son","industrial_park","31","Hai Phong","31","Hai Phong","11455","Đồ Sơn","unknown",148.945,"","polygon","site","osm_site_polygon",2,"https://www.openstreetmap.org/node/13456407367|https://www.openstreetmap.org/way/597913808",106.764411,20.737664,"https://www.openstreetmap.org/way/597913808","","2026-08-11"
"VN-IP-31-ky-thuat-cao-an-phat","Khu công nghiệp Kỹ thuật cao An Phát","","Ky Thuat Cao An Phat","Khu công nghiệp Kỹ thuật cao An Phát","ky thuat cao an phat","industrial_park","31","Hai Phong","30","Hai Duong","10543","Việt Hoà","unknown",48.475,"","polygon","site","osm_site_polygon",1,"https://www.openstreetmap.org/way/1328293937",106.286804,20.939243,"https://www.openstreetmap.org/way/1328293937","","2026-08-11"
"VN-IP-31-lai-cach","Khu công nghiệp Lai Cách - Cao An","","Lai Cach","Khu công nghiệp Lai Cách - Cao An","lai cach","industrial_park","31","Hai Phong","30","Hai Duong","10543","Việt Hoà","unknown",97.153,"","polygon","site","osm_site_polygon",1,"https://www.openstreetmap.org/way/1328293911",106.263002,20.940679,"https://www.openstreetmap.org/way/1328293911","","2026-08-11"
"VN-IP-31-lai-vu","Khu công nghiệp Lai Vu","","Lai Vu","Khu công nghiệp Lai Vu","lai vu","industrial_park","31","Hai Phong","30","Hai Duong","10756","Lai Khê","unknown",187.053,"","polygon","site","osm_site_polygon",1,"https://www.openstreetmap.org/way/733047147",106.394122,20.984296,"https://www.openstreetmap.org/way/733047147","","2026-08-11"
"VN-IP-31-nam-cau-kien","Khu công nghiệp Nam Cầu Kiền","","Nam Cau Kien","Khu công nghiệp Nam Cầu Kiền","nam cau kien","industrial_park","31","Hai Phong","30","Hai Duong","11557","Thiên Hương","unknown",157.28,"","polygon","site","osm_site_polygon",1,"https://www.openstreetmap.org/way/631036815",106.631113,20.905345,"https://www.openstreetmap.org/way/631036815","","2026-08-11"
"VN-IP-31-nam-sach","Khu công nghiệp Nam Sách","","Nam Sach","Khu công nghiệp Nam Sách","nam sach","industrial_park","31","Hai Phong","30","Hai Duong","10660","Ái Quốc","unknown",61.829,"","polygon","site","osm_site_polygon",3,"https://www.openstreetmap.org/node/11791779127|https://www.openstreetmap.org/node/13251002949|https://www.openstreetmap.org/way/1157356620",106.370925,20.965872,"https://www.openstreetmap.org/way/1157356620","","2026-08-11"
"VN-IP-31-nhat-ban","Khu công nghiệp Nhật Bản - Hải Phòng","","Nhat Ban","Khu công nghiệp Nhật Bản - Hải Phòng","nhat ban","industrial_park","31","Hai Phong","30","Hai Duong","11602","Hồng An","unknown",154.207,"","polygon","site","osm_site_polygon",1,"https://www.openstreetmap.org/way/241201293",106.593292,20.902037,"https://www.openstreetmap.org/way/241201293","","2026-08-11"
"VN-IP-31-phuc-dien","Khu công nghiệp Phúc Điền","","Phuc Dien","Khu công nghiệp Phúc Điền","phuc dien","industrial_park","31","Hai Phong","30","Hai Duong","10930","Mao Điền","unknown",78.48,"","polygon","site","osm_site_polygon",1,"https://www.openstreetmap.org/way/597885883",106.19118,20.930419,"https://www.openstreetmap.org/way/597885883","","2026-08-11"
"VN-IP-31-tan-truong","Khu công nghiệp Tân Trường","","Tan Truong","Khu công nghiệp Tân Trường","tan truong","industrial_park","31","Hai Phong","30","Hai Duong","10930","Mao Điền","unknown",189.011,"","polygon","site","osm_site_polygon",1,"https://www.openstreetmap.org/way/597911424",106.22656,20.926143,"https://www.openstreetmap.org/way/597911424","","2026-08-11"
"VN-IP-31-tien-lang","Khu công nghiệp Tiên Lãng","","Tien Lang","Khu công nghiệp Tiên Lãng","tien lang","industrial_park","31","Hai Phong","31","Hai Phong","11755","Tiên Lãng","unknown",34.659,"","polygon","site","osm_site_polygon",1,"https://www.openstreetmap.org/way/1167614580",106.561708,20.738808,"https://www.openstreetmap.org/way/1167614580","","2026-08-11"
"VN-IP-31-trang-due","Khu công nghiệp Tràng Duệ","","Trang Due","Khu công nghiệp Tràng Duệ","trang due","industrial_park","31","Hai Phong","30","Hai Duong","11593","An Phong","unknown",328.326,"","polygon","site","osm_site_polygon",2,"https://www.openstreetmap.org/node/12782141137|https://www.openstreetmap.org/way/654588622",106.561953,20.861943,"https://www.openstreetmap.org/way/654588622","","2026-08-11"
"VN-IP-31-vsip","Khu công nghiệp VSIP","","VSIP","Khu công nghiệp VSIP","vsip","industrial_park","31","Hai Phong","31","Hai Phong","11542","Nam Triệu","unknown",323.75,"","polygon","site","osm_site_polygon",1,"https://www.openstreetmap.org/way/631139841",106.72318,20.909567,"https://www.openstreetmap.org/way/631139841","","2026-08-11"
"VN-IP-31-vsip-hai-duong","Khu công nghiệp VSIP Hải Dương","","VSIP Hai Duong","Khu công nghiệp VSIP Hải Dương","vsip hai duong","industrial_park","31","Hai Phong","30","Hai Duong","10930","Mao Điền","unknown",147.316,"","polygon","site","osm_site_polygon",1,"https://www.openstreetmap.org/way/1157356622",106.173046,20.93389,"https://www.openstreetmap.org/way/1157356622","","2026-08-11"
"VN-IP-33-cau-nghin","Khu công nghiệp Cầu Nghìn","","Cau Nghin","Khu công nghiệp Cầu Nghìn","cau nghin","industrial_park","33","Hung Yen","34","Thai Binh","12523","Phụ Dực","unknown",66.833,"","polygon","site","osm_site_polygon",1,"https://www.openstreetmap.org/way/916474171",106.43732,20.65409,"https://www.openstreetmap.org/way/916474171","","2026-08-11"
"VN-IP-33-det-may-pho-noi","Khu công nghiệp Dệt may Phố Nối","","Det May Pho Noi","Khu công nghiệp Dệt may Phố Nối|Khu Công nghiệp Dệt may Phố Nối","det may pho noi","industrial_park","33","Hung Yen","33","Hung Yen","12133","Đường Hào","unknown",97.923,"","polygon","site","osm_site_polygon",2,"https://www.openstreetmap.org/node/12750082813|https://www.openstreetmap.org/way/1308939939",106.072199,20.922864,"https://www.openstreetmap.org/way/1308939939","","2026-08-11"
"VN-IP-33-gia-le","Khu công nghiệp Gia Lễ","","Gia Le","Khu công nghiệp Gia Lễ","gia le","industrial_park","33","Hung Yen","34","Thai Binh","12775","Nam Đông Hưng","unknown",78.687,"","polygon","site","osm_site_polygon",1,"https://www.openstreetmap.org/way/484379376",106.356728,20.502808,"https://www.openstreetmap.org/way/484379376","","2026-08-11"
"VN-IP-33-minh-duc","Khu công nghiệp Minh Đức","Minh Duc Industrial Zone","Minh Duc","Khu công nghiệp Minh Đức|Minh Duc Industrial Zone","minh duc","industrial_park","33","Hung Yen","33","Hung Yen","12133","Đường Hào","unknown",206.216,"","polygon","site","osm_site_polygon",1,"https://www.openstreetmap.org/way/598142077",106.134437,20.91273,"https://www.openstreetmap.org/way/598142077","","2026-08-11"
"VN-IP-33-minh-quang","Khu công nghiệp Minh Quang","","Minh Quang","Khu công nghiệp Minh Quang","minh quang","industrial_park","33","Hung Yen","33","Hung Yen","12127","Thượng Hồng","unknown",144.439,"","polygon","site","osm_site_polygon",1,"https://www.openstreetmap.org/way/1308941469",106.11808,20.924166,"https://www.openstreetmap.org/way/1308941469","","2026-08-11"
"VN-IP-33-nguyen-duc-canh","Khu công nghiệp Nguyễn Đức Cảnh","","Nguyen Duc Canh","Khu công nghiệp Nguyễn Đức Cảnh","nguyen duc canh","industrial_park","33","Hung Yen","34","Thai Binh","12452","Trần Hưng Đạo","unknown",88.604,"","polygon","site","osm_site_polygon",1,"https://www.openstreetmap.org/way/629896123",106.326734,20.447962,"https://www.openstreetmap.org/way/629896123","","2026-08-11"
"VN-IP-33-pho-noi-a","Khu công nghiệp Phố Nối A","","Pho Noi A","Khu công nghiệp Phố Nối A","pho noi a","industrial_park","33","Hung Yen","33","Hung Yen","12004","Như Quỳnh","unknown",807.794,"Vietcombank","polygon","site","osm_site_polygon",5,"https://www.openstreetmap.org/node/13370688220|https://www.openstreetmap.org/node/13370688221|https://www.openstreetmap.org/way/595840992|https://www.openstreetmap.org/way/1254870257|https://www.openstreetmap.org/way/1284411573",106.018317,20.94003,"https://www.openstreetmap.org/way/595840992","","2026-08-11"
"VN-IP-33-phuc-khanh","Khu công nghiệp Phúc Khánh","","Phuc Khanh","Khu công nghiệp Phúc Khánh","phuc khanh","industrial_park","33","Hung Yen","34","Thai Binh","12452","Trần Hưng Đạo","unknown",123.842,"","polygon","site","osm_site_polygon",1,"https://www.openstreetmap.org/way/597913405",106.311003,20.44335,"https://www.openstreetmap.org/way/597913405","","2026-08-11"
"VN-IP-33-sach-hung-yen","Khu công nghiệp Sạch Hưng Yên","","Sach Hung Yen","Khu công nghiệp Sạch Hưng Yên","sach hung yen","industrial_park","33","Hung Yen","33","Hung Yen","12166","Xuân Trúc","unknown",135.25,"","polygon","site","osm_site_polygon",1,"https://www.openstreetmap.org/way/1299254693",106.044396,20.826782,"https://www.openstreetmap.org/way/1299254693","","2026-08-11"
"VN-IP-33-song-tra","Khu công nghiệp Sông Trà","","Song Tra","Khu công nghiệp Sông Trà","song tra","industrial_park","33","Hung Yen","34","Thai Binh","13225","Thái Bình","unknown",97.652,"","polygon","site","osm_site_polygon",1,"https://www.openstreetmap.org/way/1183605045",106.325316,20.477946,"https://www.openstreetmap.org/way/1183605045","","2026-08-11"
"VN-IP-33-tan-binh-vu-thu","Khu công nghiệp Tân Bình Vũ Thư","","Tan Binh Vu Thu","Khu công nghiệp Tân Bình Vũ Thư","tan binh vu thu","industrial_park","33","Hung Yen","34","Thai Binh","13225","Thái Bình","unknown",,"","point","locality","osm_reference_point",1,"https://www.openstreetmap.org/node/5507680922",106.329272,20.477134,"https://www.openstreetmap.org/node/5507680922","","2026-08-11"
"VN-IP-33-tan-quang","Khu công nghiệp Tân Quang - Như Quỳnh","","Tan Quang","Khu công nghiệp Tân Quang - Như Quỳnh","tan quang","industrial_park","33","Hung Yen","33","Hung Yen","12004","Như Quỳnh","unknown",65.855,"","polygon","site","osm_site_polygon",1,"https://www.openstreetmap.org/way/1284411572",105.96868,20.988426,"https://www.openstreetmap.org/way/1284411572","","2026-08-11"
"VN-IP-33-thang-long-2","Khu công nghiệp Thăng Long II","","Thang Long II","Khu công nghiệp Thăng Long II","thang long 2","industrial_park","33","Hung Yen","33","Hung Yen","12064","Nguyễn Văn Linh","unknown",352.392,"","polygon","site","osm_site_polygon",2,"https://www.openstreetmap.org/node/12833035308|https://www.openstreetmap.org/way/633668122",106.067419,20.913323,"https://www.openstreetmap.org/way/633668122","","2026-08-11"
"VN-IP-33-tien-hai","Khu công nghiệp Tiền Hải","","Tien Hai","Khu công nghiệp Tiền Hải","tien hai","industrial_park","33","Hung Yen","34","Thai Binh","13003","Đồng Châu","unknown",222.448,"","polygon","site","osm_site_polygon",1,"https://www.openstreetmap.org/way/638509092",106.529829,20.392544,"https://www.openstreetmap.org/way/638509092","","2026-08-11"
"VN-IP-33-van-giang","Khu công nghiệp Văn Giang -giai đoạn 1","","Van Giang","Khu công nghiệp Văn Giang -giai đoạn 1","van giang","industrial_park","33","Hung Yen","33","Hung Yen","12031","Nghĩa Trụ","under_construction",0.913,"","polygon","site","osm_site_polygon",4,"https://www.openstreetmap.org/way/1429890056|https://www.openstreetmap.org/way/1484217175|https://www.openstreetmap.org/way/1484217179|https://www.openstreetmap.org/way/1489660280",106.003416,20.929786,"https://www.openstreetmap.org/way/1429890056","","2026-08-11"
"VN-IP-33-yen-my","Khu công nghiệp Yên Mỹ","","Yen My","Khu công nghiệp Yên Mỹ","yen my","industrial_park","33","Hung Yen","33","Hung Yen","12073","Yên Mỹ","unknown",165.42,"","polygon","site","osm_site_polygon",1,"https://www.openstreetmap.org/way/1308939951",106.065361,20.89466,"https://www.openstreetmap.org/way/1308939951","","2026-08-11"
"VN-IP-33-yen-my-2","Khu công nghiệp Yên Mỹ II","","Yen My II","Khu công nghiệp Yên Mỹ II","yen my 2","industrial_park","33","Hung Yen","33","Hung Yen","12073","Yên Mỹ","unknown",103.12,"","polygon","site","osm_site_polygon",1,"https://www.openstreetmap.org/way/736768941",106.044223,20.874647,"https://www.openstreetmap.org/way/736768941","","2026-08-11"
"VN-IP-37-bao-minh","Khu công nghiệp Bảo Minh","Bao Minh Industrial Park","Bao Minh","Khu công nghiệp Bảo Minh|Bao Minh Industrial Park","bao minh","industrial_park","37","Ninh Binh","36","Nam Dinh","13786","Liên Minh","unknown",152.067,"","polygon","site","osm_site_polygon",2,"https://www.openstreetmap.org/node/13278954109|https://www.openstreetmap.org/way/337216625",106.105862,20.351463,"https://www.openstreetmap.org/way/337216625","","2026-08-11"
"VN-IP-37-det-may-rang-dong","Khu Công Nghiệp dệt may Rạng Đông","Rang Dong Textile Industrial Park","Det May Rang Dong","Khu Công Nghiệp dệt may Rạng Đông|Rang Dong Textile Industrial Park","det may rang dong","industrial_park","37","Ninh Binh","36","Nam Dinh","13894","Rạng Đông","unknown",441.696,"","polygon","site","osm_site_polygon",1,"https://www.openstreetmap.org/way/1292143993",106.156451,19.977588,"https://www.openstreetmap.org/way/1292143993","","2026-08-11"
"VN-IP-37-dong-van-1","Khu công nghiệp Đồng Văn I","Dong Van I Industrial Area","Dong Van I","Khu công nghiệp Đồng Văn I|Dong Van I Industrial Area","dong van 1","industrial_park","37","Ninh Binh","35","Ha Nam","13348","Đồng Văn","unknown",163.075,"","polygon","site","osm_site_polygon",2,"https://www.openstreetmap.org/node/13238915086|https://www.openstreetmap.org/way/597852036",105.924341,20.650036,"https://www.openstreetmap.org/way/597852036","","2026-08-11"
"VN-IP-37-dong-van-2","Khu công nghiệp Đồng Văn II","Dong Van II Industrial Area","Dong Van II","Khu công nghiệp Đồng Văn II|Dong Van II Industrial Area","dong van 2","industrial_park","37","Ninh Binh","35","Ha Nam","13336","Duy Hà","unknown",356.356,"","polygon","site","osm_site_polygon",2,"https://www.openstreetmap.org/way/1184963865|https://www.openstreetmap.org/way/1461787049",105.926827,20.663331,"https://www.openstreetmap.org/way/1184963865","","2026-08-11"
"VN-IP-37-dong-van-3","Khu công nghiệp Đồng Văn III","Dong Van III Industrial Area","Dong Van III","Khu công nghiệp Đồng Văn III|Dong Van III Industrial Area","dong van 3","industrial_park","37","Ninh Binh","35","Ha Nam","13348","Đồng Văn","unknown",103.845,"","polygon","site","osm_site_polygon",1,"https://www.openstreetmap.org/way/1184923978",105.938073,20.629491,"https://www.openstreetmap.org/way/1184923978","","2026-08-11"
"VN-IP-37-dong-van-4","Khu công nghiệp Đồng Văn IV","","Dong Van IV","Khu công nghiệp Đồng Văn IV","dong van 4","industrial_park","37","Ninh Binh","35","Ha Nam","13393","Lê Hồ","unknown",294.286,"","polygon","site","osm_site_polygon",1,"https://www.openstreetmap.org/way/1337945101",105.881054,20.628309,"https://www.openstreetmap.org/way/1337945101","","2026-08-11"
"VN-IP-37-dong-van-i-mo-rong","Khu công nghiệp Đồng Văn I mở rộng","Dong Van I Industrial Park (extended)","Dong Van I Mo Rong","Khu công nghiệp Đồng Văn I mở rộng|Dong Van I Industrial Park (extended)","dong van i mo rong","industrial_park","37","Ninh Binh","35","Ha Nam","13348","Đồng Văn","unknown",93.382,"","polygon","site","osm_site_polygon",1,"https://www.openstreetmap.org/way/1299444252",105.941973,20.673044,"https://www.openstreetmap.org/way/1299444252","","2026-08-11"
"VN-IP-37-gian-khau","Khu công nghiệp Gián Khẩu","Gian Khau Industrial Park","Gian Khau","Khu công nghiệp Gián Khẩu|Gian Khau Industrial Park","gian khau","industrial_park","37","Ninh Binh","37","Ninh Binh","14488","Gia Vân","unknown",179.103,"","polygon","site","osm_site_polygon",1,"https://www.openstreetmap.org/way/641567443",105.918975,20.342059,"https://www.openstreetmap.org/way/641567443","","2026-08-11"
"VN-IP-37-hai-hau","Khu Công Nghiệp Hải Hậu","","Hai Hau","Khu Công Nghiệp Hải Hậu","hai hau","industrial_park","37","Ninh Binh","36","Nam Dinh","14215","Hải Hậu","unknown",28.442,"","polygon","site","osm_site_polygon",2,"https://www.openstreetmap.org/way/746547580|https://www.openstreetmap.org/way/746547581",106.280411,20.164372,"https://www.openstreetmap.org/way/746547580","","2026-08-11"
"VN-IP-37-ho-tro-dong-van-3","Khu công nghiệp hỗ trợ Đồng Văn III","Dong Van III Supporting Industrial Park","Ho Tro Dong Van III","Khu công nghiệp hỗ trợ Đồng Văn III|Dong Van III Supporting Industrial Park","ho tro dong van 3","industrial_park","37","Ninh Binh","35","Ha Nam","13348","Đồng Văn","unknown",50.911,"","polygon","site","osm_site_polygon",2,"https://www.openstreetmap.org/way/1184923891|https://www.openstreetmap.org/way/1184923958",105.925453,20.63133,"https://www.openstreetmap.org/way/1184923891","","2026-08-11"
"VN-IP-37-hoa-mac","Khu công nghiệp Hòa Mạc","","Hoa Mac","Khu công nghiệp Hòa Mạc","hoa mac","industrial_park","37","Ninh Binh","35","Ha Nam","13324","Duy Tiên","unknown",126.671,"","polygon","site","osm_site_polygon",1,"https://www.openstreetmap.org/way/671534841",106.000727,20.649806,"https://www.openstreetmap.org/way/671534841","","2026-08-11"
"VN-IP-37-hoa-xa","Khu công nghiệp Hoà Xá","","Hoa Xa","Khu công nghiệp Hoà Xá","hoa xa","industrial_park","37","Ninh Binh","36","Nam Dinh","13699","Thành Nam","unknown",293.9,"","polygon","site","osm_site_polygon",1,"https://www.openstreetmap.org/way/280678043",106.143886,20.419948,"https://www.openstreetmap.org/way/280678043","","2026-08-11"
"VN-IP-37-khanh-cu","Khu công nghiệp Khánh Cư","","Khanh Cu","Khu công nghiệp Khánh Cư","khanh cu","industrial_park","37","Ninh Binh","37","Ninh Binh","14560","Yên Khánh","unknown",52.384,"","polygon","site","osm_site_polygon",1,"https://www.openstreetmap.org/way/720018478",106.053835,20.213726,"https://www.openstreetmap.org/way/720018478","","2026-08-11"
"VN-IP-37-khanh-phu","Khu công nghiệp Khánh Phú","","Khanh Phu","Khu công nghiệp Khánh Phú","khanh phu","industrial_park","37","Ninh Binh","37","Ninh Binh","14566","Đông Hoa Lư","unknown",351.054,"","polygon","site","osm_site_polygon",1,"https://www.openstreetmap.org/way/514641127",106.029111,20.244375,"https://www.openstreetmap.org/way/514641127","","2026-08-11"
"VN-IP-37-kim-bang-i-tinh-ha","Khu Công nghiệp Kim Bảng I tỉnh Hà Nam","","Kim Bang I Tinh Ha","Khu Công nghiệp Kim Bảng I tỉnh Hà Nam","kim bang i tinh ha","industrial_park","37","Ninh Binh","35","Ha Nam","13393","Lê Hồ","unknown",227.669,"","polygon","site","osm_site_polygon",1,"https://www.openstreetmap.org/way/1420859964",105.859514,20.624143,"https://www.openstreetmap.org/way/1420859964","","2026-08-11"
"VN-IP-37-la-xuyen","Khu công nghiệp La Xuyên","","La Xuyen","Khu công nghiệp La Xuyên","la xuyen","industrial_park","37","Ninh Binh","36","Nam Dinh","13834","Vũ Dương","unknown",,"","point","locality","osm_reference_point",1,"https://www.openstreetmap.org/node/11803939621",106.048425,20.307657,"https://www.openstreetmap.org/node/11803939621","","2026-08-11"
"VN-IP-37-my-xa","Khu công nghiệp Mỹ Xá","","My Xa","Khu công nghiệp Mỹ Xá","my xa","industrial_park","37","Ninh Binh","36","Nam Dinh","13699","Thành Nam","unknown",,"","point","locality","osm_reference_point",1,"https://www.openstreetmap.org/node/11777120801",106.1516,20.419114,"https://www.openstreetmap.org/node/11777120801","","2026-08-11"
"VN-IP-37-phuc-son","Khu công nghiệp Phúc Sơn","Phuc Son Industrial area","Phuc Son","Khu công nghiệp Phúc Sơn|Khu Công Nghiệp Phúc Sơn|Phuc Son Industrial area|Phuc Son IZ 110kV station","phuc son","industrial_park","37","Ninh Binh","37","Ninh Binh","14359","Nam Hoa Lư","unknown",103.641,"","polygon","site","osm_site_polygon",4,"https://www.openstreetmap.org/way/1092767652|https://www.openstreetmap.org/way/1092767653|https://www.openstreetmap.org/way/1092767669|https://www.openstreetmap.org/relation/14555192",105.985889,20.214772,"https://www.openstreetmap.org/way/1092767652","","2026-08-11"
"VN-IP-37-thai-ha","Khu Công Nghiệp Thái Hà","Thai Ha Industrial area","Thai Ha","Khu Công Nghiệp Thái Hà|Thai Ha Industrial area","thai ha","industrial_park","37","Ninh Binh","35","Ha Nam","13579","Bắc Lý","unknown",157.818,"","polygon","site","osm_site_polygon",1,"https://www.openstreetmap.org/way/1345180985",106.102395,20.586768,"https://www.openstreetmap.org/way/1345180985","","2026-08-11"
"VN-IP-37-thanh-liem","Khu công nghiệp Thanh Liêm","","Thanh Liem","Khu công nghiệp Thanh Liêm","thanh liem","industrial_park","37","Ninh Binh","35","Ha Nam","13318","Châu Sơn","unknown",244.352,"","polygon","site","osm_site_polygon",1,"https://www.openstreetmap.org/way/715162954",105.907358,20.493689,"https://www.openstreetmap.org/way/715162954","","2026-08-11"
"VN-IP-38-bim-son","Khu công nghiệp Bỉm Sơn - khu A","Bim Son Industrial Zone (A)","Bim Son","Khu công nghiệp Bỉm Sơn - khu A|Khu công nghiệp Bỉm Sơn - khu B|Bim Son Industrial Zone (A)","bim son","industrial_park","38","Thanh Hoa","38","Thanh Hoa","14818","Quang Trung","unknown",97.859,"","polygon","site","osm_site_polygon",2,"https://www.openstreetmap.org/way/598122602|https://www.openstreetmap.org/way/641548815",105.865536,20.100298,"https://www.openstreetmap.org/way/598122602","","2026-08-11"
"VN-IP-38-bim-son-a","Khu công nghiệp Bỉm Sơn A","","Bim Son A","Khu công nghiệp Bỉm Sơn A","bim son a","industrial_park","38","Thanh Hoa","38","Thanh Hoa","15274","Hà Long","unknown",219.262,"","polygon","site","osm_site_polygon",1,"https://www.openstreetmap.org/way/1253667259",105.846078,20.10643,"https://www.openstreetmap.org/way/1253667259","","2026-08-11"
"VN-IP-38-le-mon","Khu công nghiệp Lễ Môn","","Le Mon","Khu công nghiệp Lễ Môn","le mon","industrial_park","38","Thanh Hoa","38","Thanh Hoa","16522","Quảng Phú","unknown",89.802,"","polygon","site","osm_site_polygon",2,"https://www.openstreetmap.org/node/13438990913|https://www.openstreetmap.org/way/628789947",105.815516,19.779141,"https://www.openstreetmap.org/way/628789947","","2026-08-11"
"VN-IP-38-tay-bac-ga","Khu công nghiệp Tây Bắc Ga","","Tay Bac Ga","Khu công nghiệp Tây Bắc Ga","tay bac ga","industrial_park","38","Thanh Hoa","38","Thanh Hoa","14797","Hạc Thành","unknown",131.793,"","polygon","site","osm_site_polygon",1,"https://www.openstreetmap.org/way/628548211",105.766224,19.826293,"https://www.openstreetmap.org/way/628548211","","2026-08-11"
"VN-IP-40-bac-vinh","Khu công nghiệp Bắc Vinh","","Bac Vinh","Khu công nghiệp Bắc Vinh","bac vinh","industrial_park","40","Nghe An","40","Nghe An","17920","Vinh Hưng","unknown",53.806,"","polygon","site","osm_site_polygon",1,"https://www.openstreetmap.org/way/1183634222",105.653871,18.707264,"https://www.openstreetmap.org/way/1183634222","","2026-08-11"
"VN-IP-40-nam-cam","Khu công nghiệp Nam Cẩm","","Nam Cam","Khu công nghiệp Nam Cẩm","nam cam","industrial_park","40","Nghe An","40","Nghe An","17866","Trung Lộc","unknown",253.128,"","polygon","site","osm_site_polygon",3,"https://www.openstreetmap.org/way/631370043|https://www.openstreetmap.org/way/695581806|https://www.openstreetmap.org/way/695581807",105.670011,18.822482,"https://www.openstreetmap.org/way/631370043","","2026-08-11"
"VN-IP-40-vsip","Khu công nghiệp Vsip","","Vsip","Khu công nghiệp Vsip","vsip","industrial_park","40","Nghe An","40","Nghe An","18001","Hưng Nguyên","unknown",,"","point","locality","osm_reference_point",1,"https://www.openstreetmap.org/node/13452131581",105.633852,18.700568,"https://www.openstreetmap.org/node/13452131581","","2026-08-11"
"VN-IP-44-bac-dong-hoi","Khu công nghiệp Bắc Đồng Hới","Dong Hoi North Industrial Park","Bac Dong Hoi","Khu công nghiệp Bắc Đồng Hới|Dong Hoi North Industrial Park","bac dong hoi","industrial_park","44","Quang Tri","44","Quang Binh","18871","Đồng Sơn","unknown",96.728,"","polygon","site","osm_site_polygon",1,"https://www.openstreetmap.org/way/693909458",106.559037,17.491067,"https://www.openstreetmap.org/way/693909458","","2026-08-11"
"VN-IP-44-bac-dong-hoi-mo-rong","Khu công nghiệp Bắc Đồng Hới mở rộng","","Bac Dong Hoi Mo Rong","Khu công nghiệp Bắc Đồng Hới mở rộng","bac dong hoi mo rong","industrial_park","44","Quang Tri","44","Quang Binh","18859","Đồng Thuận","unknown",43.609,"","polygon","site","osm_site_polygon",1,"https://www.openstreetmap.org/way/1177192470",106.568903,17.489159,"https://www.openstreetmap.org/way/1177192470","","2026-08-11"
"VN-IP-44-cang-bien-hon-la","Khu công nghiệp Cảng biển Hòn La","","Cang Bien Hon La","Khu công nghiệp Cảng biển Hòn La","cang bien hon la","industrial_park","44","Quang Tri","44","Quang Binh","19021","Phú Trạch","unknown",60.566,"","polygon","site","osm_site_polygon",1,"https://www.openstreetmap.org/way/631311066",106.489403,17.93548,"https://www.openstreetmap.org/way/631311066","","2026-08-11"
"VN-IP-44-nam-dong-ha","Khu công nghiệp Nam Đông Hà","","Nam Dong Ha","Khu công nghiệp Nam Đông Hà","nam dong ha","industrial_park","44","Quang Tri","45","Quang Tri","19351","Nam Đông Hà","unknown",97.48,"","polygon","site","osm_site_polygon",1,"https://www.openstreetmap.org/way/626442151",107.11806,16.792459,"https://www.openstreetmap.org/way/626442151","","2026-08-11"
"VN-IP-44-tay-bac-dong-hoi","Khu công nghiệp Tây Bắc Đồng Hới","Northwest Dong Hoi Industrial Park","Tay Bac Dong Hoi","Khu công nghiệp Tây Bắc Đồng Hới|Northwest Dong Hoi Industrial Park","tay bac dong hoi","industrial_park","44","Quang Tri","44","Quang Binh","18859","Đồng Thuận","unknown",54.946,"","polygon","site","osm_site_polygon",1,"https://www.openstreetmap.org/way/693909486",106.577239,17.487197,"https://www.openstreetmap.org/way/693909486","","2026-08-11"
"VN-IP-44-tay-bac-quan-hau","Khu Công Nghiệp Tây Bắc Quán Hàu","Quan Hau Industrial park","Tay Bac Quan Hau","Khu Công Nghiệp Tây Bắc Quán Hàu|Quan Hau Industrial park","tay bac quan hau","industrial_park","44","Quang Tri","44","Quang Binh","19207","Quảng Ninh","unknown",141.506,"","polygon","site","osm_site_polygon",2,"https://www.openstreetmap.org/way/1219978043|https://www.openstreetmap.org/way/1219978044",106.617902,17.407322,"https://www.openstreetmap.org/way/1219978043","","2026-08-11"
"VN-IP-46-phong-dien","Khu công nghiệp Phong Điền","Phong Dien Industrial Park","Phong Dien","Khu công nghiệp Phong Điền|Phong Dien Industrial Park","phong dien","industrial_park","46","Hue","46","Thua Thien Hue","19819","Phong Điền","unknown",664.906,"","polygon","site","osm_site_polygon",1,"https://www.openstreetmap.org/way/1434553935",107.381461,16.589387,"https://www.openstreetmap.org/way/1434553935","","2026-08-11"
"VN-IP-46-phu-bai","Khu công nghiệp Phú Bài","","Phu Bai","Khu công nghiệp Phú Bài","phu bai","industrial_park","46","Hue","46","Thua Thien Hue","19960","Phú Bài","unknown",194.506,"","polygon","site","osm_site_polygon",1,"https://www.openstreetmap.org/way/626402291",107.694508,16.387547,"https://www.openstreetmap.org/way/626402291","","2026-08-11"
"VN-IP-46-phu-thu","Khu công nghiệp Phu Thu","","Phu Thu","Khu công nghiệp Phu Thu|KCN Phu Thu","phu thu","industrial_park","46","Hue","46","Thua Thien Hue","19960","Phú Bài","unknown",,"","point","locality","osm_reference_point",1,"https://www.openstreetmap.org/node/2985559634",107.686156,16.405331,"https://www.openstreetmap.org/node/2985559634","","2026-08-11"
"VN-IP-48-chu-lai","Khu công nghiệp Chu Lai","","Chu Lai","Khu công nghiệp Chu Lai","chu lai","industrial_park","48","Da Nang","49","Quang Nam","20965","Núi Thành","unknown",,"","point","locality","osm_reference_point",2,"https://www.openstreetmap.org/way/1481140098|https://www.openstreetmap.org/way/1481140099",108.600686,15.449213,"https://www.openstreetmap.org/way/1481140098","","2026-08-11"
"VN-IP-48-dien-nam","Khu công nghiệp Điện Nam – Điện Ngọc","","Dien Nam","Khu công nghiệp Điện Nam – Điện Ngọc","dien nam","industrial_park","48","Da Nang","49","Quang Nam","20579","Điện Bàn Đông","unknown",313.123,"","polygon","site","osm_site_polygon",1,"https://www.openstreetmap.org/way/584942874",108.265483,15.93413,"https://www.openstreetmap.org/way/584942874","","2026-08-11"
"VN-IP-48-dong-que-son","Khu công nghiệp Đông Quế Sơn","","Dong Que Son","Khu công nghiệp Đông Quế Sơn","dong que son","industrial_park","48","Da Nang","49","Quang Nam","20650","Xuân Phú","unknown",95.383,"","polygon","site","osm_site_polygon",1,"https://www.openstreetmap.org/way/1448108749",108.34193,15.776425,"https://www.openstreetmap.org/way/1448108749","","2026-08-11"
"VN-IP-48-hoa-cam","Khu Công nghiệp Hoà Cầm","","Hoa Cam","Khu Công nghiệp Hoà Cầm","hoa cam","industrial_park","48","Da Nang","48","Da Nang","20260","Cẩm Lệ","unknown",118.088,"","polygon","site","osm_site_polygon",2,"https://www.openstreetmap.org/node/13260922563|https://www.openstreetmap.org/way/586970040",108.178583,16.005514,"https://www.openstreetmap.org/way/586970040","","2026-08-11"
"VN-IP-48-hoa-khanh","Khu công nghiệp Hòa Khánh","Hoa Khanh Industrial Area","Hoa Khanh","Khu công nghiệp Hòa Khánh|Hoa Khanh Industrial Area","hoa khanh","industrial_park","48","Da Nang","48","Da Nang","20197","Liên Chiểu","unknown",,"","point","locality","osm_site_point",1,"https://www.openstreetmap.org/relation/16032278",108.125411,16.083053,"https://www.openstreetmap.org/relation/16032278","","2026-08-11"
"VN-IP-48-lien-chieu","Khu công nghiệp Liên Chiểu","Lien Chieu Industrial Zone","Lien Chieu","Khu công nghiệp Liên Chiểu|Lien Chieu Industrial Zone","lien chieu","industrial_park","48","Da Nang","48","Da Nang","20194","Hải Vân","unknown",138.143,"","polygon","site","osm_site_polygon",1,"https://www.openstreetmap.org/way/1218998231",108.113611,16.130771,"https://www.openstreetmap.org/way/1218998231","","2026-08-11"
"VN-IP-48-may","Khu công nghiệp may","","May","Khu công nghiệp may","may","industrial_park","48","Da Nang","49","Quang Nam","20335","Bàn Thạch","unknown",2.598,"","polygon","site","osm_site_polygon",1,"https://www.openstreetmap.org/way/559966611",108.464594,15.563185,"https://www.openstreetmap.org/way/559966611","","2026-08-11"
"VN-IP-48-tam-thang","Khu công nghiệp Tam Thăng","","Tam Thang","Khu công nghiệp Tam Thăng","tam thang","industrial_park","48","Da Nang","49","Quang Nam","20335","Bàn Thạch","unknown",150.669,"","polygon","site","osm_site_polygon",3,"https://www.openstreetmap.org/node/11898042374|https://www.openstreetmap.org/node/11898042415|https://www.openstreetmap.org/way/586350686",108.471196,15.627152,"https://www.openstreetmap.org/way/586350686","","2026-08-11"
"VN-IP-51-dong-lang","Khu công nghiệp Đồng Làng","","Dong Lang","Khu công nghiệp Đồng Làng","dong lang","industrial_park","51","Quang Ngai","51","Quang Ngai","21439","Đức Phổ","unknown",,"","point","locality","osm_reference_point",6,"https://www.openstreetmap.org/way/828393739|https://www.openstreetmap.org/way/828393751|https://www.openstreetmap.org/way/828393752|https://www.openstreetmap.org/way/932779097|https://www.openstreetmap.org/way/1148415355|https://www.openstreetmap.org/way/1426131180",108.942782,14.809918,"https://www.openstreetmap.org/way/828393739","","2026-08-11"
"VN-IP-51-dung-quat","Khu công nghiệp Dung Quất","","Dung Quat","Khu công nghiệp Dung Quất","dung quat","industrial_park","51","Quang Ngai","51","Quang Ngai","21061","Vạn Tường","unknown",,"","point","locality","osm_reference_point",14,"https://www.openstreetmap.org/way/1312077444|https://www.openstreetmap.org/way/1312077449|https://www.openstreetmap.org/way/1312077453|https://www.openstreetmap.org/way/1312077455|https://www.openstreetmap.org/way/1312077456|https://www.openstreetmap.org/way/1312077458|https://www.openstreetmap.org/way/1312077459|https://www.openstreetmap.org/way/1312077460|https://www.openstreetmap.org/way/1312077461|https://www.openstreetmap.org/way/1312077501|https://www.openstreetmap.org/way/1312077503|https://www.openstreetmap.org/way/1312077505|https://www.openstreetmap.org/way/1312077506|https://www.openstreetmap.org/way/1312077507",108.791507,15.383052,"https://www.openstreetmap.org/way/1312077444","","2026-08-11"
"VN-IP-51-tinh-phong","Khu công nghiệp Tịnh Phong","","Tinh Phong","Khu công nghiệp Tịnh Phong","tinh phong","industrial_park","51","Quang Ngai","51","Quang Ngai","21181","Thọ Phong","unknown",131.512,"","polygon","site","osm_site_polygon",2,"https://www.openstreetmap.org/node/13539985844|https://www.openstreetmap.org/way/521222160",108.797147,15.197074,"https://www.openstreetmap.org/way/521222160","","2026-08-11"
"VN-IP-52-becamex-binh-dinh","Khu công nghiệp Becamex Bình Định","Becamex Binh Dinh Industrial Park","Becamex Binh Dinh","Khu công nghiệp Becamex Bình Định|Becamex Binh Dinh Industrial Park","becamex binh dinh","industrial_park","52","Gia Lai","52","Binh Dinh","22006","Canh Vinh","unknown",350.074,"","polygon","site","osm_site_polygon",1,"https://www.openstreetmap.org/way/1311569468",109.07674,13.741979,"https://www.openstreetmap.org/way/1311569468","","2026-08-11"
"VN-IP-52-nam-pleiku","Khu công nghiệp Nam Pleiku","","Nam Pleiku","Khu công nghiệp Nam Pleiku|KCN Nam Pleiku","nam pleiku","industrial_park","52","Gia Lai","64","Gia Lai","23947","Bờ Ngoong","unknown",,"","point","locality","osm_reference_point",5,"https://www.openstreetmap.org/way/1329248314|https://www.openstreetmap.org/way/1329248315|https://www.openstreetmap.org/way/1344537316|https://www.openstreetmap.org/way/1344537317|https://www.openstreetmap.org/way/1346869310",108.003187,13.841808,"https://www.openstreetmap.org/way/1329248314","","2026-08-11"
"VN-IP-52-nhon-binh","Khu công nghiệp Nhơn Bình","","Nhon Binh","Khu công nghiệp Nhơn Bình","nhon binh","industrial_park","52","Gia Lai","52","Binh Dinh","21601","Quy Nhơn Đông","unknown",29.703,"","polygon","site","osm_site_polygon",1,"https://www.openstreetmap.org/way/194451948",109.200392,13.794219,"https://www.openstreetmap.org/way/194451948","","2026-08-11"
"VN-IP-52-nhon-hoa","Khu công nghiệp Nhơn Hòa","","Nhon Hoa","Khu công nghiệp Nhơn Hòa","nhon hoa","industrial_park","52","Gia Lai","52","Binh Dinh","21943","An Nhơn Nam","unknown",264.427,"","polygon","site","osm_site_polygon",1,"https://www.openstreetmap.org/way/208546620",109.073153,13.841657,"https://www.openstreetmap.org/way/208546620","","2026-08-11"
"VN-IP-52-nhon-hoi-a","Khu công nghiệp Nhơn Hội A","","Nhon Hoi A","Khu công nghiệp Nhơn Hội A","nhon hoi a","industrial_park","52","Gia Lai","52","Binh Dinh","21601","Quy Nhơn Đông","unknown",392.812,"","polygon","site","osm_site_polygon",1,"https://www.openstreetmap.org/way/1422861577",109.272909,13.826362,"https://www.openstreetmap.org/way/1422861577","","2026-08-11"
"VN-IP-56-du-long","Khu công nghiệp Du Long","","Du Long","Khu công nghiệp Du Long","du long","industrial_park","56","Khanh Hoa","58","Ninh Thuan","22849","Thuận Bắc","unknown",,"","point","locality","osm_reference_point",1,"https://www.openstreetmap.org/way/481199146",109.048944,11.695097,"https://www.openstreetmap.org/way/481199146","","2026-08-11"
"VN-IP-56-suoi-dau","Khu công nghiệp Suối Dầu","","Suoi Dau","Khu công nghiệp Suối Dầu","suoi dau","industrial_park","56","Khanh Hoa","56","Khanh Hoa","22453","Cam Lâm","unknown",140.1,"","polygon","site","osm_site_polygon",2,"https://www.openstreetmap.org/node/11773185573|https://www.openstreetmap.org/way/475148361",109.067158,12.150318,"https://www.openstreetmap.org/way/475148361","","2026-08-11"
"VN-IP-56-thanh-hai","Khu công nghiệp Thành Hải","","Thanh Hai","Khu công nghiệp Thành Hải","thanh hai","industrial_park","56","Khanh Hoa","58","Ninh Thuan","22741","Bảo An","unknown",83.611,"","polygon","site","osm_site_polygon",1,"https://www.openstreetmap.org/way/925999757",108.995234,11.607389,"https://www.openstreetmap.org/way/925999757","","2026-08-11"
"VN-IP-66-an-phu","Khu công nghiệp An Phú","","An Phu","Khu công nghiệp An Phú|Khu Công Nghiệp An Phú","an phu","industrial_park","66","Dak Lak","54","Phu Yen","22045","Bình Kiến","unknown",62.335,"","polygon","site","osm_site_polygon",2,"https://www.openstreetmap.org/node/1644008079|https://www.openstreetmap.org/way/693435724",109.286027,13.132183,"https://www.openstreetmap.org/way/693435724","","2026-08-11"
"VN-IP-66-dong-bac-song-cau","Khu công nghiệp Đông Bắc Sông Cầu","","Dong Bac Song Cau","Khu công nghiệp Đông Bắc Sông Cầu|KCN Đông Bắc Sông Cầu","dong bac song cau","industrial_park","66","Dak Lak","54","Phu Yen","22057","Xuân Lộc","unknown",110.799,"","polygon","site","osm_site_polygon",1,"https://www.openstreetmap.org/way/642935041",109.24689,13.593512,"https://www.openstreetmap.org/way/642935041","","2026-08-11"
"VN-IP-66-hoa-hiep","Khu công nghiệp Hòa Hiệp","","Hoa Hiep","Khu công nghiệp Hòa Hiệp","hoa hiep","industrial_park","66","Dak Lak","54","Phu Yen","22261","Hoà Hiệp","unknown",102.119,"","polygon","site","osm_site_polygon",1,"https://www.openstreetmap.org/way/643165759",109.362786,13.011765,"https://www.openstreetmap.org/way/643165759","","2026-08-11"
"VN-IP-66-hoa-phu","Khu công nghiệp Hòa Phú","","Hoa Phu","Khu công nghiệp Hòa Phú|KCN Hòa Phú","hoa phu","industrial_park","66","Dak Lak","66","Dak Lak","24175","Hoà Phú","unknown",150.24,"","polygon","site","osm_site_polygon",1,"https://www.openstreetmap.org/way/182822939",107.941004,12.60016,"https://www.openstreetmap.org/way/182822939","","2026-08-11"
"VN-IP-68-ham-kiem-1","Khu công nghiệp Hàm Kiệm I","","Ham Kiem I","Khu công nghiệp Hàm Kiệm I","ham kiem 1","industrial_park","68","Lam Dong","60","Binh Thuan","23128","Hàm Kiệm","unknown",589.759,"","polygon","site","osm_site_polygon",2,"https://www.openstreetmap.org/way/924401530|https://www.openstreetmap.org/way/1203930626",108.005737,10.932917,"https://www.openstreetmap.org/way/924401530","","2026-08-11"
"VN-IP-68-loc-son","Khu công nghiệp Lộc Sơn","","Loc Son","Khu công nghiệp Lộc Sơn|Khu Công Nghiệp Lộc Sơn Đường N6|Khu Công Nghiệp Lộc Sơn Đường N7|Khu Công Nghiệp Lộc Sơn Đường N5|Khu Công Nghiệp Lộc Sơn Đường D2|Khu Công Nghiệp Lộc Sơn Đường D3|Khu Công Nghiệp Lộc Sơn Đường N4","loc son","industrial_park","68","Lam Dong","68","Lam Dong","24829","B'Lao","unknown",179.812,"","polygon","site","osm_site_polygon",7,"https://www.openstreetmap.org/node/12815961744|https://www.openstreetmap.org/node/12816029961|https://www.openstreetmap.org/node/12816030188|https://www.openstreetmap.org/node/12816031909|https://www.openstreetmap.org/node/12816037320|https://www.openstreetmap.org/node/12816046765|https://www.openstreetmap.org/way/729008638",107.840364,11.515781,"https://www.openstreetmap.org/way/729008638","","2026-08-11"
"VN-IP-68-nhan-co","Khu công nghiệp Nhân Cơ","","Nhan Co","Khu công nghiệp Nhân Cơ|KCN Nhân Cơ","nhan co","industrial_park","68","Lam Dong","67","Dak Nong","24751","Nhân Cơ","unknown",,"","point","locality","osm_reference_point",2,"https://www.openstreetmap.org/way/954616629|https://www.openstreetmap.org/way/954616633",107.611645,11.975897,"https://www.openstreetmap.org/way/954616629","","2026-08-11"
"VN-IP-68-phan-thiet","Khu công nghiệp Phan Thiết","","Phan Thiet","Khu công nghiệp Phan Thiết","phan thiet","industrial_park","68","Lam Dong","60","Binh Thuan","22960","Bình Thuận","unknown",113.88,"","polygon","site","osm_site_polygon",1,"https://www.openstreetmap.org/way/633510473",108.098158,10.955837,"https://www.openstreetmap.org/way/633510473","","2026-08-11"
"VN-IP-68-phu-hoi","Khu công nghiệp Phú Hội","","Phu Hoi","Khu công nghiệp Phú Hội","phu hoi","industrial_park","68","Lam Dong","68","Lam Dong","24958","Đức Trọng","unknown",86.615,"","polygon","site","osm_site_polygon",1,"https://www.openstreetmap.org/way/729019544",108.379109,11.689379,"https://www.openstreetmap.org/way/729019544","","2026-08-11"
"VN-IP-68-tam-thang","Khu công nghiệp Tâm Thắng","","Tam Thang","Khu công nghiệp Tâm Thắng|KCN Tâm Thắng","tam thang","industrial_park","68","Lam Dong","67","Dak Nong","24640","Cư Jút","unknown",199.564,"","polygon","site","osm_site_polygon",3,"https://www.openstreetmap.org/way/182515009|https://www.openstreetmap.org/way/1395519568|https://www.openstreetmap.org/way/1395519569",107.923756,12.597542,"https://www.openstreetmap.org/way/182515009","","2026-08-11"
"VN-IP-75-amata","Khu công nghiệp Amata","","Amata","Khu công nghiệp Amata|Khu Công Nghiệp Amata|Khu công nghiệp Amata (mở rộng)","amata","industrial_park","75","Dong Nai","75","Dong Nai","26020","Long Bình","unknown",602.359,"","polygon","site","osm_site_polygon",20,"https://www.openstreetmap.org/way/293989029|https://www.openstreetmap.org/way/583464295|https://www.openstreetmap.org/way/611002255|https://www.openstreetmap.org/way/611002258|https://www.openstreetmap.org/way/611002260|https://www.openstreetmap.org/way/611002263|https://www.openstreetmap.org/way/1016015905|https://www.openstreetmap.org/way/1095304705|https://www.openstreetmap.org/way/1106570645|https://www.openstreetmap.org/way/1106570646|https://www.openstreetmap.org/way/1177907082|https://www.openstreetmap.org/way/1177907085|https://www.openstreetmap.org/way/1177907086|https://www.openstreetmap.org/way/1177907087|https://www.openstreetmap.org/way/1225838082|https://www.openstreetmap.org/way/1225838083|https://www.openstreetmap.org/way/1225838084|https://www.openstreetmap.org/way/1225838087|https://www.openstreetmap.org/way/1382687433|https://www.openstreetmap.org/way/1382687436",106.922887,10.958319,"https://www.openstreetmap.org/way/583464295","","2026-08-11"
"VN-IP-75-an-phuoc","Khu công nghiệp An Phước","","An Phuoc","Khu công nghiệp An Phước","an phuoc","industrial_park","75","Dong Nai","75","Dong Nai","26383","An Phước","unknown",,"","point","locality","osm_reference_point",1,"https://www.openstreetmap.org/node/13247211720",106.930405,10.822595,"https://www.openstreetmap.org/node/13247211720","","2026-08-11"
"VN-IP-75-bac-dong-phu","Khu công nghiệp Bắc Đồng Phú","","Bac Dong Phu","Khu công nghiệp Bắc Đồng Phú|kcn Bắc Đồng Phú","bac dong phu","industrial_park","75","Dong Nai","70","Binh Phuoc","25363","Đồng Phú","unknown",167.727,"","polygon","site","osm_site_polygon",2,"https://www.openstreetmap.org/node/7340129285|https://www.openstreetmap.org/way/1462512216",106.878132,11.476344,"https://www.openstreetmap.org/way/1462512216","","2026-08-11"
"VN-IP-75-bac-dong-phu-khu-b","Khu công nghiệp Bắc Đồng Phú Khu B","","Bac Dong Phu Khu B","Khu công nghiệp Bắc Đồng Phú Khu B","bac dong phu khu b","industrial_park","75","Dong Nai","70","Binh Phuoc","25363","Đồng Phú","unknown",409.633,"","polygon","site","osm_site_polygon",1,"https://www.openstreetmap.org/way/1462513965",106.893813,11.463096,"https://www.openstreetmap.org/way/1462513965","","2026-08-11"
"VN-IP-75-bau-xeo","Khu công nghiệp Bàu Xéo","Bau Xeo Industrial Park","Bau Xeo","Khu công nghiệp Bàu Xéo|Bau Xeo Industrial Park","bau xeo","industrial_park","75","Dong Nai","75","Dong Nai","26296","An Viễn","unknown",525.913,"","polygon","site","osm_site_polygon",5,"https://www.openstreetmap.org/node/9314042754|https://www.openstreetmap.org/node/11870716273|https://www.openstreetmap.org/node/11870716275|https://www.openstreetmap.org/node/12696121321|https://www.openstreetmap.org/way/321136900",107.02999,10.950426,"https://www.openstreetmap.org/way/321136900","","2026-08-11"
"VN-IP-75-becamex","Khu công nghiệp Becamex","","Becamex","Khu công nghiệp Becamex","becamex","industrial_park","75","Dong Nai","70","Binh Phuoc","25432","Chơn Thành","unknown",783.65,"","polygon","site","osm_site_polygon",1,"https://www.openstreetmap.org/way/1461706252",106.664301,11.40572,"https://www.openstreetmap.org/way/1461706252","","2026-08-11"
"VN-IP-75-becamex-binh-phuoc","Khu công nghiệp Becamex Bình Phước","","Becamex Binh Phuoc","Khu công nghiệp Becamex Bình Phước","becamex binh phuoc","industrial_park","75","Dong Nai","70","Binh Phuoc","25432","Chơn Thành","unknown",405.387,"","polygon","site","osm_site_polygon",1,"https://www.openstreetmap.org/way/790558235",106.648071,11.449574,"https://www.openstreetmap.org/way/790558235","","2026-08-11"
"VN-IP-75-bien-hoa-1","Khu công nghiệp Biên Hòa 1","","Bien Hoa 1","Khu công nghiệp Biên Hòa 1","bien hoa 1","industrial_park","75","Dong Nai","75","Dong Nai","26041","Trấn Biên","unknown",298.056,"","polygon","site","osm_site_polygon",2,"https://www.openstreetmap.org/way/568387663|https://www.openstreetmap.org/way/1026912817",106.854406,10.920629,"https://www.openstreetmap.org/way/568387663","","2026-08-11"
"VN-IP-75-bien-hoa-2","Khu công nghiệp Biên Hòa 2","","Bien Hoa 2","Khu công nghiệp Biên Hòa 2|Khu Công nghiệp Biên Hòa 2","bien hoa 2","industrial_park","75","Dong Nai","75","Dong Nai","26041","Trấn Biên","unknown",401.884,"","polygon","site","osm_site_polygon",7,"https://www.openstreetmap.org/node/9123506662|https://www.openstreetmap.org/node/9123888748|https://www.openstreetmap.org/way/294127405|https://www.openstreetmap.org/way/306132369|https://www.openstreetmap.org/way/1016779347|https://www.openstreetmap.org/way/1016794156|https://www.openstreetmap.org/way/1017703849",106.873273,10.922118,"https://www.openstreetmap.org/way/306132369","","2026-08-11"
"VN-IP-75-cnc-long-thanh","Khu công nghiệp CNC Long Thành","","CNC Long Thanh","Khu công nghiệp CNC Long Thành","cnc long thanh","industrial_park","75","Dong Nai","75","Dong Nai","26368","Long Thành","unknown",,"","point","locality","osm_reference_point",2,"https://www.openstreetmap.org/node/13592054118|https://www.openstreetmap.org/node/13592054119",106.929411,10.776791,"https://www.openstreetmap.org/node/13592054118","","2026-08-11"
"VN-IP-75-cong-nghe-cao-long-thanh","Khu công nghiệp Công nghệ cao Long Thành","","Cong Nghe Cao Long Thanh","Khu công nghiệp Công nghệ cao Long Thành","cong nghe cao long thanh","industrial_park","75","Dong Nai","75","Dong Nai","26383","An Phước","unknown",211.14,"","polygon","site","osm_site_polygon",1,"https://www.openstreetmap.org/way/1465014906",106.917816,10.784288,"https://www.openstreetmap.org/way/1465014906","","2026-08-11"
"VN-IP-75-dau-giay","Khu công nghiệp Dầu Giây","Dau Giay Industrial Zone","Dau Giay","Khu công nghiệp Dầu Giây|Dau Giay Industrial Zone","dau giay","industrial_park","75","Dong Nai","75","Dong Nai","26326","Dầu Giây","unknown",333.472,"","polygon","site","osm_site_polygon",1,"https://www.openstreetmap.org/way/631548585",107.134161,10.920947,"https://www.openstreetmap.org/way/631548585","","2026-08-11"
"VN-IP-75-dinh-quan","Khu công nghiệp Định Quán","Dinh Quan Industrial Zone","Dinh Quan","Khu công nghiệp Định Quán|Dinh Quan Industrial Zone","dinh quan","industrial_park","75","Dong Nai","75","Dong Nai","26227","La Ngà","unknown",57.678,"","polygon","site","osm_site_polygon",2,"https://www.openstreetmap.org/node/11878996110|https://www.openstreetmap.org/way/1376626461",107.24843,11.153133,"https://www.openstreetmap.org/way/1376626461","","2026-08-11"
"VN-IP-75-dong-xoai-1","Khu công nghiệp Đồng Xoài I","","Dong Xoai I","Khu công nghiệp Đồng Xoài I","dong xoai 1","industrial_park","75","Dong Nai","70","Binh Phuoc","25210","Đồng Xoài","unknown",176.879,"","polygon","site","osm_site_polygon",1,"https://www.openstreetmap.org/way/597920108",106.835112,11.517204,"https://www.openstreetmap.org/way/597920108","","2026-08-11"
"VN-IP-75-dong-xoai-2","Khu công nghiệp Đồng Xoài II","","Dong Xoai II","Khu công nghiệp Đồng Xoài II","dong xoai 2","industrial_park","75","Dong Nai","70","Binh Phuoc","25210","Đồng Xoài","unknown",69.779,"","polygon","site","osm_site_polygon",1,"https://www.openstreetmap.org/way/1462771156",106.854026,11.521173,"https://www.openstreetmap.org/way/1462771156","","2026-08-11"
"VN-IP-75-dong-xoai-3","Khu công nghiệp Đồng Xoài III","","Dong Xoai III","Khu công nghiệp Đồng Xoài III","dong xoai 3","industrial_park","75","Dong Nai","70","Binh Phuoc","25195","Bình Phước","unknown",297.454,"","polygon","site","osm_site_polygon",1,"https://www.openstreetmap.org/way/1462511195",106.874636,11.50655,"https://www.openstreetmap.org/way/1462511195","","2026-08-11"
"VN-IP-75-giang-dien","Khu công nghiệp Giang Điền","","Giang Dien","Khu công nghiệp Giang Điền","giang dien","industrial_park","75","Dong Nai","75","Dong Nai","26374","Tam Phước","unknown",461.818,"","polygon","site","osm_site_polygon",1,"https://www.openstreetmap.org/way/793350526",106.983896,10.895545,"https://www.openstreetmap.org/way/793350526","","2026-08-11"
"VN-IP-75-ho-nai-3","Khu công nghiệp Hố Nai 3","Ho Nai Industrial Zone","Ho Nai 3","Khu công nghiệp Hố Nai 3|Ho Nai Industrial Zone","ho nai 3","industrial_park","75","Dong Nai","75","Dong Nai","26005","Hố Nai","unknown",382.576,"","polygon","site","osm_site_polygon",1,"https://www.openstreetmap.org/way/1225327680",106.936495,10.944231,"https://www.openstreetmap.org/way/1225327680","","2026-08-11"
"VN-IP-75-loc-an","Khu công nghiệp Lộc An - Bình Sơn","","Loc An","Khu công nghiệp Lộc An - Bình Sơn","loc an","industrial_park","75","Dong Nai","75","Dong Nai","26368","Long Thành","unknown",521.52,"EVN","polygon","site","osm_site_polygon",3,"https://www.openstreetmap.org/way/322590398|https://www.openstreetmap.org/way/1441819768|https://www.openstreetmap.org/way/1441819769",106.991253,10.788478,"https://www.openstreetmap.org/way/322590398","","2026-08-11"
"VN-IP-75-loc-an-binh-son","Khu công nghiệp Lộc An Bình Sơn","","Loc An Binh Son","Khu công nghiệp Lộc An Bình Sơn","loc an binh son","industrial_park","75","Dong Nai","75","Dong Nai","26368","Long Thành","unknown",,"","point","locality","osm_reference_point",1,"https://www.openstreetmap.org/node/13384559281",106.991216,10.788129,"https://www.openstreetmap.org/node/13384559281","","2026-08-11"
"VN-IP-75-long-duc","Khu công nghiệp Long Đức","","Long Duc","Khu công nghiệp Long Đức","long duc","industrial_park","75","Dong Nai","75","Dong Nai","26383","An Phước","unknown",463.222,"","polygon","site","osm_site_polygon",3,"https://www.openstreetmap.org/node/8987507242|https://www.openstreetmap.org/node/8987507243|https://www.openstreetmap.org/way/882356440",106.96336,10.846968,"https://www.openstreetmap.org/way/882356440","","2026-08-11"
"VN-IP-75-long-khanh","Khu công nghiệp Long Khánh","","Long Khanh","Khu công nghiệp Long Khánh","long khanh","industrial_park","75","Dong Nai","75","Dong Nai","26089","Bình Lộc","unknown",247.312,"","polygon","site","osm_site_polygon",3,"https://www.openstreetmap.org/node/11878252525|https://www.openstreetmap.org/node/11878284491|https://www.openstreetmap.org/way/714064293",107.224781,10.968584,"https://www.openstreetmap.org/way/714064293","","2026-08-11"
"VN-IP-75-long-thanh","Khu công nghiệp Long Thành","Long Thanh Industrial Zone","Long Thanh","Khu công nghiệp Long Thành|Long Thanh Industrial Zone","long thanh","industrial_park","75","Dong Nai","75","Dong Nai","26383","An Phước","unknown",442.985,"","polygon","site","osm_site_polygon",4,"https://www.openstreetmap.org/node/8987507240|https://www.openstreetmap.org/node/8987507241|https://www.openstreetmap.org/node/11782028061|https://www.openstreetmap.org/way/718462141",106.920366,10.813891,"https://www.openstreetmap.org/way/718462141","","2026-08-11"
"VN-IP-75-loteco","Khu công nghiệp Loteco","","Loteco","Khu công nghiệp Loteco|Long Binh Techno Park (LOTECO)","loteco","industrial_park","75","Dong Nai","75","Dong Nai","26020","Long Bình","unknown",99.867,"","polygon","site","osm_site_polygon",1,"https://www.openstreetmap.org/way/583464298",106.890334,10.92959,"https://www.openstreetmap.org/way/583464298","","2026-08-11"
"VN-IP-75-nhon-trach","Khu công nghiệp Nhơn Trạch","","Nhon Trach","Khu công nghiệp Nhơn Trạch","nhon trach","industrial_park","75","Dong Nai","75","Dong Nai","26485","Nhơn Trạch","unknown",2535.086,"","polygon","site","osm_site_polygon",3,"https://www.openstreetmap.org/node/11799136678|https://www.openstreetmap.org/way/366493800|https://www.openstreetmap.org/way/605046157",106.922881,10.719159,"https://www.openstreetmap.org/way/366493800","","2026-08-11"
"VN-IP-75-nhon-trach-1","Khu công nghiệp 1 Nhơn Trạch","","1 Nhon Trach","Khu công nghiệp 1 Nhơn Trạch","nhon trach 1","industrial_park","75","Dong Nai","75","Dong Nai","26485","Nhơn Trạch","unknown",,"","point","locality","osm_reference_point",1,"https://www.openstreetmap.org/node/13228822472",106.915072,10.739245,"https://www.openstreetmap.org/node/13228822472","","2026-08-11"
"VN-IP-75-nhon-trach-3","Khu công nghiệp Nhơn Trạch 3","","Nhon Trach 3","Khu công nghiệp Nhơn Trạch 3","nhon trach 3","industrial_park","75","Dong Nai","75","Dong Nai","26503","Phước An","unknown",,"","point","locality","osm_reference_point",1,"https://www.openstreetmap.org/node/13247471184",106.944886,10.705821,"https://www.openstreetmap.org/node/13247471184","","2026-08-11"
"VN-IP-75-song-may","Khu công nghiệp Sông Mây","","Song May","Khu công nghiệp Sông Mây","song may","industrial_park","75","Dong Nai","75","Dong Nai","26278","Bình Minh","unknown",193.755,"","polygon","site","osm_site_polygon",1,"https://www.openstreetmap.org/way/1222385074",106.95314,10.98095,"https://www.openstreetmap.org/way/1222385074","","2026-08-11"
"VN-IP-75-tam-phuoc","Khu công nghiệp Tam Phước","","Tam Phuoc","Khu công nghiệp Tam Phước|Khu Công Nghiệp Tam Phước Đường Số 1|Khu Công Nghiệp Tam Phước Đường Số 9|Khu Công Nghiệp Tam Phước Đường Số 7|Khu Công Nghiệp Tam Phước Đường Số 8|Khu Công Nghiệp Tam Phước Đường Số 11|Khu Công Nghiệp Tam Phước Đường Số 6|Khu Công Nghiệp Tam Phước Đường Số 3|Khu Công Nghiệp Tam Phước Đường Số 10","tam phuoc","industrial_park","75","Dong Nai","75","Dong Nai","26374","Tam Phước","unknown",303.617,"","polygon","site","osm_site_polygon",14,"https://www.openstreetmap.org/node/8987385218|https://www.openstreetmap.org/node/8987385219|https://www.openstreetmap.org/node/12706576064|https://www.openstreetmap.org/node/12706594861|https://www.openstreetmap.org/node/12706595202|https://www.openstreetmap.org/node/12706597425|https://www.openstreetmap.org/node/12706599364|https://www.openstreetmap.org/node/12706601014|https://www.openstreetmap.org/node/12706603536|https://www.openstreetmap.org/node/12706604355|https://www.openstreetmap.org/way/1178756636|https://www.openstreetmap.org/way/1178756646|https://www.openstreetmap.org/way/1178756647|https://www.openstreetmap.org/way/1178756648",106.940879,10.865784,"https://www.openstreetmap.org/way/1178756648","","2026-08-11"
"VN-IP-75-tan-thanh","Khu công nghiệp Tân Thành","","Tan Thanh","Khu công nghiệp Tân Thành|KCN Tân Thành","tan thanh","industrial_park","75","Dong Nai","70","Binh Phuoc","25210","Đồng Xoài","unknown",,"","point","locality","osm_reference_point",1,"https://www.openstreetmap.org/node/13428152626",106.840995,11.522462,"https://www.openstreetmap.org/node/13428152626","","2026-08-11"
"VN-IP-75-thanh-phu","Khu công nghiệp Thạnh Phú","","Thanh Phu","Khu công nghiệp Thạnh Phú","thanh phu","industrial_park","75","Dong Nai","75","Dong Nai","26188","Tân Triều","unknown",,"","point","locality","osm_reference_point",3,"https://www.openstreetmap.org/node/9123506699|https://www.openstreetmap.org/node/9123888735|https://www.openstreetmap.org/way/1178316022",106.849458,11.004949,"https://www.openstreetmap.org/node/9123506699","","2026-08-11"
"VN-IP-75-xuan-loc","Khu công nghiệp Xuân Lộc","","Xuan Loc","Khu công nghiệp Xuân Lộc","xuan loc","industrial_park","75","Dong Nai","75","Dong Nai","26446","Xuân Hoà","unknown",73.889,"","polygon","site","osm_site_polygon",2,"https://www.openstreetmap.org/way/835990321|https://www.openstreetmap.org/way/924383400",107.413125,10.907866,"https://www.openstreetmap.org/way/924383400","","2026-08-11"
"VN-IP-79-an-ha","Khu Công nghiệp An Hạ","","An Ha","Khu Công nghiệp An Hạ","an ha","industrial_park","79","Ho Chi Minh City","79","Ho Chi Minh City","27604","Tân Vĩnh Lộc","unknown",113.699,"","polygon","site","osm_site_polygon",1,"https://www.openstreetmap.org/way/516578020",106.514872,10.817537,"https://www.openstreetmap.org/way/516578020","","2026-08-11"
"VN-IP-79-bau-bang","Khu công nghiệp Bàu Bàng","Bau Bang Industrial Zone","Bau Bang","Khu công nghiệp Bàu Bàng|Bau Bang Industrial Zone","bau bang","industrial_park","79","Ho Chi Minh City","74","Binh Duong","25822","Bàu Bàng","unknown",2596.859,"","polygon","site","osm_site_polygon",1,"https://www.openstreetmap.org/way/790548272",106.602965,11.25802,"https://www.openstreetmap.org/way/790548272","","2026-08-11"
"VN-IP-79-bau-bang-mo-rong","Khu công nghiệp Bàu Bàng Mở Rộng","","Bau Bang Mo Rong","Khu công nghiệp Bàu Bàng Mở Rộng","bau bang mo rong","industrial_park","79","Ho Chi Minh City","74","Binh Duong","25822","Bàu Bàng","unknown",,"","point","locality","osm_reference_point",1,"https://www.openstreetmap.org/node/13230033971",106.577578,11.287437,"https://www.openstreetmap.org/node/13230033971","","2026-08-11"
"VN-IP-79-binh-chieu","Khu Công nghiệp Bình Chiểu","","Binh Chieu","Khu Công nghiệp Bình Chiểu","binh chieu","industrial_park","79","Ho Chi Minh City","74","Binh Duong","26803","Tam Bình","unknown",28.782,"","polygon","site","osm_site_polygon",1,"https://www.openstreetmap.org/way/503373077",106.732817,10.882934,"https://www.openstreetmap.org/way/503373077","","2026-08-11"
"VN-IP-79-binh-duong","Khu công nghiệp Bình Đường","","Binh Duong","Khu công nghiệp Bình Đường","binh duong","industrial_park","79","Ho Chi Minh City","74","Binh Duong","25942","Dĩ An","unknown",17.654,"","polygon","site","osm_site_polygon",1,"https://www.openstreetmap.org/way/291853380",106.75351,10.870627,"https://www.openstreetmap.org/way/291853380","","2026-08-11"
"VN-IP-79-cat-lai-2","Khu công nghiệp Cát Lái 2","Cat Lai 2 Industrial Zone","Cat Lai 2","Khu công nghiệp Cát Lái 2|Cat Lai 2 Industrial Zone","cat lai 2","industrial_park","79","Ho Chi Minh City","79","Ho Chi Minh City","27112","Cát Lái","unknown",134.187,"","polygon","site","osm_site_polygon",1,"https://www.openstreetmap.org/way/1355895112",106.770066,10.760495,"https://www.openstreetmap.org/way/1355895112","","2026-08-11"
"VN-IP-79-chuyen-sau-phu-my-3","Khu công nghiệp chuyên sâu Phú Mỹ 3","","Chuyen Sau Phu My 3","Khu công nghiệp chuyên sâu Phú Mỹ 3|KCN chuyên sâu Phú Mỹ 3 Head Office","chuyen sau phu my 3","industrial_park","79","Ho Chi Minh City","77","Ba Ria-Vung Tau","26713","Tân Phước","unknown",338.55,"","polygon","site","osm_site_polygon",2,"https://www.openstreetmap.org/node/8213479695|https://www.openstreetmap.org/way/594483046",107.062519,10.531115,"https://www.openstreetmap.org/way/594483046","","2026-08-11"
"VN-IP-79-co-khi-o-to","Khu công nghiệp Cơ Khí Ô Tô","","Co Khi O To","Khu công nghiệp Cơ Khí Ô Tô|Khu công nghiệp Cơ khí Ô tô","co khi o to","industrial_park","79","Ho Chi Minh City","79","Ho Chi Minh City","27544","Bình Mỹ","unknown",,"","point","locality","osm_reference_point",2,"https://www.openstreetmap.org/node/11862438534|https://www.openstreetmap.org/node/11862438548",106.603606,10.981548,"https://www.openstreetmap.org/node/11862438534","","2026-08-11"
"VN-IP-79-da-bac","Khu công nghiệp Đá Bạc","","Da Bac","Khu công nghiệp Đá Bạc","da bac","industrial_park","79","Ho Chi Minh City","77","Ba Ria-Vung Tau","26617","Nghĩa Thành","unknown",63.061,"","polygon","site","osm_site_polygon",1,"https://www.openstreetmap.org/way/566356404",107.281297,10.58122,"https://www.openstreetmap.org/way/566356404","","2026-08-11"
"VN-IP-79-dai-dang","Khu công nghiệp Đại Đăng","","Dai Dang","Khu công nghiệp Đại Đăng|Khu Công Nghiệp Đại Đăng","dai dang","industrial_park","79","Ho Chi Minh City","74","Binh Duong","25760","Bình Dương","unknown",167.35,"","polygon","site","osm_site_polygon",2,"https://www.openstreetmap.org/node/4123749584|https://www.openstreetmap.org/way/783792019",106.6928,11.013833,"https://www.openstreetmap.org/way/783792019","","2026-08-11"
"VN-IP-79-dat-cuoc","Khu công nghiệp Đất Cuốc (Khu A)","","Dat Cuoc","Khu công nghiệp Đất Cuốc (Khu A)|Kcn Đất Cuốc|Khu công nghiệp Đất Cuốc (Khu B)","dat cuoc","industrial_park","79","Ho Chi Minh City","74","Binh Duong","25906","Bắc Tân Uyên","unknown",310.191,"","polygon","site","osm_site_polygon",3,"https://www.openstreetmap.org/node/4730574925|https://www.openstreetmap.org/way/857583505|https://www.openstreetmap.org/way/857583506",106.840196,11.101871,"https://www.openstreetmap.org/way/857583505","","2026-08-11"
"VN-IP-79-dat-do","Khu công nghiệp Đất Đỏ","","Dat Do","Khu công nghiệp Đất Đỏ","dat do","industrial_park","79","Ho Chi Minh City","77","Ba Ria-Vung Tau","26680","Đất Đỏ","unknown",353.017,"","polygon","site","osm_site_polygon",1,"https://www.openstreetmap.org/way/1342085617",107.300557,10.514572,"https://www.openstreetmap.org/way/1342085617","","2026-08-11"
"VN-IP-79-det-may-binh-an","Khu công nghiệp Dệt may Bình An","","Det May Binh An","Khu công nghiệp Dệt may Bình An","det may binh an","industrial_park","79","Ho Chi Minh City","79","Ho Chi Minh City","25951","Đông Hoà","unknown",21.72,"","polygon","site","osm_site_polygon",1,"https://www.openstreetmap.org/way/291052399",106.818842,10.893071,"https://www.openstreetmap.org/way/291052399","","2026-08-11"
"VN-IP-79-dong-an-1","Khu công nghiệp Đồng An 1","","Dong An 1","Khu công nghiệp Đồng An 1","dong an 1","industrial_park","79","Ho Chi Minh City","74","Binh Duong","25987","Bình Hoà","unknown",149.168,"","polygon","site","osm_site_polygon",1,"https://www.openstreetmap.org/way/323602532",106.728402,10.898557,"https://www.openstreetmap.org/way/323602532","","2026-08-11"
"VN-IP-79-dong-an-2","Khu công nghiệp Đồng An 2","Dong An 2 Industrial Park","Dong An 2","Khu công nghiệp Đồng An 2|Dong An 2 Industrial Park","dong an 2","industrial_park","79","Ho Chi Minh City","74","Binh Duong","25760","Bình Dương","unknown",191.222,"","polygon","site","osm_site_polygon",1,"https://www.openstreetmap.org/way/497979359",106.676963,11.103521,"https://www.openstreetmap.org/way/497979359","","2026-08-11"
"VN-IP-79-dong-nam-cu-chi","Khu công nghiệp Đông Nam Củ Chi","","Dong Nam Cu Chi","Khu công nghiệp Đông Nam Củ Chi","dong nam cu chi","industrial_park","79","Ho Chi Minh City","79","Ho Chi Minh City","27544","Bình Mỹ","unknown",216.318,"","polygon","site","osm_site_polygon",1,"https://www.openstreetmap.org/way/654617274",106.623837,10.965189,"https://www.openstreetmap.org/way/654617274","","2026-08-11"
"VN-IP-79-dong-xuyen","Khu công nghiệp Đông Xuyên","Dong Xuyen Industrial Park","Dong Xuyen","Khu công nghiệp Đông Xuyên|KCN Đông Xuyên|Dong Xuyen Industrial Park","dong xuyen","industrial_park","79","Ho Chi Minh City","77","Ba Ria-Vung Tau","26536","Rạch Dừa","unknown",173.119,"","polygon","site","osm_site_polygon",4,"https://www.openstreetmap.org/node/6532089337|https://www.openstreetmap.org/node/13755350842|https://www.openstreetmap.org/node/13755372823|https://www.openstreetmap.org/way/743811856",107.112454,10.403956,"https://www.openstreetmap.org/way/743811856","","2026-08-11"
"VN-IP-79-hiep-phuoc","Khu công nghiệp Hiệp Phước","Hiep Phuoc Industrial Park","Hiep Phuoc","Khu công nghiệp Hiệp Phước|KCN Hiệp Phước Công Ty CJ|Hiep Phuoc Industrial Park","hiep phuoc","industrial_park","79","Ho Chi Minh City","79","Ho Chi Minh City","27658","Hiệp Phước","unknown",554.925,"","polygon","site","osm_site_polygon",6,"https://www.openstreetmap.org/node/5476044421|https://www.openstreetmap.org/way/708894002|https://www.openstreetmap.org/way/710382741|https://www.openstreetmap.org/way/1357939694|https://www.openstreetmap.org/way/1457653066|https://www.openstreetmap.org/way/1457653067",106.758138,10.629907,"https://www.openstreetmap.org/way/1357939694","","2026-08-11"
"VN-IP-79-kim-huy","Khu công nghiệp Kim Huy","","Kim Huy","Khu công nghiệp Kim Huy","kim huy","industrial_park","79","Ho Chi Minh City","74","Binh Duong","25760","Bình Dương","unknown",132.741,"","polygon","site","osm_site_polygon",1,"https://www.openstreetmap.org/way/597925817",106.706729,11.045123,"https://www.openstreetmap.org/way/597925817","","2026-08-11"
"VN-IP-79-le-minh-xuan","Khu công nghiệp Lê Minh Xuân","","Le Minh Xuan","Khu công nghiệp Lê Minh Xuân|Le Minh Xuan Industrial Park","le minh xuan","industrial_park","79","Ho Chi Minh City","79","Ho Chi Minh City","27610","Bình Lợi","unknown",105.31,"","polygon","site","osm_site_polygon",2,"https://www.openstreetmap.org/node/11760158150|https://www.openstreetmap.org/way/514726183",106.543665,10.742641,"https://www.openstreetmap.org/way/514726183","","2026-08-11"
"VN-IP-79-my-phuoc-1","Khu công nghiệp Mỹ Phước 1","","My Phuoc 1","Khu công nghiệp Mỹ Phước 1","my phuoc 1","industrial_park","79","Ho Chi Minh City","74","Binh Duong","25813","Bến Cát","unknown",281.5,"","polygon","site","osm_site_polygon",1,"https://www.openstreetmap.org/way/759187612",106.597117,11.129469,"https://www.openstreetmap.org/way/759187612","","2026-08-11"
"VN-IP-79-my-phuoc-3","Khu công nghiệp Mỹ Phước 3","","My Phuoc 3","Khu công nghiệp Mỹ Phước 3|KCN Mỹ Phước 3","my phuoc 3","industrial_park","79","Ho Chi Minh City","74","Binh Duong","25846","Thới Hoà","unknown",296.369,"","polygon","site","osm_site_polygon",6,"https://www.openstreetmap.org/node/5072413237|https://www.openstreetmap.org/node/6575351490|https://www.openstreetmap.org/node/12345197720|https://www.openstreetmap.org/node/12345942966|https://www.openstreetmap.org/node/12345942969|https://www.openstreetmap.org/way/654555792",106.650151,11.096771,"https://www.openstreetmap.org/way/654555792","","2026-08-11"
"VN-IP-79-my-xuan-a","Khu công nghiệp Mỹ Xuân A","","My Xuan A","Khu công nghiệp Mỹ Xuân A|Khu Công nghiệp Mỹ Xuân A","my xuan a","industrial_park","79","Ho Chi Minh City","77","Ba Ria-Vung Tau","26704","Phú Mỹ","unknown",285.546,"","polygon","site","osm_site_polygon",2,"https://www.openstreetmap.org/node/13654292512|https://www.openstreetmap.org/way/317515592",107.032384,10.645217,"https://www.openstreetmap.org/way/317515592","","2026-08-11"
"VN-IP-79-my-xuan-a2","Khu công nghiệp Mỹ Xuân A2","","My Xuan A2","Khu công nghiệp Mỹ Xuân A2|Khu Công nghiệp Mỹ Xuân A2","my xuan a2","industrial_park","79","Ho Chi Minh City","77","Ba Ria-Vung Tau","26704","Phú Mỹ","unknown",471.078,"","polygon","site","osm_site_polygon",2,"https://www.openstreetmap.org/node/13654292513|https://www.openstreetmap.org/way/319538030",107.0384,10.631545,"https://www.openstreetmap.org/way/319538030","","2026-08-11"
"VN-IP-79-my-xuan-b1","Khu công nghiệp Mỹ Xuân B1 - Conac","","My Xuan B1","Khu công nghiệp Mỹ Xuân B1 - Conac|Khu công nghiệp Mỹ Xuân B1 - Tiến Hùng","my xuan b1","industrial_park","79","Ho Chi Minh City","77","Ba Ria-Vung Tau","26704","Phú Mỹ","unknown",397.33,"","polygon","site","osm_site_polygon",2,"https://www.openstreetmap.org/way/319538031|https://www.openstreetmap.org/way/566708588",107.063481,10.640697,"https://www.openstreetmap.org/way/566708588","","2026-08-11"
"VN-IP-79-nam-tan-uyen","Khu công nghiệp Nam Tân Uyên","","Nam Tan Uyen","Khu công nghiệp Nam Tân Uyên|KCN Nam Tan Uyen|Khu Công Nghiệp Nam Tân Uyên","nam tan uyen","industrial_park","79","Ho Chi Minh City","74","Binh Duong","25920","Tân Hiệp","unknown",348.649,"","polygon","site","osm_site_polygon",4,"https://www.openstreetmap.org/node/4131787589|https://www.openstreetmap.org/node/12345942993|https://www.openstreetmap.org/node/12345973812|https://www.openstreetmap.org/way/627782061",106.754234,11.058971,"https://www.openstreetmap.org/way/627782061","","2026-08-11"
"VN-IP-79-nam-tan-uyen-mo-rong","Khu công nghiệp Nam Tân Uyên mở rộng","","Nam Tan Uyen Mo Rong","Khu công nghiệp Nam Tân Uyên mở rộng","nam tan uyen mo rong","industrial_park","79","Ho Chi Minh City","74","Binh Duong","25888","Tân Uyên","unknown",269.902,"","polygon","site","osm_site_polygon",1,"https://www.openstreetmap.org/way/1218993278",106.780273,11.09791,"https://www.openstreetmap.org/way/1218993278","","2026-08-11"
"VN-IP-79-nhi-xuan","Khu công nghiệp Nhị Xuân","","Nhi Xuan","Khu công nghiệp Nhị Xuân|Khu công nghiệp Nhị Xuân - Bến xe An Sương","nhi xuan","industrial_park","79","Ho Chi Minh City","79","Ho Chi Minh City","27577","Xuân Thới Sơn","unknown",82.479,"Công ty Cổ phần Xe khách Phương Trang - FUTA Bus Lines","polygon","site","osm_site_polygon",5,"https://www.openstreetmap.org/node/11802296468|https://www.openstreetmap.org/node/11802297372|https://www.openstreetmap.org/way/366287225|https://www.openstreetmap.org/relation/17502792|https://www.openstreetmap.org/relation/17502793",106.531806,10.87754,"https://www.openstreetmap.org/way/366287225","","2026-08-11"
"VN-IP-79-phu-chanh","Khu công nghiệp Phú Chánh","","Phu Chanh","Khu công nghiệp Phú Chánh","phu chanh","industrial_park","79","Ho Chi Minh City","74","Binh Duong","25760","Bình Dương","unknown",106.881,"","polygon","site","osm_site_polygon",1,"https://www.openstreetmap.org/way/784968442",106.705557,11.073281,"https://www.openstreetmap.org/way/784968442","","2026-08-11"
"VN-IP-79-phu-my-1","Khu công nghiệp Phú Mỹ 1","","Phu My 1","Khu công nghiệp Phú Mỹ 1","phu my 1","industrial_park","79","Ho Chi Minh City","77","Ba Ria-Vung Tau","26704","Phú Mỹ","unknown",,"Izico","point","locality","osm_site_point",3,"https://www.openstreetmap.org/node/11774997119|https://www.openstreetmap.org/way/1093386131|https://www.openstreetmap.org/relation/8191003",107.037798,10.583284,"https://www.openstreetmap.org/relation/8191003","","2026-08-11"
"VN-IP-79-phu-my-2","Khu công nghiệp Phú Mỹ 2","","Phu My 2","Khu công nghiệp Phú Mỹ 2","phu my 2","industrial_park","79","Ho Chi Minh City","77","Ba Ria-Vung Tau","26713","Tân Phước","unknown",621.061,"","polygon","site","osm_site_polygon",1,"https://www.openstreetmap.org/way/1193514671",107.051126,10.550257,"https://www.openstreetmap.org/way/1193514671","","2026-08-11"
"VN-IP-79-phu-my-3","Khu công nghiệp Phú Mỹ 3","","Phu My 3","Khu công nghiệp Phú Mỹ 3","phu my 3","industrial_park","79","Ho Chi Minh City","77","Ba Ria-Vung Tau","26710","Tân Hải","unknown",,"EVN","point","locality","osm_reference_point",1,"https://www.openstreetmap.org/way/1469695731",107.089816,10.500493,"https://www.openstreetmap.org/way/1469695731","","2026-08-11"
"VN-IP-79-phu-tan","Khu công nghiệp Phú Tân","","Phu Tan","Khu công nghiệp Phú Tân","phu tan","industrial_park","79","Ho Chi Minh City","74","Binh Duong","25760","Bình Dương","unknown",36.302,"","polygon","site","osm_site_polygon",1,"https://www.openstreetmap.org/way/1463022980",106.679108,11.09813,"https://www.openstreetmap.org/way/1463022980","","2026-08-11"
"VN-IP-79-rach-bap","Khu công nghiệp Rạch Bắp","","Rach Bap","Khu công nghiệp Rạch Bắp","rach bap","industrial_park","79","Ho Chi Minh City","74","Binh Duong","25843","Tây Nam","unknown",236.544,"","polygon","site","osm_site_polygon",1,"https://www.openstreetmap.org/way/1454596518",106.535899,11.137607,"https://www.openstreetmap.org/way/1454596518","","2026-08-11"
"VN-IP-79-song-than","Khu công nghiệp Sóng Thần","Song Than Industrial Park","Song Than","Khu công nghiệp Sóng Thần|Song Than Industrial Park","song than","industrial_park","79","Ho Chi Minh City","74","Binh Duong","25942","Dĩ An","unknown",351.479,"","polygon","site","osm_site_polygon",2,"https://www.openstreetmap.org/way/306251856|https://www.openstreetmap.org/way/1234850023",106.75034,10.890354,"https://www.openstreetmap.org/way/306251856","","2026-08-11"
"VN-IP-79-song-than-1","Khu công nghiệp Sóng Thần 1","","Song Than 1","Khu công nghiệp Sóng Thần 1","song than 1","industrial_park","79","Ho Chi Minh City","74","Binh Duong","25942","Dĩ An","unknown",,"","point","locality","osm_reference_point",1,"https://www.openstreetmap.org/way/1137249797",106.743243,10.891818,"https://www.openstreetmap.org/way/1137249797","","2026-08-11"
"VN-IP-79-song-than-2","Khu công nghiệp Sóng Thần 2","","Song Than 2","Khu công nghiệp Sóng Thần 2","song than 2","industrial_park","79","Ho Chi Minh City","74","Binh Duong","25942","Dĩ An","unknown",95.185,"","polygon","site","osm_site_polygon",2,"https://www.openstreetmap.org/node/11546206751|https://www.openstreetmap.org/way/496910231",106.744027,10.918435,"https://www.openstreetmap.org/way/496910231","","2026-08-11"
"VN-IP-79-song-than-3","Khu công nghiệp Sóng Thần 3","","Song Than 3","Khu công nghiệp Sóng Thần 3","song than 3","industrial_park","79","Ho Chi Minh City","74","Binh Duong","25760","Bình Dương","unknown",361.606,"","polygon","site","osm_site_polygon",1,"https://www.openstreetmap.org/way/783794691",106.700717,11.030198,"https://www.openstreetmap.org/way/783794691","","2026-08-11"
"VN-IP-79-tan-binh-1","Khu công nghiệp Tân Bình","","Tan Binh","Khu công nghiệp Tân Bình","tan binh","industrial_park","79","Ho Chi Minh City","79","Ho Chi Minh City","27013","Tây Thạnh","unknown",102.277,"Trùm Gia Dụng","polygon","site","osm_site_polygon",9,"https://www.openstreetmap.org/node/1271240125|https://www.openstreetmap.org/node/3152712006|https://www.openstreetmap.org/node/3156007493|https://www.openstreetmap.org/node/3168366713|https://www.openstreetmap.org/node/11769139665|https://www.openstreetmap.org/node/13883822013|https://www.openstreetmap.org/way/494796940|https://www.openstreetmap.org/way/1052673995|https://www.openstreetmap.org/way/1052673996",106.614249,10.814574,"https://www.openstreetmap.org/way/1052673995","","2026-08-11"
"VN-IP-79-tan-binh-2","Khu công nghiệp Tân Bình","","Tan Binh","Khu công nghiệp Tân Bình","tan binh","industrial_park","79","Ho Chi Minh City","74","Binh Duong","25912","Vĩnh Tân","unknown",366.769,"","polygon","site","osm_site_polygon",2,"https://www.openstreetmap.org/node/13251054129|https://www.openstreetmap.org/way/790553092",106.715242,11.199759,"https://www.openstreetmap.org/way/790553092","","2026-08-11"
"VN-IP-79-tan-dong-hiep","Khu công nghiệp Tân Đông Hiệp (Khu A)","","Tan Dong Hiep","Khu công nghiệp Tân Đông Hiệp (Khu A)","tan dong hiep","industrial_park","79","Ho Chi Minh City","74","Binh Duong","25942","Dĩ An","unknown",44.223,"","polygon","site","osm_site_polygon",1,"https://www.openstreetmap.org/way/291663726",106.786231,10.904996,"https://www.openstreetmap.org/way/291663726","","2026-08-11"
"VN-IP-79-tan-dong-hiep-b","Khu công nghiệp Tân Đông Hiệp B","","Tan Dong Hiep B","Khu công nghiệp Tân Đông Hiệp B","tan dong hiep b","industrial_park","79","Ho Chi Minh City","74","Binh Duong","25945","Tân Đông Hiệp","unknown",140.912,"","polygon","site","osm_site_polygon",2,"https://www.openstreetmap.org/way/1136987798|https://www.openstreetmap.org/way/1285054902",106.781702,10.923676,"https://www.openstreetmap.org/way/1136987798","","2026-08-11"
"VN-IP-79-tan-phu-trung","Khu công nghiệp Tân Phú Trung","","Tan Phu Trung","Khu công nghiệp Tân Phú Trung|KCN Tân Phú Trung","tan phu trung","industrial_park","79","Ho Chi Minh City","79","Ho Chi Minh City","27553","Củ Chi","unknown",615.825,"","polygon","site","osm_site_polygon",2,"https://www.openstreetmap.org/node/4131732691|https://www.openstreetmap.org/way/1548525579",106.537528,10.924614,"https://www.openstreetmap.org/way/1548525579","","2026-08-11"
"VN-IP-79-tan-tao","Khu công nghiệp Tân Tạo","Trạm xăng dầu KCN Tân Tạo","Tan Tao","Khu công nghiệp Tân Tạo|Trạm xăng dầu KCN Tân Tạo|Tan Tao Industrial Park","tan tao","industrial_park","79","Ho Chi Minh City","79","Ho Chi Minh City","27457","Tân Tạo","unknown",410.395,"","polygon","site","osm_site_polygon",5,"https://www.openstreetmap.org/node/3164034698|https://www.openstreetmap.org/node/4746079122|https://www.openstreetmap.org/node/11757446026|https://www.openstreetmap.org/node/11782102208|https://www.openstreetmap.org/way/493155221",106.590909,10.742002,"https://www.openstreetmap.org/way/493155221","","2026-08-11"
"VN-IP-79-tan-thanh","Khu công nghiệp Tân Thành","","Tan Thanh","Khu công nghiệp Tân Thành","tan thanh","industrial_park","79","Ho Chi Minh City","77","Ba Ria-Vung Tau","26704","Phú Mỹ","unknown",,"","point","locality","osm_reference_point",1,"https://www.openstreetmap.org/way/1093386137",107.041076,10.58939,"https://www.openstreetmap.org/way/1093386137","","2026-08-11"
"VN-IP-79-tan-thoi-hiep","Khu Công nghiệp Tân Thới Hiệp","","Tan Thoi Hiep","Khu Công nghiệp Tân Thới Hiệp|Khu công nghiệp Tân Thới Hiệp","tan thoi hiep","industrial_park","79","Ho Chi Minh City","79","Ho Chi Minh City","26782","Tân Thới Hiệp","unknown",26.556,"","polygon","site","osm_site_polygon",3,"https://www.openstreetmap.org/node/11758401353|https://www.openstreetmap.org/node/11758401360|https://www.openstreetmap.org/way/208936711",106.635177,10.88303,"https://www.openstreetmap.org/way/208936711","","2026-08-11"
"VN-IP-79-tay-bac-cu-chi","Khu công nghiệp Tây Bắc Củ Chi","","Tay Bac Cu Chi","Khu công nghiệp Tây Bắc Củ Chi","tay bac cu chi","industrial_park","79","Ho Chi Minh City","79","Ho Chi Minh City","27496","Tân An Hội","unknown",183.495,"","polygon","site","osm_site_polygon",1,"https://www.openstreetmap.org/way/785527816",106.486571,10.984919,"https://www.openstreetmap.org/way/785527816","","2026-08-11"
"VN-IP-79-viet-huong","Khu công nghiệp Việt Hương","","Viet Huong","Khu công nghiệp Việt Hương","viet huong","industrial_park","79","Ho Chi Minh City","74","Binh Duong","25969","Thuận Giao","unknown",25.447,"","polygon","site","osm_site_polygon",1,"https://www.openstreetmap.org/way/496910208",106.711417,10.946153,"https://www.openstreetmap.org/way/496910208","","2026-08-11"
"VN-IP-79-viet-huong-2","Khu công nghiệp Việt Hương 2","","Viet Huong 2","Khu công nghiệp Việt Hương 2|Khu Công Nghiệp Việt Hương 2","viet huong 2","industrial_park","79","Ho Chi Minh City","74","Binh Duong","25843","Tây Nam","unknown",,"","point","locality","osm_reference_point",1,"https://www.openstreetmap.org/node/4122567811",106.542596,11.091444,"https://www.openstreetmap.org/node/4122567811","","2026-08-11"
"VN-IP-79-viet-nam","Khu công nghiệp Việt Nam - Singapore (VSIP I)","","Viet Nam","Khu công nghiệp Việt Nam - Singapore (VSIP I)","viet nam","industrial_park","79","Ho Chi Minh City","74","Binh Duong","25987","Bình Hoà","unknown",454.769,"","polygon","site","osm_site_polygon",1,"https://www.openstreetmap.org/way/291267149",106.725051,10.931396,"https://www.openstreetmap.org/way/291267149","","2026-08-11"
"VN-IP-79-vinh-hiep","Khu công nghiệp Vĩnh Hiệp","","Vinh Hiep","Khu công nghiệp Vĩnh Hiệp|Kcn vĩnh hiệp","vinh hiep","industrial_park","79","Ho Chi Minh City","74","Binh Duong","25920","Tân Hiệp","unknown",,"","point","locality","osm_reference_point",1,"https://www.openstreetmap.org/node/4730574926",106.759819,11.061179,"https://www.openstreetmap.org/node/4730574926","","2026-08-11"
"VN-IP-79-vinh-loc","Khu công nghiệp Vĩnh Lộc","Vinh Loc Industrial Park","Vinh Loc","Khu công nghiệp Vĩnh Lộc|Vinh Loc Industrial Park","vinh loc","industrial_park","79","Ho Chi Minh City","79","Ho Chi Minh City","27442","Bình Tân","unknown",204.422,"","polygon","site","osm_site_polygon",3,"https://www.openstreetmap.org/node/11787207524|https://www.openstreetmap.org/node/11787220770|https://www.openstreetmap.org/way/330871753",106.590596,10.823894,"https://www.openstreetmap.org/way/330871753","","2026-08-11"
"VN-IP-79-vsip","Khu công nghiệp VSIP","","VSIP","Khu công nghiệp VSIP|KCN VSIP","vsip","industrial_park","79","Ho Chi Minh City","74","Binh Duong","25987","Bình Hoà","unknown",,"","point","locality","osm_reference_point",3,"https://www.openstreetmap.org/node/4120115997|https://www.openstreetmap.org/node/4120153889|https://www.openstreetmap.org/node/13200027808",106.726916,10.931066,"https://www.openstreetmap.org/node/4120153889","","2026-08-11"
"VN-IP-80-cau-tram","Khu Công nghiệp Cầu Tràm","","Cau Tram","Khu Công nghiệp Cầu Tràm","cau tram","industrial_park","80","Tay Ninh","80","Long An","28114","Rạch Kiến","unknown",72.275,"","polygon","site","osm_site_polygon",2,"https://www.openstreetmap.org/node/14079800064|https://www.openstreetmap.org/way/513828583",106.591449,10.630497,"https://www.openstreetmap.org/way/513828583","","2026-08-11"
"VN-IP-80-cha-la","Khu công nghiệp Chà Là","","Cha La","Khu công nghiệp Chà Là|KCN Chà Là","cha la","industrial_park","80","Tay Ninh","72","Tay Ninh","25567","Ninh Thạnh","unknown",68.479,"","polygon","site","osm_site_polygon",2,"https://www.openstreetmap.org/way/773611260|https://www.openstreetmap.org/way/884342538",106.204542,11.296992,"https://www.openstreetmap.org/way/884342538","","2026-08-11"
"VN-IP-80-duc-hoa-1","Khu công nghiệp Đức Hòa 1 - Hạnh Phúc","","Duc Hoa 1","Khu công nghiệp Đức Hòa 1 - Hạnh Phúc","duc hoa 1","industrial_park","80","Tay Ninh","80","Long An","27976","Mỹ Hạnh","unknown",261.055,"","polygon","site","osm_site_polygon",1,"https://www.openstreetmap.org/way/1183609946",106.506025,10.812124,"https://www.openstreetmap.org/way/1183609946","","2026-08-11"
"VN-IP-80-duc-hoa-3","Khu công nghiệp Đức Hòa III","","Duc Hoa III","Khu công nghiệp Đức Hòa III","duc hoa 3","industrial_park","80","Tay Ninh","80","Long An","27964","Đức Lập","unknown",482.763,"","polygon","site","osm_site_polygon",1,"https://www.openstreetmap.org/way/1465495768",106.456749,10.928733,"https://www.openstreetmap.org/way/1465495768","","2026-08-11"
"VN-IP-80-hai-son","Khu công nghiệp Hải Sơn","","Hai Son","Khu công nghiệp Hải Sơn|Khu Công nghiệp Hải Sơn","hai son","industrial_park","80","Tay Ninh","80","Long An","27937","Đức Hoà","unknown",354.712,"","polygon","site","osm_site_polygon",2,"https://www.openstreetmap.org/way/516578005|https://www.openstreetmap.org/way/516578006",106.470738,10.777779,"https://www.openstreetmap.org/way/516578005","","2026-08-11"
"VN-IP-80-hoa-binh","Khu công nghiệp Hòa Bình","","Hoa Binh","Khu công nghiệp Hòa Bình","hoa binh","industrial_park","80","Tay Ninh","80","Long An","28036","Thủ Thừa","unknown",111.876,"","polygon","site","osm_site_polygon",1,"https://www.openstreetmap.org/way/544074532",106.428688,10.593995,"https://www.openstreetmap.org/way/544074532","","2026-08-11"
"VN-IP-80-huu-thanh","Khu công nghiệp Hựu Thạnh","","Huu Thanh","Khu công nghiệp Hựu Thạnh","huu thanh","industrial_park","80","Tay Ninh","80","Long An","27937","Đức Hoà","unknown",379.118,"","polygon","site","osm_site_polygon",1,"https://www.openstreetmap.org/way/1183609957",106.457826,10.768103,"https://www.openstreetmap.org/way/1183609957","","2026-08-11"
"VN-IP-80-lien-minh","Khu Công nghiệp Liên Minh","","Lien Minh","Khu Công nghiệp Liên Minh","lien minh","industrial_park","80","Tay Ninh","80","Long An","27937","Đức Hoà","unknown",176.058,"","polygon","site","osm_site_polygon",1,"https://www.openstreetmap.org/way/516578071",106.488725,10.794783,"https://www.openstreetmap.org/way/516578071","","2026-08-11"
"VN-IP-80-long-hau-1","Khu công nghiệp Long Hậu 1","","Long Hau 1","Khu công nghiệp Long Hậu 1","long hau 1","industrial_park","80","Tay Ninh","80","Long An","28159","Cần Giuộc","unknown",134.523,"","polygon","site","osm_site_polygon",1,"https://www.openstreetmap.org/way/368243702",106.718534,10.63865,"https://www.openstreetmap.org/way/368243702","","2026-08-11"
"VN-IP-80-long-hau-2","Khu công nghiệp Long Hậu 2","","Long Hau 2","Khu công nghiệp Long Hậu 2","long hau 2","industrial_park","80","Tay Ninh","80","Long An","28159","Cần Giuộc","unknown",112.808,"","polygon","site","osm_site_polygon",1,"https://www.openstreetmap.org/way/1424057407",106.71915,10.630054,"https://www.openstreetmap.org/way/1424057407","","2026-08-11"
"VN-IP-80-long-hau-3","Khu công nghiệp Long Hậu 3","","Long Hau 3","Khu công nghiệp Long Hậu 3","long hau 3","industrial_park","80","Tay Ninh","80","Long An","28159","Cần Giuộc","unknown",144.365,"","polygon","site","osm_site_polygon",1,"https://www.openstreetmap.org/way/1423784487",106.707865,10.633389,"https://www.openstreetmap.org/way/1423784487","","2026-08-11"
"VN-IP-80-nam-thuan","Khu công nghiệp Nam Thuận","","Nam Thuan","Khu công nghiệp Nam Thuận","nam thuan","industrial_park","80","Tay Ninh","80","Long An","27976","Mỹ Hạnh","unknown",338.133,"","polygon","site","osm_site_polygon",1,"https://www.openstreetmap.org/way/1183609941",106.510529,10.845545,"https://www.openstreetmap.org/way/1183609941","","2026-08-11"
"VN-IP-80-nhut-chanh","Khu công nghiệp Nhựt Chánh","","Nhut Chanh","Khu công nghiệp Nhựt Chánh","nhut chanh","industrial_park","80","Tay Ninh","80","Long An","28015","Bình Đức","unknown",122.388,"","polygon","site","osm_site_polygon",1,"https://www.openstreetmap.org/way/1420332590",106.478533,10.621034,"https://www.openstreetmap.org/way/1420332590","","2026-08-11"
"VN-IP-80-phu-an-thanh","Khu công nghiệp Phú An Thạnh","PAT Industrial Park","Phu An Thanh","Khu công nghiệp Phú An Thạnh|PAT Industrial Park","phu an thanh","industrial_park","80","Tay Ninh","80","Long An","27991","Bến Lức","unknown",314.469,"","polygon","site","osm_site_polygon",1,"https://www.openstreetmap.org/way/1420667104",106.459843,10.682413,"https://www.openstreetmap.org/way/1420667104","","2026-08-11"
"VN-IP-80-phuoc-dong","Khu công nghiệp Phước Đông","","Phuoc Dong","Khu công nghiệp Phước Đông","phuoc dong","industrial_park","80","Tay Ninh","72","Tay Ninh","25672","Gia Lộc","unknown",1271.591,"","polygon","site","osm_site_polygon",1,"https://www.openstreetmap.org/way/693607177",106.329388,11.14486,"https://www.openstreetmap.org/way/693607177","","2026-08-11"
"VN-IP-80-phuoc-long","Khu công nghiệp Phước Long","","Phuoc Long","Khu công nghiệp Phước Long","phuoc long","industrial_park","80","Tay Ninh","80","Long An","28018","Mỹ Yên","unknown",98.3,"","polygon","site","osm_site_polygon",1,"https://www.openstreetmap.org/way/795539563",106.512658,10.623028,"https://www.openstreetmap.org/way/795539563","","2026-08-11"
"VN-IP-80-tan-do","Khu công nghiệp Tân Đô","","Tan Do","Khu công nghiệp Tân Đô","tan do","industrial_park","80","Tay Ninh","80","Long An","27937","Đức Hoà","unknown",204.419,"","polygon","site","osm_site_polygon",1,"https://www.openstreetmap.org/way/661016855",106.483207,10.777649,"https://www.openstreetmap.org/way/661016855","","2026-08-11"
"VN-IP-80-tan-duc","Khu công nghiệp Tân Đức","","Tan Duc","Khu công nghiệp Tân Đức","tan duc","industrial_park","80","Tay Ninh","80","Long An","27937","Đức Hoà","unknown",,"","point","locality","osm_site_point",1,"https://www.openstreetmap.org/relation/21159875",106.45777,10.790353,"https://www.openstreetmap.org/relation/21159875","","2026-08-11"
"VN-IP-80-tan-kim","Khu công nghiệp Tân Kim","","Tan Kim","Khu công nghiệp Tân Kim|Khu Công Nghiệp Tân Kim Đường Số 2","tan kim","industrial_park","80","Tay Ninh","80","Long An","28159","Cần Giuộc","unknown",85.24,"","polygon","site","osm_site_polygon",3,"https://www.openstreetmap.org/node/12782181662|https://www.openstreetmap.org/node/12782185070|https://www.openstreetmap.org/way/1420840565",106.666609,10.636834,"https://www.openstreetmap.org/way/1420840565","","2026-08-11"
"VN-IP-80-tan-kim-mo-rong","Khu công nghiệp Tân Kim mở rộng","","Tan Kim Mo Rong","Khu công nghiệp Tân Kim mở rộng","tan kim mo rong","industrial_park","80","Tay Ninh","80","Long An","28159","Cần Giuộc","unknown",50.386,"","polygon","site","osm_site_polygon",1,"https://www.openstreetmap.org/way/1420840566",106.670438,10.626413,"https://www.openstreetmap.org/way/1420840566","","2026-08-11"
"VN-IP-80-thai-hoa","Khu công nghiệp Thái Hòa","","Thai Hoa","Khu công nghiệp Thái Hòa","thai hoa","industrial_park","80","Tay Ninh","80","Long An","27964","Đức Lập","unknown",102.04,"","polygon","site","osm_site_polygon",1,"https://www.openstreetmap.org/way/1465498429",106.47143,10.921527,"https://www.openstreetmap.org/way/1465498429","","2026-08-11"
"VN-IP-80-thanh-thanh","Khu công nghiệp Thành Thành Công","","Thanh Thanh","Khu công nghiệp Thành Thành Công","thanh thanh","industrial_park","80","Tay Ninh","72","Tay Ninh","25708","Trảng Bàng","unknown",644.9,"","polygon","site","osm_site_polygon",1,"https://www.openstreetmap.org/way/548501983",106.308313,11.028775,"https://www.openstreetmap.org/way/548501983","","2026-08-11"
"VN-IP-80-thinh-phat","Khu công nghiệp Thinh Phát","","Thinh Phat","Khu công nghiệp Thinh Phát|khu cong nghiep thinh phát","thinh phat","industrial_park","80","Tay Ninh","80","Long An","27994","Thạnh Lợi","unknown",,"","point","locality","osm_reference_point",1,"https://www.openstreetmap.org/node/5175735221",106.438352,10.760312,"https://www.openstreetmap.org/node/5175735221","","2026-08-11"
"VN-IP-80-thuan-dao","Khu công nghiệp Thuận Đào","","Thuan Dao","Khu công nghiệp Thuận Đào","thuan dao","industrial_park","80","Tay Ninh","80","Long An","27991","Bến Lức","unknown",107.5,"","polygon","site","osm_site_polygon",2,"https://www.openstreetmap.org/node/11787070735|https://www.openstreetmap.org/way/597902555",106.492388,10.619488,"https://www.openstreetmap.org/way/597902555","","2026-08-11"
"VN-IP-80-tran-anh","Khu công nghiệp Trần Anh - Tân Phú","","Tran Anh","Khu công nghiệp Trần Anh - Tân Phú","tran anh","industrial_park","80","Tay Ninh","80","Long An","27952","Hiệp Hoà","unknown",60.265,"","polygon","site","osm_site_polygon",1,"https://www.openstreetmap.org/way/1545660086",106.352997,10.891955,"https://www.openstreetmap.org/way/1545660086","","2026-08-11"
"VN-IP-80-trang-bang","Khu công nghiệp Trảng Bàng","","Trang Bang","Khu công nghiệp Trảng Bàng","trang bang","industrial_park","80","Tay Ninh","72","Tay Ninh","25732","An Tịnh","unknown",172.468,"","polygon","site","osm_site_polygon",5,"https://www.openstreetmap.org/way/1157345897|https://www.openstreetmap.org/way/1449286848|https://www.openstreetmap.org/way/1449286849|https://www.openstreetmap.org/way/1449286850|https://www.openstreetmap.org/way/1449286851",106.387362,11.019298,"https://www.openstreetmap.org/way/1157345897","","2026-08-11"
"VN-IP-80-vinh-loc-2","Khu công nghiệp Vĩnh Lộc 2","Vinh Loc 2 Industrial Zone","Vinh Loc 2","Khu công nghiệp Vĩnh Lộc 2|Vinh Loc 2 Industrial Zone","vinh loc 2","industrial_park","80","Tay Ninh","80","Long An","28018","Mỹ Yên","unknown",263.381,"","polygon","site","osm_site_polygon",1,"https://www.openstreetmap.org/way/475301765",106.514567,10.641986,"https://www.openstreetmap.org/way/475301765","","2026-08-11"
"VN-IP-80-xuyen-a","Khu công nghiệp Xuyên Á","","Xuyen A","Khu công nghiệp Xuyên Á","xuyen a","industrial_park","80","Tay Ninh","80","Long An","27964","Đức Lập","unknown",278.446,"","polygon","site","osm_site_polygon",1,"https://www.openstreetmap.org/way/366287226",106.523145,10.887865,"https://www.openstreetmap.org/way/366287226","","2026-08-11"
"VN-IP-82-long-giang","Khu công nghiệp Long Giang","Long Giang industrial park","Long Giang","Khu công nghiệp Long Giang|Long Giang industrial park","long giang","industrial_park","82","Dong Thap","82","Tien Giang","28345","Tân Phước 3","unknown",556.357,"","polygon","site","osm_site_polygon",1,"https://www.openstreetmap.org/way/1233513880",106.308951,10.471148,"https://www.openstreetmap.org/way/1233513880","","2026-08-11"
"VN-IP-82-my-tho","Khu công nghiệp Mỹ Tho","","My Tho","Khu công nghiệp Mỹ Tho","my tho","industrial_park","82","Dong Thap","82","Tien Giang","28285","Trung An","unknown",71.358,"","polygon","site","osm_site_polygon",1,"https://www.openstreetmap.org/way/648723263",106.33244,10.345592,"https://www.openstreetmap.org/way/648723263","","2026-08-11"
"VN-IP-82-sa-dec","Khu công nghiệp Sa Đéc","","Sa Dec","Khu công nghiệp Sa Đéc","sa dec","industrial_park","82","Dong Thap","87","Dong Thap","29905","Sa Đéc","unknown",,"","point","locality","osm_reference_point",1,"https://www.openstreetmap.org/node/4932620821",105.751827,10.31642,"https://www.openstreetmap.org/node/4932620821","","2026-08-11"
"VN-IP-82-song-hau","Khu công nghiệp Sông Hậu","Song Hau Industrial Park","Song Hau","Khu công nghiệp Sông Hậu|KCN Sông Hậu|Song Hau Industrial Park","song hau","industrial_park","82","Dong Thap","87","Dong Thap","30226","Lai Vung","unknown",66.612,"","polygon","site","osm_site_polygon",4,"https://www.openstreetmap.org/node/6643763406|https://www.openstreetmap.org/node/8566564138|https://www.openstreetmap.org/way/490788644|https://www.openstreetmap.org/way/1443131714",105.599524,10.248354,"https://www.openstreetmap.org/way/490788644","","2026-08-11"
"VN-IP-82-tan-huong","Khu công nghiệp Tân Hương","Tan Huong Industrial Zone","Tan Huong","Khu công nghiệp Tân Hương|Tan Huong Industrial Zone","tan huong","industrial_park","82","Dong Thap","82","Tien Giang","28525","Tân Hương","unknown",176.751,"","polygon","site","osm_site_polygon",1,"https://www.openstreetmap.org/way/597920253",106.359738,10.487675,"https://www.openstreetmap.org/way/597920253","","2026-08-11"
"VN-IP-82-tan-lap","Khu công nghiệp Tân Lập","","Tan Lap","Khu công nghiệp Tân Lập|KCN Tân Lập","tan lap","industrial_park","82","Dong Thap","87","Dong Thap","30253","Tân Nhuận Đông","unknown",,"","point","locality","osm_reference_point",1,"https://www.openstreetmap.org/way/961198458",105.823474,10.257548,"https://www.openstreetmap.org/way/961198458","","2026-08-11"
"VN-IP-86-an-hiep","Khu công nghiệp An Hiệp","","An Hiep","Khu công nghiệp An Hiệp","an hiep","industrial_park","86","Vinh Long","83","Ben Tre","28810","Phú Túc","unknown",65.459,"","polygon","site","osm_site_polygon",1,"https://www.openstreetmap.org/way/1041311775",106.283145,10.270488,"https://www.openstreetmap.org/way/1041311775","","2026-08-11"
"VN-IP-86-binh-minh","Khu công nghiệp Bình Minh","","Binh Minh","Khu công nghiệp Bình Minh","binh minh","industrial_park","86","Vinh Long","86","Vinh Long","29770","Cái Vồn","unknown",145.735,"","polygon","site","osm_site_polygon",2,"https://www.openstreetmap.org/way/734940044|https://www.openstreetmap.org/way/1462868868",105.822595,10.03388,"https://www.openstreetmap.org/way/734940044","","2026-08-11"
"VN-IP-86-giao-long","Khu công nghiệp Giao Long","","Giao Long","Khu công nghiệp Giao Long","giao long","industrial_park","86","Vinh Long","83","Ben Tre","28807","Giao Long","unknown",162.268,"","polygon","site","osm_site_polygon",1,"https://www.openstreetmap.org/way/1041311776",106.400213,10.298607,"https://www.openstreetmap.org/way/1041311776","","2026-08-11"
"VN-IP-86-hoa-phu","Khu công nghiệp Hoà Phú","","Hoa Phu","Khu công nghiệp Hoà Phú","hoa phu","industrial_park","86","Vinh Long","86","Vinh Long","29611","Phú Quới","unknown",231.095,"UBND Huyện Long Hồ","polygon","site","osm_site_polygon",2,"https://www.openstreetmap.org/way/1058062589|https://www.openstreetmap.org/way/1413453076",105.937354,10.172303,"https://www.openstreetmap.org/way/1058062589","","2026-08-11"
"VN-IP-86-long-duc","Khu công nghiệp Long Đức","","Long Duc","Khu công nghiệp Long Đức","long duc","industrial_park","86","Vinh Long","84","Tra Vinh","29263","Long Đức","unknown",100.811,"","polygon","site","osm_site_polygon",2,"https://www.openstreetmap.org/node/12724906573|https://www.openstreetmap.org/way/288582904",106.3455,9.973525,"https://www.openstreetmap.org/way/288582904","","2026-08-11"
"VN-IP-91-binh-long","Khu công nghiệp Binh Long","","Binh Long","Khu công nghiệp Binh Long|khu công nghiệp binh Long","binh long","industrial_park","91","An Giang","89","An Giang","30463","Châu Phú","unknown",,"","point","locality","osm_reference_point",1,"https://www.openstreetmap.org/node/5053453824",105.247426,10.56551,"https://www.openstreetmap.org/node/5053453824","","2026-08-11"
"VN-IP-91-thanh-loc","Khu công nghiệp Thạnh Lộc","","Thanh Loc","Khu công nghiệp Thạnh Lộc","thanh loc","industrial_park","91","An Giang","91","Kien Giang","30886","Thạnh Lộc","unknown",71.41,"","polygon","site","osm_site_polygon",1,"https://www.openstreetmap.org/way/798521971",105.127629,9.988646,"https://www.openstreetmap.org/way/798521971","","2026-08-11"
"VN-IP-92-an-nghiep","Khu công nghiệp An Nghiệp","","An Nghiep","Khu công nghiệp An Nghiệp","an nghiep","industrial_park","92","Can Tho","94","Soc Trang","31594","An Ninh","unknown",243.937,"","polygon","site","osm_site_polygon",1,"https://www.openstreetmap.org/way/877467451",105.957823,9.643573,"https://www.openstreetmap.org/way/877467451","","2026-08-11"
"VN-IP-92-thot-not","Khu công nghiệp Thốt Nốt","","Thot Not","Khu công nghiệp Thốt Nốt","thot not","industrial_park","92","Can Tho","92","Can Tho","31207","Thốt Nốt","unknown",79.774,"","polygon","site","osm_site_polygon",1,"https://www.openstreetmap.org/way/773079170",105.493573,10.316611,"https://www.openstreetmap.org/way/773079170","","2026-08-11"
"VN-IP-92-tra-noc","Khu công nghiệp Trà Nóc","","Tra Noc","Khu công nghiệp Trà Nóc","tra noc","industrial_park","92","Can Tho","92","Can Tho","31174","Thới An Đông","unknown",289.11,"","polygon","site","osm_site_polygon",1,"https://www.openstreetmap.org/way/597916915",105.705667,10.109121,"https://www.openstreetmap.org/way/597916915","","2026-08-11"
"VN-IP-92-viet-nam","Khu Công nghiệp Việt Nam - Tân Gia Ba","","Viet Nam","Khu Công nghiệp Việt Nam - Tân Gia Ba","viet nam","industrial_park","92","Can Tho","92","Can Tho","31237","Vĩnh Trinh","unknown",110.85,"","polygon","site","osm_site_polygon",1,"https://www.openstreetmap.org/way/1499785995",105.462701,10.288531,"https://www.openstreetmap.org/way/1499785995","","2026-08-11"
"VN-IP-96-tra-kha","Khu công nghiệp Trà Kha","","Tra Kha","Khu công nghiệp Trà Kha","tra kha","industrial_park","96","Ca Mau","95","Bac Lieu","31825","Bạc Liêu","unknown",63.509,"","polygon","site","osm_site_polygon",1,"https://www.openstreetmap.org/way/1041342437",105.696443,9.302294,"https://www.openstreetmap.org/way/1041342437","","2026-08-11"
