"park_id","source_id","name_vi","source_url","longitude","latitude","coordinate_available","coordinate_source","coordinate_source_url","coordinate_match_method","coordinate_confidence","old_iso","old_province_code","old_province_name_vi","old_province_name_en","province_code","province_name_vi","province_name_en","source","source_page","retrieved_on"
"investvietnam-5","5","Băc Ninh - KCN Quế Võ 1 mở rộng","https://investvietnam.gov.vn/vi/kcn.pd/bac-ninh---kcn-que-vo-1-mo-rong.html",105.740662,20.863945,TRUE,"Invest Vietnam map feed","https://investvietnam.gov.vn/vi/khu-cong-nghiep.pl.html","source_reported","unverified_source","VN-HN","01","Hà Nội","Ha Noi","01","Hà Nội","Ha Noi","Invest Vietnam industrial-zone map","https://investvietnam.gov.vn/vi/khu-cong-nghiep.pl.html",2026-08-28
"investvietnam-1","1","KCN Đại Kim","https://investvietnam.gov.vn/vi/kcn.pd/bac-ninh---kcn-dai-kim.html",105.99884,20.869078,TRUE,"Invest Vietnam map feed","https://investvietnam.gov.vn/vi/khu-cong-nghiep.pl.html","source_reported","unverified_source","VN-HN","01","Hà Nội","Ha Noi","01","Hà Nội","Ha Noi","Invest Vietnam industrial-zone map","https://investvietnam.gov.vn/vi/khu-cong-nghiep.pl.html",2026-08-28
"investvietnam-2","2","KCN HANAKA","https://investvietnam.gov.vn/vi/kcn.pd/bac-ninh---kcn-hanaka.html",105.674744,20.833144,TRUE,"Invest Vietnam map feed","https://investvietnam.gov.vn/vi/khu-cong-nghiep.pl.html","source_reported","unverified_source","VN-HN","01","Hà Nội","Ha Noi","01","Hà Nội","Ha Noi","Invest Vietnam industrial-zone map","https://investvietnam.gov.vn/vi/khu-cong-nghiep.pl.html",2026-08-28
"investvietnam-389","389","Khu công nghiệp Hà Nội - Đài Tư","https://investvietnam.gov.vn/vi/kcn.pd/khu-cong-nghiep-ha-noi---dai-tu.html",105.903518,21.035177,TRUE,"Invest Vietnam map feed","https://investvietnam.gov.vn/vi/khu-cong-nghiep.pl.html","source_reported","unverified_source","VN-HN","01","Hà Nội","Ha Noi","01","Hà Nội","Ha Noi","Invest Vietnam industrial-zone map","https://investvietnam.gov.vn/vi/khu-cong-nghiep.pl.html",2026-08-28
"investvietnam-390","390","Khu công nghiệp Hỗ trợ Nam Hà Nội","https://investvietnam.gov.vn/vi/kcn.pd/khu-cong-nghiep-ho-tro-nam-ha-noi.html",105.914642,20.708342,TRUE,"Invest Vietnam map feed","https://investvietnam.gov.vn/vi/khu-cong-nghiep.pl.html","source_reported","unverified_source","VN-HN","01","Hà Nội","Ha Noi","01","Hà Nội","Ha Noi","Invest Vietnam industrial-zone map","https://investvietnam.gov.vn/vi/khu-cong-nghiep.pl.html",2026-08-28
"investvietnam-394","394","Khu công nghiệp Phú Nghĩa","https://investvietnam.gov.vn/vi/kcn.pd/khu-cong-nghiep-phu-nghia.html",105.671339,20.929347,TRUE,"Invest Vietnam map feed","https://investvietnam.gov.vn/vi/khu-cong-nghiep.pl.html","source_reported","unverified_source","VN-HN","01","Hà Nội","Ha Noi","01","Hà Nội","Ha Noi","Invest Vietnam industrial-zone map","https://investvietnam.gov.vn/vi/khu-cong-nghiep.pl.html",2026-08-28
"investvietnam-391","391","Khu công nghiệp Sài Đồng B","https://investvietnam.gov.vn/vi/kcn.pd/khu-cong-nghiep-sai-dong-b.html",105.900709,21.026089,TRUE,"Invest Vietnam map feed","https://investvietnam.gov.vn/vi/khu-cong-nghiep.pl.html","source_reported","unverified_source","VN-HN","01","Hà Nội","Ha Noi","01","Hà Nội","Ha Noi","Invest Vietnam industrial-zone map","https://investvietnam.gov.vn/vi/khu-cong-nghiep.pl.html",2026-08-28
"investvietnam-392","392","Khu công nghiệp Thạch Thất - Quốc Oai","https://investvietnam.gov.vn/vi/kcn.pd/khu-cong-nghiep-thach-that---quoc-oai.html",105.632238,21.007005,TRUE,"Invest Vietnam map feed","https://investvietnam.gov.vn/vi/khu-cong-nghiep.pl.html","source_reported","unverified_source","VN-HN","01","Hà Nội","Ha Noi","01","Hà Nội","Ha Noi","Invest Vietnam industrial-zone map","https://investvietnam.gov.vn/vi/khu-cong-nghiep.pl.html",2026-08-28
"investvietnam-388","388","Khu công nghiệp Thăng Long","https://investvietnam.gov.vn/vi/kcn.pd/khu-cong-nghiep-thang-long.html",105.773263,21.116218,TRUE,"Invest Vietnam map feed","https://investvietnam.gov.vn/vi/khu-cong-nghiep.pl.html","source_reported","unverified_source","VN-HN","01","Hà Nội","Ha Noi","01","Hà Nội","Ha Noi","Invest Vietnam industrial-zone map","https://investvietnam.gov.vn/vi/khu-cong-nghiep.pl.html",2026-08-28
"investvietnam-8","8","Khu công nghiệp Việt Nam Singapore (VSIP Bắc Ninh)","https://investvietnam.gov.vn/vi/kcn.pd/khu-cong-nghiep-viet-nam-singapore-vsip-bac-ninh.html",105.972926,21.08556,TRUE,"Invest Vietnam map feed","https://investvietnam.gov.vn/vi/khu-cong-nghiep.pl.html","source_reported","unverified_source","VN-HN","01","Hà Nội","Ha Noi","01","Hà Nội","Ha Noi","Invest Vietnam industrial-zone map","https://investvietnam.gov.vn/vi/khu-cong-nghiep.pl.html",2026-08-28
"investvietnam-315","315","Khu công viên công nghệ thông tin Hà Nội","https://investvietnam.gov.vn/vi/kcn.pd/khu-cong-vien-cong-nghe-thong-tin-ha-noi.html",105.896559,21.040733,TRUE,"Invest Vietnam map feed","https://investvietnam.gov.vn/vi/khu-cong-nghiep.pl.html","source_reported","unverified_source","VN-HN","01","Hà Nội","Ha Noi","01","Hà Nội","Ha Noi","Invest Vietnam industrial-zone map","https://investvietnam.gov.vn/vi/khu-cong-nghiep.pl.html",2026-08-28
"investvietnam-438","438","Thông tin chung khu công nghiệp Hỗ trợ Nam Hà Nội (HANSSIP)","https://investvietnam.gov.vn/vi/kcn.pd/thong-tin-chung-khu-cong-nghiep-ho-tro-nam-ha-noi-hanssip.html",105.915727,20.700323,TRUE,"Invest Vietnam map feed","https://investvietnam.gov.vn/vi/khu-cong-nghiep.pl.html","source_reported","unverified_source","VN-HN","01","Hà Nội","Ha Noi","01","Hà Nội","Ha Noi","Invest Vietnam industrial-zone map","https://investvietnam.gov.vn/vi/khu-cong-nghiep.pl.html",2026-08-28
"investvietnam-496","496","Thông tin về Khu công nghiệp Du Long","https://investvietnam.gov.vn/vi/kcn.pd/thong-tin-ve-khu-cong-nghiep-du-long.html",105.878506,20.99799,TRUE,"Invest Vietnam map feed","https://investvietnam.gov.vn/vi/khu-cong-nghiep.pl.html","source_reported","unverified_source","VN-HN","01","Hà Nội","Ha Noi","01","Hà Nội","Ha Noi","Invest Vietnam industrial-zone map","https://investvietnam.gov.vn/vi/khu-cong-nghiep.pl.html",2026-08-28
"investvietnam-503","503","KHU CÔNG NGHIỆP BÌNH XUYÊN II","https://investvietnam.gov.vn/vi/kcn.pd/khu-cong-nghiep-binh-xuyen-ii.html",104.384365,21.576363,TRUE,"Invest Vietnam map feed","https://investvietnam.gov.vn/vi/khu-cong-nghiep.pl.html","source_reported","unverified_source","VN-06","15","Yên Bái","Yen Bai","15","Lào Cai","Lao Cai","Invest Vietnam industrial-zone map","https://investvietnam.gov.vn/vi/khu-cong-nghiep.pl.html",2026-08-28
"investvietnam-442","442","Thông tin chung khu công nghiệp và khu phi thuế quan Sài Gòn – Chân Mây","https://investvietnam.gov.vn/vi/kcn.pd/thong-tin-chung-khu-cong-nghiep-va-khu-phi-thue-quan-sai-gon-–-chan-may.html",106.386624,21.576363,TRUE,"Invest Vietnam map feed","https://investvietnam.gov.vn/vi/khu-cong-nghiep.pl.html","source_reported","unverified_source","VN-09","20","Lạng Sơn","Lang Son","20","Lạng Sơn","Lang Son","Invest Vietnam industrial-zone map","https://investvietnam.gov.vn/vi/khu-cong-nghiep.pl.html",2026-08-28
"investvietnam-404","404","Khu công nghiệp Cái Lân","https://investvietnam.gov.vn/vi/kcn.pd/khu-cong-nghiep-cai-lan.html",107.044896,20.972393,TRUE,"Invest Vietnam map feed","https://investvietnam.gov.vn/vi/khu-cong-nghiep.pl.html","source_reported","unverified_source","VN-13","22","Quảng Ninh","Quang Ninh","22","Quảng Ninh","Quang Ninh","Invest Vietnam industrial-zone map","https://investvietnam.gov.vn/vi/khu-cong-nghiep.pl.html",2026-08-28
"investvietnam-414","414","Khu công nghiệp cảng biển Hải Hà (giai đoạn I)","https://investvietnam.gov.vn/vi/kcn.pd/khu-cong-nghiep-cang-bien-hai-ha-giai-doan-i.html",107.745856,21.421331,TRUE,"Invest Vietnam map feed","https://investvietnam.gov.vn/vi/khu-cong-nghiep.pl.html","source_reported","unverified_source","VN-13","22","Quảng Ninh","Quang Ninh","22","Quảng Ninh","Quang Ninh","Invest Vietnam industrial-zone map","https://investvietnam.gov.vn/vi/khu-cong-nghiep.pl.html",2026-08-28
"investvietnam-416","416","Khu công nghiệp Hải Yên","https://investvietnam.gov.vn/vi/kcn.pd/khu-cong-nghiep-hai-yen.html",107.912533,21.5422,TRUE,"Invest Vietnam map feed","https://investvietnam.gov.vn/vi/khu-cong-nghiep.pl.html","source_reported","unverified_source","VN-13","22","Quảng Ninh","Quang Ninh","22","Quảng Ninh","Quang Ninh","Invest Vietnam industrial-zone map","https://investvietnam.gov.vn/vi/khu-cong-nghiep.pl.html",2026-08-28
"investvietnam-417","417","Khu công nghiệp Việt Hưng","https://investvietnam.gov.vn/vi/kcn.pd/khu-cong-nghiep-viet-hung.html",106.996507,21.007903,TRUE,"Invest Vietnam map feed","https://investvietnam.gov.vn/vi/khu-cong-nghiep.pl.html","source_reported","unverified_source","VN-13","22","Quảng Ninh","Quang Ninh","22","Quảng Ninh","Quang Ninh","Invest Vietnam industrial-zone map","https://investvietnam.gov.vn/vi/khu-cong-nghiep.pl.html",2026-08-28
"investvietnam-11","11","KCN Thuận Thành 2","https://investvietnam.gov.vn/vi/kcn.pd/bac-ninh---kcn-thuan-thanh-2.html",106.064758,21.243302,TRUE,"Invest Vietnam map feed","https://investvietnam.gov.vn/vi/khu-cong-nghiep.pl.html","source_reported","unverified_source","VN-56","27","Bắc Ninh","Bac Ninh","24","Bắc Ninh","Bac Ninh","Invest Vietnam industrial-zone map","https://investvietnam.gov.vn/vi/khu-cong-nghiep.pl.html",2026-08-28
"investvietnam-544","544","Khu công nghiệp Đại Đồng - Hoàn Sơn","https://investvietnam.gov.vn/vi/kcn.pd/khu-cong-nghiep-dai-dong---hoan-son.html",106.028751,21.117831,TRUE,"Invest Vietnam map feed","https://investvietnam.gov.vn/vi/khu-cong-nghiep.pl.html","source_reported","unverified_source","VN-56","27","Bắc Ninh","Bac Ninh","24","Bắc Ninh","Bac Ninh","Invest Vietnam industrial-zone map","https://investvietnam.gov.vn/vi/khu-cong-nghiep.pl.html",2026-08-28
"investvietnam-545","545","Khu công nghiệp Nam Sơn - Hạp Lĩnh","https://investvietnam.gov.vn/vi/kcn.pd/khu-cong-nghiep-nam-son---hap-linh.html",106.076138,21.130957,TRUE,"Invest Vietnam map feed","https://investvietnam.gov.vn/vi/khu-cong-nghiep.pl.html","source_reported","unverified_source","VN-56","27","Bắc Ninh","Bac Ninh","24","Bắc Ninh","Bac Ninh","Invest Vietnam industrial-zone map","https://investvietnam.gov.vn/vi/khu-cong-nghiep.pl.html",2026-08-28
"investvietnam-541","541","Khu công nghiệp Quế Võ","https://investvietnam.gov.vn/vi/kcn.pd/khu-cong-nghiep-que-vo.html",106.18162,21.137731,TRUE,"Invest Vietnam map feed","https://investvietnam.gov.vn/vi/khu-cong-nghiep.pl.html","source_reported","unverified_source","VN-56","27","Bắc Ninh","Bac Ninh","24","Bắc Ninh","Bac Ninh","Invest Vietnam industrial-zone map","https://investvietnam.gov.vn/vi/khu-cong-nghiep.pl.html",2026-08-28
"investvietnam-542","542","Khu công nghiệp Quế Võ II","https://investvietnam.gov.vn/vi/kcn.pd/khu-cong-nghiep-que-vo-ii.html",106.18162,21.137731,TRUE,"Invest Vietnam map feed","https://investvietnam.gov.vn/vi/khu-cong-nghiep.pl.html","source_reported","unverified_source","VN-56","27","Bắc Ninh","Bac Ninh","24","Bắc Ninh","Bac Ninh","Invest Vietnam industrial-zone map","https://investvietnam.gov.vn/vi/khu-cong-nghiep.pl.html",2026-08-28
"investvietnam-543","543","Khu công nghiệp Quế Võ III","https://investvietnam.gov.vn/vi/kcn.pd/khu-cong-nghiep-que-vo-iii.html",106.182355,21.13983,TRUE,"Invest Vietnam map feed","https://investvietnam.gov.vn/vi/khu-cong-nghiep.pl.html","source_reported","unverified_source","VN-56","27","Bắc Ninh","Bac Ninh","24","Bắc Ninh","Bac Ninh","Invest Vietnam industrial-zone map","https://investvietnam.gov.vn/vi/khu-cong-nghiep.pl.html",2026-08-28
"investvietnam-540","540","Khu công nghiệp Thuận Thành I","https://investvietnam.gov.vn/vi/kcn.pd/khu-cong-nghiep-thuan-thanh-i.html",106.079257,21.035778,TRUE,"Invest Vietnam map feed","https://investvietnam.gov.vn/vi/khu-cong-nghiep.pl.html","source_reported","unverified_source","VN-56","27","Bắc Ninh","Bac Ninh","24","Bắc Ninh","Bac Ninh","Invest Vietnam industrial-zone map","https://investvietnam.gov.vn/vi/khu-cong-nghiep.pl.html",2026-08-28
"investvietnam-369","369","Khu công nghiệp Bá Thiện","https://investvietnam.gov.vn/vi/kcn.pd/khu-cong-nghiep-ba-thien.html",105.66996,21.343828,TRUE,"Invest Vietnam map feed","https://investvietnam.gov.vn/vi/khu-cong-nghiep.pl.html","source_reported","unverified_source","VN-70","26","Vĩnh Phúc","Vinh Phuc","25","Phú Thọ","Phu Tho","Invest Vietnam industrial-zone map","https://investvietnam.gov.vn/vi/khu-cong-nghiep.pl.html",2026-08-28
"investvietnam-370","370","Khu công nghiệp Bình Xuyên","https://investvietnam.gov.vn/vi/kcn.pd/khu-cong-nghiep-binh-xuyen.html",105.667223,21.255826,TRUE,"Invest Vietnam map feed","https://investvietnam.gov.vn/vi/khu-cong-nghiep.pl.html","source_reported","unverified_source","VN-70","26","Vĩnh Phúc","Vinh Phuc","25","Phú Thọ","Phu Tho","Invest Vietnam industrial-zone map","https://investvietnam.gov.vn/vi/khu-cong-nghiep.pl.html",2026-08-28
"investvietnam-319","319","Khu công nghiệp Kim Hoa","https://investvietnam.gov.vn/vi/kcn.pd/khu-cong-nghiep-kim-hoa.html",105.740172,21.221085,TRUE,"Invest Vietnam map feed","https://investvietnam.gov.vn/vi/khu-cong-nghiep.pl.html","source_reported","unverified_source","VN-70","26","Vĩnh Phúc","Vinh Phuc","25","Phú Thọ","Phu Tho","Invest Vietnam industrial-zone map","https://investvietnam.gov.vn/vi/khu-cong-nghiep.pl.html",2026-08-28
"investvietnam-393","393","Khu công nghiệp Nội Bài","https://investvietnam.gov.vn/vi/kcn.pd/khu-cong-nghiep-noi-bai.html",105.812885,21.232725,TRUE,"Invest Vietnam map feed","https://investvietnam.gov.vn/vi/khu-cong-nghiep.pl.html","source_reported","unverified_source","VN-70","26","Vĩnh Phúc","Vinh Phuc","25","Phú Thọ","Phu Tho","Invest Vietnam industrial-zone map","https://investvietnam.gov.vn/vi/khu-cong-nghiep.pl.html",2026-08-28
"investvietnam-320","320","Khu công nghiệp Sơn Lôi","https://investvietnam.gov.vn/vi/kcn.pd/khu-cong-nghiep-son-loi.html",105.672104,21.257459,TRUE,"Invest Vietnam map feed","https://investvietnam.gov.vn/vi/khu-cong-nghiep.pl.html","source_reported","unverified_source","VN-70","26","Vĩnh Phúc","Vinh Phuc","25","Phú Thọ","Phu Tho","Invest Vietnam industrial-zone map","https://investvietnam.gov.vn/vi/khu-cong-nghiep.pl.html",2026-08-28
"investvietnam-436","436","Thông tin chung khu công nghiệp Thăng Long Vĩnh Phúc","https://investvietnam.gov.vn/vi/kcn.pd/thong-tin-chung-khu-cong-nghiep-thang-long-vinh-phuc.html",105.67058,21.331813,TRUE,"Invest Vietnam map feed","https://investvietnam.gov.vn/vi/khu-cong-nghiep.pl.html","source_reported","unverified_source","VN-70","26","Vĩnh Phúc","Vinh Phuc","25","Phú Thọ","Phu Tho","Invest Vietnam industrial-zone map","https://investvietnam.gov.vn/vi/khu-cong-nghiep.pl.html",2026-08-28
"investvietnam-550","550","THÔNG TIN VỀ KHU CÔNG NGHIỆP TRÀNG DUỆ","https://investvietnam.gov.vn/vi/kcn.pd/thong-tin-ve-khu-cong-nghiep-trang-due.html",105.732937,21.38212,TRUE,"Invest Vietnam map feed","https://investvietnam.gov.vn/vi/khu-cong-nghiep.pl.html","source_reported","unverified_source","VN-70","26","Vĩnh Phúc","Vinh Phuc","25","Phú Thọ","Phu Tho","Invest Vietnam industrial-zone map","https://investvietnam.gov.vn/vi/khu-cong-nghiep.pl.html",2026-08-28
"investvietnam-467","467","Khu công nghiệp An Phát 1","https://investvietnam.gov.vn/vi/kcn.pd/khu-cong-nghiep-an-phat-1.html",106.367757,21.021838,TRUE,"Invest Vietnam map feed","https://investvietnam.gov.vn/vi/khu-cong-nghiep.pl.html","source_reported","unverified_source","VN-61","30","Hải Dương","Hai Duong","31","Hải Phòng","Hai Phong","Invest Vietnam industrial-zone map","https://investvietnam.gov.vn/vi/khu-cong-nghiep.pl.html",2026-08-28
"investvietnam-415","415","Khu công nghiệp Đông Mai","https://investvietnam.gov.vn/vi/kcn.pd/khu-cong-nghiep-dong-mai.html",106.84124,21.003875,TRUE,"Invest Vietnam map feed","https://investvietnam.gov.vn/vi/khu-cong-nghiep.pl.html","source_reported","unverified_source","VN-HP","31","Hải Phòng","Hai Phong","31","Hải Phòng","Hai Phong","Invest Vietnam industrial-zone map","https://investvietnam.gov.vn/vi/khu-cong-nghiep.pl.html",2026-08-28
"investvietnam-316","316","Khu công nghiệp Kỹ thuật cao An Phát","https://investvietnam.gov.vn/vi/kcn.pd/khu-cong-nghiep-ky-thuat-cao-an-phat.html",106.287373,20.939685,TRUE,"Invest Vietnam map feed","https://investvietnam.gov.vn/vi/khu-cong-nghiep.pl.html","source_reported","unverified_source","VN-61","30","Hải Dương","Hai Duong","31","Hải Phòng","Hai Phong","Invest Vietnam industrial-zone map","https://investvietnam.gov.vn/vi/khu-cong-nghiep.pl.html",2026-08-28
"investvietnam-440","440","Thông tin chung khu công nghiệp Nam Cầu Kiền","https://investvietnam.gov.vn/vi/kcn.pd/thong-tin-chung-khu-cong-nghiep-nam-cau-kien.html",106.632078,20.916926,TRUE,"Invest Vietnam map feed","https://investvietnam.gov.vn/vi/khu-cong-nghiep.pl.html","source_reported","unverified_source","VN-61","30","Hải Dương","Hai Duong","31","Hải Phòng","Hai Phong","Invest Vietnam industrial-zone map","https://investvietnam.gov.vn/vi/khu-cong-nghiep.pl.html",2026-08-28
"investvietnam-3","3","KCN Từ Sơn","https://investvietnam.gov.vn/vi/kcn.pd/bac-ninh---kcn-tu-son.html",106.163635,20.668766,TRUE,"Invest Vietnam map feed","https://investvietnam.gov.vn/vi/khu-cong-nghiep.pl.html","source_reported","unverified_source","VN-66","33","Hưng Yên","Hung Yen","33","Hưng Yên","Hung Yen","Invest Vietnam industrial-zone map","https://investvietnam.gov.vn/vi/khu-cong-nghiep.pl.html",2026-08-28
"investvietnam-421","421","Khu công nghiệp Cầu Nghìn","https://investvietnam.gov.vn/vi/kcn.pd/khu-cong-nghiep-cau-nghin.html",106.435246,20.655645,TRUE,"Invest Vietnam map feed","https://investvietnam.gov.vn/vi/khu-cong-nghiep.pl.html","source_reported","unverified_source","VN-20","34","Thái Bình","Thai Binh","33","Hưng Yên","Hung Yen","Invest Vietnam industrial-zone map","https://investvietnam.gov.vn/vi/khu-cong-nghiep.pl.html",2026-08-28
"investvietnam-418","418","Khu công nghiệp chuyên nông nghiệp Thaco - tỉnh Thái Bình","https://investvietnam.gov.vn/vi/kcn.pd/khu-cong-nghiep-chuyen-nong-nghiep-thaco---tinh-thai-binh.html",106.313077,20.439773,TRUE,"Invest Vietnam map feed","https://investvietnam.gov.vn/vi/khu-cong-nghiep.pl.html","source_reported","unverified_source","VN-20","34","Thái Bình","Thai Binh","33","Hưng Yên","Hung Yen","Invest Vietnam industrial-zone map","https://investvietnam.gov.vn/vi/khu-cong-nghiep.pl.html",2026-08-28
"investvietnam-423","423","Khu công nghiệp Gia Lễ","https://investvietnam.gov.vn/vi/kcn.pd/khu-cong-nghiep-gia-le.html",106.356681,20.503224,TRUE,"Invest Vietnam map feed","https://investvietnam.gov.vn/vi/khu-cong-nghiep.pl.html","source_reported","unverified_source","VN-20","34","Thái Bình","Thai Binh","33","Hưng Yên","Hung Yen","Invest Vietnam industrial-zone map","https://investvietnam.gov.vn/vi/khu-cong-nghiep.pl.html",2026-08-28
"investvietnam-422","422","Khu công nghiệp Nguyễn Đức Cảnh","https://investvietnam.gov.vn/vi/kcn.pd/khu-cong-nghiep-nguyen-duc-canh.html",106.329325,20.447162,TRUE,"Invest Vietnam map feed","https://investvietnam.gov.vn/vi/khu-cong-nghiep.pl.html","source_reported","unverified_source","VN-20","34","Thái Bình","Thai Binh","33","Hưng Yên","Hung Yen","Invest Vietnam industrial-zone map","https://investvietnam.gov.vn/vi/khu-cong-nghiep.pl.html",2026-08-28
"investvietnam-420","420","Khu công nghiệp Phúc Khánh","https://investvietnam.gov.vn/vi/kcn.pd/khu-cong-nghiep-phuc-khanh.html",106.312486,20.440565,TRUE,"Invest Vietnam map feed","https://investvietnam.gov.vn/vi/khu-cong-nghiep.pl.html","source_reported","unverified_source","VN-20","34","Thái Bình","Thai Binh","33","Hưng Yên","Hung Yen","Invest Vietnam industrial-zone map","https://investvietnam.gov.vn/vi/khu-cong-nghiep.pl.html",2026-08-28
"investvietnam-419","419","Khu công nghiệp Sông Trà","https://investvietnam.gov.vn/vi/kcn.pd/khu-cong-nghiep-song-tra.html",106.324305,20.47743,TRUE,"Invest Vietnam map feed","https://investvietnam.gov.vn/vi/khu-cong-nghiep.pl.html","source_reported","unverified_source","VN-20","34","Thái Bình","Thai Binh","33","Hưng Yên","Hung Yen","Invest Vietnam industrial-zone map","https://investvietnam.gov.vn/vi/khu-cong-nghiep.pl.html",2026-08-28
"investvietnam-428","428","Khu công nghiệp Bảo Minh","https://investvietnam.gov.vn/vi/kcn.pd/khu-cong-nghiep-bao-minh.html",106.081654,20.354445,TRUE,"Invest Vietnam map feed","https://investvietnam.gov.vn/vi/khu-cong-nghiep.pl.html","source_reported","unverified_source","VN-67","36","Nam Định","Nam Dinh","37","Ninh Bình","Ninh Binh","Invest Vietnam industrial-zone map","https://investvietnam.gov.vn/vi/khu-cong-nghiep.pl.html",2026-08-28
"investvietnam-475","475","Khu Công Nghiệp Dệt May Rạng Đông","https://investvietnam.gov.vn/vi/kcn.pd/khu-cong-nghiep-det-may-rang-dong.html",106.162105,20.438823,TRUE,"Invest Vietnam map feed","https://investvietnam.gov.vn/vi/khu-cong-nghiep.pl.html","source_reported","unverified_source","VN-67","36","Nam Định","Nam Dinh","37","Ninh Bình","Ninh Binh","Invest Vietnam industrial-zone map","https://investvietnam.gov.vn/vi/khu-cong-nghiep.pl.html",2026-08-28
"investvietnam-472","472","Khu công nghiệp Hòa Xá","https://investvietnam.gov.vn/vi/kcn.pd/khu-cong-nghiep-hoa-xa.html",106.162105,20.438823,TRUE,"Invest Vietnam map feed","https://investvietnam.gov.vn/vi/khu-cong-nghiep.pl.html","source_reported","unverified_source","VN-67","36","Nam Định","Nam Dinh","37","Ninh Bình","Ninh Binh","Invest Vietnam industrial-zone map","https://investvietnam.gov.vn/vi/khu-cong-nghiep.pl.html",2026-08-28
"investvietnam-378","378","Khu công nghiệp Lam Sơn – Sao Vàng","https://investvietnam.gov.vn/vi/kcn.pd/khu-cong-nghiep-lam-son-–-sao-vang.html",105.447813,19.867944,TRUE,"Invest Vietnam map feed","https://investvietnam.gov.vn/vi/khu-cong-nghiep.pl.html","source_reported","unverified_source","VN-21","38","Thanh Hóa","Thanh Hoa","38","Thanh Hóa","Thanh Hoa","Invest Vietnam industrial-zone map","https://investvietnam.gov.vn/vi/khu-cong-nghiep.pl.html",2026-08-28
"investvietnam-47","47","Khu kinh tế Nghi Sơn","https://investvietnam.gov.vn/vi/kcn.pd/khu-kinh-te-nghi-son.html",105.752533,19.399068,TRUE,"Invest Vietnam map feed","https://investvietnam.gov.vn/vi/khu-cong-nghiep.pl.html","source_reported","unverified_source","VN-21","38","Thanh Hóa","Thanh Hoa","38","Thanh Hóa","Thanh Hoa","Invest Vietnam industrial-zone map","https://investvietnam.gov.vn/vi/khu-cong-nghiep.pl.html",2026-08-28
"investvietnam-55","55","KCN Cảng biển Hòn La","https://investvietnam.gov.vn/vi/kcn.pd/kcn-cang-bien-hon-la.html",106.475926,17.937286,TRUE,"Invest Vietnam map feed","https://investvietnam.gov.vn/vi/khu-cong-nghiep.pl.html","source_reported","unverified_source","VN-24","44","Quảng Bình","Quang Binh","44","Quảng Trị","Quang Tri","Invest Vietnam industrial-zone map","https://investvietnam.gov.vn/vi/khu-cong-nghiep.pl.html",2026-08-28
"investvietnam-304","304","Khu công nghiệp Bắc Đồng Hới","https://investvietnam.gov.vn/vi/kcn.pd/khu-cong-nghiep-bac-dong-hoi.html",106.5643,17.522411,TRUE,"Invest Vietnam map feed","https://investvietnam.gov.vn/vi/khu-cong-nghiep.pl.html","source_reported","unverified_source","VN-24","44","Quảng Bình","Quang Binh","44","Quảng Trị","Quang Tri","Invest Vietnam industrial-zone map","https://investvietnam.gov.vn/vi/khu-cong-nghiep.pl.html",2026-08-28
"investvietnam-310","310","Khu công nghiệp Bang","https://investvietnam.gov.vn/vi/kcn.pd/khu-cong-nghiep-bang.html",106.782443,17.17755,TRUE,"Invest Vietnam map feed","https://investvietnam.gov.vn/vi/khu-cong-nghiep.pl.html","source_reported","unverified_source","VN-24","44","Quảng Bình","Quang Binh","44","Quảng Trị","Quang Tri","Invest Vietnam industrial-zone map","https://investvietnam.gov.vn/vi/khu-cong-nghiep.pl.html",2026-08-28
"investvietnam-309","309","Khu công nghiệp Cam Liên","https://investvietnam.gov.vn/vi/kcn.pd/khu-cong-nghiep-cam-lien.html",107.036227,16.841921,TRUE,"Invest Vietnam map feed","https://investvietnam.gov.vn/vi/khu-cong-nghiep.pl.html","source_reported","unverified_source","VN-25","45","Quảng Trị","Quang Tri","44","Quảng Trị","Quang Tri","Invest Vietnam industrial-zone map","https://investvietnam.gov.vn/vi/khu-cong-nghiep.pl.html",2026-08-28
"investvietnam-311","311","Khu công nghiệp Cửa ngõ phía Tây","https://investvietnam.gov.vn/vi/kcn.pd/khu-cong-nghiep-cua-ngo-phia-tay.html",106.42292,17.867223,TRUE,"Invest Vietnam map feed","https://investvietnam.gov.vn/vi/khu-cong-nghiep.pl.html","source_reported","unverified_source","VN-24","44","Quảng Bình","Quang Binh","44","Quảng Trị","Quang Tri","Invest Vietnam industrial-zone map","https://investvietnam.gov.vn/vi/khu-cong-nghiep.pl.html",2026-08-28
"investvietnam-307","307","Khu công nghiệp Hòn La II","https://investvietnam.gov.vn/vi/kcn.pd/khu-cong-nghiep-hon-la-ii.html",106.446477,17.899641,TRUE,"Invest Vietnam map feed","https://investvietnam.gov.vn/vi/khu-cong-nghiep.pl.html","source_reported","unverified_source","VN-24","44","Quảng Bình","Quang Binh","44","Quảng Trị","Quang Tri","Invest Vietnam industrial-zone map","https://investvietnam.gov.vn/vi/khu-cong-nghiep.pl.html",2026-08-28
"investvietnam-308","308","Khu công nghiệp Tây Bắc Quan Hậu","https://investvietnam.gov.vn/vi/kcn.pd/khu-cong-nghiep-tay-bac-quan-hau.html",106.587872,17.394371,TRUE,"Invest Vietnam map feed","https://investvietnam.gov.vn/vi/khu-cong-nghiep.pl.html","source_reported","unverified_source","VN-24","44","Quảng Bình","Quang Binh","44","Quảng Trị","Quang Tri","Invest Vietnam industrial-zone map","https://investvietnam.gov.vn/vi/khu-cong-nghiep.pl.html",2026-08-28
"investvietnam-263","263","KCN Hòa Khánh Mở Rộng","https://investvietnam.gov.vn/vi/kcn.pd/kcn-hoa-khanh-mo-rong.html",108.14356,16.055428,TRUE,"Invest Vietnam map feed","https://investvietnam.gov.vn/vi/khu-cong-nghiep.pl.html","source_reported","unverified_source","VN-DN","48","Đà Nẵng","Da Nang","48","Đà Nẵng","Da Nang","Invest Vietnam industrial-zone map","https://investvietnam.gov.vn/vi/khu-cong-nghiep.pl.html",2026-08-28
"investvietnam-73","73","Khu công nghệ cao Đà Nẵng","https://investvietnam.gov.vn/vi/kcn.pd/khu-cong-nghe-cao-da-nang.html",108.083571,16.081413,TRUE,"Invest Vietnam map feed","https://investvietnam.gov.vn/vi/khu-cong-nghiep.pl.html","source_reported","unverified_source","VN-DN","48","Đà Nẵng","Da Nang","48","Đà Nẵng","Da Nang","Invest Vietnam industrial-zone map","https://investvietnam.gov.vn/vi/khu-cong-nghiep.pl.html",2026-08-28
"investvietnam-76","76","Khu công nghiệp Hòa Cầm","https://investvietnam.gov.vn/vi/kcn.pd/khu-cong-nghiep-hoa-cam.html",108.181102,16.00676,TRUE,"Invest Vietnam map feed","https://investvietnam.gov.vn/vi/khu-cong-nghiep.pl.html","source_reported","unverified_source","VN-DN","48","Đà Nẵng","Da Nang","48","Đà Nẵng","Da Nang","Invest Vietnam industrial-zone map","https://investvietnam.gov.vn/vi/khu-cong-nghiep.pl.html",2026-08-28
"investvietnam-230","230","Khu công nghiệp Liên Chiểu","https://investvietnam.gov.vn/vi/kcn.pd/khu-cong-nghiep-lien-chieu.html",108.107292,16.153167,TRUE,"Invest Vietnam map feed","https://investvietnam.gov.vn/vi/khu-cong-nghiep.pl.html","source_reported","unverified_source","VN-DN","48","Đà Nẵng","Da Nang","48","Đà Nẵng","Da Nang","Invest Vietnam industrial-zone map","https://investvietnam.gov.vn/vi/khu-cong-nghiep.pl.html",2026-08-28
"investvietnam-437","437","Thông tin chung về Khu kinh tế Dung Quất","https://investvietnam.gov.vn/vi/kcn.pd/thong-tin-chung-ve-khu-kinh-te-dung-quat.html",108.783857,15.316649,TRUE,"Invest Vietnam map feed","https://investvietnam.gov.vn/vi/khu-cong-nghiep.pl.html","source_reported","unverified_source","VN-29","51","Quảng Ngãi","Quang Ngai","51","Quảng Ngãi","Quang Ngai","Invest Vietnam industrial-zone map","https://investvietnam.gov.vn/vi/khu-cong-nghiep.pl.html",2026-08-28
"investvietnam-338","338","Khu công nghiệp AMATA","https://investvietnam.gov.vn/vi/kcn.pd/khu-cong-nghiep-amata.html",106.879777,10.943646,TRUE,"Invest Vietnam map feed","https://investvietnam.gov.vn/vi/khu-cong-nghiep.pl.html","source_reported","unverified_source","VN-39","75","Đồng Nai","Dong Nai","75","Đồng Nai","Dong Nai","Invest Vietnam industrial-zone map","https://investvietnam.gov.vn/vi/khu-cong-nghiep.pl.html",2026-08-28
"investvietnam-321","321","Khu công nghiệp Bàu Xéo","https://investvietnam.gov.vn/vi/kcn.pd/khu-cong-nghiep-bau-xeo.html",107.027626,10.958135,TRUE,"Invest Vietnam map feed","https://investvietnam.gov.vn/vi/khu-cong-nghiep.pl.html","source_reported","unverified_source","VN-39","75","Đồng Nai","Dong Nai","75","Đồng Nai","Dong Nai","Invest Vietnam industrial-zone map","https://investvietnam.gov.vn/vi/khu-cong-nghiep.pl.html",2026-08-28
"investvietnam-303","303","Khu công nghiệp Becamex – Bình Phước","https://investvietnam.gov.vn/vi/kcn.pd/khu-cong-nghiep-becamex-–-binh-phuoc.html",106.658149,11.441582,TRUE,"Invest Vietnam map feed","https://investvietnam.gov.vn/vi/khu-cong-nghiep.pl.html","source_reported","unverified_source","VN-58","70","Bình Phước","Binh Phuoc","75","Đồng Nai","Dong Nai","Invest Vietnam industrial-zone map","https://investvietnam.gov.vn/vi/khu-cong-nghiep.pl.html",2026-08-28
"investvietnam-328","328","Khu công nghiệp Biên Hòa II","https://investvietnam.gov.vn/vi/kcn.pd/khu-cong-nghiep-bien-hoa-ii.html",106.877526,10.927919,TRUE,"Invest Vietnam map feed","https://investvietnam.gov.vn/vi/khu-cong-nghiep.pl.html","source_reported","unverified_source","VN-39","75","Đồng Nai","Dong Nai","75","Đồng Nai","Dong Nai","Invest Vietnam industrial-zone map","https://investvietnam.gov.vn/vi/khu-cong-nghiep.pl.html",2026-08-28
"investvietnam-340","340","Khu công nghiệp Gò Dầu","https://investvietnam.gov.vn/vi/kcn.pd/khu-cong-nghiep-go-dau.html",107.036401,10.659198,TRUE,"Invest Vietnam map feed","https://investvietnam.gov.vn/vi/khu-cong-nghiep.pl.html","source_reported","unverified_source","VN-39","75","Đồng Nai","Dong Nai","75","Đồng Nai","Dong Nai","Invest Vietnam industrial-zone map","https://investvietnam.gov.vn/vi/khu-cong-nghiep.pl.html",2026-08-28
"investvietnam-337","337","Khu công nghiệp LOTECO","https://investvietnam.gov.vn/vi/kcn.pd/khu-cong-nghiep-loteco.html",106.884901,10.929663,TRUE,"Invest Vietnam map feed","https://investvietnam.gov.vn/vi/khu-cong-nghiep.pl.html","source_reported","unverified_source","VN-39","75","Đồng Nai","Dong Nai","75","Đồng Nai","Dong Nai","Invest Vietnam industrial-zone map","https://investvietnam.gov.vn/vi/khu-cong-nghiep.pl.html",2026-08-28
"investvietnam-302","302","Khu công nghiệp Minh Hưng – Hàn Quốc","https://investvietnam.gov.vn/vi/kcn.pd/khu-cong-nghiep-minh-hung-–-han-quoc.html",106.617341,11.482726,TRUE,"Invest Vietnam map feed","https://investvietnam.gov.vn/vi/khu-cong-nghiep.pl.html","source_reported","unverified_source","VN-58","70","Bình Phước","Binh Phuoc","75","Đồng Nai","Dong Nai","Invest Vietnam industrial-zone map","https://investvietnam.gov.vn/vi/khu-cong-nghiep.pl.html",2026-08-28
"investvietnam-452","452","KHU CÔNG NGHIỆP MINH HƯNG SIKICO","https://investvietnam.gov.vn/vi/kcn.pd/khu-cong-nghiep-minh-hung-sikico.html",106.723464,11.751189,TRUE,"Invest Vietnam map feed","https://investvietnam.gov.vn/vi/khu-cong-nghiep.pl.html","source_reported","unverified_source","VN-58","70","Bình Phước","Binh Phuoc","75","Đồng Nai","Dong Nai","Invest Vietnam industrial-zone map","https://investvietnam.gov.vn/vi/khu-cong-nghiep.pl.html",2026-08-28
"investvietnam-335","335","Khu công nghiệp Nhơn Trạch I","https://investvietnam.gov.vn/vi/kcn.pd/khu-cong-nghiep-nhon-trach-i.html",106.927007,10.741199,TRUE,"Invest Vietnam map feed","https://investvietnam.gov.vn/vi/khu-cong-nghiep.pl.html","source_reported","unverified_source","VN-39","75","Đồng Nai","Dong Nai","75","Đồng Nai","Dong Nai","Invest Vietnam industrial-zone map","https://investvietnam.gov.vn/vi/khu-cong-nghiep.pl.html",2026-08-28
"investvietnam-336","336","Khu công nghiệp Nhơn Trạch III","https://investvietnam.gov.vn/vi/kcn.pd/khu-cong-nghiep-nhon-trach-iii.html",106.929379,10.734347,TRUE,"Invest Vietnam map feed","https://investvietnam.gov.vn/vi/khu-cong-nghiep.pl.html","source_reported","unverified_source","VN-39","75","Đồng Nai","Dong Nai","75","Đồng Nai","Dong Nai","Invest Vietnam industrial-zone map","https://investvietnam.gov.vn/vi/khu-cong-nghiep.pl.html",2026-08-28
"investvietnam-329","329","Khu công nghiệp Sông Mây","https://investvietnam.gov.vn/vi/kcn.pd/khu-cong-nghiep-song-may.html",106.954028,10.971346,TRUE,"Invest Vietnam map feed","https://investvietnam.gov.vn/vi/khu-cong-nghiep.pl.html","source_reported","unverified_source","VN-39","75","Đồng Nai","Dong Nai","75","Đồng Nai","Dong Nai","Invest Vietnam industrial-zone map","https://investvietnam.gov.vn/vi/khu-cong-nghiep.pl.html",2026-08-28
"investvietnam-322","322","Khu công nghiệp Thạnh Phú","https://investvietnam.gov.vn/vi/kcn.pd/khu-cong-nghiep-thanh-phu.html",106.848892,11.003901,TRUE,"Invest Vietnam map feed","https://investvietnam.gov.vn/vi/khu-cong-nghiep.pl.html","source_reported","unverified_source","VN-39","75","Đồng Nai","Dong Nai","75","Đồng Nai","Dong Nai","Invest Vietnam industrial-zone map","https://investvietnam.gov.vn/vi/khu-cong-nghiep.pl.html",2026-08-28
"investvietnam-327","327","Khu công nghiệp Xuân Lộc","https://investvietnam.gov.vn/vi/kcn.pd/khu-cong-nghiep-xuan-loc.html",107.413287,10.907819,TRUE,"Invest Vietnam map feed","https://investvietnam.gov.vn/vi/khu-cong-nghiep.pl.html","source_reported","unverified_source","VN-39","75","Đồng Nai","Dong Nai","75","Đồng Nai","Dong Nai","Invest Vietnam industrial-zone map","https://investvietnam.gov.vn/vi/khu-cong-nghiep.pl.html",2026-08-28
"investvietnam-399","399","KCN Đô thị & Sân Golf Châu Đức","https://investvietnam.gov.vn/vi/kcn.pd/kcn-do-thi--san-golf-chau-duc.html",107.189811,10.604338,TRUE,"Invest Vietnam map feed","https://investvietnam.gov.vn/vi/khu-cong-nghiep.pl.html","source_reported","unverified_source","VN-43","77","Bà Rịa–Vũng Tàu","Ba Ria-Vung Tau","79","Thành phố Hồ Chí Minh","Ho Chi Minh City","Invest Vietnam industrial-zone map","https://investvietnam.gov.vn/vi/khu-cong-nghiep.pl.html",2026-08-28
"investvietnam-465","465","Khu chế xuất Tân Thuận","https://investvietnam.gov.vn/vi/kcn.pd/khu-che-xuat-tan-thuan.html",106.729936,10.752388,TRUE,"Invest Vietnam map feed","https://investvietnam.gov.vn/vi/khu-cong-nghiep.pl.html","source_reported","unverified_source","VN-SG","79","Thành phố Hồ Chí Minh","Ho Chi Minh City","79","Thành phố Hồ Chí Minh","Ho Chi Minh City","Invest Vietnam industrial-zone map","https://investvietnam.gov.vn/vi/khu-cong-nghiep.pl.html",2026-08-28
"investvietnam-341","341","Khu công nghiệp Bàu Bàng","https://investvietnam.gov.vn/vi/kcn.pd/khu-cong-nghiep-bau-bang.html",106.60739,11.248406,TRUE,"Invest Vietnam map feed","https://investvietnam.gov.vn/vi/khu-cong-nghiep.pl.html","source_reported","unverified_source","VN-57","74","Bình Dương","Binh Duong","79","Thành phố Hồ Chí Minh","Ho Chi Minh City","Invest Vietnam industrial-zone map","https://investvietnam.gov.vn/vi/khu-cong-nghiep.pl.html",2026-08-28
"investvietnam-344","344","Khu công nghiệp Bình Đường","https://investvietnam.gov.vn/vi/kcn.pd/khu-cong-nghiep-binh-duong.html",106.782166,10.919003,TRUE,"Invest Vietnam map feed","https://investvietnam.gov.vn/vi/khu-cong-nghiep.pl.html","source_reported","unverified_source","VN-57","74","Bình Dương","Binh Duong","79","Thành phố Hồ Chí Minh","Ho Chi Minh City","Invest Vietnam industrial-zone map","https://investvietnam.gov.vn/vi/khu-cong-nghiep.pl.html",2026-08-28
"investvietnam-522","522","Khu công nghiệp chuyên sâu Phú Mỹ 3","https://investvietnam.gov.vn/vi/kcn.pd/khu-cong-nghiep-chuyen-sau-phu-my-3.html",107.064768,10.539297,TRUE,"Invest Vietnam map feed","https://investvietnam.gov.vn/vi/khu-cong-nghiep.pl.html","source_reported","unverified_source","VN-43","77","Bà Rịa–Vũng Tàu","Ba Ria-Vung Tau","79","Thành phố Hồ Chí Minh","Ho Chi Minh City","Invest Vietnam industrial-zone map","https://investvietnam.gov.vn/vi/khu-cong-nghiep.pl.html",2026-08-28
"investvietnam-345","345","Khu công nghiệp Đại Đăng","https://investvietnam.gov.vn/vi/kcn.pd/khu-cong-nghiep-dai-dang.html",106.68602,11.005051,TRUE,"Invest Vietnam map feed","https://investvietnam.gov.vn/vi/khu-cong-nghiep.pl.html","source_reported","unverified_source","VN-57","74","Bình Dương","Binh Duong","79","Thành phố Hồ Chí Minh","Ho Chi Minh City","Invest Vietnam industrial-zone map","https://investvietnam.gov.vn/vi/khu-cong-nghiep.pl.html",2026-08-28
"investvietnam-346","346","Khu công nghiệp Đất Cuôc","https://investvietnam.gov.vn/vi/kcn.pd/khu-cong-nghiep-dat-cuoc.html",106.836763,11.103058,TRUE,"Invest Vietnam map feed","https://investvietnam.gov.vn/vi/khu-cong-nghiep.pl.html","source_reported","unverified_source","VN-57","74","Bình Dương","Binh Duong","79","Thành phố Hồ Chí Minh","Ho Chi Minh City","Invest Vietnam industrial-zone map","https://investvietnam.gov.vn/vi/khu-cong-nghiep.pl.html",2026-08-28
"investvietnam-342","342","Khu công nghiệp Dệt may Bình An","https://investvietnam.gov.vn/vi/kcn.pd/khu-cong-nghiep-det-may-binh-an.html",106.819406,10.895078,TRUE,"Invest Vietnam map feed","https://investvietnam.gov.vn/vi/khu-cong-nghiep.pl.html","source_reported","unverified_source","VN-SG","79","Thành phố Hồ Chí Minh","Ho Chi Minh City","79","Thành phố Hồ Chí Minh","Ho Chi Minh City","Invest Vietnam industrial-zone map","https://investvietnam.gov.vn/vi/khu-cong-nghiep.pl.html",2026-08-28
"investvietnam-347","347","Khu công nghiệp Đồng An I","https://investvietnam.gov.vn/vi/kcn.pd/khu-cong-nghiep-dong-an-i.html",106.727296,10.89652,TRUE,"Invest Vietnam map feed","https://investvietnam.gov.vn/vi/khu-cong-nghiep.pl.html","source_reported","unverified_source","VN-57","74","Bình Dương","Binh Duong","79","Thành phố Hồ Chí Minh","Ho Chi Minh City","Invest Vietnam industrial-zone map","https://investvietnam.gov.vn/vi/khu-cong-nghiep.pl.html",2026-08-28
"investvietnam-352","352","Khu công nghiệp Đồng An II","https://investvietnam.gov.vn/vi/kcn.pd/khu-cong-nghiep-dong-an-ii.html",106.67611,11.103674,TRUE,"Invest Vietnam map feed","https://investvietnam.gov.vn/vi/khu-cong-nghiep.pl.html","source_reported","unverified_source","VN-57","74","Bình Dương","Binh Duong","79","Thành phố Hồ Chí Minh","Ho Chi Minh City","Invest Vietnam industrial-zone map","https://investvietnam.gov.vn/vi/khu-cong-nghiep.pl.html",2026-08-28
"investvietnam-353","353","Khu công nghiệp KIm Huy","https://investvietnam.gov.vn/vi/kcn.pd/khu-cong-nghiep-kim-huy.html",106.706722,11.048125,TRUE,"Invest Vietnam map feed","https://investvietnam.gov.vn/vi/khu-cong-nghiep.pl.html","source_reported","unverified_source","VN-57","74","Bình Dương","Binh Duong","79","Thành phố Hồ Chí Minh","Ho Chi Minh City","Invest Vietnam industrial-zone map","https://investvietnam.gov.vn/vi/khu-cong-nghiep.pl.html",2026-08-28
"investvietnam-264","264","Khu công nghiệp Long Hậu","https://investvietnam.gov.vn/vi/kcn.pd/khu-cong-nghiep-long-hau.html",106.705773,10.631051,TRUE,"Invest Vietnam map feed","https://investvietnam.gov.vn/vi/khu-cong-nghiep.pl.html","source_reported","unverified_source","VN-SG","79","Thành phố Hồ Chí Minh","Ho Chi Minh City","79","Thành phố Hồ Chí Minh","Ho Chi Minh City","Invest Vietnam industrial-zone map","https://investvietnam.gov.vn/vi/khu-cong-nghiep.pl.html",2026-08-28
"investvietnam-354","354","Khu công nghiệp Mai Trung","https://investvietnam.gov.vn/vi/kcn.pd/khu-cong-nghiep-mai-trung.html",106.544501,11.096956,TRUE,"Invest Vietnam map feed","https://investvietnam.gov.vn/vi/khu-cong-nghiep.pl.html","source_reported","unverified_source","VN-57","74","Bình Dương","Binh Duong","79","Thành phố Hồ Chí Minh","Ho Chi Minh City","Invest Vietnam industrial-zone map","https://investvietnam.gov.vn/vi/khu-cong-nghiep.pl.html",2026-08-28
"investvietnam-355","355","Khu công nghiệp Mỹ Phước 1","https://investvietnam.gov.vn/vi/kcn.pd/khu-cong-nghiep-my-phuoc-1.html",106.605967,11.130199,TRUE,"Invest Vietnam map feed","https://investvietnam.gov.vn/vi/khu-cong-nghiep.pl.html","source_reported","unverified_source","VN-57","74","Bình Dương","Binh Duong","79","Thành phố Hồ Chí Minh","Ho Chi Minh City","Invest Vietnam industrial-zone map","https://investvietnam.gov.vn/vi/khu-cong-nghiep.pl.html",2026-08-28
"investvietnam-356","356","Khu công nghiệp Mỹ Phước 2","https://investvietnam.gov.vn/vi/kcn.pd/khu-cong-nghiep-my-phuoc-2.html",106.627082,11.132769,TRUE,"Invest Vietnam map feed","https://investvietnam.gov.vn/vi/khu-cong-nghiep.pl.html","source_reported","unverified_source","VN-57","74","Bình Dương","Binh Duong","79","Thành phố Hồ Chí Minh","Ho Chi Minh City","Invest Vietnam industrial-zone map","https://investvietnam.gov.vn/vi/khu-cong-nghiep.pl.html",2026-08-28
"investvietnam-357","357","Khu công nghiệp Mỹ Phước 3","https://investvietnam.gov.vn/vi/kcn.pd/khu-cong-nghiep-my-phuoc-3.html",106.626369,11.097325,TRUE,"Invest Vietnam map feed","https://investvietnam.gov.vn/vi/khu-cong-nghiep.pl.html","source_reported","unverified_source","VN-57","74","Bình Dương","Binh Duong","79","Thành phố Hồ Chí Minh","Ho Chi Minh City","Invest Vietnam industrial-zone map","https://investvietnam.gov.vn/vi/khu-cong-nghiep.pl.html",2026-08-28
"investvietnam-397","397","Khu công nghiệp Mỹ Xuân B1 Đại Dương","https://investvietnam.gov.vn/vi/kcn.pd/khu-cong-nghiep-my-xuan-b1-dai-duong.html",107.059523,10.564073,TRUE,"Invest Vietnam map feed","https://investvietnam.gov.vn/vi/khu-cong-nghiep.pl.html","source_reported","unverified_source","VN-43","77","Bà Rịa–Vũng Tàu","Ba Ria-Vung Tau","79","Thành phố Hồ Chí Minh","Ho Chi Minh City","Invest Vietnam industrial-zone map","https://investvietnam.gov.vn/vi/khu-cong-nghiep.pl.html",2026-08-28
"investvietnam-358","358","Khu công nghiệp Nam Tân Uyên","https://investvietnam.gov.vn/vi/kcn.pd/khu-cong-nghiep-nam-tan-uyen.html",106.720518,11.19755,TRUE,"Invest Vietnam map feed","https://investvietnam.gov.vn/vi/khu-cong-nghiep.pl.html","source_reported","unverified_source","VN-57","74","Bình Dương","Binh Duong","79","Thành phố Hồ Chí Minh","Ho Chi Minh City","Invest Vietnam industrial-zone map","https://investvietnam.gov.vn/vi/khu-cong-nghiep.pl.html",2026-08-28
"investvietnam-359","359","Khu công nghiệp Phú Gia","https://investvietnam.gov.vn/vi/kcn.pd/khu-cong-nghiep-phu-gia.html",106.67857,11.096165,TRUE,"Invest Vietnam map feed","https://investvietnam.gov.vn/vi/khu-cong-nghiep.pl.html","source_reported","unverified_source","VN-57","74","Bình Dương","Binh Duong","79","Thành phố Hồ Chí Minh","Ho Chi Minh City","Invest Vietnam industrial-zone map","https://investvietnam.gov.vn/vi/khu-cong-nghiep.pl.html",2026-08-28
"investvietnam-363","363","Khu công nghiệp Phú Mỹ 2","https://investvietnam.gov.vn/vi/kcn.pd/khu-cong-nghiep-phu-my-2.html",107.059523,10.564073,TRUE,"Invest Vietnam map feed","https://investvietnam.gov.vn/vi/khu-cong-nghiep.pl.html","source_reported","unverified_source","VN-43","77","Bà Rịa–Vũng Tàu","Ba Ria-Vung Tau","79","Thành phố Hồ Chí Minh","Ho Chi Minh City","Invest Vietnam industrial-zone map","https://investvietnam.gov.vn/vi/khu-cong-nghiep.pl.html",2026-08-28
"investvietnam-318","318","Khu công nghiệp Quốc tế Protrade (PITP)","https://investvietnam.gov.vn/vi/kcn.pd/khu-cong-nghiep-quoc-te-protrade-pitp.html",106.536687,11.108314,TRUE,"Invest Vietnam map feed","https://investvietnam.gov.vn/vi/khu-cong-nghiep.pl.html","source_reported","unverified_source","VN-57","74","Bình Dương","Binh Duong","79","Thành phố Hồ Chí Minh","Ho Chi Minh City","Invest Vietnam industrial-zone map","https://investvietnam.gov.vn/vi/khu-cong-nghiep.pl.html",2026-08-28
"investvietnam-360","360","Khu công nghiệp Sóng Thần 1","https://investvietnam.gov.vn/vi/kcn.pd/khu-cong-nghiep-song-than-1.html",106.750813,10.893621,TRUE,"Invest Vietnam map feed","https://investvietnam.gov.vn/vi/khu-cong-nghiep.pl.html","source_reported","unverified_source","VN-57","74","Bình Dương","Binh Duong","79","Thành phố Hồ Chí Minh","Ho Chi Minh City","Invest Vietnam industrial-zone map","https://investvietnam.gov.vn/vi/khu-cong-nghiep.pl.html",2026-08-28
"investvietnam-361","361","Khu công nghiệp Sóng Thần 2","https://investvietnam.gov.vn/vi/kcn.pd/khu-cong-nghiep-song-than-2.html",106.747608,10.890748,TRUE,"Invest Vietnam map feed","https://investvietnam.gov.vn/vi/khu-cong-nghiep.pl.html","source_reported","unverified_source","VN-57","74","Bình Dương","Binh Duong","79","Thành phố Hồ Chí Minh","Ho Chi Minh City","Invest Vietnam industrial-zone map","https://investvietnam.gov.vn/vi/khu-cong-nghiep.pl.html",2026-08-28
"investvietnam-364","364","Khu công nghiệp Sóng Thần 3","https://investvietnam.gov.vn/vi/kcn.pd/khu-cong-nghiep-song-than-3.html",106.701351,11.027936,TRUE,"Invest Vietnam map feed","https://investvietnam.gov.vn/vi/khu-cong-nghiep.pl.html","source_reported","unverified_source","VN-57","74","Bình Dương","Binh Duong","79","Thành phố Hồ Chí Minh","Ho Chi Minh City","Invest Vietnam industrial-zone map","https://investvietnam.gov.vn/vi/khu-cong-nghiep.pl.html",2026-08-28
"investvietnam-362","362","Khu công nghiệp Tân Bình","https://investvietnam.gov.vn/vi/kcn.pd/khu-cong-nghiep-tan-binh.html",106.720518,11.19755,TRUE,"Invest Vietnam map feed","https://investvietnam.gov.vn/vi/khu-cong-nghiep.pl.html","source_reported","unverified_source","VN-57","74","Bình Dương","Binh Duong","79","Thành phố Hồ Chí Minh","Ho Chi Minh City","Invest Vietnam industrial-zone map","https://investvietnam.gov.vn/vi/khu-cong-nghiep.pl.html",2026-08-28
"investvietnam-368","368","Khu công nghiệp Tân Bình","https://investvietnam.gov.vn/vi/kcn.pd/khu-cong-nghiep-tan-binh-1.html",106.720518,11.19755,TRUE,"Invest Vietnam map feed","https://investvietnam.gov.vn/vi/khu-cong-nghiep.pl.html","source_reported","unverified_source","VN-57","74","Bình Dương","Binh Duong","79","Thành phố Hồ Chí Minh","Ho Chi Minh City","Invest Vietnam industrial-zone map","https://investvietnam.gov.vn/vi/khu-cong-nghiep.pl.html",2026-08-28
"investvietnam-365","365","Khu công nghiệp Tân Đông Hiệp A","https://investvietnam.gov.vn/vi/kcn.pd/khu-cong-nghiep-tan-dong-hiep-a.html",106.788382,10.908019,TRUE,"Invest Vietnam map feed","https://investvietnam.gov.vn/vi/khu-cong-nghiep.pl.html","source_reported","unverified_source","VN-57","74","Bình Dương","Binh Duong","79","Thành phố Hồ Chí Minh","Ho Chi Minh City","Invest Vietnam industrial-zone map","https://investvietnam.gov.vn/vi/khu-cong-nghiep.pl.html",2026-08-28
"investvietnam-366","366","Khu công nghiệp Tân Đông Hiệp B","https://investvietnam.gov.vn/vi/kcn.pd/khu-cong-nghiep-tan-dong-hiep-b.html",106.782166,10.919003,TRUE,"Invest Vietnam map feed","https://investvietnam.gov.vn/vi/khu-cong-nghiep.pl.html","source_reported","unverified_source","VN-57","74","Bình Dương","Binh Duong","79","Thành phố Hồ Chí Minh","Ho Chi Minh City","Invest Vietnam industrial-zone map","https://investvietnam.gov.vn/vi/khu-cong-nghiep.pl.html",2026-08-28
"investvietnam-367","367","Khu công nghiệp Thới Hòa","https://investvietnam.gov.vn/vi/kcn.pd/khu-cong-nghiep-thoi-hoa.html",106.470967,10.925497,TRUE,"Invest Vietnam map feed","https://investvietnam.gov.vn/vi/khu-cong-nghiep.pl.html","source_reported","unverified_source","VN-SG","79","Thành phố Hồ Chí Minh","Ho Chi Minh City","79","Thành phố Hồ Chí Minh","Ho Chi Minh City","Invest Vietnam industrial-zone map","https://investvietnam.gov.vn/vi/khu-cong-nghiep.pl.html",2026-08-28
"investvietnam-223","223","KHU CÔNG NGHIỆP ĐỨC HÒA III-VIỆT HÓA","https://investvietnam.gov.vn/vi/kcn.pd/khu-cong-nghiep-duc-hoa-iii-viet-hoa.html",106.446477,10.906698,TRUE,"Invest Vietnam map feed","https://investvietnam.gov.vn/vi/khu-cong-nghiep.pl.html","source_reported","unverified_source","VN-41","80","Long An","Long An","80","Tây Ninh","Tay Ninh","Invest Vietnam industrial-zone map","https://investvietnam.gov.vn/vi/khu-cong-nghiep.pl.html",2026-08-28
"investvietnam-250","250","Khu công nghiệp Hòa Bình","https://investvietnam.gov.vn/vi/kcn.pd/khu-cong-nghiep-hoa-binh.html",106.42292,10.591897,TRUE,"Invest Vietnam map feed","https://investvietnam.gov.vn/vi/khu-cong-nghiep.pl.html","source_reported","unverified_source","VN-41","80","Long An","Long An","80","Tây Ninh","Tay Ninh","Invest Vietnam industrial-zone map","https://investvietnam.gov.vn/vi/khu-cong-nghiep.pl.html",2026-08-28
"investvietnam-215","215","Khu công nghiệp Long Hậu - Hòa Bình","https://investvietnam.gov.vn/vi/kcn.pd/khu-cong-nghiep-long-hau---hoa-binh.html",106.42292,10.591897,TRUE,"Invest Vietnam map feed","https://investvietnam.gov.vn/vi/khu-cong-nghiep.pl.html","source_reported","unverified_source","VN-41","80","Long An","Long An","80","Tây Ninh","Tay Ninh","Invest Vietnam industrial-zone map","https://investvietnam.gov.vn/vi/khu-cong-nghiep.pl.html",2026-08-28
"investvietnam-214","214","Khu công nghiệp Phúc Long","https://investvietnam.gov.vn/vi/kcn.pd/khu-cong-nghiep-phuc-long.html",106.493598,10.631643,TRUE,"Invest Vietnam map feed","https://investvietnam.gov.vn/vi/khu-cong-nghiep.pl.html","source_reported","unverified_source","VN-41","80","Long An","Long An","80","Tây Ninh","Tay Ninh","Invest Vietnam industrial-zone map","https://investvietnam.gov.vn/vi/khu-cong-nghiep.pl.html",2026-08-28
"investvietnam-546","546","Khu công nghiệp Tân Đức","https://investvietnam.gov.vn/vi/kcn.pd/khu-cong-nghiep-tan-duc.html",106.418534,10.902338,TRUE,"Invest Vietnam map feed","https://investvietnam.gov.vn/vi/khu-cong-nghiep.pl.html","source_reported","unverified_source","VN-41","80","Long An","Long An","80","Tây Ninh","Tay Ninh","Invest Vietnam industrial-zone map","https://investvietnam.gov.vn/vi/khu-cong-nghiep.pl.html",2026-08-28
"investvietnam-298","298","Khu công nghiệp Tân Hương","https://investvietnam.gov.vn/vi/kcn.pd/khu-cong-nghiep-tan-huong.html",106.36404,10.486259,TRUE,"Invest Vietnam map feed","https://investvietnam.gov.vn/vi/khu-cong-nghiep.pl.html","source_reported","unverified_source","VN-41","80","Long An","Long An","80","Tây Ninh","Tay Ninh","Invest Vietnam industrial-zone map","https://investvietnam.gov.vn/vi/khu-cong-nghiep.pl.html",2026-08-28
"investvietnam-313","313","Khu công nghiệp Thủ Thừa","https://investvietnam.gov.vn/vi/kcn.pd/khu-cong-nghiep-thu-thua.html",106.399366,10.614917,TRUE,"Invest Vietnam map feed","https://investvietnam.gov.vn/vi/khu-cong-nghiep.pl.html","source_reported","unverified_source","VN-41","80","Long An","Long An","80","Tây Ninh","Tay Ninh","Invest Vietnam industrial-zone map","https://investvietnam.gov.vn/vi/khu-cong-nghiep.pl.html",2026-08-28
"investvietnam-221","221","Khu công nghiệp Long Giang","https://investvietnam.gov.vn/vi/kcn.pd/khu-cong-nghiep-long-giang.html",106.293406,10.468218,TRUE,"Invest Vietnam map feed","https://investvietnam.gov.vn/vi/khu-cong-nghiep.pl.html","source_reported","unverified_source","VN-46","82","Tiền Giang","Tien Giang","82","Đồng Tháp","Dong Thap","Invest Vietnam industrial-zone map","https://investvietnam.gov.vn/vi/khu-cong-nghiep.pl.html",2026-08-28
"investvietnam-220","220","Khu Công Nghiệp Mỹ Tho","https://investvietnam.gov.vn/vi/kcn.pd/khu-cong-nghiep-my-tho.html",106.343889,10.376528,TRUE,"Invest Vietnam map feed","https://investvietnam.gov.vn/vi/khu-cong-nghiep.pl.html","source_reported","unverified_source","VN-46","82","Tiền Giang","Tien Giang","82","Đồng Tháp","Dong Thap","Invest Vietnam industrial-zone map","https://investvietnam.gov.vn/vi/khu-cong-nghiep.pl.html",2026-08-28
"investvietnam-300","300","Khu công nghiệp Sa Đéc","https://investvietnam.gov.vn/vi/kcn.pd/khu-cong-nghiep-sa-dec.html",105.749788,10.319217,TRUE,"Invest Vietnam map feed","https://investvietnam.gov.vn/vi/khu-cong-nghiep.pl.html","source_reported","unverified_source","VN-45","87","Đồng Tháp","Dong Thap","82","Đồng Tháp","Dong Thap","Invest Vietnam industrial-zone map","https://investvietnam.gov.vn/vi/khu-cong-nghiep.pl.html",2026-08-28
"investvietnam-520","520","Khu công nghiệp Bình Minh","https://investvietnam.gov.vn/vi/kcn.pd/khu-cong-nghiep-binh-minh.html",105.824979,10.043526,TRUE,"Invest Vietnam map feed","https://investvietnam.gov.vn/vi/khu-cong-nghiep.pl.html","source_reported","unverified_source","VN-49","86","Vĩnh Long","Vinh Long","86","Vĩnh Long","Vinh Long","Invest Vietnam industrial-zone map","https://investvietnam.gov.vn/vi/khu-cong-nghiep.pl.html",2026-08-28
"investvietnam-282","282","Khu công nghiệp Tắc Cậu","https://investvietnam.gov.vn/vi/kcn.pd/khu-cong-nghiep-tac-cau.html",105.119276,9.89362,TRUE,"Invest Vietnam map feed","https://investvietnam.gov.vn/vi/khu-cong-nghiep.pl.html","source_reported","unverified_source","VN-47","91","Kiên Giang","Kien Giang","91","An Giang","An Giang","Invest Vietnam industrial-zone map","https://investvietnam.gov.vn/vi/khu-cong-nghiep.pl.html",2026-08-28
"investvietnam-277","277","Khu công nghiệp Thạnh Lộc","https://investvietnam.gov.vn/vi/kcn.pd/khu-cong-nghiep-thanh-loc.html",105.137591,10.008902,TRUE,"Invest Vietnam map feed","https://investvietnam.gov.vn/vi/khu-cong-nghiep.pl.html","source_reported","unverified_source","VN-47","91","Kiên Giang","Kien Giang","91","An Giang","An Giang","Invest Vietnam industrial-zone map","https://investvietnam.gov.vn/vi/khu-cong-nghiep.pl.html",2026-08-28
"investvietnam-281","281","Khu công nghiệp Xẻo Rô","https://investvietnam.gov.vn/vi/kcn.pd/khu-cong-nghiep-xeo-ro.html",105.125377,9.810993,TRUE,"Invest Vietnam map feed","https://investvietnam.gov.vn/vi/khu-cong-nghiep.pl.html","source_reported","unverified_source","VN-47","91","Kiên Giang","Kien Giang","91","An Giang","An Giang","Invest Vietnam industrial-zone map","https://investvietnam.gov.vn/vi/khu-cong-nghiep.pl.html",2026-08-28
"investvietnam-351","351","Khu công nghiệp Hưng Phú 1","https://investvietnam.gov.vn/vi/kcn.pd/khu-cong-nghiep-hung-phu-1.html",105.823159,9.981869,TRUE,"Invest Vietnam map feed","https://investvietnam.gov.vn/vi/khu-cong-nghiep.pl.html","source_reported","unverified_source","VN-CT","92","Cần Thơ","Can Tho","92","Cần Thơ","Can Tho","Invest Vietnam industrial-zone map","https://investvietnam.gov.vn/vi/khu-cong-nghiep.pl.html",2026-08-28
"investvietnam-299","299","Khu công nghiệp Sông Hậu","https://investvietnam.gov.vn/vi/kcn.pd/khu-cong-nghiep-song-hau.html",105.583798,10.26408,TRUE,"Invest Vietnam map feed","https://investvietnam.gov.vn/vi/khu-cong-nghiep.pl.html","source_reported","unverified_source","VN-CT","92","Cần Thơ","Can Tho","92","Cần Thơ","Can Tho","Invest Vietnam industrial-zone map","https://investvietnam.gov.vn/vi/khu-cong-nghiep.pl.html",2026-08-28
"investvietnam-426","426","Khu công nghiệp Trà Nóc 1","https://investvietnam.gov.vn/vi/kcn.pd/khu-cong-nghiep-tra-noc-1.html",105.708713,10.098531,TRUE,"Invest Vietnam map feed","https://investvietnam.gov.vn/vi/khu-cong-nghiep.pl.html","source_reported","unverified_source","VN-CT","92","Cần Thơ","Can Tho","92","Cần Thơ","Can Tho","Invest Vietnam industrial-zone map","https://investvietnam.gov.vn/vi/khu-cong-nghiep.pl.html",2026-08-28
"investvietnam-650","650","Becamex Bình Phước","https://investvietnam.gov.vn/vi/kcn.pd/becamex-binh-phuoc.html",106.6495013,11.4469062,TRUE,"OpenStreetMap","https://www.openstreetmap.org/way/790558235","unique_normalized_name_exact","high","VN-58","70","Bình Phước","Binh Phuoc","75","Đồng Nai","Dong Nai","Invest Vietnam industrial-zone map","https://investvietnam.gov.vn/vi/khu-cong-nghiep.pl.html",2026-08-28
"investvietnam-210","210","Chơn Thành 1","https://investvietnam.gov.vn/vi/kcn.pd/chon-thanh-1.html",,,FALSE,,,,,,,,,,,,"Invest Vietnam industrial-zone map","https://investvietnam.gov.vn/vi/khu-cong-nghiep.pl.html",2026-08-28
"investvietnam-623","623","CỤM CÔNG NGHIỆP HỒNG VIỆT","https://investvietnam.gov.vn/vi/kcn.pd/cum-cong-nghiep-hong-viet.html",,,FALSE,,,,,,,,,,,,"Invest Vietnam industrial-zone map","https://investvietnam.gov.vn/vi/khu-cong-nghiep.pl.html",2026-08-28
"investvietnam-872","872","Cụm công nghiệp huyện Đức Thọ","https://investvietnam.gov.vn/vi/kcn.pd/cum-cong-nghiep-huyen-duc-tho.html",,,FALSE,,,,,,,,,,,,"Invest Vietnam industrial-zone map","https://investvietnam.gov.vn/vi/khu-cong-nghiep.pl.html",2026-08-28
"investvietnam-921","921","Cụm công nghiệp Phước Vĩnh Đông 4","https://investvietnam.gov.vn/vi/kcn.pd/cum-cong-nghiep-phuoc-vinh-dong-4.html",,,FALSE,,,,,,,,,,,,"Invest Vietnam industrial-zone map","https://investvietnam.gov.vn/vi/khu-cong-nghiep.pl.html",2026-08-28
"investvietnam-624","624","CỤM CÔNG NGHIỆP TÂN THỊNH","https://investvietnam.gov.vn/vi/kcn.pd/cum-cong-nghiep-tan-thinh.html",,,FALSE,,,,,,,,,,,,"Invest Vietnam industrial-zone map","https://investvietnam.gov.vn/vi/khu-cong-nghiep.pl.html",2026-08-28
"investvietnam-868","868","Cụm Công nghiệp Tượng Lĩnh","https://investvietnam.gov.vn/vi/kcn.pd/cum-cong-nghiep-tuong-linh.html",,,FALSE,,,,,,,,,,,,"Invest Vietnam industrial-zone map","https://investvietnam.gov.vn/vi/khu-cong-nghiep.pl.html",2026-08-28
"investvietnam-95","95","KCN An Phú","https://investvietnam.gov.vn/vi/kcn.pd/kcn-an-phu.html",109.2845899,13.1323333,TRUE,"OpenStreetMap","https://www.openstreetmap.org/way/693435724","unique_normalized_name_exact","high","VN-32","54","Phú Yên","Phu Yen","66","Đắk Lắk","Dak Lak","Invest Vietnam industrial-zone map","https://investvietnam.gov.vn/vi/khu-cong-nghiep.pl.html",2026-08-28
"investvietnam-314","314","KCN Bắc Chu Lai","https://investvietnam.gov.vn/vi/kcn.pd/kcn-bac-chu-lai.html",,,FALSE,,,,,,,,,,,,"Invest Vietnam industrial-zone map","https://investvietnam.gov.vn/vi/khu-cong-nghiep.pl.html",2026-08-28
"investvietnam-51","51","KCN Bắc Vinh","https://investvietnam.gov.vn/vi/kcn.pd/nghe-an---kcn-bac-vinh.html",105.6542305,18.7068075,TRUE,"OpenStreetMap","https://www.openstreetmap.org/way/1183634222","unique_normalized_name_exact","high","VN-22","40","Nghệ An","Nghe An","40","Nghệ An","Nghe An","Invest Vietnam industrial-zone map","https://investvietnam.gov.vn/vi/khu-cong-nghiep.pl.html",2026-08-28
"investvietnam-49","49","KCN Bỉm Sơn A","https://investvietnam.gov.vn/vi/kcn.pd/thanh-hoa---kcn-bim-son-a.html",,,FALSE,,,,,,,,,,,,"Invest Vietnam industrial-zone map","https://investvietnam.gov.vn/vi/khu-cong-nghiep.pl.html",2026-08-28
"investvietnam-45","45","KCN Bỉm Sơn B","https://investvietnam.gov.vn/vi/kcn.pd/thanh-hoa---kcn-bim-son-b.html",105.8653486,20.0997473,TRUE,"OpenStreetMap","https://www.openstreetmap.org/way/641548815","unique_normalized_name_exact","high","VN-21","38","Thanh Hóa","Thanh Hoa","38","Thanh Hóa","Thanh Hoa","Invest Vietnam industrial-zone map","https://investvietnam.gov.vn/vi/khu-cong-nghiep.pl.html",2026-08-28
"investvietnam-33","33","KCN Bờ trái Sông Đà","https://investvietnam.gov.vn/vi/kcn.pd/hoa-binh---kcn-bo-trai-song-da.html",105.3301562,20.8289409,TRUE,"OpenStreetMap","https://www.openstreetmap.org/way/628713840","unique_normalized_name_exact","high","VN-14","17","Hòa Bình","Hoa Binh","25","Phú Thọ","Phu Tho","Invest Vietnam industrial-zone map","https://investvietnam.gov.vn/vi/khu-cong-nghiep.pl.html",2026-08-28
"investvietnam-635","635","KCN Cầu Treo","https://investvietnam.gov.vn/vi/kcn.pd/kcn-cau-treo.html",,,FALSE,,,,,,,,,,,,"Invest Vietnam industrial-zone map","https://investvietnam.gov.vn/vi/khu-cong-nghiep.pl.html",2026-08-28
"investvietnam-249","249","KCN Chân Mây – Lăng Cô","https://investvietnam.gov.vn/vi/kcn.pd/kcn-chan-may-–-lang-co.html",,,FALSE,,,,,,,,,,,,"Invest Vietnam industrial-zone map","https://investvietnam.gov.vn/vi/khu-cong-nghiep.pl.html",2026-08-28
"investvietnam-349","349","KCN Chế biến tập trung khoáng sản Titan Sông Bình","https://investvietnam.gov.vn/vi/kcn.pd/kcn-che-bien-tap-trung-khoang-san-titan-song-binh.html",,,FALSE,,,,,,,,,,,,"Invest Vietnam industrial-zone map","https://investvietnam.gov.vn/vi/khu-cong-nghiep.pl.html",2026-08-28
"investvietnam-12","12","KCN Cộng Hòa GĐ 2","https://investvietnam.gov.vn/vi/kcn.pd/hai-duong---kcn-cong-hoa-gd-2.html",,,FALSE,,,,,,,,,,,,"Invest Vietnam industrial-zone map","https://investvietnam.gov.vn/vi/khu-cong-nghiep.pl.html",2026-08-28
"investvietnam-52","52","KCN Cửa Lò","https://investvietnam.gov.vn/vi/kcn.pd/nghe-an---kcn-cua-lo.html",,,FALSE,,,,,,,,,,,,"Invest Vietnam industrial-zone map","https://investvietnam.gov.vn/vi/khu-cong-nghiep.pl.html",2026-08-28
"investvietnam-13","13","KCN Đại An mở rộng","https://investvietnam.gov.vn/vi/kcn.pd/hai-duong---kcn-dai-an-mo-rong.html",106.2522721,20.9268604,TRUE,"OpenStreetMap","https://www.openstreetmap.org/way/1157356621","unique_normalized_name_exact","high","VN-61","30","Hải Dương","Hai Duong","31","Hải Phòng","Hai Phong","Invest Vietnam industrial-zone map","https://investvietnam.gov.vn/vi/khu-cong-nghiep.pl.html",2026-08-28
"investvietnam-7","7","KCN Đại Đồng - Hoàng Sơn","https://investvietnam.gov.vn/vi/kcn.pd/bac-ninh---kcn-dai-dong---hoang-son.html",,,FALSE,,,,,,,,,,,,"Invest Vietnam industrial-zone map","https://investvietnam.gov.vn/vi/khu-cong-nghiep.pl.html",2026-08-28
"investvietnam-84","84","KCN Đại Hiệp","https://investvietnam.gov.vn/vi/kcn.pd/quang-nam---kcn-dai-hiep.html",,,FALSE,,,,,,,,,,,,"Invest Vietnam industrial-zone map","https://investvietnam.gov.vn/vi/khu-cong-nghiep.pl.html",2026-08-28
"investvietnam-99","99","KCN Đại Lào","https://investvietnam.gov.vn/vi/kcn.pd/lam-dong---kcn-dai-lao.html",,,FALSE,,,,,,,,,,,,"Invest Vietnam industrial-zone map","https://investvietnam.gov.vn/vi/khu-cong-nghiep.pl.html",2026-08-28
"investvietnam-254","254","KCN Dệt may Phố Nối","https://investvietnam.gov.vn/vi/kcn.pd/kcn-det-may-pho-noi.html",106.0732846,20.9219671,TRUE,"OpenStreetMap","https://www.openstreetmap.org/way/1308939939","unique_normalized_name_exact","high","VN-66","33","Hưng Yên","Hung Yen","33","Hưng Yên","Hung Yen","Invest Vietnam industrial-zone map","https://investvietnam.gov.vn/vi/khu-cong-nghiep.pl.html",2026-08-28
"investvietnam-252","252","KCN Điềm Thụy","https://investvietnam.gov.vn/vi/kcn.pd/kcn-diem-thuy.html",105.8913351,21.46543,TRUE,"OpenStreetMap","https://www.openstreetmap.org/way/595823815","unique_normalized_name_exact","high","VN-69","19","Thái Nguyên","Thai Nguyen","19","Thái Nguyên","Thai Nguyen","Invest Vietnam industrial-zone map","https://investvietnam.gov.vn/vi/khu-cong-nghiep.pl.html",2026-08-28
"investvietnam-83","83","KCN Điện Nam - Điện Ngọc","https://investvietnam.gov.vn/vi/kcn.pd/kcn-dien-nam---dien-ngoc.html",108.2674156,15.9343625,TRUE,"OpenStreetMap","https://www.openstreetmap.org/way/584942874","unique_normalized_name_exact","high","VN-27","49","Quảng Nam","Quang Nam","48","Đà Nẵng","Da Nang","Invest Vietnam industrial-zone map","https://investvietnam.gov.vn/vi/khu-cong-nghiep.pl.html",2026-08-28
"investvietnam-46","46","KCN Đình Hương - Tây Ga","https://investvietnam.gov.vn/vi/kcn.pd/thanh-hoa---kcn-dinh-huong---tay-ga.html",,,FALSE,,,,,,,,,,,,"Invest Vietnam industrial-zone map","https://investvietnam.gov.vn/vi/khu-cong-nghiep.pl.html",2026-08-28
"investvietnam-24","24","KCN Đình Trám","https://investvietnam.gov.vn/vi/kcn.pd/kcn-dinh-tram.html",106.1244961,21.2529704,TRUE,"OpenStreetMap","https://www.openstreetmap.org/way/597865634","unique_normalized_name_exact","high","VN-56","27","Bắc Ninh","Bac Ninh","24","Bắc Ninh","Bac Ninh","Invest Vietnam industrial-zone map","https://investvietnam.gov.vn/vi/khu-cong-nghiep.pl.html",2026-08-28
"investvietnam-94","94","KCN Đông Bắc Sông Cầu 1","https://investvietnam.gov.vn/vi/kcn.pd/kcn-dong-bac-song-cau-1.html",,,FALSE,,,,,,,,,,,,"Invest Vietnam industrial-zone map","https://investvietnam.gov.vn/vi/khu-cong-nghiep.pl.html",2026-08-28
"investvietnam-93","93","KCN Đông Bắc Sông Cầu 2","https://investvietnam.gov.vn/vi/kcn.pd/kcn-dong-bac-song-cau-2.html",,,FALSE,,,,,,,,,,,,"Invest Vietnam industrial-zone map","https://investvietnam.gov.vn/vi/khu-cong-nghiep.pl.html",2026-08-28
"investvietnam-92","92","KCN Đông Bắc Sông Cầu 3","https://investvietnam.gov.vn/vi/kcn.pd/phu-yen---kcn-dong-bac-song-cau-3.html",,,FALSE,,,,,,,,,,,,"Invest Vietnam industrial-zone map","https://investvietnam.gov.vn/vi/khu-cong-nghiep.pl.html",2026-08-28
"investvietnam-38","38","KCN Đông Phố Mới","https://investvietnam.gov.vn/vi/kcn.pd/lao-cai---kcn-dong-pho-moi.html",,,FALSE,,,,,,,,,,,,"Invest Vietnam industrial-zone map","https://investvietnam.gov.vn/vi/khu-cong-nghiep.pl.html",2026-08-28
"investvietnam-82","82","KCN Đông Quế Sơn","https://investvietnam.gov.vn/vi/kcn.pd/kcn-dong-que-son.html",108.342755,15.7771686,TRUE,"OpenStreetMap","https://www.openstreetmap.org/way/1448108749","unique_normalized_name_exact","high","VN-27","49","Quảng Nam","Quang Nam","48","Đà Nẵng","Da Nang","Invest Vietnam industrial-zone map","https://investvietnam.gov.vn/vi/khu-cong-nghiep.pl.html",2026-08-28
"investvietnam-80","80","KCN Đông Thăng Bình","https://investvietnam.gov.vn/vi/kcn.pd/quang-nam---kcn-dong-thang-binh.html",,,FALSE,,,,,,,,,,,,"Invest Vietnam industrial-zone map","https://investvietnam.gov.vn/vi/khu-cong-nghiep.pl.html",2026-08-28
"investvietnam-79","79","KCN Du Long","https://investvietnam.gov.vn/vi/kcn.pd/kcn-du-long.html",,,FALSE,,,,,,,,,,,,"Invest Vietnam industrial-zone map","https://investvietnam.gov.vn/vi/khu-cong-nghiep.pl.html",2026-08-28
"investvietnam-636","636","KCN Gia Lách","https://investvietnam.gov.vn/vi/kcn.pd/kcn-gia-lach.html",,,FALSE,,,,,,,,,,,,"Invest Vietnam industrial-zone map","https://investvietnam.gov.vn/vi/khu-cong-nghiep.pl.html",2026-08-28
"investvietnam-343","343","KCN Hàm Kiệm 1","https://investvietnam.gov.vn/vi/kcn.pd/kcn-ham-kiem-1.html",,,FALSE,,,,,,,,,,,,"Invest Vietnam industrial-zone map","https://investvietnam.gov.vn/vi/khu-cong-nghiep.pl.html",2026-08-28
"investvietnam-348","348","KCN Hàm Kiệm 2 - Bita's","https://investvietnam.gov.vn/vi/kcn.pd/kcn-ham-kiem-2---bitas.html",,,FALSE,,,,,,,,,,,,"Invest Vietnam industrial-zone map","https://investvietnam.gov.vn/vi/khu-cong-nghiep.pl.html",2026-08-28
"investvietnam-68","68","KCN Hàm Kiện II","https://investvietnam.gov.vn/vi/kcn.pd/kcn-ham-kien-ii.html",,,FALSE,,,,,,,,,,,,"Invest Vietnam industrial-zone map","https://investvietnam.gov.vn/vi/khu-cong-nghiep.pl.html",2026-08-28
"investvietnam-91","91","KCN Hòa Hiệp 1","https://investvietnam.gov.vn/vi/kcn.pd/kcn-hoa-hiep-1.html",,,FALSE,,,,,,,,,,,,"Invest Vietnam industrial-zone map","https://investvietnam.gov.vn/vi/khu-cong-nghiep.pl.html",2026-08-28
"investvietnam-90","90","KCN Hòa Hiệp 2","https://investvietnam.gov.vn/vi/kcn.pd/kcn-hoa-hiep-2.html",,,FALSE,,,,,,,,,,,,"Invest Vietnam industrial-zone map","https://investvietnam.gov.vn/vi/khu-cong-nghiep.pl.html",2026-08-28
"investvietnam-89","89","KCN Hòa Hiệp 3","https://investvietnam.gov.vn/vi/kcn.pd/phu-yen---kcn-hoa-hiep-3.html",,,FALSE,,,,,,,,,,,,"Invest Vietnam industrial-zone map","https://investvietnam.gov.vn/vi/khu-cong-nghiep.pl.html",2026-08-28
"investvietnam-64","64","KCN Hòa Hội","https://investvietnam.gov.vn/vi/kcn.pd/binh-dinh---kcn-hoa-hoi.html",,,FALSE,,,,,,,,,,,,"Invest Vietnam industrial-zone map","https://investvietnam.gov.vn/vi/khu-cong-nghiep.pl.html",2026-08-28
"investvietnam-74","74","KCN Hòa Khánh","https://investvietnam.gov.vn/vi/kcn.pd/kcn-hoa-khanh.html",108.1254111,16.0830528,TRUE,"OpenStreetMap","https://www.openstreetmap.org/relation/16032278","unique_normalized_name_exact","high","VN-DN","48","Đà Nẵng","Da Nang","48","Đà Nẵng","Da Nang","Invest Vietnam industrial-zone map","https://investvietnam.gov.vn/vi/khu-cong-nghiep.pl.html",2026-08-28
"investvietnam-54","54","KCN Hoàng Mai","https://investvietnam.gov.vn/vi/kcn.pd/kcn-hoang-mai.html",,,FALSE,,,,,,,,,,,,"Invest Vietnam industrial-zone map","https://investvietnam.gov.vn/vi/khu-cong-nghiep.pl.html",2026-08-28
"investvietnam-37","37","KCN Khu kinh tế cửa khẩu Lào Cai","https://investvietnam.gov.vn/vi/kcn.pd/lao-cai---kcn-khu-kinh-te-cua-khau-lao-cai.html",,,FALSE,,,,,,,,,,,,"Invest Vietnam industrial-zone map","https://investvietnam.gov.vn/vi/khu-cong-nghiep.pl.html",2026-08-28
"investvietnam-27","27","KCN khu kinh tế cửa khẩu Tà Lùng","https://investvietnam.gov.vn/vi/kcn.pd/cao-bang---kcn-khu-kinh-te-cua-khau-ta-lung.html",,,FALSE,,,,,,,,,,,,"Invest Vietnam industrial-zone map","https://investvietnam.gov.vn/vi/khu-cong-nghiep.pl.html",2026-08-28
"investvietnam-61","61","KCN Khu kinh tế Nhơn Hội","https://investvietnam.gov.vn/vi/kcn.pd/binh-dinh---kcn-khu-kinh-te-nhon-hoi.html",,,FALSE,,,,,,,,,,,,"Invest Vietnam industrial-zone map","https://investvietnam.gov.vn/vi/khu-cong-nghiep.pl.html",2026-08-28
"investvietnam-258","258","KCN Kim Động","https://investvietnam.gov.vn/vi/kcn.pd/kcn-kim-dong.html",,,FALSE,,,,,,,,,,,,"Invest Vietnam industrial-zone map","https://investvietnam.gov.vn/vi/khu-cong-nghiep.pl.html",2026-08-28
"investvietnam-15","15","KCN Kim Thành","https://investvietnam.gov.vn/vi/kcn.pd/hai-duong---kcn-kim-thanh.html",,,FALSE,,,,,,,,,,,,"Invest Vietnam industrial-zone map","https://investvietnam.gov.vn/vi/khu-cong-nghiep.pl.html",2026-08-28
"investvietnam-251","251","KCN La Sơn","https://investvietnam.gov.vn/vi/kcn.pd/kcn-la-son.html",,,FALSE,,,,,,,,,,,,"Invest Vietnam industrial-zone map","https://investvietnam.gov.vn/vi/khu-cong-nghiep.pl.html",2026-08-28
"investvietnam-28","28","KCN Lạc Thịnh","https://investvietnam.gov.vn/vi/kcn.pd/hoa-binh---kcn-lac-thinh.html",,,FALSE,,,,,,,,,,,,"Invest Vietnam industrial-zone map","https://investvietnam.gov.vn/vi/khu-cong-nghiep.pl.html",2026-08-28
"investvietnam-16","16","KCN Lai Vu","https://investvietnam.gov.vn/vi/kcn.pd/hai-duong---kcn-lai-vu.html",106.397238,20.9833519,TRUE,"OpenStreetMap","https://www.openstreetmap.org/way/733047147","unique_normalized_name_exact","high","VN-61","30","Hải Dương","Hai Duong","31","Hải Phòng","Hai Phong","Invest Vietnam industrial-zone map","https://investvietnam.gov.vn/vi/khu-cong-nghiep.pl.html",2026-08-28
"investvietnam-50","50","KCN Lễ Môn","https://investvietnam.gov.vn/vi/kcn.pd/thanh-hoa---kcn-le-mon.html",105.8136061,19.7816154,TRUE,"OpenStreetMap","https://www.openstreetmap.org/way/628789947","unique_normalized_name_exact","high","VN-21","38","Thanh Hóa","Thanh Hoa","38","Thanh Hóa","Thanh Hoa","Invest Vietnam industrial-zone map","https://investvietnam.gov.vn/vi/khu-cong-nghiep.pl.html",2026-08-28
"investvietnam-102","102","KCN Lộc Sơn","https://investvietnam.gov.vn/vi/kcn.pd/kcn-loc-son.html",107.8381384,11.5156969,TRUE,"OpenStreetMap","https://www.openstreetmap.org/way/729008638","unique_normalized_name_exact","high","VN-35","68","Lâm Đồng","Lam Dong","68","Lâm Đồng","Lam Dong","Invest Vietnam industrial-zone map","https://investvietnam.gov.vn/vi/khu-cong-nghiep.pl.html",2026-08-28
"investvietnam-579","579","KCN LONG ĐỨC","https://investvietnam.gov.vn/vi/kcn.pd/kcn-long-duc.html",,,FALSE,,,,,,,,,,,,"Invest Vietnam industrial-zone map","https://investvietnam.gov.vn/vi/khu-cong-nghiep.pl.html",2026-08-28
"investvietnam-63","63","KCN Long Mỹ","https://investvietnam.gov.vn/vi/kcn.pd/binh-dinh---kcn-long-my.html",,,FALSE,,,,,,,,,,,,"Invest Vietnam industrial-zone map","https://investvietnam.gov.vn/vi/khu-cong-nghiep.pl.html",2026-08-28
"investvietnam-36","36","KCN Lương Sơn","https://investvietnam.gov.vn/vi/kcn.pd/hoa-binh---kcn-luong-son.html",105.5447149,20.8859832,TRUE,"OpenStreetMap","https://www.openstreetmap.org/way/628712542","unique_normalized_name_exact","high","VN-14","17","Hòa Bình","Hoa Binh","25","Phú Thọ","Phu Tho","Invest Vietnam industrial-zone map","https://investvietnam.gov.vn/vi/khu-cong-nghiep.pl.html",2026-08-28
"investvietnam-42","42","KCN Mai Sơn","https://investvietnam.gov.vn/vi/kcn.pd/son-la---kcn-mai-son.html",,,FALSE,,,,,,,,,,,,"Invest Vietnam industrial-zone map","https://investvietnam.gov.vn/vi/khu-cong-nghiep.pl.html",2026-08-28
"investvietnam-256","256","KCN Minh Đức","https://investvietnam.gov.vn/vi/kcn.pd/kcn-minh-duc.html",106.1296568,20.9126221,TRUE,"OpenStreetMap","https://www.openstreetmap.org/way/598142077","unique_normalized_name_exact","high","VN-66","33","Hưng Yên","Hung Yen","33","Hưng Yên","Hung Yen","Invest Vietnam industrial-zone map","https://investvietnam.gov.vn/vi/khu-cong-nghiep.pl.html",2026-08-28
"investvietnam-259","259","KCN Minh Quang","https://investvietnam.gov.vn/vi/kcn.pd/kcn-minh-quang.html",106.1196501,20.9238565,TRUE,"OpenStreetMap","https://www.openstreetmap.org/way/1308941469","unique_normalized_name_exact","high","VN-66","33","Hưng Yên","Hung Yen","33","Hưng Yên","Hung Yen","Invest Vietnam industrial-zone map","https://investvietnam.gov.vn/vi/khu-cong-nghiep.pl.html",2026-08-28
"investvietnam-30","30","KCN Mông Hóa","https://investvietnam.gov.vn/vi/kcn.pd/hoa-binh---kcn-mong-hoa.html",105.4045849,20.9084326,TRUE,"OpenStreetMap","https://www.openstreetmap.org/way/630404556","unique_normalized_name_exact","high","VN-14","17","Hòa Bình","Hoa Binh","25","Phú Thọ","Phu Tho","Invest Vietnam industrial-zone map","https://investvietnam.gov.vn/vi/khu-cong-nghiep.pl.html",2026-08-28
"investvietnam-103","103","KCN Mỹ Phước 4 - Thới Hòa","https://investvietnam.gov.vn/vi/kcn.pd/binh-duong---kcn-my-phuoc-4---thoi-hoa.html",,,FALSE,,,,,,,,,,,,"Invest Vietnam industrial-zone map","https://investvietnam.gov.vn/vi/khu-cong-nghiep.pl.html",2026-08-28
"investvietnam-53","53","KCN Nam Cấm","https://investvietnam.gov.vn/vi/kcn.pd/kcn-nam-cam.html",,,FALSE,,,,,,,,,,,,"Invest Vietnam industrial-zone map","https://investvietnam.gov.vn/vi/khu-cong-nghiep.pl.html",2026-08-28
"investvietnam-56","56","KCN Nam Đông Hà","https://investvietnam.gov.vn/vi/kcn.pd/kcn-nam-dong-ha.html",107.1179668,16.792364,TRUE,"OpenStreetMap","https://www.openstreetmap.org/way/626442151","unique_normalized_name_exact","high","VN-25","45","Quảng Trị","Quang Tri","44","Quảng Trị","Quang Tri","Invest Vietnam industrial-zone map","https://investvietnam.gov.vn/vi/khu-cong-nghiep.pl.html",2026-08-28
"investvietnam-34","34","KCN Nam Lương Sơn","https://investvietnam.gov.vn/vi/kcn.pd/hoa-binh---kcn-nam-luong-son.html",,,FALSE,,,,,,,,,,,,"Invest Vietnam industrial-zone map","https://investvietnam.gov.vn/vi/khu-cong-nghiep.pl.html",2026-08-28
"investvietnam-14","14","KCN Nam Sách","https://investvietnam.gov.vn/vi/kcn.pd/hai-duong---kcn-nam-sach.html",106.3708569,20.9663975,TRUE,"OpenStreetMap","https://www.openstreetmap.org/way/1157356620","unique_normalized_name_exact","high","VN-61","30","Hải Dương","Hai Duong","31","Hải Phòng","Hai Phong","Invest Vietnam industrial-zone map","https://investvietnam.gov.vn/vi/khu-cong-nghiep.pl.html",2026-08-28
"investvietnam-62","62","KCN Nhơn Hòa","https://investvietnam.gov.vn/vi/kcn.pd/binh-dinh---kcn-nhon-hoa.html",109.0706151,13.841425,TRUE,"OpenStreetMap","https://www.openstreetmap.org/way/208546620","unique_normalized_name_exact","high","VN-31","52","Bình Định","Binh Dinh","52","Gia Lai","Gia Lai","Invest Vietnam industrial-zone map","https://investvietnam.gov.vn/vi/khu-cong-nghiep.pl.html",2026-08-28
"investvietnam-29","29","KCN Nhuận Trạch","https://investvietnam.gov.vn/vi/kcn.pd/hoa-binh---kcn-nhuan-trach.html",,,FALSE,,,,,,,,,,,,"Invest Vietnam industrial-zone map","https://investvietnam.gov.vn/vi/khu-cong-nghiep.pl.html",2026-08-28
"investvietnam-70","70","KCN Phan Thiết 1","https://investvietnam.gov.vn/vi/kcn.pd/kcn-phan-thiet-1.html",,,FALSE,,,,,,,,,,,,"Invest Vietnam industrial-zone map","https://investvietnam.gov.vn/vi/khu-cong-nghiep.pl.html",2026-08-28
"investvietnam-253","253","KCN Phố Nối A","https://investvietnam.gov.vn/vi/kcn.pd/kcn-pho-noi-a.html",,,FALSE,,,,,,,,,,,,"Invest Vietnam industrial-zone map","https://investvietnam.gov.vn/vi/khu-cong-nghiep.pl.html",2026-08-28
"investvietnam-87","87","KCN Phổ Phong","https://investvietnam.gov.vn/vi/kcn.pd/kcn-pho-phong.html",,,FALSE,,,,,,,,,,,,"Invest Vietnam industrial-zone map","https://investvietnam.gov.vn/vi/khu-cong-nghiep.pl.html",2026-08-28
"investvietnam-244","244","KCN Phong Điền","https://investvietnam.gov.vn/vi/kcn.pd/kcn-phong-dien.html",107.3820265,16.5896497,TRUE,"OpenStreetMap","https://www.openstreetmap.org/way/1434553935","unique_normalized_name_exact","high","VN-26","46","Thừa Thiên Huế","Thua Thien Hue","46","Huế","Hue","Invest Vietnam industrial-zone map","https://investvietnam.gov.vn/vi/khu-cong-nghiep.pl.html",2026-08-28
"investvietnam-245","245","KCN Phú Bài","https://investvietnam.gov.vn/vi/kcn.pd/kcn-phu-bai.html",107.6941687,16.3883143,TRUE,"OpenStreetMap","https://www.openstreetmap.org/way/626402291","unique_normalized_name_exact","high","VN-26","46","Thừa Thiên Huế","Thua Thien Hue","46","Huế","Hue","Invest Vietnam industrial-zone map","https://investvietnam.gov.vn/vi/khu-cong-nghiep.pl.html",2026-08-28
"investvietnam-246","246","KCN Phú Đa","https://investvietnam.gov.vn/vi/kcn.pd/kcn-phu-da.html",,,FALSE,,,,,,,,,,,,"Invest Vietnam industrial-zone map","https://investvietnam.gov.vn/vi/khu-cong-nghiep.pl.html",2026-08-28
"investvietnam-101","101","KCN Phú Hội","https://investvietnam.gov.vn/vi/kcn.pd/kcn-phu-hoi.html",108.3785176,11.6914379,TRUE,"OpenStreetMap","https://www.openstreetmap.org/way/729019544","unique_normalized_name_exact","high","VN-35","68","Lâm Đồng","Lam Dong","68","Lâm Đồng","Lam Dong","Invest Vietnam industrial-zone map","https://investvietnam.gov.vn/vi/khu-cong-nghiep.pl.html",2026-08-28
"investvietnam-65","65","KCN Phú Tài","https://investvietnam.gov.vn/vi/kcn.pd/binh-dinh---kcn-phu-tai.html",,,FALSE,,,,,,,,,,,,"Invest Vietnam industrial-zone map","https://investvietnam.gov.vn/vi/khu-cong-nghiep.pl.html",2026-08-28
"investvietnam-23","23","KCN Quang Châu","https://investvietnam.gov.vn/vi/kcn.pd/kcn-quang-chau.html",106.1138744,21.2226401,TRUE,"OpenStreetMap","https://www.openstreetmap.org/way/806896214","unique_normalized_name_exact","high","VN-56","27","Bắc Ninh","Bac Ninh","24","Bắc Ninh","Bac Ninh","Invest Vietnam industrial-zone map","https://investvietnam.gov.vn/vi/khu-cong-nghiep.pl.html",2026-08-28
"investvietnam-261","261","KCN Quảng Phú","https://investvietnam.gov.vn/vi/kcn.pd/kcn-quang-phu.html",,,FALSE,,,,,,,,,,,,"Invest Vietnam industrial-zone map","https://investvietnam.gov.vn/vi/khu-cong-nghiep.pl.html",2026-08-28
"investvietnam-247","247","KCN Quảng Vinh","https://investvietnam.gov.vn/vi/kcn.pd/kcn-quang-vinh.html",,,FALSE,,,,,,,,,,,,"Invest Vietnam industrial-zone map","https://investvietnam.gov.vn/vi/khu-cong-nghiep.pl.html",2026-08-28
"investvietnam-43","43","KCN Quyết Thắng","https://investvietnam.gov.vn/vi/kcn.pd/thai-nguyen---kcn-quyet-thang.html",,,FALSE,,,,,,,,,,,,"Invest Vietnam industrial-zone map","https://investvietnam.gov.vn/vi/khu-cong-nghiep.pl.html",2026-08-28
"investvietnam-21","21","Kcn Song khê - Nội hoàng mở rộng","https://investvietnam.gov.vn/vi/kcn.pd/kcn-song-khe---noi-hoang-mo-rong.html",,,FALSE,,,,,,,,,,,,"Invest Vietnam industrial-zone map","https://investvietnam.gov.vn/vi/khu-cong-nghiep.pl.html",2026-08-28
"investvietnam-78","78","KCN Suối Dầu","https://investvietnam.gov.vn/vi/kcn.pd/kcn-suoi-dau.html",109.0691307,12.150011,TRUE,"OpenStreetMap","https://www.openstreetmap.org/way/475148361","unique_normalized_name_exact","high","VN-34","56","Khánh Hòa","Khanh Hoa","56","Khánh Hòa","Khanh Hoa","Invest Vietnam industrial-zone map","https://investvietnam.gov.vn/vi/khu-cong-nghiep.pl.html",2026-08-28
"investvietnam-339","339","KCN Tam Hiệp","https://investvietnam.gov.vn/vi/kcn.pd/kcn-tam-hiep.html",,,FALSE,,,,,,,,,,,,"Invest Vietnam industrial-zone map","https://investvietnam.gov.vn/vi/khu-cong-nghiep.pl.html",2026-08-28
"investvietnam-39","39","KCN Tam Nông","https://investvietnam.gov.vn/vi/kcn.pd/phu-tho---kcn-tam-nong.html",,,FALSE,,,,,,,,,,,,"Invest Vietnam industrial-zone map","https://investvietnam.gov.vn/vi/khu-cong-nghiep.pl.html",2026-08-28
"investvietnam-97","97","KCN Tâm Thắng","https://investvietnam.gov.vn/vi/kcn.pd/kcn-tam-thang.html",,,FALSE,,,,,,,,,,,,"Invest Vietnam industrial-zone map","https://investvietnam.gov.vn/vi/khu-cong-nghiep.pl.html",2026-08-28
"investvietnam-98","98","KCN Tân Phú","https://investvietnam.gov.vn/vi/kcn.pd/lam-dong---kcn-tan-phu.html",,,FALSE,,,,,,,,,,,,"Invest Vietnam industrial-zone map","https://investvietnam.gov.vn/vi/khu-cong-nghiep.pl.html",2026-08-28
"investvietnam-923","923","KCN Tân Phú Trung","https://investvietnam.gov.vn/vi/kcn.pd/kcn-tan-phu-trung.html",106.5393492,10.923588,TRUE,"OpenStreetMap","https://www.openstreetmap.org/way/1548525579","unique_normalized_name_exact","high","VN-SG","79","Thành phố Hồ Chí Minh","Ho Chi Minh City","79","Thành phố Hồ Chí Minh","Ho Chi Minh City","Invest Vietnam industrial-zone map","https://investvietnam.gov.vn/vi/khu-cong-nghiep.pl.html",2026-08-28
"investvietnam-17","17","KCN Tân Trường","https://investvietnam.gov.vn/vi/kcn.pd/hai-duong---kcn-tan-truong.html",106.2278551,20.9277272,TRUE,"OpenStreetMap","https://www.openstreetmap.org/way/597911424","unique_normalized_name_exact","high","VN-61","30","Hải Dương","Hai Duong","31","Hải Phòng","Hai Phong","Invest Vietnam industrial-zone map","https://investvietnam.gov.vn/vi/khu-cong-nghiep.pl.html",2026-08-28
"investvietnam-255","255","KCN Thăng Long II","https://investvietnam.gov.vn/vi/kcn.pd/kcn-thang-long-ii.html",106.0752586,20.913516,TRUE,"OpenStreetMap","https://www.openstreetmap.org/way/633668122","unique_normalized_name_exact","high","VN-66","33","Hưng Yên","Hung Yen","33","Hưng Yên","Hung Yen","Invest Vietnam industrial-zone map","https://investvietnam.gov.vn/vi/khu-cong-nghiep.pl.html",2026-08-28
"investvietnam-31","31","KCN Thanh Hà","https://investvietnam.gov.vn/vi/kcn.pd/hoa-binh---kcn-thanh-ha.html",,,FALSE,,,,,,,,,,,,"Invest Vietnam industrial-zone map","https://investvietnam.gov.vn/vi/khu-cong-nghiep.pl.html",2026-08-28
"investvietnam-10","10","KCN Thuận Thành 3","https://investvietnam.gov.vn/vi/kcn.pd/bac-ninh---kcn-thuan-thanh-3.html",106.0569091,21.0423155,TRUE,"OpenStreetMap","https://www.openstreetmap.org/way/1119170923","unique_normalized_name_exact","high","VN-56","27","Bắc Ninh","Bac Ninh","24","Bắc Ninh","Bac Ninh","Invest Vietnam industrial-zone map","https://investvietnam.gov.vn/vi/khu-cong-nghiep.pl.html",2026-08-28
"investvietnam-85","85","KCN Thuận Yên","https://investvietnam.gov.vn/vi/kcn.pd/kcn-thuan-yen.html",,,FALSE,,,,,,,,,,,,"Invest Vietnam industrial-zone map","https://investvietnam.gov.vn/vi/khu-cong-nghiep.pl.html",2026-08-28
"investvietnam-41","41","KCN Thụy Vân","https://investvietnam.gov.vn/vi/kcn.pd/phu-tho---kcn-thuy-van.html",105.3429864,21.3379111,TRUE,"OpenStreetMap","https://www.openstreetmap.org/way/631678334","unique_normalized_name_exact","high","VN-68","25","Phú Thọ","Phu Tho","25","Phú Thọ","Phu Tho","Invest Vietnam industrial-zone map","https://investvietnam.gov.vn/vi/khu-cong-nghiep.pl.html",2026-08-28
"investvietnam-260","260","KCN Tịnh Phong","https://investvietnam.gov.vn/vi/kcn.pd/kcn-tinh-phong.html",108.7971667,15.1969833,TRUE,"OpenStreetMap","https://www.openstreetmap.org/way/521222160","unique_normalized_name_exact","high","VN-29","51","Quảng Ngãi","Quang Ngai","51","Quảng Ngãi","Quang Ngai","Invest Vietnam industrial-zone map","https://investvietnam.gov.vn/vi/khu-cong-nghiep.pl.html",2026-08-28
"investvietnam-81","81","KCN Trảng Nhật","https://investvietnam.gov.vn/vi/kcn.pd/quang-nam---kcn-trang-nhat.html",,,FALSE,,,,,,,,,,,,"Invest Vietnam industrial-zone map","https://investvietnam.gov.vn/vi/khu-cong-nghiep.pl.html",2026-08-28
"investvietnam-40","40","KCN Trung Hà","https://investvietnam.gov.vn/vi/kcn.pd/phu-tho---kcn-trung-ha.html",105.3311642,21.2362378,TRUE,"OpenStreetMap","https://www.openstreetmap.org/way/1056385990","unique_normalized_name_exact","high","VN-68","25","Phú Thọ","Phu Tho","25","Phú Thọ","Phu Tho","Invest Vietnam industrial-zone map","https://investvietnam.gov.vn/vi/khu-cong-nghiep.pl.html",2026-08-28
"investvietnam-248","248","KCN Tứ Hạ","https://investvietnam.gov.vn/vi/kcn.pd/kcn-tu-ha.html",,,FALSE,,,,,,,,,,,,"Invest Vietnam industrial-zone map","https://investvietnam.gov.vn/vi/khu-cong-nghiep.pl.html",2026-08-28
"investvietnam-19","19","KCN Việt Hàn","https://investvietnam.gov.vn/vi/kcn.pd/kcn-viet-han.html",106.1462518,21.2553578,TRUE,"OpenStreetMap","https://www.openstreetmap.org/way/897187625","unique_normalized_name_exact","high","VN-54","24","Bắc Giang","Bac Giang","24","Bắc Ninh","Bac Ninh","Invest Vietnam industrial-zone map","https://investvietnam.gov.vn/vi/khu-cong-nghiep.pl.html",2026-08-28
"investvietnam-18","18","KCN Việt Hàn mở rộng","https://investvietnam.gov.vn/vi/kcn.pd/bac-giang---kcn-viet-han-mo-rong.html",,,FALSE,,,,,,,,,,,,"Invest Vietnam industrial-zone map","https://investvietnam.gov.vn/vi/khu-cong-nghiep.pl.html",2026-08-28
"investvietnam-4","4","KCN Việt Nam - Nhật Bản 1","https://investvietnam.gov.vn/vi/kcn.pd/kcn-viet-nam---nhat-ban-1.html",,,FALSE,,,,,,,,,,,,"Invest Vietnam industrial-zone map","https://investvietnam.gov.vn/vi/khu-cong-nghiep.pl.html",2026-08-28
"investvietnam-637","637","KCN Vũng Áng I","https://investvietnam.gov.vn/vi/kcn.pd/kcn-vung-ang-i.html",,,FALSE,,,,,,,,,,,,"Invest Vietnam industrial-zone map","https://investvietnam.gov.vn/vi/khu-cong-nghiep.pl.html",2026-08-28
"investvietnam-257","257","KCN Yên Mỹ II","https://investvietnam.gov.vn/vi/kcn.pd/kcn-yen-my-ii.html",106.0432687,20.8741249,TRUE,"OpenStreetMap","https://www.openstreetmap.org/way/736768941","unique_normalized_name_exact","high","VN-66","33","Hưng Yên","Hung Yen","33","Hưng Yên","Hung Yen","Invest Vietnam industrial-zone map","https://investvietnam.gov.vn/vi/khu-cong-nghiep.pl.html",2026-08-28
"investvietnam-32","32","KCN Yên Quang","https://investvietnam.gov.vn/vi/kcn.pd/hoa-binh---kcn-yen-quang.html",,,FALSE,,,,,,,,,,,,"Invest Vietnam industrial-zone map","https://investvietnam.gov.vn/vi/khu-cong-nghiep.pl.html",2026-08-28
"investvietnam-876","876","Khu công nghệ VSIP Nghệ An II","https://investvietnam.gov.vn/vi/kcn.pd/khu-cong-nghe-vsip-nghe-an-ii.html",,,FALSE,,,,,,,,,,,,"Invest Vietnam industrial-zone map","https://investvietnam.gov.vn/vi/khu-cong-nghiep.pl.html",2026-08-28
"investvietnam-622","622","KHU CÔNG NGHIỆP AMBER YÊN QUANG","https://investvietnam.gov.vn/vi/kcn.pd/khu-cong-nghiep-amber-yen-quang.html",,,FALSE,,,,,,,,,,,,"Invest Vietnam industrial-zone map","https://investvietnam.gov.vn/vi/khu-cong-nghiep.pl.html",2026-08-28
"investvietnam-600","600","Khu công nghiệp An Định","https://investvietnam.gov.vn/vi/kcn.pd/khu-cong-nghiep-an-dinh.html",,,FALSE,,,,,,,,,,,,"Invest Vietnam industrial-zone map","https://investvietnam.gov.vn/vi/khu-cong-nghiep.pl.html",2026-08-28
"investvietnam-730","730","Khu công nghiệp An Hiệp","https://investvietnam.gov.vn/vi/kcn.pd/khu-cong-nghiep-an-hiep.html",106.2827195,10.2704233,TRUE,"OpenStreetMap","https://www.openstreetmap.org/way/1041311775","unique_normalized_name_exact","high","VN-50","83","Bến Tre","Ben Tre","86","Vĩnh Long","Vinh Long","Invest Vietnam industrial-zone map","https://investvietnam.gov.vn/vi/khu-cong-nghiep.pl.html",2026-08-28
"investvietnam-652","652","Khu công nghiệp An Nghiệp","https://investvietnam.gov.vn/vi/kcn.pd/khu-cong-nghiep-an-nghiep.html",105.9567074,9.6439049,TRUE,"OpenStreetMap","https://www.openstreetmap.org/way/877467451","unique_normalized_name_exact","high","VN-52","94","Sóc Trăng","Soc Trang","92","Cần Thơ","Can Tho","Invest Vietnam industrial-zone map","https://investvietnam.gov.vn/vi/khu-cong-nghiep.pl.html",2026-08-28
"investvietnam-705","705","Khu công nghiệp An Nghiệp","https://investvietnam.gov.vn/vi/kcn.pd/khu-cong-nghiep-an-nghiep-1.html",105.9567074,9.6439049,TRUE,"OpenStreetMap","https://www.openstreetmap.org/way/877467451","unique_normalized_name_exact","high","VN-52","94","Sóc Trăng","Soc Trang","92","Cần Thơ","Can Tho","Invest Vietnam industrial-zone map","https://investvietnam.gov.vn/vi/khu-cong-nghiep.pl.html",2026-08-28
"investvietnam-553","553","Khu công nghiệp Âu Lâu","https://investvietnam.gov.vn/vi/kcn.pd/khu-cong-nghiep-au-lau.html",,,FALSE,,,,,,,,,,,,"Invest Vietnam industrial-zone map","https://investvietnam.gov.vn/vi/khu-cong-nghiep.pl.html",2026-08-28
"investvietnam-738","738","Khu công nghiệp Bá Thiện I","https://investvietnam.gov.vn/vi/kcn.pd/khu-cong-nghiep-ba-thien-i-2.html",,,FALSE,,,,,,,,,,,,"Invest Vietnam industrial-zone map","https://investvietnam.gov.vn/vi/khu-cong-nghiep.pl.html",2026-08-28
"investvietnam-504","504","KHU CÔNG NGHIỆP BÁ THIỆN I","https://investvietnam.gov.vn/vi/kcn.pd/khu-cong-nghiep-ba-thien-i.html",,,FALSE,,,,,,,,,,,,"Invest Vietnam industrial-zone map","https://investvietnam.gov.vn/vi/khu-cong-nghiep.pl.html",2026-08-28
"investvietnam-752","752","Khu công nghiệp Bá Thiện II","https://investvietnam.gov.vn/vi/kcn.pd/khu-cong-nghiep-ba-thien-ii.html",105.6751724,21.3435011,TRUE,"OpenStreetMap","https://www.openstreetmap.org/way/596051687","unique_normalized_name_exact","high","VN-70","26","Vĩnh Phúc","Vinh Phuc","25","Phú Thọ","Phu Tho","Invest Vietnam industrial-zone map","https://investvietnam.gov.vn/vi/khu-cong-nghiep.pl.html",2026-08-28
"investvietnam-209","209","Khu công nghiệp Bắc Đồng Phú","https://investvietnam.gov.vn/vi/kcn.pd/khu-cong-nghiep-bac-dong-phu.html",106.878623,11.4768853,TRUE,"OpenStreetMap","https://www.openstreetmap.org/way/1462512216","unique_normalized_name_exact","high","VN-58","70","Bình Phước","Binh Phuoc","75","Đồng Nai","Dong Nai","Invest Vietnam industrial-zone map","https://investvietnam.gov.vn/vi/khu-cong-nghiep.pl.html",2026-08-28
"investvietnam-619","619","KHU CÔNG NGHIỆP BẢO MINH","https://investvietnam.gov.vn/vi/kcn.pd/khu-cong-nghiep-bao-minh-1.html",106.1069842,20.351473,TRUE,"OpenStreetMap","https://www.openstreetmap.org/way/337216625","unique_normalized_name_exact","high","VN-67","36","Nam Định","Nam Dinh","37","Ninh Bình","Ninh Binh","Invest Vietnam industrial-zone map","https://investvietnam.gov.vn/vi/khu-cong-nghiep.pl.html",2026-08-28
"investvietnam-590","590","Khu Công nghiệp Becamex Bình Định","https://investvietnam.gov.vn/vi/kcn.pd/khu-cong-nghiep-becamex-binh-dinh.html",109.0769994,13.7407059,TRUE,"OpenStreetMap","https://www.openstreetmap.org/way/1311569468","unique_normalized_name_exact","high","VN-31","52","Bình Định","Binh Dinh","52","Gia Lai","Gia Lai","Invest Vietnam industrial-zone map","https://investvietnam.gov.vn/vi/khu-cong-nghiep.pl.html",2026-08-28
"investvietnam-722","722","Khu công nghiệp Bình Hoà","https://investvietnam.gov.vn/vi/kcn.pd/khu-cong-nghiep-binh-hoa.html",,,FALSE,,,,,,,,,,,,"Invest Vietnam industrial-zone map","https://investvietnam.gov.vn/vi/khu-cong-nghiep.pl.html",2026-08-28
"investvietnam-729","729","Khu công nghiệp Bình Hòa","https://investvietnam.gov.vn/vi/kcn.pd/khu-cong-nghiep-binh-hoa-1.html",,,FALSE,,,,,,,,,,,,"Invest Vietnam industrial-zone map","https://investvietnam.gov.vn/vi/khu-cong-nghiep.pl.html",2026-08-28
"investvietnam-721","721","Khu công nghiệp Bình Long","https://investvietnam.gov.vn/vi/kcn.pd/khu-cong-nghiep-binh-long.html",,,FALSE,,,,,,,,,,,,"Invest Vietnam industrial-zone map","https://investvietnam.gov.vn/vi/khu-cong-nghiep.pl.html",2026-08-28
"investvietnam-727","727","Khu công nghiệp Bình Minh","https://investvietnam.gov.vn/vi/kcn.pd/khu-cong-nghiep-binh-minh-1.html",105.8227428,10.034553,TRUE,"OpenStreetMap","https://www.openstreetmap.org/way/734940044","unique_normalized_name_exact","high","VN-49","86","Vĩnh Long","Vinh Long","86","Vĩnh Long","Vinh Long","Invest Vietnam industrial-zone map","https://investvietnam.gov.vn/vi/khu-cong-nghiep.pl.html",2026-08-28
"investvietnam-846","846","Khu công nghiệp Bình Phú","https://investvietnam.gov.vn/vi/kcn.pd/khu-cong-nghiep-binh-phu.html",,,FALSE,,,,,,,,,,,,"Invest Vietnam industrial-zone map","https://investvietnam.gov.vn/vi/khu-cong-nghiep.pl.html",2026-08-28
"investvietnam-597","597","Khu công nghiệp Bình Tân","https://investvietnam.gov.vn/vi/kcn.pd/khu-cong-nghiep-binh-tan.html",,,FALSE,,,,,,,,,,,,"Invest Vietnam industrial-zone map","https://investvietnam.gov.vn/vi/khu-cong-nghiep.pl.html",2026-08-28
"investvietnam-732","732","KHU CÔNG NGHIỆP BÌNH VÀNG","https://investvietnam.gov.vn/vi/kcn.pd/khu-cong-nghiep-binh-vang.html",104.9753454,22.7083594,TRUE,"OpenStreetMap","https://www.openstreetmap.org/way/1417711908","unique_normalized_name_exact","high","VN-03","02","Hà Giang","Ha Giang","08","Tuyên Quang","Tuyen Quang","Invest Vietnam industrial-zone map","https://investvietnam.gov.vn/vi/khu-cong-nghiep.pl.html",2026-08-28
"investvietnam-767","767","Khu công nghiệp Bình Xuyên","https://investvietnam.gov.vn/vi/kcn.pd/khu-cong-nghiep-binh-xuyen-2.html",105.6705822,21.2596208,TRUE,"OpenStreetMap","https://www.openstreetmap.org/way/596051727","unique_normalized_name_exact","high","VN-70","26","Vĩnh Phúc","Vinh Phuc","25","Phú Thọ","Phu Tho","Invest Vietnam industrial-zone map","https://investvietnam.gov.vn/vi/khu-cong-nghiep.pl.html",2026-08-28
"investvietnam-775","775","Khu công nghiệp Bình Xuyên II","https://investvietnam.gov.vn/vi/kcn.pd/khu-cong-nghiep-binh-xuyen-ii-1.html",105.6748294,21.3059886,TRUE,"OpenStreetMap","https://www.openstreetmap.org/way/596051697","unique_normalized_name_exact","high","VN-70","26","Vĩnh Phúc","Vinh Phuc","25","Phú Thọ","Phu Tho","Invest Vietnam industrial-zone map","https://investvietnam.gov.vn/vi/khu-cong-nghiep.pl.html",2026-08-28
"investvietnam-847","847","Khu công nghiệp Bờ Trái Sông Đà","https://investvietnam.gov.vn/vi/kcn.pd/khu-cong-nghiep-bo-trai-song-da.html",105.3301562,20.8289409,TRUE,"OpenStreetMap","https://www.openstreetmap.org/way/628713840","unique_normalized_name_exact","high","VN-14","17","Hòa Bình","Hoa Binh","25","Phú Thọ","Phu Tho","Invest Vietnam industrial-zone map","https://investvietnam.gov.vn/vi/khu-cong-nghiep.pl.html",2026-08-28
"investvietnam-715","715","Khu công nghiệp Cái Mép","https://investvietnam.gov.vn/vi/kcn.pd/khu-cong-nghiep-cai-mep.html",,,FALSE,,,,,,,,,,,,"Invest Vietnam industrial-zone map","https://investvietnam.gov.vn/vi/khu-cong-nghiep.pl.html",2026-08-28
"investvietnam-733","733","KHU CÔNG NGHIỆP CẨM KHÊ","https://investvietnam.gov.vn/vi/kcn.pd/khu-cong-nghiep-cam-khe.html",105.110741,21.4355696,TRUE,"OpenStreetMap","https://www.openstreetmap.org/way/1462470343","unique_normalized_name_exact","high","VN-68","25","Phú Thọ","Phu Tho","25","Phú Thọ","Phu Tho","Invest Vietnam industrial-zone map","https://investvietnam.gov.vn/vi/khu-cong-nghiep.pl.html",2026-08-28
"investvietnam-760","760","Khu Công nghiệp Cảng Chu Lai","https://investvietnam.gov.vn/vi/kcn.pd/khu-cong-nghiep-cang-chu-lai.html",,,FALSE,,,,,,,,,,,,"Invest Vietnam industrial-zone map","https://investvietnam.gov.vn/vi/khu-cong-nghiep.pl.html",2026-08-28
"investvietnam-762","762","Khu Công nghiệp Cảng Tâm Hiệp","https://investvietnam.gov.vn/vi/kcn.pd/khu-cong-nghiep-cang-tam-hiep.html",,,FALSE,,,,,,,,,,,,"Invest Vietnam industrial-zone map","https://investvietnam.gov.vn/vi/khu-cong-nghiep.pl.html",2026-08-28
"investvietnam-621","621","KHU CÔNG NGHIỆP CẦU NGHÌN","https://investvietnam.gov.vn/vi/kcn.pd/khu-cong-nghiep-cau-nghin-1.html",106.4385558,20.6531993,TRUE,"OpenStreetMap","https://www.openstreetmap.org/way/916474171","unique_normalized_name_exact","high","VN-20","34","Thái Bình","Thai Binh","33","Hưng Yên","Hung Yen","Invest Vietnam industrial-zone map","https://investvietnam.gov.vn/vi/khu-cong-nghiep.pl.html",2026-08-28
"investvietnam-229","229","Khu công nghiệp Châu Đức","https://investvietnam.gov.vn/vi/kcn.pd/khu-cong-nghiep-chau-duc-3.html",,,FALSE,,,,,,,,,,,,"Invest Vietnam industrial-zone map","https://investvietnam.gov.vn/vi/khu-cong-nghiep.pl.html",2026-08-28
"investvietnam-765","765","Khu Công nghiệp Chu Lai - Trường Hải","https://investvietnam.gov.vn/vi/kcn.pd/khu-cong-nghiep-chu-lai---truong-hai.html",,,FALSE,,,,,,,,,,,,"Invest Vietnam industrial-zone map","https://investvietnam.gov.vn/vi/khu-cong-nghiep.pl.html",2026-08-28
"investvietnam-734","734","KHU CÔNG NGHIỆP CHU TRINH","https://investvietnam.gov.vn/vi/kcn.pd/khu-cong-nghiep-chu-trinh.html",106.3034088,22.590685,TRUE,"OpenStreetMap","https://www.openstreetmap.org/way/1487151130","unique_normalized_name_exact","high","VN-04","04","Cao Bằng","Cao Bang","04","Cao Bằng","Cao Bang","Invest Vietnam industrial-zone map","https://investvietnam.gov.vn/vi/khu-cong-nghiep.pl.html",2026-08-28
"investvietnam-222","222","Khu công nghiệp Dầu Giây","https://investvietnam.gov.vn/vi/kcn.pd/khu-cong-nghiep-dau-giay.html",107.1466168,10.9206571,TRUE,"OpenStreetMap","https://www.openstreetmap.org/way/631548585","unique_normalized_name_exact","high","VN-39","75","Đồng Nai","Dong Nai","75","Đồng Nai","Dong Nai","Invest Vietnam industrial-zone map","https://investvietnam.gov.vn/vi/khu-cong-nghiep.pl.html",2026-08-28
"investvietnam-735","735","KHU CÔNG NGHIỆP ĐỀ THÁM","https://investvietnam.gov.vn/vi/kcn.pd/khu-cong-nghiep-de-tham.html",,,FALSE,,,,,,,,,,,,"Invest Vietnam industrial-zone map","https://investvietnam.gov.vn/vi/khu-cong-nghiep.pl.html",2026-08-28
"investvietnam-615","615","KHU CÔNG NGHIỆP DEEP C HẢI PHÒNG","https://investvietnam.gov.vn/vi/kcn.pd/khu-cong-nghiep-deep-c-hai-phong.html",,,FALSE,,,,,,,,,,,,"Invest Vietnam industrial-zone map","https://investvietnam.gov.vn/vi/khu-cong-nghiep.pl.html",2026-08-28
"investvietnam-699","699","Khu công nghiệp Dịch vụ dầu khí Soài Rạp","https://investvietnam.gov.vn/vi/kcn.pd/khu-cong-nghiep-dich-vu-dau-khi-soai-rap.html",,,FALSE,,,,,,,,,,,,"Invest Vietnam industrial-zone map","https://investvietnam.gov.vn/vi/khu-cong-nghiep.pl.html",2026-08-28
"investvietnam-498","498","Khu công nghiệp Dịch vụ thủy sản Đà Nẵng","https://investvietnam.gov.vn/vi/kcn.pd/khu-cong-nghiep-dich-vu-thuy-san-da-nang.html",,,FALSE,,,,,,,,,,,,"Invest Vietnam industrial-zone map","https://investvietnam.gov.vn/vi/khu-cong-nghiep.pl.html",2026-08-28
"investvietnam-234","234","Khu công nghiệp Điềm Thụy A","https://investvietnam.gov.vn/vi/kcn.pd/khu-cong-nghiep-diem-thuy-a.html",,,FALSE,,,,,,,,,,,,"Invest Vietnam industrial-zone map","https://investvietnam.gov.vn/vi/khu-cong-nghiep.pl.html",2026-08-28
"investvietnam-819","819","KHU CÔNG NGHIỆP ĐỒNG BÀNH","https://investvietnam.gov.vn/vi/kcn.pd/khu-cong-nghiep-dong-banh.html",,,FALSE,,,,,,,,,,,,"Invest Vietnam industrial-zone map","https://investvietnam.gov.vn/vi/khu-cong-nghiep.pl.html",2026-08-28
"investvietnam-598","598","Khu công nghiệp Đông Bình","https://investvietnam.gov.vn/vi/kcn.pd/khu-cong-nghiep-dong-binh.html",,,FALSE,,,,,,,,,,,,"Invest Vietnam industrial-zone map","https://investvietnam.gov.vn/vi/khu-cong-nghiep.pl.html",2026-08-28
"investvietnam-431","431","Khu Công nghiệp Đông Hồi","https://investvietnam.gov.vn/vi/kcn.pd/khu-cong-nghiep-dong-hoi.html",,,FALSE,,,,,,,,,,,,"Invest Vietnam industrial-zone map","https://investvietnam.gov.vn/vi/khu-cong-nghiep.pl.html",2026-08-28
"investvietnam-569","569","Khu công nghiệp Đông Nam","https://investvietnam.gov.vn/vi/kcn.pd/khu-cong-nghiep-dong-nam.html",,,FALSE,,,,,,,,,,,,"Invest Vietnam industrial-zone map","https://investvietnam.gov.vn/vi/khu-cong-nghiep.pl.html",2026-08-28
"investvietnam-788","788","Khu công nghiệp Đông Phố Mới","https://investvietnam.gov.vn/vi/kcn.pd/khu-cong-nghiep-dong-pho-moi.html",,,FALSE,,,,,,,,,,,,"Invest Vietnam industrial-zone map","https://investvietnam.gov.vn/vi/khu-cong-nghiep.pl.html",2026-08-28
"investvietnam-778","778","Khu công nghiệp Đồng Sóc","https://investvietnam.gov.vn/vi/kcn.pd/khu-cong-nghiep-dong-soc.html",105.5238009,21.2203479,TRUE,"OpenStreetMap","https://www.openstreetmap.org/way/1194204001","unique_normalized_name_exact","high","VN-70","26","Vĩnh Phúc","Vinh Phuc","25","Phú Thọ","Phu Tho","Invest Vietnam industrial-zone map","https://investvietnam.gov.vn/vi/khu-cong-nghiep.pl.html",2026-08-28
"investvietnam-718","718","KHU CÔNG NGHIỆP ĐÔNG XUYÊN","https://investvietnam.gov.vn/vi/kcn.pd/khu-cong-nghiep-dong-xuyen.html",107.1119846,10.4039701,TRUE,"OpenStreetMap","https://www.openstreetmap.org/way/743811856","unique_normalized_name_exact","high","VN-43","77","Bà Rịa–Vũng Tàu","Ba Ria-Vung Tau","79","Thành phố Hồ Chí Minh","Ho Chi Minh City","Invest Vietnam industrial-zone map","https://investvietnam.gov.vn/vi/khu-cong-nghiep.pl.html",2026-08-28
"investvietnam-691","691","Khu công nghiệp Đức Hòa III – Hồng Đất","https://investvietnam.gov.vn/vi/kcn.pd/khu-cong-nghiep-duc-hoa-iii-–-hong-dat.html",,,FALSE,,,,,,,,,,,,"Invest Vietnam industrial-zone map","https://investvietnam.gov.vn/vi/khu-cong-nghiep.pl.html",2026-08-28
"investvietnam-866","866","Khu công nghiệp Đức Thọ","https://investvietnam.gov.vn/vi/kcn.pd/khu-cong-nghiep-duc-tho.html",105.5802718,18.5149286,TRUE,"OpenStreetMap","https://www.openstreetmap.org/way/1332615755","unique_normalized_name_exact","high","VN-23","42","Hà Tĩnh","Ha Tinh","42","Hà Tĩnh","Ha Tinh","Invest Vietnam industrial-zone map","https://investvietnam.gov.vn/vi/khu-cong-nghiep.pl.html",2026-08-28
"investvietnam-534","534","KHU CÔNG NGHIỆP GIANG ĐIỀN","https://investvietnam.gov.vn/vi/kcn.pd/khu-cong-nghiep-giang-dien.html",106.9833342,10.8954121,TRUE,"OpenStreetMap","https://www.openstreetmap.org/way/793350526","unique_normalized_name_exact","high","VN-39","75","Đồng Nai","Dong Nai","75","Đồng Nai","Dong Nai","Invest Vietnam industrial-zone map","https://investvietnam.gov.vn/vi/khu-cong-nghiep.pl.html",2026-08-28
"investvietnam-703","703","Khu công nghiệp Giao Long","https://investvietnam.gov.vn/vi/kcn.pd/khu-cong-nghiep-giao-long.html",106.400919,10.2986525,TRUE,"OpenStreetMap","https://www.openstreetmap.org/way/1041311776","unique_normalized_name_exact","high","VN-50","83","Bến Tre","Ben Tre","86","Vĩnh Long","Vinh Long","Invest Vietnam industrial-zone map","https://investvietnam.gov.vn/vi/khu-cong-nghiep.pl.html",2026-08-28
"investvietnam-613","613","Khu Công nghiệp Hải Long","https://investvietnam.gov.vn/vi/kcn.pd/khu-cong-nghiep-hai-long.html",,,FALSE,,,,,,,,,,,,"Invest Vietnam industrial-zone map","https://investvietnam.gov.vn/vi/khu-cong-nghiep.pl.html",2026-08-28
"investvietnam-654","654","Khu công nghiệp Hiệp Phước","https://investvietnam.gov.vn/vi/kcn.pd/khu-cong-nghiep-hiep-phuoc.html",106.7556181,10.6295079,TRUE,"OpenStreetMap","https://www.openstreetmap.org/way/1357939694","unique_normalized_name_exact","high","VN-SG","79","Thành phố Hồ Chí Minh","Ho Chi Minh City","79","Thành phố Hồ Chí Minh","Ho Chi Minh City","Invest Vietnam industrial-zone map","https://investvietnam.gov.vn/vi/khu-cong-nghiep.pl.html",2026-08-28
"investvietnam-208","208","Khu công nghiệp Hố Nai","https://investvietnam.gov.vn/vi/kcn.pd/khu-cong-nghiep-ho-nai.html",,,FALSE,,,,,,,,,,,,"Invest Vietnam industrial-zone map","https://investvietnam.gov.vn/vi/khu-cong-nghiep.pl.html",2026-08-28
"investvietnam-774","774","Khu Công nghiệp Hòa Bình","https://investvietnam.gov.vn/vi/kcn.pd/khu-cong-nghiep-hoa-binh-1.html",106.4282831,10.5938308,TRUE,"OpenStreetMap","https://www.openstreetmap.org/way/544074532","unique_normalized_name_exact","high","VN-41","80","Long An","Long An","80","Tây Ninh","Tay Ninh","Invest Vietnam industrial-zone map","https://investvietnam.gov.vn/vi/khu-cong-nghiep.pl.html",2026-08-28
"investvietnam-584","584","Khu công nghiệp Hoà Hội","https://investvietnam.gov.vn/vi/kcn.pd/khu-cong-nghiep-hoa-hoi-1.html",,,FALSE,,,,,,,,,,,,"Invest Vietnam industrial-zone map","https://investvietnam.gov.vn/vi/khu-cong-nghiep.pl.html",2026-08-28
"investvietnam-561","561","Khu công nghiệp Hòa Hội","https://investvietnam.gov.vn/vi/kcn.pd/khu-cong-nghiep-hoa-hoi.html",,,FALSE,,,,,,,,,,,,"Invest Vietnam industrial-zone map","https://investvietnam.gov.vn/vi/khu-cong-nghiep.pl.html",2026-08-28
"investvietnam-507","507","Khu công nghiệp Hòa Khánh","https://investvietnam.gov.vn/vi/kcn.pd/khu-cong-nghiep-hoa-khanh.html",108.1254111,16.0830528,TRUE,"OpenStreetMap","https://www.openstreetmap.org/relation/16032278","unique_normalized_name_exact","high","VN-DN","48","Đà Nẵng","Da Nang","48","Đà Nẵng","Da Nang","Invest Vietnam industrial-zone map","https://investvietnam.gov.vn/vi/khu-cong-nghiep.pl.html",2026-08-28
"investvietnam-649","649","KHU CÔNG NGHIỆP HÒA PHÚ (BẮC GIANG)","https://investvietnam.gov.vn/vi/kcn.pd/khu-cong-nghiep-hoa-phu-bac-giang.html",,,FALSE,,,,,,,,,,,,"Invest Vietnam industrial-zone map","https://investvietnam.gov.vn/vi/khu-cong-nghiep.pl.html",2026-08-28
"investvietnam-599","599","Khu công nghiệp Hòa Phú (Đắk Lắk)","https://investvietnam.gov.vn/vi/kcn.pd/khu-cong-nghiep-hoa-phu-dak-lak.html",,,FALSE,,,,,,,,,,,,"Invest Vietnam industrial-zone map","https://investvietnam.gov.vn/vi/khu-cong-nghiep.pl.html",2026-08-28
"investvietnam-736","736","KHU CÔNG NGHIỆP HÒA PHÚ (TUYÊN QUANG)","https://investvietnam.gov.vn/vi/kcn.pd/khu-cong-nghiep-hoa-phu-tuyen-quang.html",,,FALSE,,,,,,,,,,,,"Invest Vietnam industrial-zone map","https://investvietnam.gov.vn/vi/khu-cong-nghiep.pl.html",2026-08-28
"investvietnam-625","625","Khu công nghiệp Hòa Trung","https://investvietnam.gov.vn/vi/kcn.pd/khu-cong-nghiep-hoa-trung.html",,,FALSE,,,,,,,,,,,,"Invest Vietnam industrial-zone map","https://investvietnam.gov.vn/vi/khu-cong-nghiep.pl.html",2026-08-28
"investvietnam-852","852","Khu công nghiệp Hòa Trung","https://investvietnam.gov.vn/vi/kcn.pd/khu-cong-nghiep-hoa-trung-1.html",,,FALSE,,,,,,,,,,,,"Invest Vietnam industrial-zone map","https://investvietnam.gov.vn/vi/khu-cong-nghiep.pl.html",2026-08-28
"investvietnam-450","450","KHU CÔNG NGHIỆP HÒA TRUNG","https://investvietnam.gov.vn/vi/kcn.pd/khu-cong-nghiep-hòa-trung.html",,,FALSE,,,,,,,,,,,,"Invest Vietnam industrial-zone map","https://investvietnam.gov.vn/vi/khu-cong-nghiep.pl.html",2026-08-28
"investvietnam-587","587","Khu công nghiệp Hoàng Mai I","https://investvietnam.gov.vn/vi/kcn.pd/khu-cong-nghiep-hoang-mai-i-3.html",,,FALSE,,,,,,,,,,,,"Invest Vietnam industrial-zone map","https://investvietnam.gov.vn/vi/khu-cong-nghiep.pl.html",2026-08-28
"investvietnam-591","591","Khu công nghiệp Hoàng Mai II","https://investvietnam.gov.vn/vi/kcn.pd/khu-cong-nghiep-hoang-mai-ii.html",,,FALSE,,,,,,,,,,,,"Invest Vietnam industrial-zone map","https://investvietnam.gov.vn/vi/khu-cong-nghiep.pl.html",2026-08-28
"investvietnam-673","673","Khu công nghiệp Hưng Phú 2A","https://investvietnam.gov.vn/vi/kcn.pd/khu-cong-nghiep-hung-phu-2a.html",,,FALSE,,,,,,,,,,,,"Invest Vietnam industrial-zone map","https://investvietnam.gov.vn/vi/khu-cong-nghiep.pl.html",2026-08-28
"investvietnam-675","675","Khu công nghiệp Hưng Phú 2B","https://investvietnam.gov.vn/vi/kcn.pd/khu-cong-nghiep-hung-phu-2b.html",,,FALSE,,,,,,,,,,,,"Invest Vietnam industrial-zone map","https://investvietnam.gov.vn/vi/khu-cong-nghiep.pl.html",2026-08-28
"investvietnam-731","731","Khu công nghiệp Hữu Thạnh","https://investvietnam.gov.vn/vi/kcn.pd/khu-cong-nghiep-huu-thanh-1.html",106.4589432,10.7680338,TRUE,"OpenStreetMap","https://www.openstreetmap.org/way/1183609957","unique_normalized_name_exact","high","VN-41","80","Long An","Long An","80","Tây Ninh","Tay Ninh","Invest Vietnam industrial-zone map","https://investvietnam.gov.vn/vi/khu-cong-nghiep.pl.html",2026-08-28
"investvietnam-603","603","KHU CÔNG NGHIỆP HỰU THẠNH","https://investvietnam.gov.vn/vi/kcn.pd/khu-cong-nghiep-huu-thanh.html",106.4589432,10.7680338,TRUE,"OpenStreetMap","https://www.openstreetmap.org/way/1183609957","unique_normalized_name_exact","high","VN-41","80","Long An","Long An","80","Tây Ninh","Tay Ninh","Invest Vietnam industrial-zone map","https://investvietnam.gov.vn/vi/khu-cong-nghiep.pl.html",2026-08-28
"investvietnam-780","780","Khu công nghiệp Khai Quang","https://investvietnam.gov.vn/vi/kcn.pd/khu-cong-nghiep-khai-quang-1.html",105.6303917,21.3068417,TRUE,"OpenStreetMap","https://www.openstreetmap.org/way/596051675","unique_normalized_name_exact","high","VN-70","26","Vĩnh Phúc","Vinh Phuc","25","Phú Thọ","Phu Tho","Invest Vietnam industrial-zone map","https://investvietnam.gov.vn/vi/khu-cong-nghiep.pl.html",2026-08-28
"investvietnam-505","505","KHU CÔNG NGHIỆP KHAI QUANG","https://investvietnam.gov.vn/vi/kcn.pd/khu-cong-nghiep-khai-quang.html",105.6303917,21.3068417,TRUE,"OpenStreetMap","https://www.openstreetmap.org/way/596051675","unique_normalized_name_exact","high","VN-70","26","Vĩnh Phúc","Vinh Phuc","25","Phú Thọ","Phu Tho","Invest Vietnam industrial-zone map","https://investvietnam.gov.vn/vi/khu-cong-nghiep.pl.html",2026-08-28
"investvietnam-853","853","Khu công nghiệp Khánh An","https://investvietnam.gov.vn/vi/kcn.pd/khu-cong-nghiep-khanh-an-1.html",,,FALSE,,,,,,,,,,,,"Invest Vietnam industrial-zone map","https://investvietnam.gov.vn/vi/khu-cong-nghiep.pl.html",2026-08-28
"investvietnam-449","449","KHU CÔNG NGHIỆP KHÁNH AN","https://investvietnam.gov.vn/vi/kcn.pd/khu-cong-nghiep-khánh-an.html",,,FALSE,,,,,,,,,,,,"Invest Vietnam industrial-zone map","https://investvietnam.gov.vn/vi/khu-cong-nghiep.pl.html",2026-08-28
"investvietnam-626","626","KHU CÔNG NGHIỆP KHÁNH AN","https://investvietnam.gov.vn/vi/kcn.pd/khu-cong-nghiep-khanh-an.html",,,FALSE,,,,,,,,,,,,"Invest Vietnam industrial-zone map","https://investvietnam.gov.vn/vi/khu-cong-nghiep.pl.html",2026-08-28
"investvietnam-283","283","Khu công nghiệp Kiên Lương II","https://investvietnam.gov.vn/vi/kcn.pd/khu-cong-nghiep-kien-luong-ii.html",,,FALSE,,,,,,,,,,,,"Invest Vietnam industrial-zone map","https://investvietnam.gov.vn/vi/khu-cong-nghiep.pl.html",2026-08-28
"investvietnam-848","848","Khu công nghiệp Lạc Thịnh","https://investvietnam.gov.vn/vi/kcn.pd/khu-cong-nghiep-lac-thinh.html",,,FALSE,,,,,,,,,,,,"Invest Vietnam industrial-zone map","https://investvietnam.gov.vn/vi/khu-cong-nghiep.pl.html",2026-08-28
"investvietnam-712","712","Khu công nghiệp Láng Trâm","https://investvietnam.gov.vn/vi/kcn.pd/khu-cong-nghiep-lang-tram.html",,,FALSE,,,,,,,,,,,,"Invest Vietnam industrial-zone map","https://investvietnam.gov.vn/vi/khu-cong-nghiep.pl.html",2026-08-28
"investvietnam-655","655","Khu công nghiệp Lê Minh Xuân","https://investvietnam.gov.vn/vi/kcn.pd/khu-cong-nghiep-le-minh-xuan.html",106.5437368,10.7426831,TRUE,"OpenStreetMap","https://www.openstreetmap.org/way/514726183","unique_normalized_name_exact","high","VN-SG","79","Thành phố Hồ Chí Minh","Ho Chi Minh City","79","Thành phố Hồ Chí Minh","Ho Chi Minh City","Invest Vietnam industrial-zone map","https://investvietnam.gov.vn/vi/khu-cong-nghiep.pl.html",2026-08-28
"investvietnam-570","570","Khu công nghiệp Lê Minh Xuân 3","https://investvietnam.gov.vn/vi/kcn.pd/khu-cong-nghiep-le-minh-xuan-3.html",,,FALSE,,,,,,,,,,,,"Invest Vietnam industrial-zone map","https://investvietnam.gov.vn/vi/khu-cong-nghiep.pl.html",2026-08-28
"investvietnam-580","580","Khu công nghiệp Liên Hà Thái (GiP-1)","https://investvietnam.gov.vn/vi/kcn.pd/khu-cong-nghiep-lien-ha-thai-gip-1.html",,,FALSE,,,,,,,,,,,,"Invest Vietnam industrial-zone map","https://investvietnam.gov.vn/vi/khu-cong-nghiep.pl.html",2026-08-28
"investvietnam-573","573","Khu công nghiệp Lộc An – Bình Sơn","https://investvietnam.gov.vn/vi/kcn.pd/khu-cong-nghiep-loc-an-–-binh-son.html",106.9914229,10.7885336,TRUE,"OpenStreetMap","https://www.openstreetmap.org/way/322590398","unique_normalized_name_exact","high","VN-39","75","Đồng Nai","Dong Nai","75","Đồng Nai","Dong Nai","Invest Vietnam industrial-zone map","https://investvietnam.gov.vn/vi/khu-cong-nghiep.pl.html",2026-08-28
"investvietnam-922","922","Khu công nghiệp Lộc Giang","https://investvietnam.gov.vn/vi/kcn.pd/khu-cong-nghiep-loc-giang.html",,,FALSE,,,,,,,,,,,,"Invest Vietnam industrial-zone map","https://investvietnam.gov.vn/vi/khu-cong-nghiep.pl.html",2026-08-28
"investvietnam-471","471","Khu công nghiệp Long Bình An","https://investvietnam.gov.vn/vi/kcn.pd/khu-cong-nghiep-long-binh-an.html",,,FALSE,,,,,,,,,,,,"Invest Vietnam industrial-zone map","https://investvietnam.gov.vn/vi/khu-cong-nghiep.pl.html",2026-08-28
"investvietnam-701","701","Khu công nghiệp Long Đức (Trà Vinh)","https://investvietnam.gov.vn/vi/kcn.pd/khu-cong-nghiep-long-duc-tra-vinh.html",,,FALSE,,,,,,,,,,,,"Invest Vietnam industrial-zone map","https://investvietnam.gov.vn/vi/khu-cong-nghiep.pl.html",2026-08-28
"investvietnam-849","849","Khu công nghiệp Lương Sơn","https://investvietnam.gov.vn/vi/kcn.pd/khu-cong-nghiep-luong-son.html",105.5447149,20.8859832,TRUE,"OpenStreetMap","https://www.openstreetmap.org/way/628712542","unique_normalized_name_exact","high","VN-14","17","Hòa Bình","Hoa Binh","25","Phú Thọ","Phu Tho","Invest Vietnam industrial-zone map","https://investvietnam.gov.vn/vi/khu-cong-nghiep.pl.html",2026-08-28
"investvietnam-216","216","Khu Công Nghiệp Mapletree Business City @ Binh Duong/ Mapletree Business City @ Binh Duong industrial zone","https://investvietnam.gov.vn/vi/kcn.pd/khu-cong-nghiep-mapletree-business-city--binh-duong-mapletree-business-city--binh-duong-industrial-zone.html",,,FALSE,,,,,,,,,,,,"Invest Vietnam industrial-zone map","https://investvietnam.gov.vn/vi/khu-cong-nghiep.pl.html",2026-08-28
"investvietnam-211","211","Khu công nghiệp Minh Hưng III","https://investvietnam.gov.vn/vi/kcn.pd/khu-cong-nghiep-minh-hung-iii.html",,,FALSE,,,,,,,,,,,,"Invest Vietnam industrial-zone map","https://investvietnam.gov.vn/vi/khu-cong-nghiep.pl.html",2026-08-28
"investvietnam-554","554","Khu công nghiệp Minh Quân","https://investvietnam.gov.vn/vi/kcn.pd/khu-cong-nghiep-minh-quan.html",,,FALSE,,,,,,,,,,,,"Invest Vietnam industrial-zone map","https://investvietnam.gov.vn/vi/khu-cong-nghiep.pl.html",2026-08-28
"investvietnam-398","398","Khu công nghiệp Mỹ Xuân A","https://investvietnam.gov.vn/vi/kcn.pd/khu-cong-nghiep-my-xuan-a.html",107.0326636,10.6457028,TRUE,"OpenStreetMap","https://www.openstreetmap.org/way/317515592","unique_normalized_name_exact","high","VN-43","77","Bà Rịa–Vũng Tàu","Ba Ria-Vung Tau","79","Thành phố Hồ Chí Minh","Ho Chi Minh City","Invest Vietnam industrial-zone map","https://investvietnam.gov.vn/vi/khu-cong-nghiep.pl.html",2026-08-28
"investvietnam-713","713","Khu công nghiệp Mỹ Xuân B1","https://investvietnam.gov.vn/vi/kcn.pd/khu-cong-nghiep-my-xuan-b1.html",,,FALSE,,,,,,,,,,,,"Invest Vietnam industrial-zone map","https://investvietnam.gov.vn/vi/khu-cong-nghiep.pl.html",2026-08-28
"investvietnam-305","305","Khu công nghiệp Nam Đình Vũ","https://investvietnam.gov.vn/vi/kcn.pd/khu-cong-nghiep-nam-dinh-vu.html",,,FALSE,,,,,,,,,,,,"Invest Vietnam industrial-zone map","https://investvietnam.gov.vn/vi/khu-cong-nghiep.pl.html",2026-08-28
"investvietnam-820","820","KHU CÔNG NGHIỆP NAM PHỔ YÊN","https://investvietnam.gov.vn/vi/kcn.pd/khu-cong-nghiep-nam-pho-yen.html",,,FALSE,,,,,,,,,,,,"Invest Vietnam industrial-zone map","https://investvietnam.gov.vn/vi/khu-cong-nghiep.pl.html",2026-08-28
"investvietnam-612","612","Khu công nghiệp Nam Pleiku","https://investvietnam.gov.vn/vi/kcn.pd/khu-cong-nghiep-nam-pleiku.html",,,FALSE,,,,,,,,,,,,"Invest Vietnam industrial-zone map","https://investvietnam.gov.vn/vi/khu-cong-nghiep.pl.html",2026-08-28
"investvietnam-509","509","Khu công nghiệp Nhân Cơ","https://investvietnam.gov.vn/vi/kcn.pd/khu-cong-nghiep-nhan-co.html",,,FALSE,,,,,,,,,,,,"Invest Vietnam industrial-zone map","https://investvietnam.gov.vn/vi/khu-cong-nghiep.pl.html",2026-08-28
"investvietnam-564","564","Khu công nghiệp Nhơn Hội – Khu B","https://investvietnam.gov.vn/vi/kcn.pd/khu-cong-nghiep-nhon-hoi-–-khu-b.html",,,FALSE,,,,,,,,,,,,"Invest Vietnam industrial-zone map","https://investvietnam.gov.vn/vi/khu-cong-nghiep.pl.html",2026-08-28
"investvietnam-232","232","Khu công nghiệp Nhơn Hội (Khu A)","https://investvietnam.gov.vn/vi/kcn.pd/khu-cong-nghiep-nhon-hoi-khu-a.html",109.2722739,13.8270555,TRUE,"OpenStreetMap","https://www.openstreetmap.org/way/1422861577","unique_normalized_name_exact","high","VN-31","52","Bình Định","Binh Dinh","52","Gia Lai","Gia Lai","Invest Vietnam industrial-zone map","https://investvietnam.gov.vn/vi/khu-cong-nghiep.pl.html",2026-08-28
"investvietnam-213","213","Khu công nghiệp Nhơn Trạch 2/Nhon Trach 2 Industrial Zone.","https://investvietnam.gov.vn/vi/kcn.pd/khu-cong-nghiep-nhon-trach-2nhon-trach-2-industrial-zone.html",,,FALSE,,,,,,,,,,,,"Invest Vietnam industrial-zone map","https://investvietnam.gov.vn/vi/khu-cong-nghiep.pl.html",2026-08-28
"investvietnam-850","850","Khu công nghiệp Nhuận Trạch","https://investvietnam.gov.vn/vi/kcn.pd/khu-cong-nghiep-nhuan-trach.html",,,FALSE,,,,,,,,,,,,"Invest Vietnam industrial-zone map","https://investvietnam.gov.vn/vi/khu-cong-nghiep.pl.html",2026-08-28
"investvietnam-742","742","KHU CÔNG NGHIỆP NINH THỦY","https://investvietnam.gov.vn/vi/kcn.pd/khu-cong-nghiep-ninh-thuy.html",,,FALSE,,,,,,,,,,,,"Invest Vietnam industrial-zone map","https://investvietnam.gov.vn/vi/khu-cong-nghiep.pl.html",2026-08-28
"investvietnam-768","768","Khu Công nghiệp Nông -Lâm Nghiệp","https://investvietnam.gov.vn/vi/kcn.pd/khu-cong-nghiep-nong--lam-nghiep.html",,,FALSE,,,,,,,,,,,,"Invest Vietnam industrial-zone map","https://investvietnam.gov.vn/vi/khu-cong-nghiep.pl.html",2026-08-28
"investvietnam-226","226","Khu công nghiệp Phan Thiết giai đoạn 2","https://investvietnam.gov.vn/vi/kcn.pd/khu-cong-nghiep-phan-thiet-giai-doan-2.html",,,FALSE,,,,,,,,,,,,"Invest Vietnam industrial-zone map","https://investvietnam.gov.vn/vi/khu-cong-nghiep.pl.html",2026-08-28
"investvietnam-557","557","Khu công nghiệp phía Nam","https://investvietnam.gov.vn/vi/kcn.pd/khu-cong-nghiep-phia-nam.html",,,FALSE,,,,,,,,,,,,"Invest Vietnam industrial-zone map","https://investvietnam.gov.vn/vi/khu-cong-nghiep.pl.html",2026-08-28
"investvietnam-693","693","Khu công nghiệp Phú An Thạnh","https://investvietnam.gov.vn/vi/kcn.pd/khu-cong-nghiep-phu-an-thanh.html",106.4631842,10.6832674,TRUE,"OpenStreetMap","https://www.openstreetmap.org/way/1420667104","unique_normalized_name_exact","high","VN-41","80","Long An","Long An","80","Tây Ninh","Tay Ninh","Invest Vietnam industrial-zone map","https://investvietnam.gov.vn/vi/khu-cong-nghiep.pl.html",2026-08-28
"investvietnam-737","737","KHU CÔNG NGHIỆP PHÚ HÀ","https://investvietnam.gov.vn/vi/kcn.pd/khu-cong-nghiep-phu-ha.html",,,FALSE,,,,,,,,,,,,"Invest Vietnam industrial-zone map","https://investvietnam.gov.vn/vi/khu-cong-nghiep.pl.html",2026-08-28
"investvietnam-563","563","Khu công nghiệp Phú Tài","https://investvietnam.gov.vn/vi/kcn.pd/khu-cong-nghiep-phu-tai.html",,,FALSE,,,,,,,,,,,,"Invest Vietnam industrial-zone map","https://investvietnam.gov.vn/vi/khu-cong-nghiep.pl.html",2026-08-28
"investvietnam-707","707","Khu công nghiệp Phú Thuận","https://investvietnam.gov.vn/vi/kcn.pd/khu-cong-nghiep-phu-thuan.html",,,FALSE,,,,,,,,,,,,"Invest Vietnam industrial-zone map","https://investvietnam.gov.vn/vi/khu-cong-nghiep.pl.html",2026-08-28
"investvietnam-582","582","Khu công nghiệp Phú Vinh","https://investvietnam.gov.vn/vi/kcn.pd/khu-cong-nghiep-phu-vinh.html",,,FALSE,,,,,,,,,,,,"Invest Vietnam industrial-zone map","https://investvietnam.gov.vn/vi/khu-cong-nghiep.pl.html",2026-08-28
"investvietnam-592","592","Khu công nghiệp Phúc Sơn","https://investvietnam.gov.vn/vi/kcn.pd/khu-cong-nghiep-phuc-son.html",,,FALSE,,,,,,,,,,,,"Invest Vietnam industrial-zone map","https://investvietnam.gov.vn/vi/khu-cong-nghiep.pl.html",2026-08-28
"investvietnam-575","575","Khu công nghiệp Phước Đông","https://investvietnam.gov.vn/vi/kcn.pd/khu-cong-nghiep-phuoc-dong.html",106.3357859,11.1468802,TRUE,"OpenStreetMap","https://www.openstreetmap.org/way/693607177","unique_normalized_name_exact","high","VN-37","72","Tây Ninh","Tay Ninh","80","Tây Ninh","Tay Ninh","Invest Vietnam industrial-zone map","https://investvietnam.gov.vn/vi/khu-cong-nghiep.pl.html",2026-08-28
"investvietnam-642","642","Khu công nghiệp Quán Ngang","https://investvietnam.gov.vn/vi/kcn.pd/khu-cong-nghiep-quan-ngang.html",,,FALSE,,,,,,,,,,,,"Invest Vietnam industrial-zone map","https://investvietnam.gov.vn/vi/khu-cong-nghiep.pl.html",2026-08-28
"investvietnam-217","217","Khu công nghiệp Rạch Bắp","https://investvietnam.gov.vn/vi/kcn.pd/khu-cong-nghiep-rach-bap.html",106.5353925,11.1381747,TRUE,"OpenStreetMap","https://www.openstreetmap.org/way/1454596518","unique_normalized_name_exact","high","VN-57","74","Bình Dương","Binh Duong","79","Thành phố Hồ Chí Minh","Ho Chi Minh City","Invest Vietnam industrial-zone map","https://investvietnam.gov.vn/vi/khu-cong-nghiep.pl.html",2026-08-28
"investvietnam-776","776","Khu Công nghiệp Sao Mai","https://investvietnam.gov.vn/vi/kcn.pd/khu-cong-nghiep-sao-mai.html",,,FALSE,,,,,,,,,,,,"Invest Vietnam industrial-zone map","https://investvietnam.gov.vn/vi/khu-cong-nghiep.pl.html",2026-08-28
"investvietnam-643","643","Khu công nghiệp Sơn Mỹ 1","https://investvietnam.gov.vn/vi/kcn.pd/khu-cong-nghiep-son-my-1.html",,,FALSE,,,,,,,,,,,,"Invest Vietnam industrial-zone map","https://investvietnam.gov.vn/vi/khu-cong-nghiep.pl.html",2026-08-28
"investvietnam-823","823","KHU CÔNG NGHIỆP SÔNG CÔNG I","https://investvietnam.gov.vn/vi/kcn.pd/khu-cong-nghiep-song-cong-i.html",,,FALSE,,,,,,,,,,,,"Invest Vietnam industrial-zone map","https://investvietnam.gov.vn/vi/khu-cong-nghiep.pl.html",2026-08-28
"investvietnam-825","825","KHU CÔNG NGHIỆP SÔNG CÔNG II","https://investvietnam.gov.vn/vi/kcn.pd/khu-cong-nghiep-song-cong-ii.html",105.8435609,21.5099411,TRUE,"OpenStreetMap","https://www.openstreetmap.org/way/854769497","unique_normalized_name_exact","high","VN-69","19","Thái Nguyên","Thai Nguyen","19","Thái Nguyên","Thai Nguyen","Invest Vietnam industrial-zone map","https://investvietnam.gov.vn/vi/khu-cong-nghiep.pl.html",2026-08-28
"investvietnam-854","854","Khu công nghiệp Sông Đốc","https://investvietnam.gov.vn/vi/kcn.pd/khu-cong-nghiep-song-doc.html",,,FALSE,,,,,,,,,,,,"Invest Vietnam industrial-zone map","https://investvietnam.gov.vn/vi/khu-cong-nghiep.pl.html",2026-08-28
"investvietnam-627","627","KHU CÔNG NGHIỆP SÔNG ĐỐC PHÍA NAM","https://investvietnam.gov.vn/vi/kcn.pd/khu-cong-nghiep-song-doc-phia-nam.html",,,FALSE,,,,,,,,,,,,"Invest Vietnam industrial-zone map","https://investvietnam.gov.vn/vi/khu-cong-nghiep.pl.html",2026-08-28
"investvietnam-22","22","KHU CÔNG NGHIỆP SONG KHÊ – NỘI HOÀNG (KHU PHÍA BẮC)","https://investvietnam.gov.vn/vi/kcn.pd/khu-cong-nghiep-song-khe-–-noi-hoang-khu-phia-bac.html",,,FALSE,,,,,,,,,,,,"Invest Vietnam industrial-zone map","https://investvietnam.gov.vn/vi/khu-cong-nghiep.pl.html",2026-08-28
"investvietnam-744","744","KHU CÔNG NGHIỆP SONG KHÊ – NỘI HOÀNG (KHU PHÍA NAM)","https://investvietnam.gov.vn/vi/kcn.pd/khu-cong-nghiep-song-khe-–-noi-hoang-khu-phia-nam.html",,,FALSE,,,,,,,,,,,,"Invest Vietnam industrial-zone map","https://investvietnam.gov.vn/vi/khu-cong-nghiep.pl.html",2026-08-28
"investvietnam-769","769","Khu Công nghiệp Tam Anh - Hàn Quốc","https://investvietnam.gov.vn/vi/kcn.pd/khu-cong-nghiep-tam-anh---han-quoc.html",,,FALSE,,,,,,,,,,,,"Invest Vietnam industrial-zone map","https://investvietnam.gov.vn/vi/khu-cong-nghiep.pl.html",2026-08-28
"investvietnam-781","781","Khu công nghiệp Tam Dương II - Khu A","https://investvietnam.gov.vn/vi/kcn.pd/khu-cong-nghiep-tam-duong-ii---khu-a.html",,,FALSE,,,,,,,,,,,,"Invest Vietnam industrial-zone map","https://investvietnam.gov.vn/vi/khu-cong-nghiep.pl.html",2026-08-28
"investvietnam-770","770","Khu Công nghiệp Tam Thăng","https://investvietnam.gov.vn/vi/kcn.pd/khu-cong-nghiep-tam-thang.html",,,FALSE,,,,,,,,,,,,"Invest Vietnam industrial-zone map","https://investvietnam.gov.vn/vi/khu-cong-nghiep.pl.html",2026-08-28
"investvietnam-771","771","Khu Công nghiệp Tam Thăng II","https://investvietnam.gov.vn/vi/kcn.pd/khu-cong-nghiep-tam-thang-ii.html",,,FALSE,,,,,,,,,,,,"Invest Vietnam industrial-zone map","https://investvietnam.gov.vn/vi/khu-cong-nghiep.pl.html",2026-08-28
"investvietnam-772","772","Khu Công nghiệp Tam Thăng mở rộng","https://investvietnam.gov.vn/vi/kcn.pd/khu-cong-nghiep-tam-thang-mo-rong.html",,,FALSE,,,,,,,,,,,,"Invest Vietnam industrial-zone map","https://investvietnam.gov.vn/vi/khu-cong-nghiep.pl.html",2026-08-28
"investvietnam-874","874","Khu Công nghiệp Tân Đức","https://investvietnam.gov.vn/vi/kcn.pd/khu-cong-nghiep-tan-duc-1.html",106.4577698,10.7903531,TRUE,"OpenStreetMap","https://www.openstreetmap.org/relation/21159875","unique_normalized_name_exact","high","VN-41","80","Long An","Long An","80","Tây Ninh","Tay Ninh","Invest Vietnam industrial-zone map","https://investvietnam.gov.vn/vi/khu-cong-nghiep.pl.html",2026-08-28
"investvietnam-689","689","Khu công nghiệp Tân Kiều","https://investvietnam.gov.vn/vi/kcn.pd/khu-cong-nghiep-tan-kieu.html",,,FALSE,,,,,,,,,,,,"Invest Vietnam industrial-zone map","https://investvietnam.gov.vn/vi/khu-cong-nghiep.pl.html",2026-08-28
"investvietnam-695","695","Khu công nghiệp Tân Kim","https://investvietnam.gov.vn/vi/kcn.pd/khu-cong-nghiep-tan-kim.html",106.6663537,10.6368453,TRUE,"OpenStreetMap","https://www.openstreetmap.org/way/1420840565","unique_normalized_name_exact","high","VN-SG","79","Thành phố Hồ Chí Minh","Ho Chi Minh City","79","Thành phố Hồ Chí Minh","Ho Chi Minh City","Invest Vietnam industrial-zone map","https://investvietnam.gov.vn/vi/khu-cong-nghiep.pl.html",2026-08-28
"investvietnam-448","448","Khu công nghiệp Tân Phú Thạnh","https://investvietnam.gov.vn/vi/kcn.pd/khu-cong-nghiep-tan-phu-thanh-1.html",,,FALSE,,,,,,,,,,,,"Invest Vietnam industrial-zone map","https://investvietnam.gov.vn/vi/khu-cong-nghiep.pl.html",2026-08-28
"investvietnam-789","789","Khu công nghiệp Tằng Lỏong","https://investvietnam.gov.vn/vi/kcn.pd/khu-cong-nghiep-tang-loong.html",,,FALSE,,,,,,,,,,,,"Invest Vietnam industrial-zone map","https://investvietnam.gov.vn/vi/khu-cong-nghiep.pl.html",2026-08-28
"investvietnam-745","745","KHU CÔNG NGHIỆP TEXHONG HẢI HÀ","https://investvietnam.gov.vn/vi/kcn.pd/khu-cong-nghiep-texhong-hai-ha.html",,,FALSE,,,,,,,,,,,,"Invest Vietnam industrial-zone map","https://investvietnam.gov.vn/vi/khu-cong-nghiep.pl.html",2026-08-28
"investvietnam-506","506","KHU CÔNG NGHIỆP THÁI HÒA - LIỄN SƠN - LIÊN HOA","https://investvietnam.gov.vn/vi/kcn.pd/khu-cong-nghiep-thai-hoa---lien-son---lien-hoa.html",,,FALSE,,,,,,,,,,,,"Invest Vietnam industrial-zone map","https://investvietnam.gov.vn/vi/khu-cong-nghiep.pl.html",2026-08-28
"investvietnam-26","26","KHU CÔNG NGHIỆP THANH BÌNH","https://investvietnam.gov.vn/vi/kcn.pd/khu-cong-nghiep-thanh-binh.html",105.8044585,21.9341609,TRUE,"OpenStreetMap","https://www.openstreetmap.org/way/1137272848","unique_normalized_name_exact","high","VN-53","06","Bắc Kạn","Bac Kan","19","Thái Nguyên","Thai Nguyen","Invest Vietnam industrial-zone map","https://investvietnam.gov.vn/vi/khu-cong-nghiep.pl.html",2026-08-28
"investvietnam-508","508","Khu công nghiệp Thành Hải","https://investvietnam.gov.vn/vi/kcn.pd/khu-cong-nghiep-thanh-hai.html",108.9969671,11.6073205,TRUE,"OpenStreetMap","https://www.openstreetmap.org/way/925999757","unique_normalized_name_exact","high","VN-36","58","Ninh Thuận","Ninh Thuan","56","Khánh Hòa","Khanh Hoa","Invest Vietnam industrial-zone map","https://investvietnam.gov.vn/vi/khu-cong-nghiep.pl.html",2026-08-28
"investvietnam-552","552","Khu công nghiệp Thành Hải","https://investvietnam.gov.vn/vi/kcn.pd/khu-cong-nghiep-thanh-hai-2.html",108.9969671,11.6073205,TRUE,"OpenStreetMap","https://www.openstreetmap.org/way/925999757","unique_normalized_name_exact","high","VN-36","58","Ninh Thuận","Ninh Thuan","56","Khánh Hòa","Khanh Hoa","Invest Vietnam industrial-zone map","https://investvietnam.gov.vn/vi/khu-cong-nghiep.pl.html",2026-08-28
"investvietnam-535","535","KHU CÔNG NGHIỆP THẠNH PHÚ","https://investvietnam.gov.vn/vi/kcn.pd/khu-cong-nghiep-thanh-phu-1.html",,,FALSE,,,,,,,,,,,,"Invest Vietnam industrial-zone map","https://investvietnam.gov.vn/vi/khu-cong-nghiep.pl.html",2026-08-28
"investvietnam-219","219","Khu công nghiệp Thành Thành Công/ Thanh Thanh Cong Industrial Zone","https://investvietnam.gov.vn/vi/kcn.pd/khu-cong-nghiep-thanh-thanh-cong-thanh-thanh-cong-industrial-zone.html",,,FALSE,,,,,,,,,,,,"Invest Vietnam industrial-zone map","https://investvietnam.gov.vn/vi/khu-cong-nghiep.pl.html",2026-08-28
"investvietnam-679","679","Khu công nghiệp Thốt Nốt","https://investvietnam.gov.vn/vi/kcn.pd/khu-cong-nghiep-thot-not.html",105.4932936,10.3166148,TRUE,"OpenStreetMap","https://www.openstreetmap.org/way/773079170","unique_normalized_name_exact","high","VN-CT","92","Cần Thơ","Can Tho","92","Cần Thơ","Can Tho","Invest Vietnam industrial-zone map","https://investvietnam.gov.vn/vi/khu-cong-nghiep.pl.html",2026-08-28
"investvietnam-641","641","Khu công nghiệp Trà Đa","https://investvietnam.gov.vn/vi/kcn.pd/khu-cong-nghiep-tra-da.html",,,FALSE,,,,,,,,,,,,"Invest Vietnam industrial-zone map","https://investvietnam.gov.vn/vi/khu-cong-nghiep.pl.html",2026-08-28
"investvietnam-710","710","Khu công nghiệp Trà Kha","https://investvietnam.gov.vn/vi/kcn.pd/khu-cong-nghiep-tra-kha.html",105.6942623,9.301927,TRUE,"OpenStreetMap","https://www.openstreetmap.org/way/1041342437","unique_normalized_name_exact","high","VN-55","95","Bạc Liêu","Bac Lieu","96","Cà Mau","Ca Mau","Invest Vietnam industrial-zone map","https://investvietnam.gov.vn/vi/khu-cong-nghiep.pl.html",2026-08-28
"investvietnam-684","684","Khu công nghiệp Trà Nóc 2","https://investvietnam.gov.vn/vi/kcn.pd/khu-cong-nghiep-tra-noc-2.html",,,FALSE,,,,,,,,,,,,"Invest Vietnam industrial-zone map","https://investvietnam.gov.vn/vi/khu-cong-nghiep.pl.html",2026-08-28
"investvietnam-653","653","Khu công nghiệp Trần Đề","https://investvietnam.gov.vn/vi/kcn.pd/khu-cong-nghiep-tran-de.html",,,FALSE,,,,,,,,,,,,"Invest Vietnam industrial-zone map","https://investvietnam.gov.vn/vi/khu-cong-nghiep.pl.html",2026-08-28
"investvietnam-297","297","Khu Công Nghiệp Trần Quốc Toản","https://investvietnam.gov.vn/vi/kcn.pd/khu-cong-nghiep-tran-quoc-toan.html",,,FALSE,,,,,,,,,,,,"Invest Vietnam industrial-zone map","https://investvietnam.gov.vn/vi/khu-cong-nghiep.pl.html",2026-08-28
"investvietnam-350","350","Khu công nghiệp Tuy Phong","https://investvietnam.gov.vn/vi/kcn.pd/khu-cong-nghiep-tuy-phong.html",,,FALSE,,,,,,,,,,,,"Invest Vietnam industrial-zone map","https://investvietnam.gov.vn/vi/khu-cong-nghiep.pl.html",2026-08-28
"investvietnam-20","20","KHU CÔNG NGHIỆP VÂN TRUNG","https://investvietnam.gov.vn/vi/kcn.pd/khu-cong-nghiep-van-trung.html",106.141435,21.2429141,TRUE,"OpenStreetMap","https://www.openstreetmap.org/way/704069818","unique_normalized_name_exact","high","VN-56","27","Bắc Ninh","Bac Ninh","24","Bắc Ninh","Bac Ninh","Invest Vietnam industrial-zone map","https://investvietnam.gov.vn/vi/khu-cong-nghiep.pl.html",2026-08-28
"investvietnam-228","228","Khu Công nghiệp Việt Hương 1","https://investvietnam.gov.vn/vi/kcn.pd/khu-cong-nghiep-viet-huong-1.html",,,FALSE,,,,,,,,,,,,"Invest Vietnam industrial-zone map","https://investvietnam.gov.vn/vi/khu-cong-nghiep.pl.html",2026-08-28
"investvietnam-231","231","Khu Công nghiệp Việt Hương 2","https://investvietnam.gov.vn/vi/kcn.pd/khu-cong-nghiep-viet-huong-2.html",,,FALSE,,,,,,,,,,,,"Invest Vietnam industrial-zone map","https://investvietnam.gov.vn/vi/khu-cong-nghiep.pl.html",2026-08-28
"investvietnam-651","651","Khu công nghiệp Việt Kiều","https://investvietnam.gov.vn/vi/kcn.pd/khu-cong-nghiep-viet-kieu.html",,,FALSE,,,,,,,,,,,,"Invest Vietnam industrial-zone map","https://investvietnam.gov.vn/vi/khu-cong-nghiep.pl.html",2026-08-28
"investvietnam-233","233","Khu công nghiệp Việt Nam Singapore (VSIP) - VSIP BÌNH DƯƠNG","https://investvietnam.gov.vn/vi/kcn.pd/khu-cong-nghiep-viet-nam-singapore-vsip---vsip-binh-duong.html",,,FALSE,,,,,,,,,,,,"Invest Vietnam industrial-zone map","https://investvietnam.gov.vn/vi/khu-cong-nghiep.pl.html",2026-08-28
"investvietnam-225","225","Khu công nghiệp Việt Nam Singapore Vietnam Singapore Industrial Park","https://investvietnam.gov.vn/vi/kcn.pd/khu-cong-nghiep-viet-nam-singapore-vietnam-singapore-industrial-park.html",,,FALSE,,,,,,,,,,,,"Invest Vietnam industrial-zone map","https://investvietnam.gov.vn/vi/khu-cong-nghiep.pl.html",2026-08-28
"investvietnam-681","681","Khu công nghiệp Vĩnh Thạnh","https://investvietnam.gov.vn/vi/kcn.pd/khu-cong-nghiep-vinh-thanh.html",,,FALSE,,,,,,,,,,,,"Invest Vietnam industrial-zone map","https://investvietnam.gov.vn/vi/khu-cong-nghiep.pl.html",2026-08-28
"investvietnam-827","827","KHU CÔNG NGHIỆP VSIP LẠNG SƠN","https://investvietnam.gov.vn/vi/kcn.pd/khu-cong-nghiep-vsip-lang-son.html",,,FALSE,,,,,,,,,,,,"Invest Vietnam industrial-zone map","https://investvietnam.gov.vn/vi/khu-cong-nghiep.pl.html",2026-08-28
"investvietnam-588","588","Khu công nghiệp VSIP Nghệ An","https://investvietnam.gov.vn/vi/kcn.pd/khu-cong-nghiep-vsip-nghe-an.html",,,FALSE,,,,,,,,,,,,"Invest Vietnam industrial-zone map","https://investvietnam.gov.vn/vi/khu-cong-nghiep.pl.html",2026-08-28
"investvietnam-740","740","KHU CÔNG NGHIỆP VSIP QUẢNG NGÃI","https://investvietnam.gov.vn/vi/kcn.pd/khu-cong-nghiep-vsip-quang-ngai.html",,,FALSE,,,,,,,,,,,,"Invest Vietnam industrial-zone map","https://investvietnam.gov.vn/vi/khu-cong-nghiep.pl.html",2026-08-28
"investvietnam-586","586","Khu công nghiệp WHA IZ 1- Nghệ An","https://investvietnam.gov.vn/vi/kcn.pd/khu-cong-nghiep-wha-iz-1--nghe-an.html",,,FALSE,,,,,,,,,,,,"Invest Vietnam industrial-zone map","https://investvietnam.gov.vn/vi/khu-cong-nghiep.pl.html",2026-08-28
"investvietnam-536","536","KHU CÔNG NGHIỆP XUÂN LỘC","https://investvietnam.gov.vn/vi/kcn.pd/khu-cong-nghiep-xuan-loc-1.html",107.4131249,10.9078656,TRUE,"OpenStreetMap","https://www.openstreetmap.org/way/924383400","unique_normalized_name_exact","high","VN-39","75","Đồng Nai","Dong Nai","75","Đồng Nai","Dong Nai","Invest Vietnam industrial-zone map","https://investvietnam.gov.vn/vi/khu-cong-nghiep.pl.html",2026-08-28
"investvietnam-725","725","Khu công nghiệp Xuân Tô","https://investvietnam.gov.vn/vi/kcn.pd/khu-cong-nghiep-xuan-to.html",,,FALSE,,,,,,,,,,,,"Invest Vietnam industrial-zone map","https://investvietnam.gov.vn/vi/khu-cong-nghiep.pl.html",2026-08-28
"investvietnam-828","828","KHU CÔNG NGHIỆP YÊN BÌNH","https://investvietnam.gov.vn/vi/kcn.pd/khu-cong-nghiep-yen-binh.html",105.8954204,21.4334198,TRUE,"OpenStreetMap","https://www.openstreetmap.org/way/482837619","unique_normalized_name_exact","high","VN-69","19","Thái Nguyên","Thai Nguyen","19","Thái Nguyên","Thai Nguyen","Invest Vietnam industrial-zone map","https://investvietnam.gov.vn/vi/khu-cong-nghiep.pl.html",2026-08-28
"investvietnam-539","539","Khu công nghiệp Yên Phong 2C","https://investvietnam.gov.vn/vi/kcn.pd/khu-cong-nghiep-yen-phong-2c.html",,,FALSE,,,,,,,,,,,,"Invest Vietnam industrial-zone map","https://investvietnam.gov.vn/vi/khu-cong-nghiep.pl.html",2026-08-28
"investvietnam-851","851","Khu công nghiệp Yên Quang","https://investvietnam.gov.vn/vi/kcn.pd/khu-cong-nghiep-yen-quang.html",,,FALSE,,,,,,,,,,,,"Invest Vietnam industrial-zone map","https://investvietnam.gov.vn/vi/khu-cong-nghiep.pl.html",2026-08-28
"investvietnam-445","445","KHU ĐÔ THỊ CÔNG NGHIỆP DUNG QUẤT","https://investvietnam.gov.vn/vi/kcn.pd/khu-do-thi-cong-nghiep-dung-quat.html",,,FALSE,,,,,,,,,,,,"Invest Vietnam industrial-zone map","https://investvietnam.gov.vn/vi/khu-cong-nghiep.pl.html",2026-08-28
"investvietnam-86","86","Khu kinh tế Dung Quất/ DungQuat Ecomic Zone Authority","https://investvietnam.gov.vn/vi/kcn.pd/khu-kinh-te-dung-quat-dungquat-ecomic-zone-authority.html",,,FALSE,,,,,,,,,,,,"Invest Vietnam industrial-zone map","https://investvietnam.gov.vn/vi/khu-cong-nghiep.pl.html",2026-08-28
"investvietnam-451","451","KHU KINH TẾ NĂM CĂN","https://investvietnam.gov.vn/vi/kcn.pd/khu-kinh-té-nam-can.html",,,FALSE,,,,,,,,,,,,"Invest Vietnam industrial-zone map","https://investvietnam.gov.vn/vi/khu-cong-nghiep.pl.html",2026-08-28
"investvietnam-272","272","Khu kinh tế Vũng Áng","https://investvietnam.gov.vn/vi/kcn.pd/khu-kinh-te-vung-ang.html",,,FALSE,,,,,,,,,,,,"Invest Vietnam industrial-zone map","https://investvietnam.gov.vn/vi/khu-cong-nghiep.pl.html",2026-08-28
"investvietnam-218","218","Long Khánh","https://investvietnam.gov.vn/vi/kcn.pd/long-khanh.html",107.2235135,10.9684514,TRUE,"OpenStreetMap","https://www.openstreetmap.org/way/714064293","unique_normalized_name_exact","high","VN-39","75","Đồng Nai","Dong Nai","75","Đồng Nai","Dong Nai","Invest Vietnam industrial-zone map","https://investvietnam.gov.vn/vi/khu-cong-nghiep.pl.html",2026-08-28
"investvietnam-555","555","THÔNG TIN CHUNG VỀ KHU CÔNG NGHIỆP HÒA HỘI","https://investvietnam.gov.vn/vi/kcn.pd/thong-tin-chung-ve-khu-cong-nghiep-hoa-hoi.html",,,FALSE,,,,,,,,,,,,"Invest Vietnam industrial-zone map","https://investvietnam.gov.vn/vi/khu-cong-nghiep.pl.html",2026-08-28
"investvietnam-593","593","THÔNG TIN CHUNG VỀ KHU CÔNG NGHIỆP TÂY BẮC HỒ XÁ","https://investvietnam.gov.vn/vi/kcn.pd/thong-tin-chung-ve-khu-cong-nghiep-tay-bac-ho-xa.html",,,FALSE,,,,,,,,,,,,"Invest Vietnam industrial-zone map","https://investvietnam.gov.vn/vi/khu-cong-nghiep.pl.html",2026-08-28
"investvietnam-596","596","Thông tin Khu công nghiệp Bình Minh","https://investvietnam.gov.vn/vi/kcn.pd/thong-tin-khu-cong-nghiep-binh-minh.html",,,FALSE,,,,,,,,,,,,"Invest Vietnam industrial-zone map","https://investvietnam.gov.vn/vi/khu-cong-nghiep.pl.html",2026-08-28
"investvietnam-497","497","Thông tin về KCN Phước Nam","https://investvietnam.gov.vn/vi/kcn.pd/thong-tin-ve-kcn-phuoc-nam.html",,,FALSE,,,,,,,,,,,,"Invest Vietnam industrial-zone map","https://investvietnam.gov.vn/vi/khu-cong-nghiep.pl.html",2026-08-28
"investvietnam-601","601","Tuyến Công Nghiệp Cổ Chiên","https://investvietnam.gov.vn/vi/kcn.pd/tuyen-cong-nghiep-co-chien.html",,,FALSE,,,,,,,,,,,,"Invest Vietnam industrial-zone map","https://investvietnam.gov.vn/vi/khu-cong-nghiep.pl.html",2026-08-28
"investvietnam-644","644","VSIP NGHE AN II INDUSTRIAL PARK","https://investvietnam.gov.vn/vi/kcn.pd/vsip-nghe-an-ii-industrial-park-1.html",,,FALSE,,,,,,,,,,,,"Invest Vietnam industrial-zone map","https://investvietnam.gov.vn/vi/khu-cong-nghiep.pl.html",2026-08-28
